family,dataset,mask_probability,mask_seed,left_model,right_model,metric,comparison_type,left_mean,right_mean,paired_difference,ci95_lower,ci95_upper,effect_size_paired_dz,probability_of_superiority,raw_p_value,queries,holm_adjusted_p_value,statistically_supported_0_05
public__abt_buy__p00__seed20260725__reciprocal_rank,abt_buy,0.0,20260725,jina_finetuned,hef_linear_bert,reciprocal_rank,cross_family,0.9653679653679655,0.8952380952380953,0.07012987012987014,0.03630952380952382,0.10725108225108225,0.31028674422453423,0.5584415584415585,0.0,154,0.0,True
public__abt_buy__p00__seed20260725__hit_at_1,abt_buy,0.0,20260725,jina_finetuned,hef_linear_bert,hit_at_1,cross_family,0.9415584415584416,0.8246753246753247,0.11688311688311688,0.05844155844155844,0.18181818181818182,0.3089684094268467,0.5584415584415584,0.0,154,0.0,True
public__abt_buy__p00__seed20260725__reciprocal_rank,abt_buy,0.0,20260725,jina_finetuned,hef_gbdt_e5_roberta_oof,reciprocal_rank,cross_family,0.9653679653679655,0.9669913419913421,-0.0016233766233766235,-0.016233766233766232,0.012445887445887444,-0.017913361325062986,0.4967532467532468,0.8308,154,1.0,False
public__abt_buy__p00__seed20260725__hit_at_1,abt_buy,0.0,20260725,jina_finetuned,hef_gbdt_e5_roberta_oof,hit_at_1,cross_family,0.9415584415584416,0.9415584415584416,0.0,-0.025974025974025976,0.025974025974025976,0.0,0.5,1.0,154,1.0,False
public__abt_buy__p00__seed20260725__reciprocal_rank,abt_buy,0.0,20260725,jina_finetuned,joint_neural_hef_roberta,reciprocal_rank,cross_family,0.9653679653679655,0.9800275482093664,-0.014659582841401024,-0.03463203463203464,0.005804801259346713,-0.11370096840010437,0.4837662337662338,0.1524,154,0.9144000000000001,False
public__abt_buy__p00__seed20260725__hit_at_1,abt_buy,0.0,20260725,jina_finetuned,joint_neural_hef_roberta,hit_at_1,cross_family,0.9415584415584416,0.9675324675324676,-0.025974025974025976,-0.05844155844155844,0.0,-0.1323129712180077,0.487012987012987,0.13,154,0.896,False
public__abt_buy__p00__seed20260725__reciprocal_rank,abt_buy,0.0,20260725,hef_linear_bert,hef_gbdt_e5_roberta_oof,reciprocal_rank,cross_family,0.8952380952380953,0.9669913419913421,-0.07175324675324676,-0.10738704004329004,-0.03814867424242425,-0.32298443660398224,0.4383116883116883,0.0,154,0.0,True
public__abt_buy__p00__seed20260725__hit_at_1,abt_buy,0.0,20260725,hef_linear_bert,hef_gbdt_e5_roberta_oof,hit_at_1,cross_family,0.8246753246753247,0.9415584415584416,-0.11688311688311688,-0.17532467532467533,-0.05844155844155844,-0.3089684094268468,0.44155844155844154,0.0002,154,0.0018000000000000002,True
public__abt_buy__p00__seed20260725__reciprocal_rank,abt_buy,0.0,20260725,hef_linear_bert,joint_neural_hef_roberta,reciprocal_rank,cross_family,0.8952380952380953,0.9800275482093664,-0.08478945297127116,-0.1221603207398662,-0.04930883510428965,-0.3629910275262844,0.4253246753246753,0.0,154,0.0,True
public__abt_buy__p00__seed20260725__hit_at_1,abt_buy,0.0,20260725,hef_linear_bert,joint_neural_hef_roberta,hit_at_1,cross_family,0.8246753246753247,0.9675324675324676,-0.14285714285714285,-0.2012987012987013,-0.08441558441558442,-0.3869191878488788,0.42857142857142855,0.0,154,0.0,True
public__abt_buy__p00__seed20260725__reciprocal_rank,abt_buy,0.0,20260725,hef_gbdt_e5_roberta_oof,joint_neural_hef_roberta,reciprocal_rank,cross_family,0.9669913419913421,0.9800275482093664,-0.0130362062180244,-0.03138528138528139,0.0058048012593467134,-0.11021328726918016,0.4805194805194805,0.1558,154,0.9144000000000001,False
public__abt_buy__p00__seed20260725__hit_at_1,abt_buy,0.0,20260725,hef_gbdt_e5_roberta_oof,joint_neural_hef_roberta,hit_at_1,cross_family,0.9415584415584416,0.9675324675324676,-0.025974025974025976,-0.05844155844155844,0.0,-0.13231297121800767,0.487012987012987,0.128,154,0.896,False
public__abt_buy__p00__seed20260725__reciprocal_rank,abt_buy,0.0,20260725,jina_finetuned,roberta_finetuned,reciprocal_rank,within_standalone,0.9653679653679655,0.9712121212121212,-0.005844155844155845,-0.018614718614718615,0.0036796536796536794,-0.08183476980315796,0.4935064935064935,0.299,154,1.0,False
public__abt_buy__p00__seed20260725__hit_at_1,abt_buy,0.0,20260725,jina_finetuned,roberta_finetuned,hit_at_1,within_standalone,0.9415584415584416,0.9545454545454546,-0.012987012987012988,-0.032467532467532464,0.0,-0.11433483223378406,0.4935064935064935,0.2652,154,1.0,False
public__abt_buy__p00__seed20260725__reciprocal_rank,abt_buy,0.0,20260725,official_ditto_plain,official_ditto_mixda,reciprocal_rank,within_standalone,0.984848484848485,0.9636363636363636,0.021212121212121213,-0.00021645021645021713,0.04577922077922078,0.14474894076972528,0.5162337662337663,0.0536,154,0.4288,False
public__abt_buy__p00__seed20260725__hit_at_1,abt_buy,0.0,20260725,official_ditto_plain,official_ditto_mixda,hit_at_1,within_standalone,0.974025974025974,0.948051948051948,0.025974025974025976,0.0,0.05844155844155844,0.13231297121800767,0.512987012987013,0.1388,154,0.896,False
public__abt_buy__p00__seed20260725__reciprocal_rank,abt_buy,0.0,20260725,hef_linear_bert,hef_linear_bge,reciprocal_rank,within_linear,0.8952380952380953,0.916991341991342,-0.02175324675324675,-0.05,0.005681818181818182,-0.12293882677289462,0.4805194805194805,0.1176,154,0.8231999999999999,False
public__abt_buy__p00__seed20260725__hit_at_1,abt_buy,0.0,20260725,hef_linear_bert,hef_linear_bge,hit_at_1,within_linear,0.8246753246753247,0.8701298701298701,-0.045454545454545456,-0.09740259740259741,0.006493506493506494,-0.13765796429920513,0.4772727272727273,0.0994,154,0.7952,False
public__abt_buy__p00__seed20260725__reciprocal_rank,abt_buy,0.0,20260725,hef_gbdt_e5_roberta_oof,hef_gbdt_e5_jina_oof,reciprocal_rank,within_gbdt,0.9669913419913421,0.9745670995670996,-0.007575757575757576,-0.021645021645021648,0.005411255411255411,-0.0928319787345333,0.4902597402597403,0.2694,154,1.0,False
public__abt_buy__p00__seed20260725__hit_at_1,abt_buy,0.0,20260725,hef_gbdt_e5_roberta_oof,hef_gbdt_e5_jina_oof,hit_at_1,within_gbdt,0.9415584415584416,0.9545454545454546,-0.012987012987012988,-0.03896103896103896,0.012987012987012988,-0.08058229640253803,0.4935064935064935,0.4306,154,1.0,False
public__abt_buy__p00__seed20260725__reciprocal_rank,abt_buy,0.0,20260725,joint_neural_hef_roberta,joint_neural_hef_jina,reciprocal_rank,within_joint,0.9800275482093664,0.9690012368583798,0.011026311350986676,-0.008559622195985831,0.029916512059369207,0.0909703027837493,0.512987012987013,0.251,154,1.0,False
public__abt_buy__p00__seed20260725__hit_at_1,abt_buy,0.0,20260725,joint_neural_hef_roberta,joint_neural_hef_jina,hit_at_1,within_joint,0.9675324675324676,0.948051948051948,0.01948051948051948,-0.006493506493506494,0.05194805194805195,0.10839625584229695,0.5097402597402597,0.2542,154,1.0,False
public__abt_buy__p10__seed20260725__reciprocal_rank,abt_buy,0.1,20260725,jina_finetuned,hef_linear_bert,reciprocal_rank,cross_family,0.9295866831581118,0.8502371443403982,0.07934953881771356,0.038622164640119014,0.12136108077578131,0.29481932227952,0.577922077922078,0.0,154,0.0,True
public__abt_buy__p10__seed20260725__hit_at_1,abt_buy,0.1,20260725,jina_finetuned,hef_linear_bert,hit_at_1,cross_family,0.9025974025974026,0.7792207792207793,0.12337662337662338,0.05844155844155844,0.18831168831168832,0.3073396960085868,0.5616883116883117,0.0,154,0.0,True
public__abt_buy__p10__seed20260725__reciprocal_rank,abt_buy,0.1,20260725,jina_finetuned,hef_gbdt_e5_roberta_oof,reciprocal_rank,cross_family,0.9295866831581118,0.9353022339978861,-0.005715550839774443,-0.027529696235441575,0.01326786050388535,-0.04458888513064005,0.4967532467532468,0.562,154,1.0,False
public__abt_buy__p10__seed20260725__hit_at_1,abt_buy,0.1,20260725,jina_finetuned,hef_gbdt_e5_roberta_oof,hit_at_1,cross_family,0.9025974025974026,0.9090909090909091,-0.006493506493506494,-0.032467532467532464,0.01948051948051948,-0.03594365069613897,0.4967532467532468,0.8078,154,1.0,False
public__abt_buy__p10__seed20260725__reciprocal_rank,abt_buy,0.1,20260725,jina_finetuned,joint_neural_hef_roberta,reciprocal_rank,cross_family,0.9295866831581118,0.8771240934390284,0.05246258971908323,0.014969210308090177,0.09301797544086503,0.21343343454584063,0.538961038961039,0.0058,154,0.0406,True
public__abt_buy__p10__seed20260725__hit_at_1,abt_buy,0.1,20260725,jina_finetuned,joint_neural_hef_roberta,hit_at_1,cross_family,0.9025974025974026,0.8441558441558441,0.05844155844155844,0.012987012987012988,0.11038961038961038,0.19000841280756975,0.5292207792207793,0.0192,154,0.1376,False
public__abt_buy__p10__seed20260725__reciprocal_rank,abt_buy,0.1,20260725,hef_linear_bert,hef_gbdt_e5_roberta_oof,reciprocal_rank,cross_family,0.8502371443403982,0.9353022339978861,-0.08506508965748802,-0.12392462653943297,-0.04942335919900075,-0.3542139387690669,0.4253246753246753,0.0,154,0.0,True
public__abt_buy__p10__seed20260725__hit_at_1,abt_buy,0.1,20260725,hef_linear_bert,hef_gbdt_e5_roberta_oof,hit_at_1,cross_family,0.7792207792207793,0.9090909090909091,-0.12987012987012986,-0.19480519480519481,-0.07142857142857142,-0.34723360493537936,0.43506493506493504,0.0,154,0.0,True
public__abt_buy__p10__seed20260725__reciprocal_rank,abt_buy,0.1,20260725,hef_linear_bert,joint_neural_hef_roberta,reciprocal_rank,cross_family,0.8502371443403982,0.8771240934390284,-0.02688694909863034,-0.07822025033781771,0.027664440095755943,-0.07922123115910579,0.4675324675324675,0.3046,154,1.0,False
public__abt_buy__p10__seed20260725__hit_at_1,abt_buy,0.1,20260725,hef_linear_bert,joint_neural_hef_roberta,hit_at_1,cross_family,0.7792207792207793,0.8441558441558441,-0.06493506493506493,-0.13636363636363635,0.006493506493506494,-0.13908261495681665,0.4675324675324676,0.1,154,0.5,False
public__abt_buy__p10__seed20260725__reciprocal_rank,abt_buy,0.1,20260725,hef_gbdt_e5_roberta_oof,joint_neural_hef_roberta,reciprocal_rank,cross_family,0.9353022339978861,0.8771240934390284,0.05817814055885767,0.022312696925698056,0.09705212190289476,0.2469357335044377,0.5357142857142857,0.001,154,0.009000000000000001,True
public__abt_buy__p10__seed20260725__hit_at_1,abt_buy,0.1,20260725,hef_gbdt_e5_roberta_oof,joint_neural_hef_roberta,hit_at_1,cross_family,0.9090909090909091,0.8441558441558441,0.06493506493506493,0.01948051948051948,0.11038961038961038,0.21982333876962554,0.5324675324675324,0.005,154,0.045,True
public__abt_buy__p10__seed20260725__reciprocal_rank,abt_buy,0.1,20260725,jina_finetuned,roberta_finetuned,reciprocal_rank,within_standalone,0.9295866831581118,0.916032472288811,0.013554210869300698,-0.01253720486365915,0.03945874375742982,0.0818569674083861,0.5162337662337663,0.3054,154,1.0,False
public__abt_buy__p10__seed20260725__hit_at_1,abt_buy,0.1,20260725,jina_finetuned,roberta_finetuned,hit_at_1,within_standalone,0.9025974025974026,0.8766233766233766,0.025974025974025976,-0.012987012987012988,0.06493506493506493,0.10212988968721273,0.512987012987013,0.2622,154,0.7866,False
public__abt_buy__p10__seed20260725__reciprocal_rank,abt_buy,0.1,20260725,official_ditto_plain,official_ditto_mixda,reciprocal_rank,within_standalone,0.8970189037153322,0.9387614159789852,-0.04174251226365294,-0.08332046875856212,-0.003572652288359693,-0.16739956303350198,0.4707792207792208,0.0322,154,0.19319999999999998,False
public__abt_buy__p10__seed20260725__hit_at_1,abt_buy,0.1,20260725,official_ditto_plain,official_ditto_mixda,hit_at_1,within_standalone,0.8701298701298701,0.922077922077922,-0.05194805194805195,-0.09740259740259741,-0.012987012987012988,-0.18878953508149432,0.474025974025974,0.0172,154,0.1376,False
public__abt_buy__p10__seed20260725__reciprocal_rank,abt_buy,0.1,20260725,hef_linear_bert,hef_linear_bge,reciprocal_rank,within_linear,0.8502371443403982,0.8726149243289425,-0.022377779988544413,-0.049406074145030815,0.0030482738840231596,-0.13470040743953315,0.4675324675324676,0.0856,154,0.428,False
public__abt_buy__p10__seed20260725__hit_at_1,abt_buy,0.1,20260725,hef_linear_bert,hef_linear_bge,hit_at_1,within_linear,0.7792207792207793,0.8181818181818182,-0.03896103896103896,-0.08441558441558442,0.006493506493506494,-0.12988789390883407,0.4805194805194805,0.1324,154,0.5296,False
public__abt_buy__p10__seed20260725__reciprocal_rank,abt_buy,0.1,20260725,hef_gbdt_e5_roberta_oof,hef_gbdt_e5_jina_oof,reciprocal_rank,within_gbdt,0.9353022339978861,0.9354256854256855,-0.00012345142779925298,-0.018918349766175853,0.019263458763458755,-0.0010070226580677466,0.4967532467532468,0.985,154,1.0,False
public__abt_buy__p10__seed20260725__hit_at_1,abt_buy,0.1,20260725,hef_gbdt_e5_roberta_oof,hef_gbdt_e5_jina_oof,hit_at_1,within_gbdt,0.9090909090909091,0.8961038961038961,0.012987012987012988,-0.01948051948051948,0.045454545454545456,0.06572361409743253,0.5064935064935064,0.533,154,1.0,False
public__abt_buy__p10__seed20260725__reciprocal_rank,abt_buy,0.1,20260725,joint_neural_hef_roberta,joint_neural_hef_jina,reciprocal_rank,within_joint,0.8771240934390284,0.9308539028259525,-0.05372980938692401,-0.09328805493631158,-0.016318640598531903,-0.22293554872292062,0.4610389610389611,0.0042,154,0.0336,True
public__abt_buy__p10__seed20260725__hit_at_1,abt_buy,0.1,20260725,joint_neural_hef_roberta,joint_neural_hef_jina,hit_at_1,within_joint,0.8441558441558441,0.9025974025974026,-0.05844155844155844,-0.11038961038961038,-0.012987012987012988,-0.19000841280756978,0.4707792207792208,0.0186,154,0.1376,False
public__abt_buy__p10__seed20260726__reciprocal_rank,abt_buy,0.1,20260726,jina_finetuned,hef_linear_bert,reciprocal_rank,cross_family,0.8947159515448697,0.7764549473192329,0.11826100422563675,0.07029947851224935,0.16751292289039582,0.3863102268695915,0.5909090909090909,0.0,154,0.0,True
public__abt_buy__p10__seed20260726__hit_at_1,abt_buy,0.1,20260726,jina_finetuned,hef_linear_bert,hit_at_1,cross_family,0.8571428571428571,0.7142857142857143,0.14285714285714285,0.08441558441558442,0.2077922077922078,0.3696040352284358,0.5714285714285714,0.0,154,0.0,True
public__abt_buy__p10__seed20260726__reciprocal_rank,abt_buy,0.1,20260726,jina_finetuned,hef_gbdt_e5_roberta_oof,reciprocal_rank,cross_family,0.8947159515448697,0.8668709333269343,0.027845018217935204,-0.007886521398331556,0.06545541652166774,0.11959806362689501,0.5292207792207793,0.1278,154,0.639,False
public__abt_buy__p10__seed20260726__hit_at_1,abt_buy,0.1,20260726,jina_finetuned,hef_gbdt_e5_roberta_oof,hit_at_1,cross_family,0.8571428571428571,0.8311688311688312,0.025974025974025976,-0.01948051948051948,0.07142857142857142,0.09314994689769614,0.512987012987013,0.3072,154,1.0,False
public__abt_buy__p10__seed20260726__reciprocal_rank,abt_buy,0.1,20260726,jina_finetuned,joint_neural_hef_roberta,reciprocal_rank,cross_family,0.8947159515448697,0.8721917158736772,0.022524235671192425,-0.021768346202284922,0.06873471442546011,0.0790040531809188,0.5227272727272727,0.3162,154,1.0,False
public__abt_buy__p10__seed20260726__hit_at_1,abt_buy,0.1,20260726,jina_finetuned,joint_neural_hef_roberta,hit_at_1,cross_family,0.8571428571428571,0.8311688311688312,0.025974025974025976,-0.032467532467532464,0.08441558441558442,0.07202793530836397,0.512987012987013,0.4184,154,1.0,False
public__abt_buy__p10__seed20260726__reciprocal_rank,abt_buy,0.1,20260726,hef_linear_bert,hef_gbdt_e5_roberta_oof,reciprocal_rank,cross_family,0.7764549473192329,0.8668709333269343,-0.09041598600770155,-0.1335227063974231,-0.048329254665350506,-0.33091069522126026,0.4090909090909091,0.0,154,0.0,True
public__abt_buy__p10__seed20260726__hit_at_1,abt_buy,0.1,20260726,hef_linear_bert,hef_gbdt_e5_roberta_oof,hit_at_1,cross_family,0.7142857142857143,0.8311688311688312,-0.11688311688311688,-0.17532467532467533,-0.06493506493506493,-0.3241257088876379,0.44155844155844154,0.0,154,0.0,True
public__abt_buy__p10__seed20260726__reciprocal_rank,abt_buy,0.1,20260726,hef_linear_bert,joint_neural_hef_roberta,reciprocal_rank,cross_family,0.7764549473192329,0.8721917158736772,-0.09573676855444434,-0.15238101275255103,-0.0401838685826544,-0.26884341216062396,0.44805194805194803,0.001,154,0.009000000000000001,True
public__abt_buy__p10__seed20260726__hit_at_1,abt_buy,0.1,20260726,hef_linear_bert,joint_neural_hef_roberta,hit_at_1,cross_family,0.7142857142857143,0.8311688311688312,-0.11688311688311688,-0.18831168831168832,-0.045454545454545456,-0.26441750477671155,0.4415584415584416,0.0008,154,0.007200000000000001,True
public__abt_buy__p10__seed20260726__reciprocal_rank,abt_buy,0.1,20260726,hef_gbdt_e5_roberta_oof,joint_neural_hef_roberta,reciprocal_rank,cross_family,0.8668709333269343,0.8721917158736772,-0.005320782546742783,-0.04780765458055571,0.036855765157124,-0.019810035266528903,0.4967532467532467,0.7914,154,1.0,False
public__abt_buy__p10__seed20260726__hit_at_1,abt_buy,0.1,20260726,hef_gbdt_e5_roberta_oof,joint_neural_hef_roberta,hit_at_1,cross_family,0.8311688311688312,0.8311688311688312,0.0,-0.05194805194805195,0.05194805194805195,0.0,0.5,1.0,154,1.0,False
public__abt_buy__p10__seed20260726__reciprocal_rank,abt_buy,0.1,20260726,jina_finetuned,roberta_finetuned,reciprocal_rank,within_standalone,0.8947159515448697,0.901795904312138,-0.00707995276726836,-0.04048412041018246,0.026726019934133476,-0.03234200107243337,0.5162337662337663,0.6776,154,1.0,False
public__abt_buy__p10__seed20260726__hit_at_1,abt_buy,0.1,20260726,jina_finetuned,roberta_finetuned,hit_at_1,within_standalone,0.8571428571428571,0.8701298701298701,-0.012987012987012988,-0.05844155844155844,0.032467532467532464,-0.04642318062757275,0.4935064935064935,0.6406,154,1.0,False
public__abt_buy__p10__seed20260726__reciprocal_rank,abt_buy,0.1,20260726,official_ditto_plain,official_ditto_mixda,reciprocal_rank,within_standalone,0.8630891227341109,0.9091073608930753,-0.04601823815896442,-0.08467884273236578,-0.011044308394568124,-0.19496211114967557,0.4642857142857143,0.0084,154,0.0672,False
public__abt_buy__p10__seed20260726__hit_at_1,abt_buy,0.1,20260726,official_ditto_plain,official_ditto_mixda,hit_at_1,within_standalone,0.8376623376623377,0.8896103896103896,-0.05194805194805195,-0.09740259740259741,-0.012987012987012988,-0.1887895350814943,0.474025974025974,0.0212,154,0.1484,False
public__abt_buy__p10__seed20260726__reciprocal_rank,abt_buy,0.1,20260726,hef_linear_bert,hef_linear_bge,reciprocal_rank,within_linear,0.7764549473192329,0.8126984500559926,-0.036243502736759636,-0.06914856965560168,-0.006151319652061001,-0.18114869261927968,0.49025974025974023,0.0172,154,0.12040000000000001,False
public__abt_buy__p10__seed20260726__hit_at_1,abt_buy,0.1,20260726,hef_linear_bert,hef_linear_bge,hit_at_1,within_linear,0.7142857142857143,0.7727272727272727,-0.05844155844155844,-0.1038961038961039,-0.012987012987012988,-0.204674709189978,0.4707792207792208,0.0082,154,0.0656,False
public__abt_buy__p10__seed20260726__reciprocal_rank,abt_buy,0.1,20260726,hef_gbdt_e5_roberta_oof,hef_gbdt_e5_jina_oof,reciprocal_rank,within_gbdt,0.8668709333269343,0.9014729125330064,-0.03460197920607189,-0.0742110888487622,0.0025084443425808342,-0.14029823307214057,0.4740259740259741,0.0692,154,0.4152,False
public__abt_buy__p10__seed20260726__hit_at_1,abt_buy,0.1,20260726,hef_gbdt_e5_roberta_oof,hef_gbdt_e5_jina_oof,hit_at_1,within_gbdt,0.8311688311688312,0.8701298701298701,-0.03896103896103896,-0.08441558441558442,0.006493506493506494,-0.12988789390883407,0.4805194805194805,0.1272,154,0.7632000000000001,False
public__abt_buy__p10__seed20260726__reciprocal_rank,abt_buy,0.1,20260726,joint_neural_hef_roberta,joint_neural_hef_jina,reciprocal_rank,within_joint,0.8721917158736772,0.8873006666754518,-0.01510895080177445,-0.055303913644117624,0.023746181084292595,-0.05963503705521904,0.48376623376623373,0.44,154,1.0,False
public__abt_buy__p10__seed20260726__hit_at_1,abt_buy,0.1,20260726,joint_neural_hef_roberta,joint_neural_hef_jina,hit_at_1,within_joint,0.8311688311688312,0.8506493506493507,-0.01948051948051948,-0.07142857142857142,0.032467532467532464,-0.05854227158969605,0.4902597402597403,0.5304,154,1.0,False
public__abt_buy__p10__seed20260727__reciprocal_rank,abt_buy,0.1,20260727,jina_finetuned,hef_linear_bert,reciprocal_rank,cross_family,0.9002913620237928,0.8001182299255951,0.10017313209819777,0.04677430474901856,0.15442385561348204,0.29871276672530267,0.5876623376623377,0.0002,154,0.002,True
public__abt_buy__p10__seed20260727__hit_at_1,abt_buy,0.1,20260727,jina_finetuned,hef_linear_bert,hit_at_1,cross_family,0.8636363636363636,0.7207792207792207,0.14285714285714285,0.07142857142857142,0.21428571428571427,0.30827107535515086,0.5714285714285714,0.0002,154,0.002,True
public__abt_buy__p10__seed20260727__reciprocal_rank,abt_buy,0.1,20260727,jina_finetuned,hef_gbdt_e5_roberta_oof,reciprocal_rank,cross_family,0.9002913620237928,0.8960097787096218,0.00428158331417093,-0.02604591431921097,0.034016735222094405,0.02223580168776325,0.5,0.7652,154,1.0,False
public__abt_buy__p10__seed20260727__hit_at_1,abt_buy,0.1,20260727,jina_finetuned,hef_gbdt_e5_roberta_oof,hit_at_1,cross_family,0.8636363636363636,0.8506493506493507,0.012987012987012988,-0.025974025974025976,0.05194805194805195,0.050865081278874354,0.5064935064935064,0.6162,154,1.0,False
public__abt_buy__p10__seed20260727__reciprocal_rank,abt_buy,0.1,20260727,jina_finetuned,joint_neural_hef_roberta,reciprocal_rank,cross_family,0.9002913620237928,0.8758637179408096,0.024427644082983258,-0.01595256631700917,0.06615753291664296,0.09292497269031995,0.512987012987013,0.2364,154,1.0,False
public__abt_buy__p10__seed20260727__hit_at_1,abt_buy,0.1,20260727,jina_finetuned,joint_neural_hef_roberta,hit_at_1,cross_family,0.8636363636363636,0.8441558441558441,0.01948051948051948,-0.032467532467532464,0.07792207792207792,0.05536539403719199,0.5097402597402597,0.5536,154,1.0,False
public__abt_buy__p10__seed20260727__reciprocal_rank,abt_buy,0.1,20260727,hef_linear_bert,hef_gbdt_e5_roberta_oof,reciprocal_rank,cross_family,0.8001182299255951,0.8960097787096218,-0.09589154878402684,-0.1391737968813718,-0.05496527607270097,-0.3643165270937457,0.4090909090909091,0.0,154,0.0,True
public__abt_buy__p10__seed20260727__hit_at_1,abt_buy,0.1,20260727,hef_linear_bert,hef_gbdt_e5_roberta_oof,hit_at_1,cross_family,0.7207792207792207,0.8506493506493507,-0.12987012987012986,-0.19480519480519481,-0.07142857142857142,-0.33206489034399117,0.4350649350649351,0.0,154,0.0,True
public__abt_buy__p10__seed20260727__reciprocal_rank,abt_buy,0.1,20260727,hef_linear_bert,joint_neural_hef_roberta,reciprocal_rank,cross_family,0.8001182299255951,0.8758637179408096,-0.07574548801521451,-0.1344492372386627,-0.018638364331603426,-0.20854144573814573,0.43506493506493504,0.0102,154,0.0918,False
public__abt_buy__p10__seed20260727__hit_at_1,abt_buy,0.1,20260727,hef_linear_bert,joint_neural_hef_roberta,hit_at_1,cross_family,0.7207792207792207,0.8441558441558441,-0.12337662337662338,-0.2012987012987013,-0.05194805194805195,-0.2592330410318994,0.4383116883116883,0.0012,154,0.010799999999999999,True
public__abt_buy__p10__seed20260727__reciprocal_rank,abt_buy,0.1,20260727,hef_gbdt_e5_roberta_oof,joint_neural_hef_roberta,reciprocal_rank,cross_family,0.8960097787096218,0.8758637179408096,0.02014606076881233,-0.01628115050211441,0.057457044932696044,0.0851067461127136,0.512987012987013,0.284,154,1.0,False
public__abt_buy__p10__seed20260727__hit_at_1,abt_buy,0.1,20260727,hef_gbdt_e5_roberta_oof,joint_neural_hef_roberta,hit_at_1,cross_family,0.8506493506493507,0.8441558441558441,0.006493506493506494,-0.045454545454545456,0.05194805194805195,0.02074308698450677,0.5032467532467533,0.895,154,1.0,False
public__abt_buy__p10__seed20260727__reciprocal_rank,abt_buy,0.1,20260727,jina_finetuned,roberta_finetuned,reciprocal_rank,within_standalone,0.9002913620237928,0.9038242016415351,-0.003532839617742069,-0.0361676748038172,0.03029823285489862,-0.016787452011698147,0.487012987012987,0.8284,154,1.0,False
public__abt_buy__p10__seed20260727__hit_at_1,abt_buy,0.1,20260727,jina_finetuned,roberta_finetuned,hit_at_1,within_standalone,0.8636363636363636,0.8701298701298701,-0.006493506493506494,-0.05194805194805195,0.03896103896103896,-0.022282392022763595,0.4967532467532468,0.892,154,1.0,False
public__abt_buy__p10__seed20260727__reciprocal_rank,abt_buy,0.1,20260727,official_ditto_plain,official_ditto_mixda,reciprocal_rank,within_standalone,0.8874118891438243,0.9131763103421933,-0.025764421198369063,-0.06519275211007075,0.012962725108274278,-0.10383021008823544,0.4642857142857143,0.1892,154,1.0,False
public__abt_buy__p10__seed20260727__hit_at_1,abt_buy,0.1,20260727,official_ditto_plain,official_ditto_mixda,hit_at_1,within_standalone,0.8636363636363636,0.9025974025974026,-0.03896103896103896,-0.08441558441558442,0.006493506493506494,-0.12988789390883407,0.4805194805194805,0.132,154,1.0,False
public__abt_buy__p10__seed20260727__reciprocal_rank,abt_buy,0.1,20260727,hef_linear_bert,hef_linear_bge,reciprocal_rank,within_linear,0.8001182299255951,0.8237442289470656,-0.02362599902147052,-0.05485080578347393,0.007306414994560223,-0.12078949454402661,0.48051948051948057,0.1272,154,1.0,False
public__abt_buy__p10__seed20260727__hit_at_1,abt_buy,0.1,20260727,hef_linear_bert,hef_linear_bge,hit_at_1,within_linear,0.7207792207792207,0.7597402597402597,-0.03896103896103896,-0.09090909090909091,0.012987012987012988,-0.12137025493693698,0.4805194805194805,0.1568,154,1.0,False
public__abt_buy__p10__seed20260727__reciprocal_rank,abt_buy,0.1,20260727,hef_gbdt_e5_roberta_oof,hef_gbdt_e5_jina_oof,reciprocal_rank,within_gbdt,0.8960097787096218,0.9081821884767335,-0.01217240976711159,-0.03912191431063873,0.014406928890280722,-0.07150195472132696,0.4902597402597403,0.3676,154,1.0,False
public__abt_buy__p10__seed20260727__hit_at_1,abt_buy,0.1,20260727,hef_gbdt_e5_roberta_oof,hef_gbdt_e5_jina_oof,hit_at_1,within_gbdt,0.8506493506493507,0.8766233766233766,-0.025974025974025976,-0.06493506493506493,0.012987012987012988,-0.10212988968721273,0.487012987012987,0.248,154,1.0,False
public__abt_buy__p10__seed20260727__reciprocal_rank,abt_buy,0.1,20260727,joint_neural_hef_roberta,joint_neural_hef_jina,reciprocal_rank,within_joint,0.8758637179408096,0.8979143065667843,-0.02205058862597459,-0.06144797930954078,0.01552008853174059,-0.08970494263301029,0.4967532467532467,0.2452,154,1.0,False
public__abt_buy__p10__seed20260727__hit_at_1,abt_buy,0.1,20260727,joint_neural_hef_roberta,joint_neural_hef_jina,hit_at_1,within_joint,0.8441558441558441,0.8701298701298701,-0.025974025974025976,-0.07792207792207792,0.025974025974025976,-0.07594614597576235,0.487012987012987,0.3988,154,1.0,False
public__abt_buy__p30__seed20260725__reciprocal_rank,abt_buy,0.3,20260725,jina_finetuned,hef_linear_bert,reciprocal_rank,cross_family,0.7607852542437286,0.5544180348986971,0.20636721934503136,0.14525903050524638,0.2668415578567981,0.537681675844054,0.672077922077922,0.0,154,0.0,True
public__abt_buy__p30__seed20260725__hit_at_1,abt_buy,0.3,20260725,jina_finetuned,hef_linear_bert,hit_at_1,cross_family,0.7012987012987013,0.4805194805194805,0.22077922077922077,0.14935064935064934,0.2922077922077922,0.4790773311557534,0.6103896103896104,0.0,154,0.0,True
public__abt_buy__p30__seed20260725__reciprocal_rank,abt_buy,0.3,20260725,jina_finetuned,hef_gbdt_e5_roberta_oof,reciprocal_rank,cross_family,0.7607852542437286,0.7433329206303072,0.017452333613421307,-0.03535070604191747,0.07101901910950917,0.05133431995429259,0.4935064935064935,0.5148,154,1.0,False
public__abt_buy__p30__seed20260725__hit_at_1,abt_buy,0.3,20260725,jina_finetuned,hef_gbdt_e5_roberta_oof,hit_at_1,cross_family,0.7012987012987013,0.6948051948051948,0.006493506493506494,-0.05844155844155844,0.07142857142857142,0.01606613453850121,0.5032467532467533,0.9072,154,1.0,False
public__abt_buy__p30__seed20260725__reciprocal_rank,abt_buy,0.3,20260725,jina_finetuned,joint_neural_hef_roberta,reciprocal_rank,cross_family,0.7607852542437286,0.7114631494724685,0.04932210477125999,-0.009855495625382528,0.10936378723930021,0.12885499201893483,0.5616883116883117,0.1012,154,0.506,False
public__abt_buy__p30__seed20260725__hit_at_1,abt_buy,0.3,20260725,jina_finetuned,joint_neural_hef_roberta,hit_at_1,cross_family,0.7012987012987013,0.6753246753246753,0.025974025974025976,-0.03896103896103896,0.09090909090909091,0.060829354789616326,0.512987012987013,0.5066,154,1.0,False
public__abt_buy__p30__seed20260725__reciprocal_rank,abt_buy,0.3,20260725,hef_linear_bert,hef_gbdt_e5_roberta_oof,reciprocal_rank,cross_family,0.5544180348986971,0.7433329206303072,-0.18891488573161005,-0.2462884532165917,-0.13394733297730443,-0.5287043298380003,0.3051948051948052,0.0,154,0.0,True
public__abt_buy__p30__seed20260725__hit_at_1,abt_buy,0.3,20260725,hef_linear_bert,hef_gbdt_e5_roberta_oof,hit_at_1,cross_family,0.4805194805194805,0.6948051948051948,-0.21428571428571427,-0.2857142857142857,-0.14285714285714285,-0.4845024090596342,0.39285714285714285,0.0,154,0.0,True
public__abt_buy__p30__seed20260725__reciprocal_rank,abt_buy,0.3,20260725,hef_linear_bert,joint_neural_hef_roberta,reciprocal_rank,cross_family,0.5544180348986971,0.7114631494724685,-0.15704511457377135,-0.23351843371020625,-0.08178282823426843,-0.327282341994669,0.35714285714285715,0.0002,154,0.0014,True
public__abt_buy__p30__seed20260725__hit_at_1,abt_buy,0.3,20260725,hef_linear_bert,joint_neural_hef_roberta,hit_at_1,cross_family,0.4805194805194805,0.6753246753246753,-0.19480519480519481,-0.2792207792207792,-0.11038961038961038,-0.3546768969127989,0.4025974025974026,0.0,154,0.0,True
public__abt_buy__p30__seed20260725__reciprocal_rank,abt_buy,0.3,20260725,hef_gbdt_e5_roberta_oof,joint_neural_hef_roberta,reciprocal_rank,cross_family,0.7433329206303072,0.7114631494724685,0.031869771157838685,-0.022144215264245815,0.08735498736316474,0.09303956900688792,0.5,0.2464,154,0.7392000000000001,False
public__abt_buy__p30__seed20260725__hit_at_1,abt_buy,0.3,20260725,hef_gbdt_e5_roberta_oof,joint_neural_hef_roberta,hit_at_1,cross_family,0.6948051948051948,0.6753246753246753,0.01948051948051948,-0.03896103896103896,0.07792207792207792,0.050307738060769075,0.5097402597402597,0.6006,154,1.0,False
public__abt_buy__p30__seed20260725__reciprocal_rank,abt_buy,0.3,20260725,jina_finetuned,roberta_finetuned,reciprocal_rank,within_standalone,0.7607852542437286,0.7730360542912601,-0.01225080004753164,-0.06360131888177424,0.03649531223184621,-0.038146943817821466,0.4837662337662338,0.6292,154,1.0,False
public__abt_buy__p30__seed20260725__hit_at_1,abt_buy,0.3,20260725,jina_finetuned,roberta_finetuned,hit_at_1,within_standalone,0.7012987012987013,0.7207792207792207,-0.01948051948051948,-0.08441558441558442,0.045454545454545456,-0.04824857110617547,0.4902597402597403,0.6012,154,1.0,False
public__abt_buy__p30__seed20260725__reciprocal_rank,abt_buy,0.3,20260725,official_ditto_plain,official_ditto_mixda,reciprocal_rank,within_standalone,0.6902165559453208,0.7691486537503466,-0.07893209780502579,-0.13600899774119038,-0.024806113764564715,-0.22462406866557566,0.44155844155844154,0.0048,154,0.0288,True
public__abt_buy__p30__seed20260725__hit_at_1,abt_buy,0.3,20260725,official_ditto_plain,official_ditto_mixda,hit_at_1,within_standalone,0.6298701298701299,0.7337662337662337,-0.1038961038961039,-0.16883116883116883,-0.045454545454545456,-0.26049869173027784,0.4480519480519481,0.0006,154,0.0042,True
public__abt_buy__p30__seed20260725__reciprocal_rank,abt_buy,0.3,20260725,hef_linear_bert,hef_linear_bge,reciprocal_rank,within_linear,0.5544180348986971,0.6308633399303579,-0.07644530503166082,-0.1199142455944674,-0.036058710122261556,-0.28741743689307425,0.4577922077922078,0.0,154,0.0,True
public__abt_buy__p30__seed20260725__hit_at_1,abt_buy,0.3,20260725,hef_linear_bert,hef_linear_bge,hit_at_1,within_linear,0.4805194805194805,0.577922077922078,-0.09740259740259741,-0.14935064935064934,-0.045454545454545456,-0.2876830814703832,0.4512987012987013,0.0002,154,0.0016,True
public__abt_buy__p30__seed20260725__reciprocal_rank,abt_buy,0.3,20260725,hef_gbdt_e5_roberta_oof,hef_gbdt_e5_jina_oof,reciprocal_rank,within_gbdt,0.7433329206303072,0.7834730351523582,-0.04014011452205094,-0.09569592683686218,0.013184387284458152,-0.11499775618067393,0.4935064935064935,0.1502,154,0.6008,False
public__abt_buy__p30__seed20260725__hit_at_1,abt_buy,0.3,20260725,hef_gbdt_e5_roberta_oof,hef_gbdt_e5_jina_oof,hit_at_1,within_gbdt,0.6948051948051948,0.7272727272727273,-0.032467532467532464,-0.09740259740259741,0.032467532467532464,-0.08058229640253801,0.48376623376623373,0.3516,154,1.0,False
public__abt_buy__p30__seed20260725__reciprocal_rank,abt_buy,0.3,20260725,joint_neural_hef_roberta,joint_neural_hef_jina,reciprocal_rank,within_joint,0.7114631494724685,0.8098388563492963,-0.09837570687682774,-0.14948141460733416,-0.050551261759080715,-0.3128825125197132,0.4188311688311688,0.0,154,0.0,True
public__abt_buy__p30__seed20260725__hit_at_1,abt_buy,0.3,20260725,joint_neural_hef_roberta,joint_neural_hef_jina,hit_at_1,within_joint,0.6753246753246753,0.7662337662337663,-0.09090909090909091,-0.14935064935064934,-0.032467532467532464,-0.24699146683437306,0.45454545454545453,0.0026,154,0.0156,True
public__abt_buy__p30__seed20260726__reciprocal_rank,abt_buy,0.3,20260726,jina_finetuned,hef_linear_bert,reciprocal_rank,cross_family,0.6633956144510799,0.5287255933014271,0.13467002114965274,0.07641988088196858,0.19217474021570016,0.36165599581332186,0.6461038961038961,0.0,154,0.0,True
public__abt_buy__p30__seed20260726__hit_at_1,abt_buy,0.3,20260726,jina_finetuned,hef_linear_bert,hit_at_1,cross_family,0.6168831168831169,0.461038961038961,0.15584415584415584,0.09090909090909091,0.22727272727272727,0.3626203338114211,0.577922077922078,0.0,154,0.0,True
public__abt_buy__p30__seed20260726__reciprocal_rank,abt_buy,0.3,20260726,jina_finetuned,hef_gbdt_e5_roberta_oof,reciprocal_rank,cross_family,0.6633956144510799,0.6521882215224996,0.011207392928580293,-0.03247650996304939,0.05474315668013561,0.04026791155175552,0.5389610389610389,0.607,154,1.0,False
public__abt_buy__p30__seed20260726__hit_at_1,abt_buy,0.3,20260726,jina_finetuned,hef_gbdt_e5_roberta_oof,hit_at_1,cross_family,0.6168831168831169,0.5909090909090909,0.025974025974025976,-0.025974025974025976,0.07792207792207792,0.07594614597576235,0.512987012987013,0.396,154,1.0,False
public__abt_buy__p30__seed20260726__reciprocal_rank,abt_buy,0.3,20260726,jina_finetuned,joint_neural_hef_roberta,reciprocal_rank,cross_family,0.6633956144510799,0.6406748263182998,0.022720788132780077,-0.034939597147814125,0.08087006031656643,0.061191981825383546,0.5454545454545454,0.4418,154,1.0,False
public__abt_buy__p30__seed20260726__hit_at_1,abt_buy,0.3,20260726,jina_finetuned,joint_neural_hef_roberta,hit_at_1,cross_family,0.6168831168831169,0.6038961038961039,0.012987012987012988,-0.05194805194805195,0.07792207792207792,0.032808358696101554,0.5064935064935064,0.7524,154,1.0,False
public__abt_buy__p30__seed20260726__reciprocal_rank,abt_buy,0.3,20260726,hef_linear_bert,hef_gbdt_e5_roberta_oof,reciprocal_rank,cross_family,0.5287255933014271,0.6521882215224996,-0.12346262822107243,-0.1750901703010365,-0.07461985381897909,-0.3848249692268746,0.3246753246753247,0.0,154,0.0,True
public__abt_buy__p30__seed20260726__hit_at_1,abt_buy,0.3,20260726,hef_linear_bert,hef_gbdt_e5_roberta_oof,hit_at_1,cross_family,0.461038961038961,0.5909090909090909,-0.12987012987012986,-0.19480519480519481,-0.06493506493506493,-0.3187248516093212,0.4350649350649351,0.0,154,0.0,True
public__abt_buy__p30__seed20260726__reciprocal_rank,abt_buy,0.3,20260726,hef_linear_bert,joint_neural_hef_roberta,reciprocal_rank,cross_family,0.5287255933014271,0.6406748263182998,-0.11194923301687264,-0.17971268384795355,-0.04576566341136516,-0.26478637748538564,0.39935064935064934,0.0016,154,0.0128,True
public__abt_buy__p30__seed20260726__hit_at_1,abt_buy,0.3,20260726,hef_linear_bert,joint_neural_hef_roberta,hit_at_1,cross_family,0.461038961038961,0.6038961038961039,-0.14285714285714285,-0.22077922077922077,-0.07142857142857142,-0.29929659926660157,0.4285714285714286,0.0,154,0.0,True
public__abt_buy__p30__seed20260726__reciprocal_rank,abt_buy,0.3,20260726,hef_gbdt_e5_roberta_oof,joint_neural_hef_roberta,reciprocal_rank,cross_family,0.6521882215224996,0.6406748263182998,0.011513395204199778,-0.04386884813279865,0.06861366445931162,0.032685910575510874,0.48376623376623373,0.6718,154,1.0,False
public__abt_buy__p30__seed20260726__hit_at_1,abt_buy,0.3,20260726,hef_gbdt_e5_roberta_oof,joint_neural_hef_roberta,hit_at_1,cross_family,0.5909090909090909,0.6038961038961039,-0.012987012987012988,-0.07792207792207792,0.05194805194805195,-0.03151993803145073,0.49350649350649356,0.7702,154,1.0,False
public__abt_buy__p30__seed20260726__reciprocal_rank,abt_buy,0.3,20260726,jina_finetuned,roberta_finetuned,reciprocal_rank,within_standalone,0.6633956144510799,0.6810653855457843,-0.01766977109470443,-0.06879769201856793,0.034731379925787426,-0.05418073725432143,0.4935064935064935,0.4966,154,1.0,False
public__abt_buy__p30__seed20260726__hit_at_1,abt_buy,0.3,20260726,jina_finetuned,roberta_finetuned,hit_at_1,within_standalone,0.6168831168831169,0.6233766233766234,-0.006493506493506494,-0.06493506493506493,0.05194805194805195,-0.01753002367736067,0.4967532467532467,0.9106,154,1.0,False
public__abt_buy__p30__seed20260726__reciprocal_rank,abt_buy,0.3,20260726,official_ditto_plain,official_ditto_mixda,reciprocal_rank,within_standalone,0.6089649455901613,0.7226820217775889,-0.11371707618742743,-0.17281741889832275,-0.05761598358077396,-0.3117312042708341,0.4318181818181818,0.0,154,0.0,True
public__abt_buy__p30__seed20260726__hit_at_1,abt_buy,0.3,20260726,official_ditto_plain,official_ditto_mixda,hit_at_1,within_standalone,0.5584415584415584,0.6818181818181818,-0.12337662337662338,-0.18181818181818182,-0.06493506493506493,-0.32061842120145384,0.4383116883116883,0.0,154,0.0,True
public__abt_buy__p30__seed20260726__reciprocal_rank,abt_buy,0.3,20260726,hef_linear_bert,hef_linear_bge,reciprocal_rank,within_linear,0.5287255933014271,0.5734963772360123,-0.044770783934585126,-0.08943679761320433,-0.002338025353733631,-0.161887116879968,0.538961038961039,0.0372,154,0.22319999999999998,False
public__abt_buy__p30__seed20260726__hit_at_1,abt_buy,0.3,20260726,hef_linear_bert,hef_linear_bge,hit_at_1,within_linear,0.461038961038961,0.5194805194805194,-0.05844155844155844,-0.11038961038961038,-0.012987012987012988,-0.19000841280756975,0.4707792207792208,0.0194,154,0.1358,False
public__abt_buy__p30__seed20260726__reciprocal_rank,abt_buy,0.3,20260726,hef_gbdt_e5_roberta_oof,hef_gbdt_e5_jina_oof,reciprocal_rank,within_gbdt,0.6521882215224996,0.6992990942511196,-0.04711087272862006,-0.09866700765553052,0.0038409515576601333,-0.14534601218983487,0.4642857142857143,0.0712,154,0.356,False
public__abt_buy__p30__seed20260726__hit_at_1,abt_buy,0.3,20260726,hef_gbdt_e5_roberta_oof,hef_gbdt_e5_jina_oof,hit_at_1,within_gbdt,0.5909090909090909,0.6558441558441559,-0.06493506493506493,-0.12337662337662338,-0.006493506493506494,-0.17382788680396702,0.4675324675324675,0.034,154,0.20400000000000001,False
public__abt_buy__p30__seed20260726__reciprocal_rank,abt_buy,0.3,20260726,joint_neural_hef_roberta,joint_neural_hef_jina,reciprocal_rank,within_joint,0.6406748263182998,0.7009575719462178,-0.060282745627918036,-0.11594284720881531,-0.004762043871192399,-0.1715890764307081,0.4642857142857143,0.0302,154,0.2114,False
public__abt_buy__p30__seed20260726__hit_at_1,abt_buy,0.3,20260726,joint_neural_hef_roberta,joint_neural_hef_jina,hit_at_1,within_joint,0.6038961038961039,0.6493506493506493,-0.045454545454545456,-0.1038961038961039,0.012987012987012988,-0.12363136853046353,0.4772727272727273,0.1478,154,0.7389999999999999,False
public__abt_buy__p30__seed20260727__reciprocal_rank,abt_buy,0.3,20260727,jina_finetuned,hef_linear_bert,reciprocal_rank,cross_family,0.6870756184125594,0.5323002300525196,0.15477538836003987,0.09208845099032968,0.21943015829042165,0.3856502581453154,0.6266233766233766,0.0,154,0.0,True
public__abt_buy__p30__seed20260727__hit_at_1,abt_buy,0.3,20260727,jina_finetuned,hef_linear_bert,hit_at_1,cross_family,0.6298701298701299,0.44805194805194803,0.18181818181818182,0.1038961038961039,0.2597402597402597,0.3806394141919143,0.5909090909090909,0.0,154,0.0,True
public__abt_buy__p30__seed20260727__reciprocal_rank,abt_buy,0.3,20260727,jina_finetuned,hef_gbdt_e5_roberta_oof,reciprocal_rank,cross_family,0.6870756184125594,0.6861085754697346,0.0009670429428248826,-0.04289280526772474,0.0435157185644382,0.003506053627471669,0.5064935064935064,0.9622,154,1.0,False
public__abt_buy__p30__seed20260727__hit_at_1,abt_buy,0.3,20260727,jina_finetuned,hef_gbdt_e5_roberta_oof,hit_at_1,cross_family,0.6298701298701299,0.6038961038961039,0.025974025974025976,-0.032467532467532464,0.08441558441558442,0.07202793530836397,0.512987012987013,0.4178,154,1.0,False
public__abt_buy__p30__seed20260727__reciprocal_rank,abt_buy,0.3,20260727,jina_finetuned,joint_neural_hef_roberta,reciprocal_rank,cross_family,0.6870756184125594,0.6682318436922094,0.018843774720349937,-0.0493300985451002,0.0869163910261912,0.04356210716171568,0.4967532467532467,0.566,154,1.0,False
public__abt_buy__p30__seed20260727__hit_at_1,abt_buy,0.3,20260727,jina_finetuned,joint_neural_hef_roberta,hit_at_1,cross_family,0.6298701298701299,0.6298701298701299,0.0,-0.07142857142857142,0.07142857142857142,0.0,0.5,1.0,154,1.0,False
public__abt_buy__p30__seed20260727__reciprocal_rank,abt_buy,0.3,20260727,hef_linear_bert,hef_gbdt_e5_roberta_oof,reciprocal_rank,cross_family,0.5323002300525196,0.6861085754697346,-0.15380834541721497,-0.20987878879812522,-0.09978361489873332,-0.4399367102597621,0.3474025974025974,0.0,154,0.0,True
public__abt_buy__p30__seed20260727__hit_at_1,abt_buy,0.3,20260727,hef_linear_bert,hef_gbdt_e5_roberta_oof,hit_at_1,cross_family,0.44805194805194803,0.6038961038961039,-0.15584415584415584,-0.22727272727272727,-0.08441558441558442,-0.33939528380255896,0.4220779220779221,0.0,154,0.0,True
public__abt_buy__p30__seed20260727__reciprocal_rank,abt_buy,0.3,20260727,hef_linear_bert,joint_neural_hef_roberta,reciprocal_rank,cross_family,0.5323002300525196,0.6682318436922094,-0.1359316136396899,-0.21678963020265413,-0.056834237928993635,-0.268189709624338,0.38311688311688313,0.001,154,0.006,True
public__abt_buy__p30__seed20260727__hit_at_1,abt_buy,0.3,20260727,hef_linear_bert,joint_neural_hef_roberta,hit_at_1,cross_family,0.44805194805194803,0.6298701298701299,-0.18181818181818182,-0.2727272727272727,-0.09090909090909091,-0.3215794074707305,0.40909090909090906,0.0002,154,0.0016,True
public__abt_buy__p30__seed20260727__reciprocal_rank,abt_buy,0.3,20260727,hef_gbdt_e5_roberta_oof,joint_neural_hef_roberta,reciprocal_rank,cross_family,0.6861085754697346,0.6682318436922094,0.017876731777525048,-0.04410133939591772,0.08063729692349879,0.044591029473573136,0.49350649350649345,0.564,154,1.0,False
public__abt_buy__p30__seed20260727__hit_at_1,abt_buy,0.3,20260727,hef_gbdt_e5_roberta_oof,joint_neural_hef_roberta,hit_at_1,cross_family,0.6038961038961039,0.6298701298701299,-0.025974025974025976,-0.09740259740259741,0.045454545454545456,-0.05688741076265011,0.487012987012987,0.5314,154,1.0,False
public__abt_buy__p30__seed20260727__reciprocal_rank,abt_buy,0.3,20260727,jina_finetuned,roberta_finetuned,reciprocal_rank,within_standalone,0.6870756184125594,0.7283962047748734,-0.041320586362313935,-0.0996252213455343,0.014939274662074472,-0.11339114199992316,0.4675324675324675,0.1492,154,0.746,False
public__abt_buy__p30__seed20260727__hit_at_1,abt_buy,0.3,20260727,jina_finetuned,roberta_finetuned,hit_at_1,within_standalone,0.6298701298701299,0.6753246753246753,-0.045454545454545456,-0.11038961038961038,0.01948051948051948,-0.10498317316340337,0.4772727272727273,0.2258,154,0.9032,False
public__abt_buy__p30__seed20260727__reciprocal_rank,abt_buy,0.3,20260727,official_ditto_plain,official_ditto_mixda,reciprocal_rank,within_standalone,0.5701802895274994,0.7754794923868996,-0.20529920285940031,-0.272447054270884,-0.1390717780492328,-0.4827786218495434,0.3636363636363636,0.0,154,0.0,True
public__abt_buy__p30__seed20260727__hit_at_1,abt_buy,0.3,20260727,official_ditto_plain,official_ditto_mixda,hit_at_1,within_standalone,0.5,0.7532467532467533,-0.2532467532467532,-0.33116883116883117,-0.18181818181818182,-0.5285565648700401,0.37337662337662336,0.0,154,0.0,True
public__abt_buy__p30__seed20260727__reciprocal_rank,abt_buy,0.3,20260727,hef_linear_bert,hef_linear_bge,reciprocal_rank,within_linear,0.5323002300525196,0.6263803584666017,-0.09408012841408206,-0.1482726332559966,-0.04267471335294052,-0.28008474425329305,0.4967532467532467,0.0,154,0.0,True
public__abt_buy__p30__seed20260727__hit_at_1,abt_buy,0.3,20260727,hef_linear_bert,hef_linear_bge,hit_at_1,within_linear,0.44805194805194803,0.577922077922078,-0.12987012987012986,-0.19480519480519481,-0.06493506493506493,-0.3068733152491267,0.4350649350649351,0.0002,154,0.0016,True
public__abt_buy__p30__seed20260727__reciprocal_rank,abt_buy,0.3,20260727,hef_gbdt_e5_roberta_oof,hef_gbdt_e5_jina_oof,reciprocal_rank,within_gbdt,0.6861085754697346,0.7103385934091107,-0.024230017939376035,-0.07182267563188942,0.02255728519241955,-0.08072550124729985,0.4902597402597403,0.298,154,1.0,False
public__abt_buy__p30__seed20260727__hit_at_1,abt_buy,0.3,20260727,hef_gbdt_e5_roberta_oof,hef_gbdt_e5_jina_oof,hit_at_1,within_gbdt,0.6038961038961039,0.6558441558441559,-0.05194805194805195,-0.11038961038961038,0.006493506493506494,-0.1383072143992436,0.474025974025974,0.101,154,0.505,False
public__abt_buy__p30__seed20260727__reciprocal_rank,abt_buy,0.3,20260727,joint_neural_hef_roberta,joint_neural_hef_jina,reciprocal_rank,within_joint,0.6682318436922094,0.7637647938711825,-0.095532950178973,-0.1531158362046636,-0.03995603392344629,-0.2646153603937831,0.4512987012987013,0.0004,154,0.0028,True
public__abt_buy__p30__seed20260727__hit_at_1,abt_buy,0.3,20260727,joint_neural_hef_roberta,joint_neural_hef_jina,hit_at_1,within_joint,0.6298701298701299,0.7272727272727273,-0.09740259740259741,-0.16233766233766234,-0.032467532467532464,-0.2295844544000828,0.4512987012987013,0.0044,154,0.0264,True
public__abt_buy__p50__seed20260725__reciprocal_rank,abt_buy,0.5,20260725,jina_finetuned,hef_linear_bert,reciprocal_rank,cross_family,0.4509841558774172,0.35872445947183806,0.0922596964055791,0.037054721054960264,0.14947100657935697,0.25520656871689135,0.5649350649350648,0.0002,154,0.0016,True
public__abt_buy__p50__seed20260725__hit_at_1,abt_buy,0.5,20260725,jina_finetuned,hef_linear_bert,hit_at_1,cross_family,0.38961038961038963,0.2987012987012987,0.09090909090909091,0.032467532467532464,0.14935064935064934,0.23587361793206893,0.5454545454545454,0.0028,154,0.0224,True
public__abt_buy__p50__seed20260725__reciprocal_rank,abt_buy,0.5,20260725,jina_finetuned,hef_gbdt_e5_roberta_oof,reciprocal_rank,cross_family,0.4509841558774172,0.4706519630559661,-0.019667807178548904,-0.07131369925801044,0.03096454901761259,-0.06103472891072126,0.45454545454545453,0.433,154,1.0,False
public__abt_buy__p50__seed20260725__hit_at_1,abt_buy,0.5,20260725,jina_finetuned,hef_gbdt_e5_roberta_oof,hit_at_1,cross_family,0.38961038961038963,0.38311688311688313,0.006493506493506494,-0.04561688311688297,0.06493506493506493,0.018429876279029648,0.5032467532467533,0.9078,154,0.9078,False
public__abt_buy__p50__seed20260725__reciprocal_rank,abt_buy,0.5,20260725,jina_finetuned,joint_neural_hef_roberta,reciprocal_rank,cross_family,0.4509841558774172,0.4758558169269148,-0.02487166104949765,-0.0870516729170997,0.038345779461408686,-0.06265567970345287,0.5454545454545454,0.4288,154,1.0,False
public__abt_buy__p50__seed20260725__hit_at_1,abt_buy,0.5,20260725,jina_finetuned,joint_neural_hef_roberta,hit_at_1,cross_family,0.38961038961038963,0.43506493506493504,-0.045454545454545456,-0.11038961038961038,0.01948051948051948,-0.1088467144563765,0.4772727272727273,0.198,154,0.5532,False
public__abt_buy__p50__seed20260725__reciprocal_rank,abt_buy,0.5,20260725,hef_linear_bert,hef_gbdt_e5_roberta_oof,reciprocal_rank,cross_family,0.35872445947183806,0.4706519630559661,-0.11192750358412801,-0.16716600048451608,-0.05864328561187391,-0.32721988214712316,0.3344155844155844,0.0,154,0.0,True
public__abt_buy__p50__seed20260725__hit_at_1,abt_buy,0.5,20260725,hef_linear_bert,hef_gbdt_e5_roberta_oof,hit_at_1,cross_family,0.2987012987012987,0.38311688311688313,-0.08441558441558442,-0.14935064935064934,-0.01948051948051948,-0.21357272975378783,0.4577922077922078,0.0098,154,0.0686,False
public__abt_buy__p50__seed20260725__reciprocal_rank,abt_buy,0.5,20260725,hef_linear_bert,joint_neural_hef_roberta,reciprocal_rank,cross_family,0.35872445947183806,0.4758558169269148,-0.11713135745507676,-0.18944087397615983,-0.0458866311257727,-0.25295334778932077,0.35064935064935066,0.0014,154,0.0098,True
public__abt_buy__p50__seed20260725__hit_at_1,abt_buy,0.5,20260725,hef_linear_bert,joint_neural_hef_roberta,hit_at_1,cross_family,0.2987012987012987,0.43506493506493504,-0.13636363636363635,-0.21428571428571427,-0.05844155844155844,-0.273133298369276,0.43181818181818177,0.0006,154,0.005999999999999999,True
public__abt_buy__p50__seed20260725__reciprocal_rank,abt_buy,0.5,20260725,hef_gbdt_e5_roberta_oof,joint_neural_hef_roberta,reciprocal_rank,cross_family,0.4706519630559661,0.4758558169269148,-0.0052038538709487485,-0.06235318967710954,0.051770491407479004,-0.014214730884243404,0.564935064935065,0.852,154,1.0,False
public__abt_buy__p50__seed20260725__hit_at_1,abt_buy,0.5,20260725,hef_gbdt_e5_roberta_oof,joint_neural_hef_roberta,hit_at_1,cross_family,0.38311688311688313,0.43506493506493504,-0.05194805194805195,-0.11038961038961038,0.006493506493506494,-0.1323129712180077,0.474025974025974,0.1224,154,0.5244,False
public__abt_buy__p50__seed20260725__reciprocal_rank,abt_buy,0.5,20260725,jina_finetuned,roberta_finetuned,reciprocal_rank,within_standalone,0.4509841558774172,0.5374879260068547,-0.08650377012943755,-0.14556682393785034,-0.0262423020274999,-0.22994263138372045,0.41233766233766234,0.004,154,0.024,True
public__abt_buy__p50__seed20260725__hit_at_1,abt_buy,0.5,20260725,jina_finetuned,roberta_finetuned,hit_at_1,within_standalone,0.38961038961038963,0.44805194805194803,-0.05844155844155844,-0.12337662337662338,0.006493506493506494,-0.14049391305707612,0.4707792207792208,0.0948,154,0.5244,False
public__abt_buy__p50__seed20260725__reciprocal_rank,abt_buy,0.5,20260725,official_ditto_plain,official_ditto_mixda,reciprocal_rank,within_standalone,0.4208505825634635,0.5545328128818783,-0.13368223031841472,-0.1965569707761873,-0.07172356287289125,-0.3387651018109608,0.37662337662337664,0.0,154,0.0,True
public__abt_buy__p50__seed20260725__hit_at_1,abt_buy,0.5,20260725,official_ditto_plain,official_ditto_mixda,hit_at_1,within_standalone,0.34415584415584416,0.474025974025974,-0.12987012987012986,-0.2012987012987013,-0.05844155844155844,-0.28666337161817784,0.4350649350649351,0.0004,154,0.0044,True
public__abt_buy__p50__seed20260725__reciprocal_rank,abt_buy,0.5,20260725,hef_linear_bert,hef_linear_bge,reciprocal_rank,within_linear,0.35872445947183806,0.39683938815882264,-0.03811492868698451,-0.09374510383215727,0.013254617588281248,-0.11237153649556425,0.5909090909090908,0.1572,154,0.786,False
public__abt_buy__p50__seed20260725__hit_at_1,abt_buy,0.5,20260725,hef_linear_bert,hef_linear_bge,hit_at_1,within_linear,0.2987012987012987,0.35064935064935066,-0.05194805194805195,-0.11038961038961038,0.006493506493506494,-0.14519767873472397,0.474025974025974,0.0874,154,0.5244,False
public__abt_buy__p50__seed20260725__reciprocal_rank,abt_buy,0.5,20260725,hef_gbdt_e5_roberta_oof,hef_gbdt_e5_jina_oof,reciprocal_rank,within_gbdt,0.4706519630559661,0.4940138818050155,-0.02336191874904933,-0.08129364017725826,0.03447014477300892,-0.06339569638515333,0.551948051948052,0.4138,154,1.0,False
public__abt_buy__p50__seed20260725__hit_at_1,abt_buy,0.5,20260725,hef_gbdt_e5_roberta_oof,hef_gbdt_e5_jina_oof,hit_at_1,within_gbdt,0.38311688311688313,0.42857142857142855,-0.045454545454545456,-0.11038961038961038,0.01948051948051948,-0.11317081935992017,0.4772727272727273,0.1844,154,0.5532,False
public__abt_buy__p50__seed20260725__reciprocal_rank,abt_buy,0.5,20260725,joint_neural_hef_roberta,joint_neural_hef_jina,reciprocal_rank,within_joint,0.4758558169269148,0.6060810713945156,-0.13022525446760075,-0.19739912303468773,-0.06800404231653559,-0.31550152213001625,0.4058441558441559,0.0,154,0.0,True
public__abt_buy__p50__seed20260725__hit_at_1,abt_buy,0.5,20260725,joint_neural_hef_roberta,joint_neural_hef_jina,hit_at_1,within_joint,0.43506493506493504,0.551948051948052,-0.11688311688311688,-0.18831168831168832,-0.045454545454545456,-0.2644175047767116,0.4415584415584416,0.0006,154,0.005999999999999999,True
public__abt_buy__p50__seed20260726__reciprocal_rank,abt_buy,0.5,20260726,jina_finetuned,hef_linear_bert,reciprocal_rank,cross_family,0.41195529420660343,0.3411087849569523,0.07084650924965112,0.01784800204060392,0.12494148096158986,0.2078446965377118,0.6071428571428571,0.0094,154,0.0658,False
public__abt_buy__p50__seed20260726__hit_at_1,abt_buy,0.5,20260726,jina_finetuned,hef_linear_bert,hit_at_1,cross_family,0.33766233766233766,0.2792207792207792,0.05844155844155844,0.0,0.11688311688311688,0.1597592007111639,0.5292207792207793,0.0608,154,0.3228,False
public__abt_buy__p50__seed20260726__reciprocal_rank,abt_buy,0.5,20260726,jina_finetuned,hef_gbdt_e5_roberta_oof,reciprocal_rank,cross_family,0.41195529420660343,0.41302404733456605,-0.0010687531279626537,-0.03773136234339432,0.0360655322610552,-0.004507749015732239,0.4902597402597403,0.9508,154,1.0,False
public__abt_buy__p50__seed20260726__hit_at_1,abt_buy,0.5,20260726,jina_finetuned,hef_gbdt_e5_roberta_oof,hit_at_1,cross_family,0.33766233766233766,0.33116883116883117,0.006493506493506494,-0.032467532467532464,0.05194805194805195,0.0242246145743079,0.5032467532467533,0.8736,154,1.0,False
public__abt_buy__p50__seed20260726__reciprocal_rank,abt_buy,0.5,20260726,jina_finetuned,joint_neural_hef_roberta,reciprocal_rank,cross_family,0.41195529420660343,0.4110633787920648,0.0008919154145385961,-0.05496386434198223,0.05587957274013024,0.0025158352956156874,0.5616883116883117,0.9698,154,1.0,False
public__abt_buy__p50__seed20260726__hit_at_1,abt_buy,0.5,20260726,jina_finetuned,joint_neural_hef_roberta,hit_at_1,cross_family,0.33766233766233766,0.35714285714285715,-0.01948051948051948,-0.07792207792207792,0.03896103896103896,-0.052655258625785455,0.4902597402597403,0.577,154,1.0,False
public__abt_buy__p50__seed20260726__reciprocal_rank,abt_buy,0.5,20260726,hef_linear_bert,hef_gbdt_e5_roberta_oof,reciprocal_rank,cross_family,0.3411087849569523,0.41302404733456605,-0.07191526237761377,-0.11624050707515043,-0.030782591417213116,-0.26574893174639536,0.35714285714285715,0.0004,154,0.0036000000000000003,True
public__abt_buy__p50__seed20260726__hit_at_1,abt_buy,0.5,20260726,hef_linear_bert,hef_gbdt_e5_roberta_oof,hit_at_1,cross_family,0.2792207792207792,0.33116883116883117,-0.05194805194805195,-0.1038961038961039,0.0,-0.1627682600923979,0.474025974025974,0.0538,154,0.3228,False
public__abt_buy__p50__seed20260726__reciprocal_rank,abt_buy,0.5,20260726,hef_linear_bert,joint_neural_hef_roberta,reciprocal_rank,cross_family,0.3411087849569523,0.4110633787920648,-0.06995459383511254,-0.13332052709767034,-0.008126465424848666,-0.1761499734848636,0.40259740259740256,0.0284,154,0.14200000000000002,False
public__abt_buy__p50__seed20260726__hit_at_1,abt_buy,0.5,20260726,hef_linear_bert,joint_neural_hef_roberta,hit_at_1,cross_family,0.2792207792207792,0.35714285714285715,-0.07792207792207792,-0.14935064935064934,-0.012987012987012988,-0.17878108231664439,0.4610389610389611,0.0322,154,0.2254,False
public__abt_buy__p50__seed20260726__reciprocal_rank,abt_buy,0.5,20260726,hef_gbdt_e5_roberta_oof,joint_neural_hef_roberta,reciprocal_rank,cross_family,0.41302404733456605,0.4110633787920648,0.0019606685425012467,-0.04696917952935685,0.049665685892778144,0.00639767299043219,0.5324675324675325,0.936,154,1.0,False
public__abt_buy__p50__seed20260726__hit_at_1,abt_buy,0.5,20260726,hef_gbdt_e5_roberta_oof,joint_neural_hef_roberta,hit_at_1,cross_family,0.33116883116883117,0.35714285714285715,-0.025974025974025976,-0.07792207792207792,0.025974025974025976,-0.07594614597576235,0.487012987012987,0.3842,154,1.0,False
public__abt_buy__p50__seed20260726__reciprocal_rank,abt_buy,0.5,20260726,jina_finetuned,roberta_finetuned,reciprocal_rank,within_standalone,0.41195529420660343,0.48491881950340543,-0.07296352529680201,-0.12722763553992877,-0.02190189916534279,-0.21755492347101443,0.44480519480519476,0.0058,154,0.0464,True
public__abt_buy__p50__seed20260726__hit_at_1,abt_buy,0.5,20260726,jina_finetuned,roberta_finetuned,hit_at_1,within_standalone,0.33766233766233766,0.38961038961038963,-0.05194805194805195,-0.11038961038961038,0.006493506493506494,-0.14519767873472397,0.474025974025974,0.0868,154,0.3472,False
public__abt_buy__p50__seed20260726__reciprocal_rank,abt_buy,0.5,20260726,official_ditto_plain,official_ditto_mixda,reciprocal_rank,within_standalone,0.3540073175320319,0.4755998745817385,-0.12159255704970666,-0.18048427813724363,-0.06500874643125598,-0.3315375958285039,0.4675324675324675,0.0,154,0.0,True
public__abt_buy__p50__seed20260726__hit_at_1,abt_buy,0.5,20260726,official_ditto_plain,official_ditto_mixda,hit_at_1,within_standalone,0.2792207792207792,0.4025974025974026,-0.12337662337662338,-0.18831168831168832,-0.05844155844155844,-0.30733969600858685,0.4383116883116883,0.0,154,0.0,True
public__abt_buy__p50__seed20260726__reciprocal_rank,abt_buy,0.5,20260726,hef_linear_bert,hef_linear_bge,reciprocal_rank,within_linear,0.3411087849569523,0.39307948454632746,-0.0519706995893752,-0.10741833416738382,0.0026366345612731704,-0.14944436893941895,0.577922077922078,0.062,154,0.248,False
public__abt_buy__p50__seed20260726__hit_at_1,abt_buy,0.5,20260726,hef_linear_bert,hef_linear_bge,hit_at_1,within_linear,0.2792207792207792,0.35714285714285715,-0.07792207792207792,-0.13636363636363635,-0.025974025974025976,-0.22074383098645045,0.461038961038961,0.007,154,0.0612,False
public__abt_buy__p50__seed20260726__reciprocal_rank,abt_buy,0.5,20260726,hef_gbdt_e5_roberta_oof,hef_gbdt_e5_jina_oof,reciprocal_rank,within_gbdt,0.41302404733456605,0.47946065677796906,-0.06643660944340313,-0.12015063122866532,-0.014831876987075438,-0.19718495860626617,0.5227272727272727,0.0098,154,0.0658,False
public__abt_buy__p50__seed20260726__hit_at_1,abt_buy,0.5,20260726,hef_gbdt_e5_roberta_oof,hef_gbdt_e5_jina_oof,hit_at_1,within_gbdt,0.33116883116883117,0.4090909090909091,-0.07792207792207792,-0.13636363636363635,-0.025974025974025976,-0.22074383098645045,0.461038961038961,0.0068,154,0.0612,False
public__abt_buy__p50__seed20260726__reciprocal_rank,abt_buy,0.5,20260726,joint_neural_hef_roberta,joint_neural_hef_jina,reciprocal_rank,within_joint,0.4110633787920648,0.5354703767282823,-0.1244069979362177,-0.18339803808815822,-0.06554651318424617,-0.3245432047467908,0.41883116883116883,0.0,154,0.0,True
public__abt_buy__p50__seed20260726__hit_at_1,abt_buy,0.5,20260726,joint_neural_hef_roberta,joint_neural_hef_jina,hit_at_1,within_joint,0.35714285714285715,0.487012987012987,-0.12987012987012986,-0.19480519480519481,-0.06493506493506493,-0.3187248516093212,0.4350649350649351,0.0,154,0.0,True
public__abt_buy__p50__seed20260727__reciprocal_rank,abt_buy,0.5,20260727,jina_finetuned,hef_linear_bert,reciprocal_rank,cross_family,0.42089984592929125,0.32131337179935804,0.09958647412993313,0.03726203950911512,0.16267552994092288,0.2485800733337985,0.564935064935065,0.001,154,0.008,True
public__abt_buy__p50__seed20260727__hit_at_1,abt_buy,0.5,20260727,jina_finetuned,hef_linear_bert,hit_at_1,cross_family,0.35064935064935066,0.24025974025974026,0.11038961038961038,0.045454545454545456,0.17532467532467533,0.2621814969234754,0.5551948051948052,0.001,154,0.007,True
public__abt_buy__p50__seed20260727__reciprocal_rank,abt_buy,0.5,20260727,jina_finetuned,hef_gbdt_e5_roberta_oof,reciprocal_rank,cross_family,0.42089984592929125,0.4493064129454122,-0.028406567016121022,-0.0799267426294604,0.024368540333907424,-0.0846335762494418,0.4902597402597403,0.286,154,1.0,False
public__abt_buy__p50__seed20260727__hit_at_1,abt_buy,0.5,20260727,jina_finetuned,hef_gbdt_e5_roberta_oof,hit_at_1,cross_family,0.35064935064935066,0.35064935064935066,0.0,-0.05844155844155844,0.06493506493506493,0.0,0.5,1.0,154,1.0,False
public__abt_buy__p50__seed20260727__reciprocal_rank,abt_buy,0.5,20260727,jina_finetuned,joint_neural_hef_roberta,reciprocal_rank,cross_family,0.42089984592929125,0.42016638100602033,0.0007334649232708627,-0.06439388184558635,0.06571642495088476,0.0017610432710269263,0.5454545454545454,0.9692,154,1.0,False
public__abt_buy__p50__seed20260727__hit_at_1,abt_buy,0.5,20260727,jina_finetuned,joint_neural_hef_roberta,hit_at_1,cross_family,0.35064935064935066,0.37012987012987014,-0.01948051948051948,-0.09090909090909091,0.05194805194805195,-0.04331867429670992,0.4902597402597403,0.6554,154,1.0,False
public__abt_buy__p50__seed20260727__reciprocal_rank,abt_buy,0.5,20260727,hef_linear_bert,hef_gbdt_e5_roberta_oof,reciprocal_rank,cross_family,0.32131337179935804,0.4493064129454122,-0.12799304114605414,-0.1813642184736361,-0.07778729255311462,-0.3889600553254617,0.36688311688311687,0.0,154,0.0,True
public__abt_buy__p50__seed20260727__hit_at_1,abt_buy,0.5,20260727,hef_linear_bert,hef_gbdt_e5_roberta_oof,hit_at_1,cross_family,0.24025974025974026,0.35064935064935066,-0.11038961038961038,-0.17532467532467533,-0.05194805194805195,-0.2839541952688442,0.4448051948051948,0.0006,154,0.005399999999999999,True
public__abt_buy__p50__seed20260727__reciprocal_rank,abt_buy,0.5,20260727,hef_linear_bert,joint_neural_hef_roberta,reciprocal_rank,cross_family,0.32131337179935804,0.42016638100602033,-0.09885300920666228,-0.17057117039344438,-0.027031544862537497,-0.21480437439958863,0.4025974025974026,0.0062,154,0.0372,True
public__abt_buy__p50__seed20260727__hit_at_1,abt_buy,0.5,20260727,hef_linear_bert,joint_neural_hef_roberta,hit_at_1,cross_family,0.24025974025974026,0.37012987012987014,-0.12987012987012986,-0.2077922077922078,-0.05194805194805195,-0.2626661502620893,0.43506493506493504,0.0006,154,0.005399999999999999,True
public__abt_buy__p50__seed20260727__reciprocal_rank,abt_buy,0.5,20260727,hef_gbdt_e5_roberta_oof,joint_neural_hef_roberta,reciprocal_rank,cross_family,0.4493064129454122,0.42016638100602033,0.029140031939391884,-0.033207487946911834,0.09373225795275864,0.07242162289290506,0.525974025974026,0.3582,154,1.0,False
public__abt_buy__p50__seed20260727__hit_at_1,abt_buy,0.5,20260727,hef_gbdt_e5_roberta_oof,joint_neural_hef_roberta,hit_at_1,cross_family,0.35064935064935066,0.37012987012987014,-0.01948051948051948,-0.09090909090909091,0.05194805194805195,-0.041983068596747664,0.4902597402597403,0.6522,154,1.0,False
public__abt_buy__p50__seed20260727__reciprocal_rank,abt_buy,0.5,20260727,jina_finetuned,roberta_finetuned,reciprocal_rank,within_standalone,0.42089984592929125,0.5144633882693136,-0.09356354234002238,-0.15228151918392235,-0.03504620425371317,-0.2515795925155182,0.41558441558441556,0.0024,154,0.0168,True
public__abt_buy__p50__seed20260727__hit_at_1,abt_buy,0.5,20260727,jina_finetuned,roberta_finetuned,hit_at_1,within_standalone,0.35064935064935066,0.43506493506493504,-0.08441558441558442,-0.14935064935064934,-0.01948051948051948,-0.19767239784093907,0.4577922077922078,0.0172,154,0.086,False
public__abt_buy__p50__seed20260727__reciprocal_rank,abt_buy,0.5,20260727,official_ditto_plain,official_ditto_mixda,reciprocal_rank,within_standalone,0.37153802569773037,0.5242879416268059,-0.1527499159290756,-0.21533923881233952,-0.09031722697020948,-0.38153528341146153,0.37987012987012986,0.0,154,0.0,True
public__abt_buy__p50__seed20260727__hit_at_1,abt_buy,0.5,20260727,official_ditto_plain,official_ditto_mixda,hit_at_1,within_standalone,0.2857142857142857,0.4675324675324675,-0.18181818181818182,-0.2532467532467532,-0.11038961038961038,-0.39203521813116254,0.4090909090909091,0.0,154,0.0,True
public__abt_buy__p50__seed20260727__reciprocal_rank,abt_buy,0.5,20260727,hef_linear_bert,hef_linear_bge,reciprocal_rank,within_linear,0.32131337179935804,0.3861357853293201,-0.06482241352996199,-0.12295037286396199,-0.009420716455412991,-0.17834413915818945,0.5844155844155844,0.0232,154,0.11599999999999999,False
public__abt_buy__p50__seed20260727__hit_at_1,abt_buy,0.5,20260727,hef_linear_bert,hef_linear_bge,hit_at_1,within_linear,0.24025974025974026,0.33766233766233766,-0.09740259740259741,-0.15584415584415584,-0.045454545454545456,-0.2725621335824146,0.4512987012987013,0.001,154,0.007,True
public__abt_buy__p50__seed20260727__reciprocal_rank,abt_buy,0.5,20260727,hef_gbdt_e5_roberta_oof,hef_gbdt_e5_jina_oof,reciprocal_rank,within_gbdt,0.4493064129454122,0.47339525399986965,-0.024088841054457424,-0.08209871273647619,0.034443438954997074,-0.0662779176568049,0.4675324675324675,0.408,154,1.0,False
public__abt_buy__p50__seed20260727__hit_at_1,abt_buy,0.5,20260727,hef_gbdt_e5_roberta_oof,hef_gbdt_e5_jina_oof,hit_at_1,within_gbdt,0.35064935064935066,0.4155844155844156,-0.06493506493506493,-0.12987012987012986,0.0,-0.16621702826976667,0.4675324675324675,0.0514,154,0.2056,False
public__abt_buy__p50__seed20260727__reciprocal_rank,abt_buy,0.5,20260727,joint_neural_hef_roberta,joint_neural_hef_jina,reciprocal_rank,within_joint,0.42016638100602033,0.5647143988589546,-0.1445480178529342,-0.20613509096392169,-0.08466502701650071,-0.36901059175084855,0.42207792207792205,0.0,154,0.0,True
public__abt_buy__p50__seed20260727__hit_at_1,abt_buy,0.5,20260727,joint_neural_hef_roberta,joint_neural_hef_jina,hit_at_1,within_joint,0.37012987012987014,0.5064935064935064,-0.13636363636363635,-0.2077922077922078,-0.07142857142857142,-0.3179876880876009,0.4318181818181818,0.0,154,0.0,True
public__abt_buy__p70__seed20260725__reciprocal_rank,abt_buy,0.7,20260725,jina_finetuned,hef_linear_bert,reciprocal_rank,cross_family,0.2984445291741252,0.20572765328807283,0.09271687588605233,0.036585690053006784,0.15091776993358885,0.2567214052227436,0.5844155844155844,0.0004,154,0.0024000000000000002,True
public__abt_buy__p70__seed20260725__hit_at_1,abt_buy,0.7,20260725,jina_finetuned,hef_linear_bert,hit_at_1,cross_family,0.18831168831168832,0.14285714285714285,0.045454545454545456,-0.006493506493506494,0.1038961038961039,0.13008087933747353,0.5227272727272727,0.1296,154,0.6479999999999999,False
public__abt_buy__p70__seed20260725__reciprocal_rank,abt_buy,0.7,20260725,jina_finetuned,hef_gbdt_e5_roberta_oof,reciprocal_rank,cross_family,0.2984445291741252,0.3233297473985575,-0.024885218224432397,-0.07362009333033369,0.025084819535469857,-0.08075338772642418,0.474025974025974,0.3196,154,0.4356,False
public__abt_buy__p70__seed20260725__hit_at_1,abt_buy,0.7,20260725,jina_finetuned,hef_gbdt_e5_roberta_oof,hit_at_1,cross_family,0.18831168831168832,0.19480519480519481,-0.006493506493506494,-0.05844155844155844,0.045454545454545456,-0.019484241043163143,0.4967532467532468,0.8912,154,1.0,False
public__abt_buy__p70__seed20260725__reciprocal_rank,abt_buy,0.7,20260725,jina_finetuned,joint_neural_hef_roberta,reciprocal_rank,cross_family,0.2984445291741252,0.26169273767605167,0.0367517914980735,-0.02397823382209522,0.09524413084697847,0.09791800478636167,0.6363636363636364,0.2178,154,0.4356,False
public__abt_buy__p70__seed20260725__hit_at_1,abt_buy,0.7,20260725,jina_finetuned,joint_neural_hef_roberta,hit_at_1,cross_family,0.18831168831168832,0.2077922077922078,-0.01948051948051948,-0.07792207792207792,0.03896103896103896,-0.052655258625785455,0.4902597402597403,0.5782,154,1.0,False
public__abt_buy__p70__seed20260725__reciprocal_rank,abt_buy,0.7,20260725,hef_linear_bert,hef_gbdt_e5_roberta_oof,reciprocal_rank,cross_family,0.20572765328807283,0.3233297473985575,-0.11760209411048474,-0.1610474456863636,-0.07476942741020387,-0.43350320235909806,0.2727272727272727,0.0,154,0.0,True
public__abt_buy__p70__seed20260725__hit_at_1,abt_buy,0.7,20260725,hef_linear_bert,hef_gbdt_e5_roberta_oof,hit_at_1,cross_family,0.14285714285714285,0.19480519480519481,-0.05194805194805195,-0.1038961038961039,-0.006493506493506494,-0.16276826009239792,0.474025974025974,0.049,154,0.29400000000000004,False
public__abt_buy__p70__seed20260725__reciprocal_rank,abt_buy,0.7,20260725,hef_linear_bert,joint_neural_hef_roberta,reciprocal_rank,cross_family,0.20572765328807283,0.26169273767605167,-0.055965084387978835,-0.11156700669392453,-0.0012626305460069704,-0.15856100301800155,0.33116883116883117,0.0434,154,0.1736,False
public__abt_buy__p70__seed20260725__hit_at_1,abt_buy,0.7,20260725,hef_linear_bert,joint_neural_hef_roberta,hit_at_1,cross_family,0.14285714285714285,0.2077922077922078,-0.06493506493506493,-0.12337662337662338,-0.006493506493506494,-0.17382788680396702,0.4675324675324675,0.0364,154,0.2548,False
public__abt_buy__p70__seed20260725__reciprocal_rank,abt_buy,0.7,20260725,hef_gbdt_e5_roberta_oof,joint_neural_hef_roberta,reciprocal_rank,cross_family,0.3233297473985575,0.26169273767605167,0.061637009722505895,0.014247500058160419,0.10714735858690709,0.20932532065023882,0.6623376623376623,0.0092,154,0.046,True
public__abt_buy__p70__seed20260725__hit_at_1,abt_buy,0.7,20260725,hef_gbdt_e5_roberta_oof,joint_neural_hef_roberta,hit_at_1,cross_family,0.19480519480519481,0.2077922077922078,-0.012987012987012988,-0.06493506493506493,0.03896103896103896,-0.04019275697210492,0.4935064935064935,0.7058,154,1.0,False
public__abt_buy__p70__seed20260725__reciprocal_rank,abt_buy,0.7,20260725,jina_finetuned,roberta_finetuned,reciprocal_rank,within_standalone,0.2984445291741252,0.48235597394937774,-0.18391144477525256,-0.24880635141473015,-0.12001616579595425,-0.45344124302278294,0.3116883116883117,0.0,154,0.0,True
public__abt_buy__p70__seed20260725__hit_at_1,abt_buy,0.7,20260725,jina_finetuned,roberta_finetuned,hit_at_1,within_standalone,0.18831168831168832,0.36363636363636365,-0.17532467532467533,-0.2532467532467532,-0.09740259740259741,-0.3601119476209855,0.41233766233766234,0.0,154,0.0,True
public__abt_buy__p70__seed20260725__reciprocal_rank,abt_buy,0.7,20260725,official_ditto_plain,official_ditto_mixda,reciprocal_rank,within_standalone,0.2714872690048626,0.4429054374790948,-0.17141816847423216,-0.23695822699428543,-0.1067510173657802,-0.41304111486353356,0.288961038961039,0.0,154,0.0,True
public__abt_buy__p70__seed20260725__hit_at_1,abt_buy,0.7,20260725,official_ditto_plain,official_ditto_mixda,hit_at_1,within_standalone,0.18181818181818182,0.35064935064935066,-0.16883116883116883,-0.24025974025974026,-0.09740259740259741,-0.37143550773064266,0.4155844155844156,0.0,154,0.0,True
public__abt_buy__p70__seed20260725__reciprocal_rank,abt_buy,0.7,20260725,hef_linear_bert,hef_linear_bge,reciprocal_rank,within_linear,0.20572765328807283,0.36019139162915126,-0.15446373834107843,-0.23014589421144943,-0.07714385067626833,-0.31411234883507233,0.5194805194805194,0.0,154,0.0,True
public__abt_buy__p70__seed20260725__hit_at_1,abt_buy,0.7,20260725,hef_linear_bert,hef_linear_bge,hit_at_1,within_linear,0.14285714285714285,0.3246753246753247,-0.18181818181818182,-0.2597402597402597,-0.11038961038961038,-0.3806394141919143,0.4090909090909091,0.0,154,0.0,True
public__abt_buy__p70__seed20260725__reciprocal_rank,abt_buy,0.7,20260725,hef_gbdt_e5_roberta_oof,hef_gbdt_e5_jina_oof,reciprocal_rank,within_gbdt,0.3233297473985575,0.27452471042656906,0.048805036971988534,-0.0018130044695246637,0.1008312957909922,0.1507001377595467,0.6525974025974026,0.0606,154,0.18180000000000002,False
public__abt_buy__p70__seed20260725__hit_at_1,abt_buy,0.7,20260725,hef_gbdt_e5_roberta_oof,hef_gbdt_e5_jina_oof,hit_at_1,within_gbdt,0.19480519480519481,0.19480519480519481,0.0,-0.05194805194805195,0.05194805194805195,0.0,0.5,1.0,154,1.0,False
public__abt_buy__p70__seed20260725__reciprocal_rank,abt_buy,0.7,20260725,joint_neural_hef_roberta,joint_neural_hef_jina,reciprocal_rank,within_joint,0.26169273767605167,0.5531912990923847,-0.29149856141633307,-0.3651155978446305,-0.21924343311043368,-0.6213075331753887,0.3474025974025974,0.0,154,0.0,True
public__abt_buy__p70__seed20260725__hit_at_1,abt_buy,0.7,20260725,joint_neural_hef_roberta,joint_neural_hef_jina,hit_at_1,within_joint,0.2077922077922078,0.4935064935064935,-0.2857142857142857,-0.36363636363636365,-0.2077922077922078,-0.5776649872665223,0.35714285714285715,0.0,154,0.0,True
public__abt_buy__p70__seed20260726__reciprocal_rank,abt_buy,0.7,20260726,jina_finetuned,hef_linear_bert,reciprocal_rank,cross_family,0.310757939898815,0.20615080876041397,0.10460713113840103,0.04320821912866611,0.1655754052849916,0.26986012469307524,0.5681818181818182,0.0008,154,0.004,True
public__abt_buy__p70__seed20260726__hit_at_1,abt_buy,0.7,20260726,jina_finetuned,hef_linear_bert,hit_at_1,cross_family,0.22727272727272727,0.14285714285714285,0.08441558441558442,0.025974025974025976,0.14935064935064934,0.2135727297537878,0.5422077922077922,0.01,154,0.08,False
public__abt_buy__p70__seed20260726__reciprocal_rank,abt_buy,0.7,20260726,jina_finetuned,hef_gbdt_e5_roberta_oof,reciprocal_rank,cross_family,0.310757939898815,0.3407351937244869,-0.029977253825671884,-0.08080114275189904,0.019802230835866935,-0.09396192197838084,0.40909090909090906,0.25,154,0.5,False
public__abt_buy__p70__seed20260726__hit_at_1,abt_buy,0.7,20260726,jina_finetuned,hef_gbdt_e5_roberta_oof,hit_at_1,cross_family,0.22727272727272727,0.17532467532467533,0.05194805194805195,-0.006493506493506494,0.11038961038961038,0.1383072143992436,0.525974025974026,0.0964,154,0.5784,False
public__abt_buy__p70__seed20260726__reciprocal_rank,abt_buy,0.7,20260726,jina_finetuned,joint_neural_hef_roberta,reciprocal_rank,cross_family,0.310757939898815,0.23181138690393316,0.07894655299488182,0.014460922198282362,0.14337579677034493,0.19278289089250522,0.6428571428571428,0.0152,154,0.0608,False
public__abt_buy__p70__seed20260726__hit_at_1,abt_buy,0.7,20260726,jina_finetuned,joint_neural_hef_roberta,hit_at_1,cross_family,0.22727272727272727,0.18181818181818182,0.045454545454545456,-0.01948051948051948,0.11038961038961038,0.10884671445637652,0.5227272727272727,0.2024,154,0.907,False
public__abt_buy__p70__seed20260726__reciprocal_rank,abt_buy,0.7,20260726,hef_linear_bert,hef_gbdt_e5_roberta_oof,reciprocal_rank,cross_family,0.20615080876041397,0.3407351937244869,-0.13458438496407293,-0.1813000212027966,-0.08793003228708958,-0.4476566593794782,0.2727272727272727,0.0,154,0.0,True
public__abt_buy__p70__seed20260726__hit_at_1,abt_buy,0.7,20260726,hef_linear_bert,hef_gbdt_e5_roberta_oof,hit_at_1,cross_family,0.14285714285714285,0.17532467532467533,-0.032467532467532464,-0.08441558441558442,0.01948051948051948,-0.09787101694295339,0.4837662337662338,0.2562,154,0.907,False
public__abt_buy__p70__seed20260726__reciprocal_rank,abt_buy,0.7,20260726,hef_linear_bert,joint_neural_hef_roberta,reciprocal_rank,cross_family,0.20615080876041397,0.23181138690393316,-0.025660578143519203,-0.07590680507128557,0.023054656359920583,-0.0824999409134321,0.37662337662337664,0.3048,154,0.5,False
public__abt_buy__p70__seed20260726__hit_at_1,abt_buy,0.7,20260726,hef_linear_bert,joint_neural_hef_roberta,hit_at_1,cross_family,0.14285714285714285,0.18181818181818182,-0.03896103896103896,-0.09090909090909091,0.012987012987012988,-0.11433483223378406,0.4805194805194805,0.1814,154,0.907,False
public__abt_buy__p70__seed20260726__reciprocal_rank,abt_buy,0.7,20260726,hef_gbdt_e5_roberta_oof,joint_neural_hef_roberta,reciprocal_rank,cross_family,0.3407351937244869,0.23181138690393316,0.10892380682055372,0.05786183262594883,0.15941725453848332,0.3374322570177454,0.7012987012987013,0.0,154,0.0,True
public__abt_buy__p70__seed20260726__hit_at_1,abt_buy,0.7,20260726,hef_gbdt_e5_roberta_oof,joint_neural_hef_roberta,hit_at_1,cross_family,0.17532467532467533,0.18181818181818182,-0.006493506493506494,-0.05844155844155844,0.045454545454545456,-0.019484241043163143,0.4967532467532468,0.894,154,0.907,False
public__abt_buy__p70__seed20260726__reciprocal_rank,abt_buy,0.7,20260726,jina_finetuned,roberta_finetuned,reciprocal_rank,within_standalone,0.310757939898815,0.4200557507518297,-0.10929781085301475,-0.1705289514587404,-0.04615281182854125,-0.27549365215767124,0.3571428571428571,0.0,154,0.0,True
public__abt_buy__p70__seed20260726__hit_at_1,abt_buy,0.7,20260726,jina_finetuned,roberta_finetuned,hit_at_1,within_standalone,0.22727272727272727,0.2987012987012987,-0.07142857142857142,-0.14285714285714285,0.0,-0.1510476388550916,0.4642857142857143,0.0682,154,0.4774,False
public__abt_buy__p70__seed20260726__reciprocal_rank,abt_buy,0.7,20260726,official_ditto_plain,official_ditto_mixda,reciprocal_rank,within_standalone,0.23511561835581332,0.3642175713431986,-0.1291019529873853,-0.19037379028095427,-0.06774034475077283,-0.327899678371896,0.37337662337662336,0.0,154,0.0,True
public__abt_buy__p70__seed20260726__hit_at_1,abt_buy,0.7,20260726,official_ditto_plain,official_ditto_mixda,hit_at_1,within_standalone,0.13636363636363635,0.2727272727272727,-0.13636363636363635,-0.2077922077922078,-0.06493506493506493,-0.30725493389951347,0.4318181818181818,0.0,154,0.0,True
public__abt_buy__p70__seed20260726__reciprocal_rank,abt_buy,0.7,20260726,hef_linear_bert,hef_linear_bge,reciprocal_rank,within_linear,0.20615080876041397,0.35445142855736544,-0.14830061979695155,-0.22624572358510725,-0.07185625406879183,-0.2999428457251737,0.5227272727272727,0.0,154,0.0,True
public__abt_buy__p70__seed20260726__hit_at_1,abt_buy,0.7,20260726,hef_linear_bert,hef_linear_bge,hit_at_1,within_linear,0.14285714285714285,0.3181818181818182,-0.17532467532467533,-0.2532467532467532,-0.09740259740259741,-0.3601119476209855,0.41233766233766234,0.0,154,0.0,True
public__abt_buy__p70__seed20260726__reciprocal_rank,abt_buy,0.7,20260726,hef_gbdt_e5_roberta_oof,hef_gbdt_e5_jina_oof,reciprocal_rank,within_gbdt,0.3407351937244869,0.29581916563881666,0.044916028085670225,-0.007598643488549392,0.0968247082243639,0.13551439825332984,0.6331168831168831,0.0852,154,0.2556,False
public__abt_buy__p70__seed20260726__hit_at_1,abt_buy,0.7,20260726,hef_gbdt_e5_roberta_oof,hef_gbdt_e5_jina_oof,hit_at_1,within_gbdt,0.17532467532467533,0.21428571428571427,-0.03896103896103896,-0.09090909090909091,0.012987012987012988,-0.11433483223378406,0.4805194805194805,0.187,154,0.907,False
public__abt_buy__p70__seed20260726__reciprocal_rank,abt_buy,0.7,20260726,joint_neural_hef_roberta,joint_neural_hef_jina,reciprocal_rank,within_joint,0.23181138690393316,0.5407754545902652,-0.3089640676863321,-0.3826295160438737,-0.2365486198048385,-0.6676443510277859,0.36038961038961037,0.0,154,0.0,True
public__abt_buy__p70__seed20260726__hit_at_1,abt_buy,0.7,20260726,joint_neural_hef_roberta,joint_neural_hef_jina,hit_at_1,within_joint,0.18181818181818182,0.4935064935064935,-0.3116883116883117,-0.38961038961038963,-0.24025974025974026,-0.6513143125810861,0.34415584415584416,0.0,154,0.0,True
public__abt_buy__p70__seed20260727__reciprocal_rank,abt_buy,0.7,20260727,jina_finetuned,hef_linear_bert,reciprocal_rank,cross_family,0.3118215507960611,0.23061037009142943,0.08121118070463162,0.025182593515263925,0.1388315534418848,0.22526185911130467,0.5454545454545454,0.0046,154,0.023,True
public__abt_buy__p70__seed20260727__hit_at_1,abt_buy,0.7,20260727,jina_finetuned,hef_linear_bert,hit_at_1,cross_family,0.2077922077922078,0.16233766233766234,0.045454545454545456,-0.006493506493506494,0.1038961038961039,0.13008087933747353,0.5227272727272727,0.1298,154,0.9086,False
public__abt_buy__p70__seed20260727__reciprocal_rank,abt_buy,0.7,20260727,jina_finetuned,hef_gbdt_e5_roberta_oof,reciprocal_rank,cross_family,0.3118215507960611,0.3315214651045702,-0.01969991430850915,-0.07368433586146976,0.03509810859137746,-0.05716352440785905,0.4545454545454546,0.4744,154,1.0,False
public__abt_buy__p70__seed20260727__hit_at_1,abt_buy,0.7,20260727,jina_finetuned,hef_gbdt_e5_roberta_oof,hit_at_1,cross_family,0.2077922077922078,0.18181818181818182,0.025974025974025976,-0.032467532467532464,0.08441558441558442,0.06865964653929928,0.512987012987013,0.4342,154,1.0,False
public__abt_buy__p70__seed20260727__reciprocal_rank,abt_buy,0.7,20260727,jina_finetuned,joint_neural_hef_roberta,reciprocal_rank,cross_family,0.3118215507960611,0.24524445809731266,0.0665770926987484,0.012685003329264774,0.12096887253877468,0.19418092507374624,0.6298701298701299,0.0162,154,0.0648,False
public__abt_buy__p70__seed20260727__hit_at_1,abt_buy,0.7,20260727,jina_finetuned,joint_neural_hef_roberta,hit_at_1,cross_family,0.2077922077922078,0.19480519480519481,0.012987012987012988,-0.03896103896103896,0.06493506493506493,0.037890672009063146,0.5064935064935064,0.7136,154,1.0,False
public__abt_buy__p70__seed20260727__reciprocal_rank,abt_buy,0.7,20260727,hef_linear_bert,hef_gbdt_e5_roberta_oof,reciprocal_rank,cross_family,0.23061037009142943,0.3315214651045702,-0.10091109501314077,-0.14586179382254602,-0.0564919973155586,-0.3557785226521487,0.3441558441558441,0.0,154,0.0,True
public__abt_buy__p70__seed20260727__hit_at_1,abt_buy,0.7,20260727,hef_linear_bert,hef_gbdt_e5_roberta_oof,hit_at_1,cross_family,0.16233766233766234,0.18181818181818182,-0.01948051948051948,-0.07142857142857142,0.032467532467532464,-0.06233734485772285,0.4902597402597403,0.519,154,1.0,False
public__abt_buy__p70__seed20260727__reciprocal_rank,abt_buy,0.7,20260727,hef_linear_bert,joint_neural_hef_roberta,reciprocal_rank,cross_family,0.23061037009142943,0.24524445809731266,-0.014634088005883228,-0.06977683611940876,0.041425665594462716,-0.04128400506645379,0.4155844155844156,0.6072,154,1.0,False
public__abt_buy__p70__seed20260727__hit_at_1,abt_buy,0.7,20260727,hef_linear_bert,joint_neural_hef_roberta,hit_at_1,cross_family,0.16233766233766234,0.19480519480519481,-0.032467532467532464,-0.09090909090909091,0.025974025974025976,-0.08797727393179818,0.4837662337662338,0.3152,154,1.0,False
public__abt_buy__p70__seed20260727__reciprocal_rank,abt_buy,0.7,20260727,hef_gbdt_e5_roberta_oof,joint_neural_hef_roberta,reciprocal_rank,cross_family,0.3315214651045702,0.24524445809731266,0.08627700700725754,0.031970711059150066,0.1395163202135271,0.25348684466826943,0.6915584415584416,0.0016,154,0.009600000000000001,True
public__abt_buy__p70__seed20260727__hit_at_1,abt_buy,0.7,20260727,hef_gbdt_e5_roberta_oof,joint_neural_hef_roberta,hit_at_1,cross_family,0.18181818181818182,0.19480519480519481,-0.012987012987012988,-0.06493506493506493,0.03896103896103896,-0.037890672009063146,0.4935064935064935,0.6994,154,1.0,False
public__abt_buy__p70__seed20260727__reciprocal_rank,abt_buy,0.7,20260727,jina_finetuned,roberta_finetuned,reciprocal_rank,within_standalone,0.3118215507960611,0.45557764296895703,-0.1437560921728959,-0.1997243373257918,-0.08834950036909824,-0.411851692124231,0.3116883116883117,0.0,154,0.0,True
public__abt_buy__p70__seed20260727__hit_at_1,abt_buy,0.7,20260727,jina_finetuned,roberta_finetuned,hit_at_1,within_standalone,0.2077922077922078,0.33116883116883117,-0.12337662337662338,-0.18831168831168832,-0.05844155844155844,-0.29558498910981756,0.4383116883116883,0.0,154,0.0,True
public__abt_buy__p70__seed20260727__reciprocal_rank,abt_buy,0.7,20260727,official_ditto_plain,official_ditto_mixda,reciprocal_rank,within_standalone,0.28985773389845043,0.5267091578606162,-0.23685142396216574,-0.30645599082587777,-0.1676611631406602,-0.5400840434153499,0.3474025974025974,0.0,154,0.0,True
public__abt_buy__p70__seed20260727__hit_at_1,abt_buy,0.7,20260727,official_ditto_plain,official_ditto_mixda,hit_at_1,within_standalone,0.2012987012987013,0.4935064935064935,-0.2922077922077922,-0.37662337662337664,-0.2077922077922078,-0.558709952820796,0.35389610389610393,0.0,154,0.0,True
public__abt_buy__p70__seed20260727__reciprocal_rank,abt_buy,0.7,20260727,hef_linear_bert,hef_linear_bge,reciprocal_rank,within_linear,0.23061037009142943,0.4189954224577325,-0.18838505236630304,-0.2687268346930047,-0.10754554983008376,-0.36448096091165366,0.5876623376623376,0.0,154,0.0,True
public__abt_buy__p70__seed20260727__hit_at_1,abt_buy,0.7,20260727,hef_linear_bert,hef_linear_bge,hit_at_1,within_linear,0.16233766233766234,0.3961038961038961,-0.23376623376623376,-0.3116883116883117,-0.15584415584415584,-0.4716540788261317,0.38311688311688313,0.0,154,0.0,True
public__abt_buy__p70__seed20260727__reciprocal_rank,abt_buy,0.7,20260727,hef_gbdt_e5_roberta_oof,hef_gbdt_e5_jina_oof,reciprocal_rank,within_gbdt,0.3315214651045702,0.30872982909125674,0.022791636013313497,-0.03931683508663632,0.08347591295700872,0.0580926147668019,0.5681818181818181,0.4676,154,1.0,False
public__abt_buy__p70__seed20260727__hit_at_1,abt_buy,0.7,20260727,hef_gbdt_e5_roberta_oof,hef_gbdt_e5_jina_oof,hit_at_1,within_gbdt,0.18181818181818182,0.22727272727272727,-0.045454545454545456,-0.11038961038961038,0.012987012987012988,-0.11317081935992016,0.4772727272727273,0.1918,154,1.0,False
public__abt_buy__p70__seed20260727__reciprocal_rank,abt_buy,0.7,20260727,joint_neural_hef_roberta,joint_neural_hef_jina,reciprocal_rank,within_joint,0.24524445809731266,0.5430320836803315,-0.29778762558301874,-0.3652005912524308,-0.23141444308038805,-0.7012806608884397,0.3181818181818182,0.0,154,0.0,True
public__abt_buy__p70__seed20260727__hit_at_1,abt_buy,0.7,20260727,joint_neural_hef_roberta,joint_neural_hef_jina,hit_at_1,within_joint,0.19480519480519481,0.4675324675324675,-0.2727272727272727,-0.34415584415584416,-0.2012987012987013,-0.5913289128644365,0.36363636363636365,0.0,154,0.0,True
public__amazon_google__p00__seed20260725__reciprocal_rank,amazon_google,0.0,20260725,jina_finetuned,hef_linear_bert,reciprocal_rank,cross_family,0.9255623721881391,0.902893011328594,0.02266936085954491,-0.012526130424903432,0.05884549371895997,0.09630638614932335,0.5184049079754601,0.2162,163,1.0,False
public__amazon_google__p00__seed20260725__hit_at_1,amazon_google,0.0,20260725,jina_finetuned,hef_linear_bert,hit_at_1,cross_family,0.8711656441717791,0.8404907975460123,0.03067484662576687,-0.03067484662576687,0.09202453987730061,0.07535204664724451,0.5153374233128835,0.3808,163,1.0,False
public__amazon_google__p00__seed20260725__reciprocal_rank,amazon_google,0.0,20260725,jina_finetuned,hef_gbdt_e5_roberta_oof,reciprocal_rank,cross_family,0.9255623721881391,0.9283571915473756,-0.002794819359236538,-0.03394683026584867,0.02917603953646897,-0.013577003088219866,0.5,0.8506,163,1.0,False
public__amazon_google__p00__seed20260725__hit_at_1,amazon_google,0.0,20260725,jina_finetuned,hef_gbdt_e5_roberta_oof,hit_at_1,cross_family,0.8711656441717791,0.8834355828220859,-0.012269938650306749,-0.06748466257668712,0.04294478527607362,-0.0349423011713376,0.49386503067484666,0.727,163,1.0,False
public__amazon_google__p00__seed20260725__reciprocal_rank,amazon_google,0.0,20260725,jina_finetuned,joint_neural_hef_roberta,reciprocal_rank,cross_family,0.9255623721881391,0.9437627811860939,-0.01820040899795501,-0.05214723926380368,0.015337423312883436,-0.08260814843424517,0.4785276073619632,0.2878,163,1.0,False
public__amazon_google__p00__seed20260725__hit_at_1,amazon_google,0.0,20260725,jina_finetuned,joint_neural_hef_roberta,hit_at_1,cross_family,0.8711656441717791,0.901840490797546,-0.03067484662576687,-0.08588957055214724,0.024539877300613498,-0.08551100725774437,0.48466257668711654,0.3248,163,1.0,False
public__amazon_google__p00__seed20260725__reciprocal_rank,amazon_google,0.0,20260725,hef_linear_bert,hef_gbdt_e5_roberta_oof,reciprocal_rank,cross_family,0.902893011328594,0.9283571915473756,-0.025464180218781447,-0.058762760898497086,0.00752105852565975,-0.11831168788634223,0.4815950920245399,0.1268,163,1.0,False
public__amazon_google__p00__seed20260725__hit_at_1,amazon_google,0.0,20260725,hef_linear_bert,hef_gbdt_e5_roberta_oof,hit_at_1,cross_family,0.8404907975460123,0.8834355828220859,-0.04294478527607362,-0.09815950920245399,0.012269938650306749,-0.12014043662262663,0.4785276073619632,0.1462,163,1.0,False
public__amazon_google__p00__seed20260725__reciprocal_rank,amazon_google,0.0,20260725,hef_linear_bert,joint_neural_hef_roberta,reciprocal_rank,cross_family,0.902893011328594,0.9437627811860939,-0.04086976985749992,-0.0801277307105528,-0.002043529068068969,-0.1599351276998831,0.46319018404907975,0.039,163,0.429,False
public__amazon_google__p00__seed20260725__hit_at_1,amazon_google,0.0,20260725,hef_linear_bert,joint_neural_hef_roberta,hit_at_1,cross_family,0.8404907975460123,0.901840490797546,-0.06134969325153374,-0.12269938650306748,0.0,-0.15497743257616145,0.46932515337423314,0.0524,163,0.5764,False
public__amazon_google__p00__seed20260725__reciprocal_rank,amazon_google,0.0,20260725,hef_gbdt_e5_roberta_oof,joint_neural_hef_roberta,reciprocal_rank,cross_family,0.9283571915473756,0.9437627811860939,-0.015405589638718473,-0.047000681663258354,0.015235173824130883,-0.07647939272235961,0.48466257668711654,0.3284,163,1.0,False
public__amazon_google__p00__seed20260725__hit_at_1,amazon_google,0.0,20260725,hef_gbdt_e5_roberta_oof,joint_neural_hef_roberta,hit_at_1,cross_family,0.8834355828220859,0.901840490797546,-0.018404907975460124,-0.06748466257668712,0.03067484662576687,-0.05690797377051235,0.49079754601227,0.5332,163,1.0,False
public__amazon_google__p00__seed20260725__reciprocal_rank,amazon_google,0.0,20260725,jina_finetuned,roberta_finetuned,reciprocal_rank,within_standalone,0.9255623721881391,0.9172947706690039,0.008267601519135262,-0.018376424189307624,0.036415790242477354,0.046940614473261304,0.5061349693251533,0.5496,163,1.0,False
public__amazon_google__p00__seed20260725__hit_at_1,amazon_google,0.0,20260725,jina_finetuned,roberta_finetuned,hit_at_1,within_standalone,0.8711656441717791,0.8588957055214724,0.012269938650306749,-0.03067484662576687,0.05521472392638037,0.04177503677329009,0.5061349693251534,0.6736,163,1.0,False
public__amazon_google__p00__seed20260725__reciprocal_rank,amazon_google,0.0,20260725,official_ditto_plain,official_ditto_mixda,reciprocal_rank,within_standalone,0.9470935097899036,0.9433882309198081,0.0037052788700956576,-0.021338125632604163,0.027742728288064997,0.023095252836442294,0.5061349693251533,0.7584,163,1.0,False
public__amazon_google__p00__seed20260725__hit_at_1,amazon_google,0.0,20260725,official_ditto_plain,official_ditto_mixda,hit_at_1,within_standalone,0.9079754601226994,0.901840490797546,0.006134969325153374,-0.04294478527607362,0.05521472392638037,0.020165690818834785,0.5030674846625767,0.8826,163,1.0,False
public__amazon_google__p00__seed20260725__reciprocal_rank,amazon_google,0.0,20260725,hef_linear_bert,hef_linear_bge,reciprocal_rank,within_linear,0.902893011328594,0.9154907975460123,-0.01259778621741812,-0.031061325348135164,0.004726198591229267,-0.10748475549571253,0.47852760736196315,0.1674,163,1.0,False
public__amazon_google__p00__seed20260725__hit_at_1,amazon_google,0.0,20260725,hef_linear_bert,hef_linear_bge,hit_at_1,within_linear,0.8404907975460123,0.8588957055214724,-0.018404907975460124,-0.049079754601226995,0.012269938650306749,-0.08889180939462417,0.49079754601226994,0.327,163,1.0,False
public__amazon_google__p00__seed20260725__reciprocal_rank,amazon_google,0.0,20260725,hef_gbdt_e5_roberta_oof,hef_gbdt_e5_jina_oof,reciprocal_rank,within_gbdt,0.9283571915473756,0.9228016359918202,0.005555555555555557,-0.022017723244717107,0.03282464212678933,0.030594728982255428,0.5061349693251533,0.6944,163,1.0,False
public__amazon_google__p00__seed20260725__hit_at_1,amazon_google,0.0,20260725,hef_gbdt_e5_roberta_oof,hef_gbdt_e5_jina_oof,hit_at_1,within_gbdt,0.8834355828220859,0.8650306748466258,0.018404907975460124,-0.024539877300613498,0.06748466257668712,0.06059632940996721,0.50920245398773,0.5004,163,1.0,False
public__amazon_google__p00__seed20260725__reciprocal_rank,amazon_google,0.0,20260725,joint_neural_hef_roberta,joint_neural_hef_jina,reciprocal_rank,within_joint,0.9437627811860939,0.9667689161554193,-0.023006134969325152,-0.04754601226993865,-1.362236840030867e-18,-0.1492112649340454,0.4723926380368098,0.0502,163,0.502,False
public__amazon_google__p00__seed20260725__hit_at_1,amazon_google,0.0,20260725,joint_neural_hef_roberta,joint_neural_hef_jina,hit_at_1,within_joint,0.901840490797546,0.9386503067484663,-0.03680981595092025,-0.07975460122699386,0.006134969325153374,-0.13650996053458286,0.4815950920245399,0.1072,163,1.0,False
public__amazon_google__p10__seed20260725__reciprocal_rank,amazon_google,0.1,20260725,jina_finetuned,hef_linear_bert,reciprocal_rank,cross_family,0.8375131221667418,0.7853847231698354,0.05212839899690643,0.013987949599900415,0.09361830712811857,0.20087602741154406,0.5398773006134969,0.0086,163,0.086,False
public__amazon_google__p10__seed20260725__hit_at_1,amazon_google,0.1,20260725,jina_finetuned,hef_linear_bert,hit_at_1,cross_family,0.7791411042944786,0.7239263803680982,0.05521472392638037,-0.006134969325153374,0.1165644171779141,0.14197183126407278,0.5276073619631901,0.0862,163,0.7758,False
public__amazon_google__p10__seed20260725__reciprocal_rank,amazon_google,0.1,20260725,jina_finetuned,hef_gbdt_e5_roberta_oof,reciprocal_rank,cross_family,0.8375131221667418,0.832248346454077,0.005264775712664855,-0.02627100925440927,0.03742391304239343,0.025085270427428755,0.5276073619631901,0.738,163,1.0,False
public__amazon_google__p10__seed20260725__hit_at_1,amazon_google,0.1,20260725,jina_finetuned,hef_gbdt_e5_roberta_oof,hit_at_1,cross_family,0.7791411042944786,0.7852760736196319,-0.006134969325153374,-0.06134969325153374,0.04294478527607362,-0.017916914823185415,0.49693251533742333,0.8926,163,1.0,False
public__amazon_google__p10__seed20260725__reciprocal_rank,amazon_google,0.1,20260725,jina_finetuned,joint_neural_hef_roberta,reciprocal_rank,cross_family,0.8375131221667418,0.817315259369371,0.020197862797370653,-0.018289272630915475,0.06109412836435876,0.0777498184643731,0.5153374233128835,0.3236,163,1.0,False
public__amazon_google__p10__seed20260725__hit_at_1,amazon_google,0.1,20260725,jina_finetuned,joint_neural_hef_roberta,hit_at_1,cross_family,0.7791411042944786,0.7668711656441718,0.012269938650306749,-0.04294478527607362,0.0736196319018405,0.031894545897520714,0.5061349693251533,0.7586,163,1.0,False
public__amazon_google__p10__seed20260725__reciprocal_rank,amazon_google,0.1,20260725,hef_linear_bert,hef_gbdt_e5_roberta_oof,reciprocal_rank,cross_family,0.7853847231698354,0.832248346454077,-0.046863623284241575,-0.08803403997685265,-0.007878132698976071,-0.17769845866813547,0.4662576687116564,0.0144,163,0.1296,False
public__amazon_google__p10__seed20260725__hit_at_1,amazon_google,0.1,20260725,hef_linear_bert,hef_gbdt_e5_roberta_oof,hit_at_1,cross_family,0.7239263803680982,0.7852760736196319,-0.06134969325153374,-0.12269938650306748,0.0,-0.1492112649340454,0.46932515337423314,0.0688,163,0.688,False
public__amazon_google__p10__seed20260725__reciprocal_rank,amazon_google,0.1,20260725,hef_linear_bert,joint_neural_hef_roberta,reciprocal_rank,cross_family,0.7853847231698354,0.817315259369371,-0.03193053619953578,-0.07510189287101633,0.009687861521819002,-0.11484213650018818,0.4601226993865031,0.1336,163,0.9352,False
public__amazon_google__p10__seed20260725__hit_at_1,amazon_google,0.1,20260725,hef_linear_bert,joint_neural_hef_roberta,hit_at_1,cross_family,0.7239263803680982,0.7668711656441718,-0.04294478527607362,-0.11042944785276074,0.018404907975460124,-0.10203088092990319,0.4785276073619632,0.2238,163,1.0,False
public__amazon_google__p10__seed20260725__reciprocal_rank,amazon_google,0.1,20260725,hef_gbdt_e5_roberta_oof,joint_neural_hef_roberta,reciprocal_rank,cross_family,0.832248346454077,0.817315259369371,0.014933087084705797,-0.02004330097181381,0.050150961489434535,0.06550354606377932,0.5153374233128835,0.3972,163,1.0,False
public__amazon_google__p10__seed20260725__hit_at_1,amazon_google,0.1,20260725,hef_gbdt_e5_roberta_oof,joint_neural_hef_roberta,hit_at_1,cross_family,0.7852760736196319,0.7668711656441718,0.018404907975460124,-0.03067484662576687,0.06748466257668712,0.05690797377051236,0.5092024539877301,0.534,163,1.0,False
public__amazon_google__p10__seed20260725__reciprocal_rank,amazon_google,0.1,20260725,jina_finetuned,roberta_finetuned,reciprocal_rank,within_standalone,0.8375131221667418,0.8287818425333262,0.008731279633415722,-0.02161678888284836,0.03987495469886535,0.0432318568400286,0.5306748466257669,0.5722,163,1.0,False
public__amazon_google__p10__seed20260725__hit_at_1,amazon_google,0.1,20260725,jina_finetuned,roberta_finetuned,hit_at_1,within_standalone,0.7791411042944786,0.7791411042944786,0.0,-0.049079754601226995,0.049079754601226995,0.0,0.5,1.0,163,1.0,False
public__amazon_google__p10__seed20260725__reciprocal_rank,amazon_google,0.1,20260725,official_ditto_plain,official_ditto_mixda,reciprocal_rank,within_standalone,0.8215123714278919,0.8146517428957192,0.006860628532172724,-0.015439393275799677,0.029310087393585964,0.04654936504225002,0.48466257668711654,0.53,163,1.0,False
public__amazon_google__p10__seed20260725__hit_at_1,amazon_google,0.1,20260725,official_ditto_plain,official_ditto_mixda,hit_at_1,within_standalone,0.7791411042944786,0.754601226993865,0.024539877300613498,-0.018404907975460124,0.06748466257668712,0.09053631865310444,0.5122699386503068,0.3006,163,1.0,False
public__amazon_google__p10__seed20260725__reciprocal_rank,amazon_google,0.1,20260725,hef_linear_bert,hef_linear_bge,reciprocal_rank,within_linear,0.7853847231698354,0.8238770729117182,-0.0384923497418828,-0.06529778078432764,-0.014307770071859106,-0.22990570481535744,0.4570552147239264,0.0004,163,0.0044,True
public__amazon_google__p10__seed20260725__hit_at_1,amazon_google,0.1,20260725,hef_linear_bert,hef_linear_bge,hit_at_1,within_linear,0.7239263803680982,0.7791411042944786,-0.05521472392638037,-0.09815950920245399,-0.018404907975460124,-0.21684745742674297,0.4723926380368098,0.0034,163,0.037399999999999996,True
public__amazon_google__p10__seed20260725__reciprocal_rank,amazon_google,0.1,20260725,hef_gbdt_e5_roberta_oof,hef_gbdt_e5_jina_oof,reciprocal_rank,within_gbdt,0.832248346454077,0.8410936949894007,-0.00884534853532361,-0.04089195581401718,0.021802689649074856,-0.04315386921610402,0.4662576687116564,0.5736,163,1.0,False
public__amazon_google__p10__seed20260725__hit_at_1,amazon_google,0.1,20260725,hef_gbdt_e5_roberta_oof,hef_gbdt_e5_jina_oof,hit_at_1,within_gbdt,0.7852760736196319,0.7791411042944786,0.006134969325153374,-0.049079754601226995,0.06134969325153374,0.017916914823185415,0.5030674846625767,0.8934,163,1.0,False
public__amazon_google__p10__seed20260725__reciprocal_rank,amazon_google,0.1,20260725,joint_neural_hef_roberta,joint_neural_hef_jina,reciprocal_rank,within_joint,0.817315259369371,0.842661239796246,-0.02534598042687506,-0.048709865783526624,-0.0029236309365209888,-0.16859618725993814,0.4601226993865031,0.0252,163,0.2016,False
public__amazon_google__p10__seed20260725__hit_at_1,amazon_google,0.1,20260725,joint_neural_hef_roberta,joint_neural_hef_jina,hit_at_1,within_joint,0.7668711656441718,0.7975460122699386,-0.03067484662576687,-0.0736196319018405,0.006134969325153374,-0.11854754894704686,0.48466257668711654,0.1684,163,1.0,False
public__amazon_google__p10__seed20260726__reciprocal_rank,amazon_google,0.1,20260726,jina_finetuned,hef_linear_bert,reciprocal_rank,cross_family,0.7922827244898344,0.770984440407473,0.02129828408236141,-0.0170378020411364,0.05985178852589017,0.08648340682025961,0.5644171779141105,0.2666,163,1.0,False
public__amazon_google__p10__seed20260726__hit_at_1,amazon_google,0.1,20260726,jina_finetuned,hef_linear_bert,hit_at_1,cross_family,0.7055214723926381,0.7116564417177914,-0.006134969325153374,-0.06748466257668712,0.05521472392638037,-0.015618998843038032,0.49693251533742333,0.9184,163,1.0,False
public__amazon_google__p10__seed20260726__reciprocal_rank,amazon_google,0.1,20260726,jina_finetuned,hef_gbdt_e5_roberta_oof,reciprocal_rank,cross_family,0.7922827244898344,0.7948973652777789,-0.0026146407879444732,-0.03367138726024552,0.028581016867242605,-0.012835887849404797,0.50920245398773,0.8672,163,1.0,False
public__amazon_google__p10__seed20260726__hit_at_1,amazon_google,0.1,20260726,jina_finetuned,hef_gbdt_e5_roberta_oof,hit_at_1,cross_family,0.7055214723926381,0.7300613496932515,-0.024539877300613498,-0.07975460122699386,0.03067484662576687,-0.0700137393835334,0.48773006134969327,0.4272,163,1.0,False
public__amazon_google__p10__seed20260726__reciprocal_rank,amazon_google,0.1,20260726,jina_finetuned,joint_neural_hef_roberta,reciprocal_rank,cross_family,0.7922827244898344,0.8000953054621324,-0.007812580972298037,-0.0435272452429484,0.02881125841529699,-0.03331784085359412,0.5061349693251533,0.6498,163,1.0,False
public__amazon_google__p10__seed20260726__hit_at_1,amazon_google,0.1,20260726,jina_finetuned,joint_neural_hef_roberta,hit_at_1,cross_family,0.7055214723926381,0.7361963190184049,-0.03067484662576687,-0.09202453987730061,0.03067484662576687,-0.07832604499879574,0.48466257668711654,0.3514,163,1.0,False
public__amazon_google__p10__seed20260726__reciprocal_rank,amazon_google,0.1,20260726,hef_linear_bert,hef_gbdt_e5_roberta_oof,reciprocal_rank,cross_family,0.770984440407473,0.7948973652777789,-0.02391292487030589,-0.05748700629468302,0.009030696855004973,-0.11001978125445432,0.4478527607361963,0.1542,163,1.0,False
public__amazon_google__p10__seed20260726__hit_at_1,amazon_google,0.1,20260726,hef_linear_bert,hef_gbdt_e5_roberta_oof,hit_at_1,cross_family,0.7116564417177914,0.7300613496932515,-0.018404907975460124,-0.0736196319018405,0.03680981595092025,-0.0538203247504273,0.49079754601226994,0.5504,163,1.0,False
public__amazon_google__p10__seed20260726__reciprocal_rank,amazon_google,0.1,20260726,hef_linear_bert,joint_neural_hef_roberta,reciprocal_rank,cross_family,0.770984440407473,0.8000953054621324,-0.029110865054659454,-0.06958216905054053,0.009659110723722743,-0.11324603181782178,0.4662576687116564,0.1384,163,1.0,False
public__amazon_google__p10__seed20260726__hit_at_1,amazon_google,0.1,20260726,hef_linear_bert,joint_neural_hef_roberta,hit_at_1,cross_family,0.7116564417177914,0.7361963190184049,-0.024539877300613498,-0.07975460122699386,0.03067484662576687,-0.06388725408721445,0.4877300613496932,0.4668,163,1.0,False
public__amazon_google__p10__seed20260726__reciprocal_rank,amazon_google,0.1,20260726,hef_gbdt_e5_roberta_oof,joint_neural_hef_roberta,reciprocal_rank,cross_family,0.7948973652777789,0.8000953054621324,-0.005197940184353555,-0.035534512896819706,0.025157651201158877,-0.026223271610948905,0.47239263803680986,0.728,163,1.0,False
public__amazon_google__p10__seed20260726__hit_at_1,amazon_google,0.1,20260726,hef_gbdt_e5_roberta_oof,joint_neural_hef_roberta,hit_at_1,cross_family,0.7300613496932515,0.7361963190184049,-0.006134969325153374,-0.05521472392638037,0.04294478527607362,-0.01894191225707738,0.49693251533742333,0.8996,163,1.0,False
public__amazon_google__p10__seed20260726__reciprocal_rank,amazon_google,0.1,20260726,jina_finetuned,roberta_finetuned,reciprocal_rank,within_standalone,0.7922827244898344,0.7827463060842829,0.009536418405551592,-0.01827743390930645,0.03815131289229804,0.05314613648400699,0.5337423312883436,0.4816,163,1.0,False
public__amazon_google__p10__seed20260726__hit_at_1,amazon_google,0.1,20260726,jina_finetuned,roberta_finetuned,hit_at_1,within_standalone,0.7055214723926381,0.7116564417177914,-0.006134969325153374,-0.05521472392638037,0.04294478527607362,-0.02016569081883478,0.49693251533742333,0.8856,163,1.0,False
public__amazon_google__p10__seed20260726__reciprocal_rank,amazon_google,0.1,20260726,official_ditto_plain,official_ditto_mixda,reciprocal_rank,within_standalone,0.8023191285312763,0.8083965075584857,-0.006077379027209259,-0.03344895091543617,0.020610690507616606,-0.0347544785747612,0.4570552147239264,0.6448,163,1.0,False
public__amazon_google__p10__seed20260726__hit_at_1,amazon_google,0.1,20260726,official_ditto_plain,official_ditto_mixda,hit_at_1,within_standalone,0.754601226993865,0.7423312883435583,0.012269938650306749,-0.03067484662576687,0.06134969325153374,0.0417750367732901,0.5061349693251534,0.6814,163,1.0,False
public__amazon_google__p10__seed20260726__reciprocal_rank,amazon_google,0.1,20260726,hef_linear_bert,hef_linear_bge,reciprocal_rank,within_linear,0.770984440407473,0.7850202878591461,-0.014035847451673055,-0.041704611157559135,0.010453381547968453,-0.08161249156754574,0.4785276073619632,0.2902,163,1.0,False
public__amazon_google__p10__seed20260726__hit_at_1,amazon_google,0.1,20260726,hef_linear_bert,hef_linear_bge,hit_at_1,within_linear,0.7116564417177914,0.7300613496932515,-0.018404907975460124,-0.06134969325153374,0.024539877300613498,-0.0708088489665629,0.49079754601226994,0.4374,163,1.0,False
public__amazon_google__p10__seed20260726__reciprocal_rank,amazon_google,0.1,20260726,hef_gbdt_e5_roberta_oof,hef_gbdt_e5_jina_oof,reciprocal_rank,within_gbdt,0.7948973652777789,0.7857611839122153,0.009136181365563559,-0.01793841082816003,0.0363029811105956,0.05128470681786208,0.4815950920245399,0.5114,163,1.0,False
public__amazon_google__p10__seed20260726__hit_at_1,amazon_google,0.1,20260726,hef_gbdt_e5_roberta_oof,hef_gbdt_e5_jina_oof,hit_at_1,within_gbdt,0.7300613496932515,0.7055214723926381,0.024539877300613498,-0.018404907975460124,0.06748466257668712,0.08377100845908056,0.5122699386503068,0.342,163,1.0,False
public__amazon_google__p10__seed20260726__reciprocal_rank,amazon_google,0.1,20260726,joint_neural_hef_roberta,joint_neural_hef_jina,reciprocal_rank,within_joint,0.8000953054621324,0.8414191811062798,-0.0413238756441471,-0.07446012735372963,-0.011226696237961603,-0.2005559630072638,0.46319018404907975,0.0052,163,0.0572,False
public__amazon_google__p10__seed20260726__hit_at_1,amazon_google,0.1,20260726,joint_neural_hef_roberta,joint_neural_hef_jina,hit_at_1,within_joint,0.7361963190184049,0.7914110429447853,-0.05521472392638037,-0.10429447852760736,-0.006134969325153374,-0.17299361516105632,0.47239263803680986,0.0294,163,0.32339999999999997,False
public__amazon_google__p10__seed20260727__reciprocal_rank,amazon_google,0.1,20260727,jina_finetuned,hef_linear_bert,reciprocal_rank,cross_family,0.8801649611465563,0.8097038779299803,0.07046108321657588,0.025981114923991456,0.11681103984296369,0.2388519304459946,0.5613496932515337,0.0018,163,0.018,True
public__amazon_google__p10__seed20260727__hit_at_1,amazon_google,0.1,20260727,jina_finetuned,hef_linear_bert,hit_at_1,cross_family,0.8159509202453987,0.7484662576687117,0.06748466257668712,0.0,0.13496932515337423,0.15615103108092218,0.5337423312883436,0.0544,163,0.5439999999999999,False
public__amazon_google__p10__seed20260727__reciprocal_rank,amazon_google,0.1,20260727,jina_finetuned,hef_gbdt_e5_roberta_oof,reciprocal_rank,cross_family,0.8801649611465563,0.8504885548887621,0.029676406257794354,-0.004292359600852639,0.06566164104995947,0.12997464746056758,0.5429447852760736,0.0894,163,0.6257999999999999,False
public__amazon_google__p10__seed20260727__hit_at_1,amazon_google,0.1,20260727,jina_finetuned,hef_gbdt_e5_roberta_oof,hit_at_1,cross_family,0.8159509202453987,0.7975460122699386,0.018404907975460124,-0.03680981595092025,0.0736196319018405,0.05118623678858337,0.50920245398773,0.579,163,1.0,False
public__amazon_google__p10__seed20260727__reciprocal_rank,amazon_google,0.1,20260727,jina_finetuned,joint_neural_hef_roberta,reciprocal_rank,cross_family,0.8801649611465563,0.8907388270299081,-0.010573865883351918,-0.04690838799221211,0.02712145960158588,-0.04300626143067199,0.4785276073619632,0.577,163,1.0,False
public__amazon_google__p10__seed20260727__hit_at_1,amazon_google,0.1,20260727,jina_finetuned,joint_neural_hef_roberta,hit_at_1,cross_family,0.8159509202453987,0.852760736196319,-0.03680981595092025,-0.09202453987730061,0.018404907975460124,-0.09607780470718259,0.4815950920245399,0.243,163,1.0,False
public__amazon_google__p10__seed20260727__reciprocal_rank,amazon_google,0.1,20260727,hef_linear_bert,hef_gbdt_e5_roberta_oof,reciprocal_rank,cross_family,0.8097038779299803,0.8504885548887621,-0.04078467695878152,-0.08276813265929081,0.00020021247671979145,-0.1519895374051688,0.46932515337423314,0.0516,163,0.4128,False
public__amazon_google__p10__seed20260727__hit_at_1,amazon_google,0.1,20260727,hef_linear_bert,hef_gbdt_e5_roberta_oof,hit_at_1,cross_family,0.7484662576687117,0.7975460122699386,-0.049079754601226995,-0.11042944785276074,0.012269938650306749,-0.12344612722006525,0.47546012269938653,0.1312,163,1.0,False
public__amazon_google__p10__seed20260727__reciprocal_rank,amazon_google,0.1,20260727,hef_linear_bert,joint_neural_hef_roberta,reciprocal_rank,cross_family,0.8097038779299803,0.8907388270299081,-0.0810349490999278,-0.13041540958548903,-0.031788826209770873,-0.24562561683456305,0.44171779141104295,0.001,163,0.011,True
public__amazon_google__p10__seed20260727__hit_at_1,amazon_google,0.1,20260727,hef_linear_bert,joint_neural_hef_roberta,hit_at_1,cross_family,0.7484662576687117,0.852760736196319,-0.10429447852760736,-0.17177914110429449,-0.03680981595092025,-0.23028905551245066,0.44785276073619634,0.004,163,0.044,True
public__amazon_google__p10__seed20260727__reciprocal_rank,amazon_google,0.1,20260727,hef_gbdt_e5_roberta_oof,joint_neural_hef_roberta,reciprocal_rank,cross_family,0.8504885548887621,0.8907388270299081,-0.04025027214114628,-0.0784496985652617,-0.002223708479951285,-0.16208444352946869,0.44171779141104295,0.0374,163,0.3366,False
public__amazon_google__p10__seed20260727__hit_at_1,amazon_google,0.1,20260727,hef_gbdt_e5_roberta_oof,joint_neural_hef_roberta,hit_at_1,cross_family,0.7975460122699386,0.852760736196319,-0.05521472392638037,-0.11042944785276074,0.0,-0.14814655300789,0.47239263803680986,0.0692,163,0.6228,False
public__amazon_google__p10__seed20260727__reciprocal_rank,amazon_google,0.1,20260727,jina_finetuned,roberta_finetuned,reciprocal_rank,within_standalone,0.8801649611465563,0.8590095330832144,0.021155428063341843,-0.008653917252378532,0.05325457448534217,0.1045983255883769,0.5429447852760736,0.167,163,0.8350000000000001,False
public__amazon_google__p10__seed20260727__hit_at_1,amazon_google,0.1,20260727,jina_finetuned,roberta_finetuned,hit_at_1,within_standalone,0.8159509202453987,0.8098159509202454,0.006134969325153374,-0.04294478527607362,0.05521472392638037,0.020165690818834785,0.5030674846625767,0.8848,163,1.0,False
public__amazon_google__p10__seed20260727__reciprocal_rank,amazon_google,0.1,20260727,official_ditto_plain,official_ditto_mixda,reciprocal_rank,within_standalone,0.8750312876984983,0.8831289973701983,-0.008097709671700173,-0.03983739055544051,0.02240842034357911,-0.03963219438919483,0.49693251533742333,0.61,163,1.0,False
public__amazon_google__p10__seed20260727__hit_at_1,amazon_google,0.1,20260727,official_ditto_plain,official_ditto_mixda,hit_at_1,within_standalone,0.8282208588957055,0.8282208588957055,0.0,-0.049079754601226995,0.049079754601226995,0.0,0.5,1.0,163,1.0,False
public__amazon_google__p10__seed20260727__reciprocal_rank,amazon_google,0.1,20260727,hef_linear_bert,hef_linear_bge,reciprocal_rank,within_linear,0.8097038779299803,0.8139024676196891,-0.004198589689708891,-0.022543839348141505,0.01238995204301834,-0.036984778393281924,0.4723926380368098,0.5988,163,1.0,False
public__amazon_google__p10__seed20260727__hit_at_1,amazon_google,0.1,20260727,hef_linear_bert,hef_linear_bge,hit_at_1,within_linear,0.7484662576687117,0.754601226993865,-0.006134969325153374,-0.03067484662576687,0.012269938650306749,-0.04512880088608238,0.49693251533742333,0.7362,163,1.0,False
public__amazon_google__p10__seed20260727__reciprocal_rank,amazon_google,0.1,20260727,hef_gbdt_e5_roberta_oof,hef_gbdt_e5_jina_oof,reciprocal_rank,within_gbdt,0.8504885548887621,0.8741353840157334,-0.023646829126971566,-0.05730827484785044,0.006677759149484062,-0.11151939840813561,0.46319018404907975,0.1346,163,0.8076,False
public__amazon_google__p10__seed20260727__hit_at_1,amazon_google,0.1,20260727,hef_gbdt_e5_roberta_oof,hef_gbdt_e5_jina_oof,hit_at_1,within_gbdt,0.7975460122699386,0.8220858895705522,-0.024539877300613498,-0.0736196319018405,0.024539877300613498,-0.07382119184619029,0.4877300613496932,0.3874,163,1.0,False
public__amazon_google__p10__seed20260727__reciprocal_rank,amazon_google,0.1,20260727,joint_neural_hef_roberta,joint_neural_hef_jina,reciprocal_rank,within_joint,0.8907388270299081,0.9026148422794134,-0.011876015249505146,-0.04344707248573976,0.01858071829458059,-0.05873432832103207,0.4846625766871166,0.4312,163,1.0,False
public__amazon_google__p10__seed20260727__hit_at_1,amazon_google,0.1,20260727,joint_neural_hef_roberta,joint_neural_hef_jina,hit_at_1,within_joint,0.852760736196319,0.8588957055214724,-0.006134969325153374,-0.05521472392638037,0.04294478527607362,-0.018941912257077382,0.49693251533742333,0.8962,163,1.0,False
public__amazon_google__p30__seed20260725__reciprocal_rank,amazon_google,0.3,20260725,jina_finetuned,hef_linear_bert,reciprocal_rank,cross_family,0.5944525284373801,0.5023401258966391,0.09211240254074102,0.048990189844531566,0.13787585777987946,0.31471307978272745,0.6319018404907976,0.0,163,0.0,True
public__amazon_google__p30__seed20260725__hit_at_1,amazon_google,0.3,20260725,jina_finetuned,hef_linear_bert,hit_at_1,cross_family,0.50920245398773,0.44785276073619634,0.06134969325153374,0.006134969325153374,0.12269938650306748,0.16146829487101533,0.5306748466257668,0.0452,163,0.4068,False
public__amazon_google__p30__seed20260725__reciprocal_rank,amazon_google,0.3,20260725,jina_finetuned,hef_gbdt_e5_roberta_oof,reciprocal_rank,cross_family,0.5944525284373801,0.5663589070904288,0.028093621346951213,-0.008029078861578144,0.06588750940562975,0.1163950136550579,0.5122699386503067,0.129,163,0.645,False
public__amazon_google__p30__seed20260725__hit_at_1,amazon_google,0.3,20260725,jina_finetuned,hef_gbdt_e5_roberta_oof,hit_at_1,cross_family,0.50920245398773,0.5214723926380368,-0.012269938650306749,-0.06134969325153374,0.03680981595092025,-0.039072680920021315,0.49386503067484666,0.7,163,1.0,False
public__amazon_google__p30__seed20260725__reciprocal_rank,amazon_google,0.3,20260725,jina_finetuned,joint_neural_hef_roberta,reciprocal_rank,cross_family,0.5944525284373801,0.5509457455837278,0.04350678285365231,0.003259847129155204,0.08476874247329232,0.16433196799044406,0.4938650306748466,0.035,163,0.28,False
public__amazon_google__p30__seed20260725__hit_at_1,amazon_google,0.3,20260725,jina_finetuned,joint_neural_hef_roberta,hit_at_1,cross_family,0.50920245398773,0.4785276073619632,0.03067484662576687,-0.024539877300613498,0.08588957055214724,0.08168247212950736,0.5153374233128835,0.3428,163,1.0,False
public__amazon_google__p30__seed20260725__reciprocal_rank,amazon_google,0.3,20260725,hef_linear_bert,hef_gbdt_e5_roberta_oof,reciprocal_rank,cross_family,0.5023401258966391,0.5663589070904288,-0.0640187811937898,-0.10239569957677187,-0.026928612078922363,-0.25735722086517615,0.3773006134969325,0.0004,163,0.004,True
public__amazon_google__p30__seed20260725__hit_at_1,amazon_google,0.3,20260725,hef_linear_bert,hef_gbdt_e5_roberta_oof,hit_at_1,cross_family,0.44785276073619634,0.5214723926380368,-0.0736196319018405,-0.12883435582822086,-0.018404907975460124,-0.20391046645904423,0.46319018404907975,0.011,163,0.121,False
public__amazon_google__p30__seed20260725__reciprocal_rank,amazon_google,0.3,20260725,hef_linear_bert,joint_neural_hef_roberta,reciprocal_rank,cross_family,0.5023401258966391,0.5509457455837278,-0.0486056196870887,-0.08997798987028006,-0.006279970642435059,-0.178679965888667,0.3711656441717791,0.022,163,0.19799999999999998,False
public__amazon_google__p30__seed20260725__hit_at_1,amazon_google,0.3,20260725,hef_linear_bert,joint_neural_hef_roberta,hit_at_1,cross_family,0.44785276073619634,0.4785276073619632,-0.03067484662576687,-0.08588957055214724,0.024539877300613498,-0.08168247212950736,0.4846625766871166,0.339,163,1.0,False
public__amazon_google__p30__seed20260725__reciprocal_rank,amazon_google,0.3,20260725,hef_gbdt_e5_roberta_oof,joint_neural_hef_roberta,reciprocal_rank,cross_family,0.5663589070904288,0.5509457455837278,0.01541316150670109,-0.022936693369086256,0.053812020844643135,0.0611603270793799,0.48466257668711654,0.422,163,1.0,False
public__amazon_google__p30__seed20260725__hit_at_1,amazon_google,0.3,20260725,hef_gbdt_e5_roberta_oof,joint_neural_hef_roberta,hit_at_1,cross_family,0.5214723926380368,0.4785276073619632,0.04294478527607362,-0.006134969325153374,0.09202453987730061,0.13375735884233586,0.5214723926380368,0.1082,163,0.8656,False
public__amazon_google__p30__seed20260725__reciprocal_rank,amazon_google,0.3,20260725,jina_finetuned,roberta_finetuned,reciprocal_rank,within_standalone,0.5944525284373801,0.5591860811990189,0.035266447238361136,0.0013595240598895508,0.07049098162156167,0.15554719824486615,0.5552147239263804,0.0424,163,0.2968,False
public__amazon_google__p30__seed20260725__hit_at_1,amazon_google,0.3,20260725,jina_finetuned,roberta_finetuned,hit_at_1,within_standalone,0.50920245398773,0.50920245398773,0.0,-0.049079754601226995,0.049079754601226995,0.0,0.5,1.0,163,1.0,False
public__amazon_google__p30__seed20260725__reciprocal_rank,amazon_google,0.3,20260725,official_ditto_plain,official_ditto_mixda,reciprocal_rank,within_standalone,0.5544677868570361,0.5433422664280443,0.01112552042899193,-0.023438815673725053,0.045279622106979514,0.05070813077941704,0.450920245398773,0.5064,163,1.0,False
public__amazon_google__p30__seed20260725__hit_at_1,amazon_google,0.3,20260725,official_ditto_plain,official_ditto_mixda,hit_at_1,within_standalone,0.5030674846625767,0.4785276073619632,0.024539877300613498,-0.012269938650306749,0.06134969325153374,0.09925946526207202,0.5122699386503068,0.2622,163,1.0,False
public__amazon_google__p30__seed20260725__reciprocal_rank,amazon_google,0.3,20260725,hef_linear_bert,hef_linear_bge,reciprocal_rank,within_linear,0.5023401258966391,0.5061810650858755,-0.003840939189236393,-0.02040461811415531,0.01245445395331301,-0.03574687620848957,0.4938650306748466,0.626,163,1.0,False
public__amazon_google__p30__seed20260725__hit_at_1,amazon_google,0.3,20260725,hef_linear_bert,hef_linear_bge,hit_at_1,within_linear,0.44785276073619634,0.4539877300613497,-0.006134969325153374,-0.03067484662576687,0.018404907975460124,-0.03494230117133759,0.4969325153374233,0.7974,163,1.0,False
public__amazon_google__p30__seed20260725__reciprocal_rank,amazon_google,0.3,20260725,hef_gbdt_e5_roberta_oof,hef_gbdt_e5_jina_oof,reciprocal_rank,within_gbdt,0.5663589070904288,0.5700031071628033,-0.003644200072374474,-0.03574584749463025,0.028394043431255976,-0.01722886751187558,0.49693251533742333,0.8064,163,1.0,False
public__amazon_google__p30__seed20260725__hit_at_1,amazon_google,0.3,20260725,hef_gbdt_e5_roberta_oof,hef_gbdt_e5_jina_oof,hit_at_1,within_gbdt,0.5214723926380368,0.48466257668711654,0.03680981595092025,-0.006134969325153374,0.07975460122699386,0.1262147407263615,0.5184049079754601,0.1324,163,0.9268,False
public__amazon_google__p30__seed20260725__reciprocal_rank,amazon_google,0.3,20260725,joint_neural_hef_roberta,joint_neural_hef_jina,reciprocal_rank,within_joint,0.5509457455837278,0.573724300191074,-0.022778554607346208,-0.04867379999518207,0.0015019096477088608,-0.13870963191440677,0.5368098159509203,0.0704,163,0.4224,False
public__amazon_google__p30__seed20260725__hit_at_1,amazon_google,0.3,20260725,joint_neural_hef_roberta,joint_neural_hef_jina,hit_at_1,within_joint,0.4785276073619632,0.5153374233128835,-0.03680981595092025,-0.0736196319018405,-0.006134969325153374,-0.1679791304079116,0.4815950920245399,0.0298,163,0.298,False
public__amazon_google__p30__seed20260726__reciprocal_rank,amazon_google,0.3,20260726,jina_finetuned,hef_linear_bert,reciprocal_rank,cross_family,0.5452958378424769,0.4894344015836477,0.055861436258829215,0.02137088919920771,0.09195423351734766,0.24518300453899097,0.6319018404907976,0.0006,163,0.005999999999999999,True
public__amazon_google__p30__seed20260726__hit_at_1,amazon_google,0.3,20260726,jina_finetuned,hef_linear_bert,hit_at_1,cross_family,0.4785276073619632,0.4171779141104294,0.06134969325153374,0.018404907975460124,0.11042944785276074,0.1990673059335976,0.5306748466257669,0.0146,163,0.1606,False
public__amazon_google__p30__seed20260726__reciprocal_rank,amazon_google,0.3,20260726,jina_finetuned,hef_gbdt_e5_roberta_oof,reciprocal_rank,cross_family,0.5452958378424769,0.5213293830966071,0.023966454745869743,-0.009934850044614587,0.05798811545453692,0.10774739458084846,0.5950920245398773,0.1622,163,0.6488,False
public__amazon_google__p30__seed20260726__hit_at_1,amazon_google,0.3,20260726,jina_finetuned,hef_gbdt_e5_roberta_oof,hit_at_1,cross_family,0.4785276073619632,0.4662576687116564,0.012269938650306749,-0.03067484662576687,0.05521472392638037,0.04512880088608237,0.5061349693251533,0.639,163,1.0,False
public__amazon_google__p30__seed20260726__reciprocal_rank,amazon_google,0.3,20260726,jina_finetuned,joint_neural_hef_roberta,reciprocal_rank,cross_family,0.5452958378424769,0.5236033648652435,0.021692472977233423,-0.006156855410964198,0.05078682946185398,0.11785054039384833,0.5766871165644172,0.1222,163,0.611,False
public__amazon_google__p30__seed20260726__hit_at_1,amazon_google,0.3,20260726,jina_finetuned,joint_neural_hef_roberta,hit_at_1,cross_family,0.4785276073619632,0.4601226993865031,0.018404907975460124,-0.018404907975460124,0.05521472392638037,0.07832604499879574,0.50920245398773,0.3856,163,1.0,False
public__amazon_google__p30__seed20260726__reciprocal_rank,amazon_google,0.3,20260726,hef_linear_bert,hef_gbdt_e5_roberta_oof,reciprocal_rank,cross_family,0.4894344015836477,0.5213293830966071,-0.031894981512959476,-0.07020054339624292,0.005223923358749566,-0.12908465426698107,0.41411042944785276,0.092,163,0.5964,False
public__amazon_google__p30__seed20260726__hit_at_1,amazon_google,0.3,20260726,hef_linear_bert,hef_gbdt_e5_roberta_oof,hit_at_1,cross_family,0.4171779141104294,0.4662576687116564,-0.049079754601226995,-0.09815950920245399,0.0,-0.14887190429900907,0.4754601226993865,0.0646,163,0.5814,False
public__amazon_google__p30__seed20260726__reciprocal_rank,amazon_google,0.3,20260726,hef_linear_bert,joint_neural_hef_roberta,reciprocal_rank,cross_family,0.4894344015836477,0.5236033648652435,-0.034168963281595806,-0.07391031941842195,0.005906784798200345,-0.13298794512856604,0.39263803680981596,0.0852,163,0.5964,False
public__amazon_google__p30__seed20260726__hit_at_1,amazon_google,0.3,20260726,hef_linear_bert,joint_neural_hef_roberta,hit_at_1,cross_family,0.4171779141104294,0.4601226993865031,-0.04294478527607362,-0.09815950920245399,0.006134969325153374,-0.12640209258628887,0.4785276073619632,0.1234,163,0.8638,False
public__amazon_google__p30__seed20260726__reciprocal_rank,amazon_google,0.3,20260726,hef_gbdt_e5_roberta_oof,joint_neural_hef_roberta,reciprocal_rank,cross_family,0.5213293830966071,0.5236033648652435,-0.0022739817686363204,-0.03388084204907603,0.029672615373768,-0.010907608639904347,0.4570552147239264,0.8846,163,1.0,False
public__amazon_google__p30__seed20260726__hit_at_1,amazon_google,0.3,20260726,hef_gbdt_e5_roberta_oof,joint_neural_hef_roberta,hit_at_1,cross_family,0.4662576687116564,0.4601226993865031,0.006134969325153374,-0.03680981595092025,0.049079754601226995,0.02166210852040897,0.5030674846625767,0.8838,163,1.0,False
public__amazon_google__p30__seed20260726__reciprocal_rank,amazon_google,0.3,20260726,jina_finetuned,roberta_finetuned,reciprocal_rank,within_standalone,0.5452958378424769,0.5066658828403247,0.03862995500215226,0.015800227807372103,0.0644451110524779,0.24400808128420465,0.6503067484662577,0.0004,163,0.0044,True
public__amazon_google__p30__seed20260726__hit_at_1,amazon_google,0.3,20260726,jina_finetuned,roberta_finetuned,hit_at_1,within_standalone,0.4785276073619632,0.44785276073619634,0.03067484662576687,0.0,0.06748466257668712,0.1492112649340454,0.5153374233128835,0.0704,163,0.5814,False
public__amazon_google__p30__seed20260726__reciprocal_rank,amazon_google,0.3,20260726,official_ditto_plain,official_ditto_mixda,reciprocal_rank,within_standalone,0.5098812687434623,0.5418299291463862,-0.03194866040292379,-0.06253917363687136,-0.0025360277342430394,-0.1640427148506713,0.39877300613496935,0.0296,163,0.2664,False
public__amazon_google__p30__seed20260726__hit_at_1,amazon_google,0.3,20260726,official_ditto_plain,official_ditto_mixda,hit_at_1,within_standalone,0.44785276073619634,0.4723926380368098,-0.024539877300613498,-0.06134969325153374,0.012269938650306749,-0.09925946526207204,0.48773006134969327,0.2626,163,1.0,False
public__amazon_google__p30__seed20260726__reciprocal_rank,amazon_google,0.3,20260726,hef_linear_bert,hef_linear_bge,reciprocal_rank,within_linear,0.4894344015836477,0.5009729749355839,-0.011538573351936152,-0.042312822042672976,0.017187230140270144,-0.05960247230472298,0.50920245398773,0.4428,163,1.0,False
public__amazon_google__p30__seed20260726__hit_at_1,amazon_google,0.3,20260726,hef_linear_bert,hef_linear_bge,hit_at_1,within_linear,0.4171779141104294,0.43558282208588955,-0.018404907975460124,-0.06134969325153374,0.018404907975460124,-0.07080884896656292,0.49079754601226994,0.4408,163,1.0,False
public__amazon_google__p30__seed20260726__reciprocal_rank,amazon_google,0.3,20260726,hef_gbdt_e5_roberta_oof,hef_gbdt_e5_jina_oof,reciprocal_rank,within_gbdt,0.5213293830966071,0.5310069488736702,-0.009677565777063031,-0.047335308228520695,0.026386373907282643,-0.03944467817044641,0.4386503067484663,0.5958,163,1.0,False
public__amazon_google__p30__seed20260726__hit_at_1,amazon_google,0.3,20260726,hef_gbdt_e5_roberta_oof,hef_gbdt_e5_jina_oof,hit_at_1,within_gbdt,0.4662576687116564,0.4662576687116564,0.0,-0.049079754601226995,0.049079754601226995,0.0,0.5,1.0,163,1.0,False
public__amazon_google__p30__seed20260726__reciprocal_rank,amazon_google,0.3,20260726,joint_neural_hef_roberta,joint_neural_hef_jina,reciprocal_rank,within_joint,0.5236033648652435,0.5557329036790026,-0.032129538813759184,-0.06401177322616239,-0.0011817970784652491,-0.1550644952422596,0.4969325153374233,0.0408,163,0.3264,False
public__amazon_google__p30__seed20260726__hit_at_1,amazon_google,0.3,20260726,joint_neural_hef_roberta,joint_neural_hef_jina,hit_at_1,within_joint,0.4601226993865031,0.50920245398773,-0.049079754601226995,-0.09202453987730061,-0.006134969325153374,-0.1693452116381643,0.47546012269938653,0.0372,163,0.372,False
public__amazon_google__p30__seed20260727__reciprocal_rank,amazon_google,0.3,20260727,jina_finetuned,hef_linear_bert,reciprocal_rank,cross_family,0.5745374384831243,0.5019151341146469,0.0726223043684773,0.03609900724550929,0.11136273412105978,0.29982396841170234,0.656441717791411,0.0,163,0.0,True
public__amazon_google__p30__seed20260727__hit_at_1,amazon_google,0.3,20260727,jina_finetuned,hef_linear_bert,hit_at_1,cross_family,0.5030674846625767,0.44785276073619634,0.05521472392638037,0.006134969325153374,0.11042944785276074,0.1633768603654514,0.5276073619631902,0.0408,163,0.40800000000000003,False
public__amazon_google__p30__seed20260727__reciprocal_rank,amazon_google,0.3,20260727,jina_finetuned,hef_gbdt_e5_roberta_oof,reciprocal_rank,cross_family,0.5745374384831243,0.5208226553119315,0.0537147831711927,0.02076100079434279,0.09003333498578475,0.23691776474227394,0.5920245398773006,0.0012,163,0.0096,True
public__amazon_google__p30__seed20260727__hit_at_1,amazon_google,0.3,20260727,jina_finetuned,hef_gbdt_e5_roberta_oof,hit_at_1,cross_family,0.5030674846625767,0.4723926380368098,0.03067484662576687,-0.012269938650306749,0.07975460122699386,0.10132719639915067,0.5153374233128835,0.237,163,1.0,False
public__amazon_google__p30__seed20260727__reciprocal_rank,amazon_google,0.3,20260727,jina_finetuned,joint_neural_hef_roberta,reciprocal_rank,cross_family,0.5745374384831243,0.5389456688901368,0.03559176959298734,-0.0007840566901712881,0.07394324644830849,0.14626960430523636,0.5705521472392638,0.0564,163,0.3948,False
public__amazon_google__p30__seed20260727__hit_at_1,amazon_google,0.3,20260727,jina_finetuned,joint_neural_hef_roberta,hit_at_1,cross_family,0.5030674846625767,0.4785276073619632,0.024539877300613498,-0.024539877300613498,0.0736196319018405,0.07832604499879575,0.5122699386503068,0.3728,163,1.0,False
public__amazon_google__p30__seed20260727__reciprocal_rank,amazon_google,0.3,20260727,hef_linear_bert,hef_gbdt_e5_roberta_oof,reciprocal_rank,cross_family,0.5019151341146469,0.5208226553119315,-0.01890752119728462,-0.05356082183747342,0.016523472712444157,-0.08173032024799509,0.44171779141104295,0.2914,163,0.8742,False
public__amazon_google__p30__seed20260727__hit_at_1,amazon_google,0.3,20260727,hef_linear_bert,hef_gbdt_e5_roberta_oof,hit_at_1,cross_family,0.44785276073619634,0.4723926380368098,-0.024539877300613498,-0.0736196319018405,0.024539877300613498,-0.07382119184619029,0.4877300613496932,0.403,163,1.0,False
public__amazon_google__p30__seed20260727__reciprocal_rank,amazon_google,0.3,20260727,hef_linear_bert,joint_neural_hef_roberta,reciprocal_rank,cross_family,0.5019151341146469,0.5389456688901368,-0.037030534775489975,-0.08012946716815685,0.008049415565230065,-0.1299124487937684,0.3711656441717791,0.0916,163,0.458,False
public__amazon_google__p30__seed20260727__hit_at_1,amazon_google,0.3,20260727,hef_linear_bert,joint_neural_hef_roberta,hit_at_1,cross_family,0.44785276073619634,0.4785276073619632,-0.03067484662576687,-0.09202453987730061,0.03067484662576687,-0.07832604499879572,0.48466257668711654,0.3512,163,1.0,False
public__amazon_google__p30__seed20260727__reciprocal_rank,amazon_google,0.3,20260727,hef_gbdt_e5_roberta_oof,joint_neural_hef_roberta,reciprocal_rank,cross_family,0.5208226553119315,0.5389456688901368,-0.018123013578205355,-0.04598323014583146,0.010006878381283854,-0.1007125724273901,0.4049079754601227,0.1912,163,0.7648,False
public__amazon_google__p30__seed20260727__hit_at_1,amazon_google,0.3,20260727,hef_gbdt_e5_roberta_oof,joint_neural_hef_roberta,hit_at_1,cross_family,0.4723926380368098,0.4785276073619632,-0.006134969325153374,-0.04294478527607362,0.03067484662576687,-0.026037346337141387,0.49693251533742333,0.8558,163,1.0,False
public__amazon_google__p30__seed20260727__reciprocal_rank,amazon_google,0.3,20260727,jina_finetuned,roberta_finetuned,reciprocal_rank,within_standalone,0.5745374384831243,0.510439487819004,0.06409795066412027,0.03133900538771043,0.10021448878158247,0.2835906869870101,0.6411042944785277,0.0,163,0.0,True
public__amazon_google__p30__seed20260727__hit_at_1,amazon_google,0.3,20260727,jina_finetuned,roberta_finetuned,hit_at_1,within_standalone,0.5030674846625767,0.4601226993865031,0.04294478527607362,0.0,0.08588957055214724,0.15338276850083085,0.5214723926380368,0.0588,163,0.5292,False
public__amazon_google__p30__seed20260727__reciprocal_rank,amazon_google,0.3,20260727,official_ditto_plain,official_ditto_mixda,reciprocal_rank,within_standalone,0.5400724676605735,0.5355546989771803,0.004517768683393089,-0.02491145700318493,0.0357232249754679,0.02285035212796551,0.4693251533742331,0.7582,163,0.8742,False
public__amazon_google__p30__seed20260727__hit_at_1,amazon_google,0.3,20260727,official_ditto_plain,official_ditto_mixda,hit_at_1,within_standalone,0.49079754601226994,0.4785276073619632,0.012269938650306749,-0.024539877300613498,0.049079754601226995,0.0494462579452113,0.5061349693251533,0.6216,163,1.0,False
public__amazon_google__p30__seed20260727__reciprocal_rank,amazon_google,0.3,20260727,hef_linear_bert,hef_linear_bge,reciprocal_rank,within_linear,0.5019151341146469,0.5274356173557397,-0.025520483241092767,-0.05478319383086331,0.0008902901092416184,-0.13822099551796868,0.4386503067484663,0.0614,163,0.3948,False
public__amazon_google__p30__seed20260727__hit_at_1,amazon_google,0.3,20260727,hef_linear_bert,hef_linear_bge,hit_at_1,within_linear,0.44785276073619634,0.4723926380368098,-0.024539877300613498,-0.06134969325153374,0.012269938650306749,-0.09925946526207202,0.48773006134969327,0.2572,163,1.0,False
public__amazon_google__p30__seed20260727__reciprocal_rank,amazon_google,0.3,20260727,hef_gbdt_e5_roberta_oof,hef_gbdt_e5_jina_oof,reciprocal_rank,within_gbdt,0.5208226553119315,0.5731686385047358,-0.052345983192804174,-0.0843170442448576,-0.024229045334023525,-0.2645333861447724,0.41411042944785276,0.0,163,0.0,True
public__amazon_google__p30__seed20260727__hit_at_1,amazon_google,0.3,20260727,hef_gbdt_e5_roberta_oof,hef_gbdt_e5_jina_oof,hit_at_1,within_gbdt,0.4723926380368098,0.5214723926380368,-0.049079754601226995,-0.09202453987730061,-0.012269938650306749,-0.1833551556089081,0.4754601226993865,0.0214,163,0.2354,False
public__amazon_google__p30__seed20260727__reciprocal_rank,amazon_google,0.3,20260727,joint_neural_hef_roberta,joint_neural_hef_jina,reciprocal_rank,within_joint,0.5389456688901368,0.5532429284108727,-0.01429725952073574,-0.04577232780579798,0.016178036013457055,-0.07034944332278688,0.5214723926380368,0.363,163,0.8742,False
public__amazon_google__p30__seed20260727__hit_at_1,amazon_google,0.3,20260727,joint_neural_hef_roberta,joint_neural_hef_jina,hit_at_1,within_joint,0.4785276073619632,0.49079754601226994,-0.012269938650306749,-0.049079754601226995,0.024539877300613498,-0.049446257945211285,0.49386503067484666,0.6372,163,1.0,False
public__amazon_google__p50__seed20260725__reciprocal_rank,amazon_google,0.5,20260725,jina_finetuned,hef_linear_bert,reciprocal_rank,cross_family,0.4367208768638212,0.35163629934776625,0.08508457751605508,0.03928816383436281,0.13265837070197736,0.2759231382610733,0.5705521472392638,0.0004,163,0.004,True
public__amazon_google__p50__seed20260725__hit_at_1,amazon_google,0.5,20260725,jina_finetuned,hef_linear_bert,hit_at_1,cross_family,0.36809815950920244,0.31901840490797545,0.049079754601226995,-0.006134969325153374,0.10429447852760736,0.14107508049410236,0.5245398773006136,0.088,163,0.704,False
public__amazon_google__p50__seed20260725__reciprocal_rank,amazon_google,0.5,20260725,jina_finetuned,hef_gbdt_e5_roberta_oof,reciprocal_rank,cross_family,0.4367208768638212,0.4208066039154772,0.015914272948344087,-0.03425976483157654,0.0648084444044605,0.04855161920823631,0.5061349693251533,0.5206,163,1.0,False
public__amazon_google__p50__seed20260725__hit_at_1,amazon_google,0.5,20260725,jina_finetuned,hef_gbdt_e5_roberta_oof,hit_at_1,cross_family,0.36809815950920244,0.37423312883435583,-0.006134969325153374,-0.06134969325153374,0.049079754601226995,-0.01704212327482845,0.4969325153374233,0.9168,163,1.0,False
public__amazon_google__p50__seed20260725__reciprocal_rank,amazon_google,0.5,20260725,jina_finetuned,joint_neural_hef_roberta,reciprocal_rank,cross_family,0.4367208768638212,0.3733371299010928,0.06338374696272851,0.024328871540418393,0.10563481194734435,0.23564607951364275,0.5245398773006135,0.0008,163,0.007200000000000001,True
public__amazon_google__p50__seed20260725__hit_at_1,amazon_google,0.5,20260725,jina_finetuned,joint_neural_hef_roberta,hit_at_1,cross_family,0.36809815950920244,0.3067484662576687,0.06134969325153374,0.018404907975460124,0.11042944785276074,0.19906730593359762,0.5306748466257669,0.0118,163,0.1062,False
public__amazon_google__p50__seed20260725__reciprocal_rank,amazon_google,0.5,20260725,hef_linear_bert,hef_gbdt_e5_roberta_oof,reciprocal_rank,cross_family,0.35163629934776625,0.4208066039154772,-0.069170304567711,-0.10677252440654172,-0.03613595045896941,-0.29996131391264635,0.4233128834355828,0.0,163,0.0,True
public__amazon_google__p50__seed20260725__hit_at_1,amazon_google,0.5,20260725,hef_linear_bert,hef_gbdt_e5_roberta_oof,hit_at_1,cross_family,0.31901840490797545,0.37423312883435583,-0.05521472392638037,-0.09815950920245399,-0.018404907975460124,-0.2168474574267429,0.4723926380368098,0.0046,163,0.048400000000000006,True
public__amazon_google__p50__seed20260725__reciprocal_rank,amazon_google,0.5,20260725,hef_linear_bert,joint_neural_hef_roberta,reciprocal_rank,cross_family,0.35163629934776625,0.3733371299010928,-0.021700830553326583,-0.06214751895113233,0.01918629435282174,-0.08216880225467561,0.4325153374233129,0.2892,163,1.0,False
public__amazon_google__p50__seed20260725__hit_at_1,amazon_google,0.5,20260725,hef_linear_bert,joint_neural_hef_roberta,hit_at_1,cross_family,0.31901840490797545,0.3067484662576687,0.012269938650306749,-0.03067484662576687,0.05521472392638037,0.04177503677329009,0.5061349693251534,0.666,163,1.0,False
public__amazon_google__p50__seed20260725__reciprocal_rank,amazon_google,0.5,20260725,hef_gbdt_e5_roberta_oof,joint_neural_hef_roberta,reciprocal_rank,cross_family,0.4208066039154772,0.3733371299010928,0.04746947401438443,0.001288752536318441,0.09489169263091231,0.15390296179344187,0.5,0.0418,163,0.29259999999999997,False
public__amazon_google__p50__seed20260725__hit_at_1,amazon_google,0.5,20260725,hef_gbdt_e5_roberta_oof,joint_neural_hef_roberta,hit_at_1,cross_family,0.37423312883435583,0.3067484662576687,0.06748466257668712,0.018404907975460124,0.1165644171779141,0.2130264123155185,0.5337423312883436,0.0044,163,0.048400000000000006,True
public__amazon_google__p50__seed20260725__reciprocal_rank,amazon_google,0.5,20260725,jina_finetuned,roberta_finetuned,reciprocal_rank,within_standalone,0.4367208768638212,0.386587428084753,0.050133448779068335,0.013036101845915152,0.0890693455615349,0.20344330566460334,0.5552147239263804,0.0068,163,0.0544,False
public__amazon_google__p50__seed20260725__hit_at_1,amazon_google,0.5,20260725,jina_finetuned,roberta_finetuned,hit_at_1,within_standalone,0.36809815950920244,0.3312883435582822,0.03680981595092025,-0.012269938650306749,0.08588957055214724,0.11794498332643011,0.5184049079754601,0.156,163,0.78,False
public__amazon_google__p50__seed20260725__reciprocal_rank,amazon_google,0.5,20260725,official_ditto_plain,official_ditto_mixda,reciprocal_rank,within_standalone,0.38646152827955144,0.36446562470941046,0.02199590357014101,-0.018149533777017487,0.063967653699006,0.0814175258342834,0.4662576687116564,0.2838,163,1.0,False
public__amazon_google__p50__seed20260725__hit_at_1,amazon_google,0.5,20260725,official_ditto_plain,official_ditto_mixda,hit_at_1,within_standalone,0.31901840490797545,0.2883435582822086,0.03067484662576687,-0.006134969325153374,0.06748466257668712,0.11854754894704686,0.5153374233128835,0.1598,163,0.78,False
public__amazon_google__p50__seed20260725__reciprocal_rank,amazon_google,0.5,20260725,hef_linear_bert,hef_linear_bge,reciprocal_rank,within_linear,0.35163629934776625,0.3464303384814942,0.005205960866272054,-0.007964939664658336,0.020724300608273603,0.055558460977957434,0.49693251533742333,0.4518,163,1.0,False
public__amazon_google__p50__seed20260725__hit_at_1,amazon_google,0.5,20260725,hef_linear_bert,hef_linear_bge,hit_at_1,within_linear,0.31901840490797545,0.3006134969325153,0.018404907975460124,0.0,0.04294478527607362,0.13650996053458286,0.50920245398773,0.0974,163,0.704,False
public__amazon_google__p50__seed20260725__reciprocal_rank,amazon_google,0.5,20260725,hef_gbdt_e5_roberta_oof,hef_gbdt_e5_jina_oof,reciprocal_rank,within_gbdt,0.4208066039154772,0.4265238194071096,-0.00571721549163237,-0.044494784436832656,0.034419756334633254,-0.021861653823815955,0.4815950920245399,0.7592,163,1.0,False
public__amazon_google__p50__seed20260725__hit_at_1,amazon_google,0.5,20260725,hef_gbdt_e5_roberta_oof,hef_gbdt_e5_jina_oof,hit_at_1,within_gbdt,0.37423312883435583,0.3619631901840491,0.012269938650306749,-0.03067484662576687,0.05521472392638037,0.04512880088608237,0.5061349693251533,0.6582,163,1.0,False
public__amazon_google__p50__seed20260725__reciprocal_rank,amazon_google,0.5,20260725,joint_neural_hef_roberta,joint_neural_hef_jina,reciprocal_rank,within_joint,0.3733371299010928,0.4036928719644165,-0.03035574206332364,-0.0706888948614229,0.007588894925355797,-0.1186885364624799,0.4938650306748466,0.12,163,0.72,False
public__amazon_google__p50__seed20260725__hit_at_1,amazon_google,0.5,20260725,joint_neural_hef_roberta,joint_neural_hef_jina,hit_at_1,within_joint,0.3067484662576687,0.34355828220858897,-0.03680981595092025,-0.07975460122699386,0.006134969325153374,-0.1365099605345829,0.4815950920245399,0.1036,163,0.704,False
public__amazon_google__p50__seed20260726__reciprocal_rank,amazon_google,0.5,20260726,jina_finetuned,hef_linear_bert,reciprocal_rank,cross_family,0.40555669290047897,0.3550270990133854,0.0505295938870935,0.015239848928258016,0.08710491105141388,0.2199347436279944,0.6196319018404908,0.0046,163,0.046,True
public__amazon_google__p50__seed20260726__hit_at_1,amazon_google,0.5,20260726,jina_finetuned,hef_linear_bert,hit_at_1,cross_family,0.34355828220858897,0.3067484662576687,0.03680981595092025,-0.006134969325153374,0.07975460122699386,0.1365099605345829,0.5184049079754601,0.1022,163,1.0,False
public__amazon_google__p50__seed20260726__reciprocal_rank,amazon_google,0.5,20260726,jina_finetuned,hef_gbdt_e5_roberta_oof,reciprocal_rank,cross_family,0.40555669290047897,0.37929347508553835,0.02626321781494059,-0.009372872992588481,0.0618112464632803,0.11130720598982123,0.5828220858895705,0.1474,163,1.0,False
public__amazon_google__p50__seed20260726__hit_at_1,amazon_google,0.5,20260726,jina_finetuned,hef_gbdt_e5_roberta_oof,hit_at_1,cross_family,0.34355828220858897,0.31901840490797545,0.024539877300613498,-0.018404907975460124,0.06748466257668712,0.09053631865310445,0.5122699386503068,0.2966,163,1.0,False
public__amazon_google__p50__seed20260726__reciprocal_rank,amazon_google,0.5,20260726,jina_finetuned,joint_neural_hef_roberta,reciprocal_rank,cross_family,0.40555669290047897,0.3841400561435549,0.02141663675692404,-0.009070413248292577,0.0549902038684667,0.10307323472107095,0.5613496932515337,0.1836,163,1.0,False
public__amazon_google__p50__seed20260726__hit_at_1,amazon_google,0.5,20260726,jina_finetuned,joint_neural_hef_roberta,hit_at_1,cross_family,0.34355828220858897,0.32515337423312884,0.018404907975460124,-0.018404907975460124,0.05521472392638037,0.07832604499879574,0.50920245398773,0.3986,163,1.0,False
public__amazon_google__p50__seed20260726__reciprocal_rank,amazon_google,0.5,20260726,hef_linear_bert,hef_gbdt_e5_roberta_oof,reciprocal_rank,cross_family,0.3550270990133854,0.37929347508553835,-0.024266376072152908,-0.052678924329829416,0.0034164898163594475,-0.132519700768392,0.3926380368098159,0.089,163,0.8009999999999999,False
public__amazon_google__p50__seed20260726__hit_at_1,amazon_google,0.5,20260726,hef_linear_bert,hef_gbdt_e5_roberta_oof,hit_at_1,cross_family,0.3067484662576687,0.31901840490797545,-0.012269938650306749,-0.049079754601226995,0.018404907975460124,-0.05529960441296391,0.4938650306748466,0.5888,163,1.0,False
public__amazon_google__p50__seed20260726__reciprocal_rank,amazon_google,0.5,20260726,hef_linear_bert,joint_neural_hef_roberta,reciprocal_rank,cross_family,0.3550270990133854,0.3841400561435549,-0.029112957130169464,-0.07050956193980441,0.013251768723448142,-0.10791393714966238,0.41104294478527603,0.1692,163,1.0,False
public__amazon_google__p50__seed20260726__hit_at_1,amazon_google,0.5,20260726,hef_linear_bert,joint_neural_hef_roberta,hit_at_1,cross_family,0.3067484662576687,0.32515337423312884,-0.018404907975460124,-0.06748466257668712,0.03067484662576687,-0.06059632940996721,0.49079754601226994,0.5092,163,1.0,False
public__amazon_google__p50__seed20260726__reciprocal_rank,amazon_google,0.5,20260726,hef_gbdt_e5_roberta_oof,joint_neural_hef_roberta,reciprocal_rank,cross_family,0.37929347508553835,0.3841400561435549,-0.004846581058016547,-0.039726338674511745,0.03162071873703727,-0.02044504136736684,0.5,0.774,163,1.0,False
public__amazon_google__p50__seed20260726__hit_at_1,amazon_google,0.5,20260726,hef_gbdt_e5_roberta_oof,joint_neural_hef_roberta,hit_at_1,cross_family,0.31901840490797545,0.32515337423312884,-0.006134969325153374,-0.049079754601226995,0.03680981595092025,-0.021662108520408965,0.49693251533742333,0.8852,163,1.0,False
public__amazon_google__p50__seed20260726__reciprocal_rank,amazon_google,0.5,20260726,jina_finetuned,roberta_finetuned,reciprocal_rank,within_standalone,0.40555669290047897,0.35888186907083175,0.04667482382964717,0.02297173874158137,0.0733498647740066,0.2851604960657092,0.6717791411042945,0.0,163,0.0,True
public__amazon_google__p50__seed20260726__hit_at_1,amazon_google,0.5,20260726,jina_finetuned,roberta_finetuned,hit_at_1,within_standalone,0.34355828220858897,0.3006134969325153,0.04294478527607362,0.012269938650306749,0.07975460122699386,0.21117885260293429,0.5214723926380368,0.0024,163,0.026399999999999996,True
public__amazon_google__p50__seed20260726__reciprocal_rank,amazon_google,0.5,20260726,official_ditto_plain,official_ditto_mixda,reciprocal_rank,within_standalone,0.3749523253780799,0.3726480354668097,0.002304289911270183,-0.03994093245725014,0.044186462825038214,0.008453811538086433,0.4355828220858896,0.888,163,1.0,False
public__amazon_google__p50__seed20260726__hit_at_1,amazon_google,0.5,20260726,official_ditto_plain,official_ditto_mixda,hit_at_1,within_standalone,0.3067484662576687,0.294478527607362,0.012269938650306749,-0.03067484662576687,0.05521472392638037,0.04177503677329009,0.5061349693251534,0.6884,163,1.0,False
public__amazon_google__p50__seed20260726__reciprocal_rank,amazon_google,0.5,20260726,hef_linear_bert,hef_linear_bge,reciprocal_rank,within_linear,0.3550270990133854,0.355612765310911,-0.0005856662975255629,-0.025213183569493255,0.022390125384683258,-0.0038399869033433763,0.49693251533742333,0.945,163,1.0,False
public__amazon_google__p50__seed20260726__hit_at_1,amazon_google,0.5,20260726,hef_linear_bert,hef_linear_bge,hit_at_1,within_linear,0.3067484662576687,0.294478527607362,0.012269938650306749,-0.018404907975460124,0.04294478527607362,0.05529960441296391,0.5061349693251533,0.5608,163,1.0,False
public__amazon_google__p50__seed20260726__reciprocal_rank,amazon_google,0.5,20260726,hef_gbdt_e5_roberta_oof,hef_gbdt_e5_jina_oof,reciprocal_rank,within_gbdt,0.37929347508553835,0.39178394260653815,-0.012490467520999885,-0.044602332680522896,0.019533421708654953,-0.05937399455865074,0.43251533742331283,0.4374,163,1.0,False
public__amazon_google__p50__seed20260726__hit_at_1,amazon_google,0.5,20260726,hef_gbdt_e5_roberta_oof,hef_gbdt_e5_jina_oof,hit_at_1,within_gbdt,0.31901840490797545,0.3312883435582822,-0.012269938650306749,-0.049079754601226995,0.024539877300613498,-0.049446257945211285,0.49386503067484666,0.6242,163,1.0,False
public__amazon_google__p50__seed20260726__reciprocal_rank,amazon_google,0.5,20260726,joint_neural_hef_roberta,joint_neural_hef_jina,reciprocal_rank,within_joint,0.3841400561435549,0.3659752760311508,0.018164780112404036,-0.022369210776913215,0.06058240717444923,0.06796028952367297,0.4907975460122699,0.3728,163,1.0,False
public__amazon_google__p50__seed20260726__hit_at_1,amazon_google,0.5,20260726,joint_neural_hef_roberta,joint_neural_hef_jina,hit_at_1,within_joint,0.32515337423312884,0.31901840490797545,0.006134969325153374,-0.04294478527607362,0.05521472392638037,0.02016569081883478,0.5030674846625767,0.886,163,1.0,False
public__amazon_google__p50__seed20260727__reciprocal_rank,amazon_google,0.5,20260727,jina_finetuned,hef_linear_bert,reciprocal_rank,cross_family,0.43074335326963137,0.32871975999290964,0.10202359327672164,0.05595151650869215,0.14810635174697923,0.346133738081794,0.6993865030674846,0.0,163,0.0,True
public__amazon_google__p50__seed20260727__hit_at_1,amazon_google,0.5,20260727,jina_finetuned,hef_linear_bert,hit_at_1,cross_family,0.34355828220858897,0.2822085889570552,0.06134969325153374,0.006134969325153374,0.1165644171779141,0.16884959126824337,0.5306748466257669,0.033,163,0.33,False
public__amazon_google__p50__seed20260727__reciprocal_rank,amazon_google,0.5,20260727,jina_finetuned,hef_gbdt_e5_roberta_oof,reciprocal_rank,cross_family,0.43074335326963137,0.37459534033818565,0.05614801293144567,0.016652120656990545,0.09667138323023068,0.21457448182797667,0.5828220858895705,0.005,163,0.04,True
public__amazon_google__p50__seed20260727__hit_at_1,amazon_google,0.5,20260727,jina_finetuned,hef_gbdt_e5_roberta_oof,hit_at_1,cross_family,0.34355828220858897,0.32515337423312884,0.018404907975460124,-0.03067484662576687,0.06748466257668712,0.05690797377051235,0.5092024539877301,0.5448,163,1.0,False
public__amazon_google__p50__seed20260727__reciprocal_rank,amazon_google,0.5,20260727,jina_finetuned,joint_neural_hef_roberta,reciprocal_rank,cross_family,0.43074335326963137,0.40331518480063083,0.027428168469000442,-0.002080934661839433,0.05874924342010601,0.13692954155092749,0.5245398773006135,0.073,163,0.292,False
public__amazon_google__p50__seed20260727__hit_at_1,amazon_google,0.5,20260727,jina_finetuned,joint_neural_hef_roberta,hit_at_1,cross_family,0.34355828220858897,0.34355828220858897,0.0,-0.04294478527607362,0.04294478527607362,0.0,0.5,1.0,163,1.0,False
public__amazon_google__p50__seed20260727__reciprocal_rank,amazon_google,0.5,20260727,hef_linear_bert,hef_gbdt_e5_roberta_oof,reciprocal_rank,cross_family,0.32871975999290964,0.37459534033818565,-0.045875580345275974,-0.0780979255236195,-0.01605666113945475,-0.22650997392911612,0.34355828220858897,0.0024,163,0.021599999999999998,True
public__amazon_google__p50__seed20260727__hit_at_1,amazon_google,0.5,20260727,hef_linear_bert,hef_gbdt_e5_roberta_oof,hit_at_1,cross_family,0.2822085889570552,0.32515337423312884,-0.04294478527607362,-0.08588957055214724,0.0,-0.15338276850083082,0.4785276073619632,0.0618,163,0.5562,False
public__amazon_google__p50__seed20260727__reciprocal_rank,amazon_google,0.5,20260727,hef_linear_bert,joint_neural_hef_roberta,reciprocal_rank,cross_family,0.32871975999290964,0.40331518480063083,-0.0745954248077212,-0.11617032613264838,-0.03395096583427175,-0.27762840818940154,0.3343558282208589,0.0006,163,0.005999999999999999,True
public__amazon_google__p50__seed20260727__hit_at_1,amazon_google,0.5,20260727,hef_linear_bert,joint_neural_hef_roberta,hit_at_1,cross_family,0.2822085889570552,0.34355828220858897,-0.06134969325153374,-0.1165644171779141,-0.012269938650306749,-0.18726809047209042,0.46932515337423314,0.0162,163,0.1782,False
public__amazon_google__p50__seed20260727__reciprocal_rank,amazon_google,0.5,20260727,hef_gbdt_e5_roberta_oof,joint_neural_hef_roberta,reciprocal_rank,cross_family,0.37459534033818565,0.40331518480063083,-0.028719844462445236,-0.06409591270454099,0.0052151513198266065,-0.12563812652421383,0.4662576687116564,0.1002,163,0.292,False
public__amazon_google__p50__seed20260727__hit_at_1,amazon_google,0.5,20260727,hef_gbdt_e5_roberta_oof,joint_neural_hef_roberta,hit_at_1,cross_family,0.32515337423312884,0.34355828220858897,-0.018404907975460124,-0.06134969325153374,0.018404907975460124,-0.0708088489665629,0.49079754601226994,0.4318,163,1.0,False
public__amazon_google__p50__seed20260727__reciprocal_rank,amazon_google,0.5,20260727,jina_finetuned,roberta_finetuned,reciprocal_rank,within_standalone,0.43074335326963137,0.3848418042645447,0.04590154900508664,0.011554664980546506,0.0810958394796143,0.20164188590674417,0.6134969325153374,0.0068,163,0.047599999999999996,True
public__amazon_google__p50__seed20260727__hit_at_1,amazon_google,0.5,20260727,jina_finetuned,roberta_finetuned,hit_at_1,within_standalone,0.34355828220858897,0.3374233128834356,0.006134969325153374,-0.03680981595092025,0.049079754601226995,0.02166210852040897,0.5030674846625767,0.8854,163,1.0,False
public__amazon_google__p50__seed20260727__reciprocal_rank,amazon_google,0.5,20260727,official_ditto_plain,official_ditto_mixda,reciprocal_rank,within_standalone,0.39581457278061677,0.3522359802467174,0.04357859253389936,0.003948542845338969,0.08406382573511065,0.16721077808197823,0.5214723926380368,0.0298,163,0.17880000000000001,False
public__amazon_google__p50__seed20260727__hit_at_1,amazon_google,0.5,20260727,official_ditto_plain,official_ditto_mixda,hit_at_1,within_standalone,0.3312883435582822,0.3067484662576687,0.024539877300613498,-0.018404907975460124,0.06748466257668712,0.08377100845908056,0.5122699386503068,0.336,163,1.0,False
public__amazon_google__p50__seed20260727__reciprocal_rank,amazon_google,0.5,20260727,hef_linear_bert,hef_linear_bge,reciprocal_rank,within_linear,0.32871975999290964,0.35138037196406596,-0.022660611971156295,-0.046821992399680684,-0.0011298031749339393,-0.15343054216964316,0.42944785276073616,0.0368,163,0.184,False
public__amazon_google__p50__seed20260727__hit_at_1,amazon_google,0.5,20260727,hef_linear_bert,hef_linear_bge,hit_at_1,within_linear,0.2822085889570552,0.3067484662576687,-0.024539877300613498,-0.05521472392638037,0.0,-0.12856896872948687,0.48773006134969327,0.1362,163,1.0,False
public__amazon_google__p50__seed20260727__reciprocal_rank,amazon_google,0.5,20260727,hef_gbdt_e5_roberta_oof,hef_gbdt_e5_jina_oof,reciprocal_rank,within_gbdt,0.37459534033818565,0.40177809891708804,-0.027182758578902382,-0.05823115550718366,0.003801564098170607,-0.13282300895776092,0.44171779141104295,0.0848,163,0.292,False
public__amazon_google__p50__seed20260727__hit_at_1,amazon_google,0.5,20260727,hef_gbdt_e5_roberta_oof,hef_gbdt_e5_jina_oof,hit_at_1,within_gbdt,0.32515337423312884,0.3312883435582822,-0.006134969325153374,-0.04294478527607362,0.03067484662576687,-0.023550205568024906,0.4969325153374233,0.8736,163,1.0,False
public__amazon_google__p50__seed20260727__reciprocal_rank,amazon_google,0.5,20260727,joint_neural_hef_roberta,joint_neural_hef_jina,reciprocal_rank,within_joint,0.40331518480063083,0.4058701820938998,-0.0025549972932689567,-0.04822211209997978,0.04252079728213026,-0.008707526781720744,0.5429447852760736,0.8914,163,0.8914,False
public__amazon_google__p50__seed20260727__hit_at_1,amazon_google,0.5,20260727,joint_neural_hef_roberta,joint_neural_hef_jina,hit_at_1,within_joint,0.34355828220858897,0.3619631901840491,-0.018404907975460124,-0.0736196319018405,0.03680981595092025,-0.05382032475042729,0.49079754601226994,0.5592,163,1.0,False
public__amazon_google__p70__seed20260725__reciprocal_rank,amazon_google,0.7,20260725,jina_finetuned,hef_linear_bert,reciprocal_rank,cross_family,0.3892601602663306,0.29710336352336225,0.09215679674296837,0.04415678644336322,0.1432849806916422,0.28740439722325006,0.6073619631901841,0.0,163,0.0,True
public__amazon_google__p70__seed20260725__hit_at_1,amazon_google,0.7,20260725,jina_finetuned,hef_linear_bert,hit_at_1,cross_family,0.3128834355828221,0.25766871165644173,0.05521472392638037,0.006134969325153374,0.10429447852760736,0.1633768603654514,0.5276073619631902,0.0386,163,0.3088,False
public__amazon_google__p70__seed20260725__reciprocal_rank,amazon_google,0.7,20260725,jina_finetuned,hef_gbdt_e5_roberta_oof,reciprocal_rank,cross_family,0.3892601602663306,0.3675598057791178,0.021700354487212907,-0.03208236955662856,0.07708966178206673,0.06150851519050017,0.5030674846625767,0.4286,163,1.0,False
public__amazon_google__p70__seed20260725__hit_at_1,amazon_google,0.7,20260725,jina_finetuned,hef_gbdt_e5_roberta_oof,hit_at_1,cross_family,0.3128834355828221,0.294478527607362,0.018404907975460124,-0.03680981595092025,0.0736196319018405,0.048904537796936424,0.5092024539877301,0.586,163,1.0,False
public__amazon_google__p70__seed20260725__reciprocal_rank,amazon_google,0.7,20260725,jina_finetuned,joint_neural_hef_roberta,reciprocal_rank,cross_family,0.3892601602663306,0.34497542917953083,0.044284731086799846,-0.005225988355929778,0.09547436888022846,0.13357933173436115,0.48466257668711654,0.0808,163,0.40399999999999997,False
public__amazon_google__p70__seed20260725__hit_at_1,amazon_google,0.7,20260725,jina_finetuned,joint_neural_hef_roberta,hit_at_1,cross_family,0.3128834355828221,0.26380368098159507,0.049079754601226995,-0.006134969325153374,0.11042944785276074,0.12856896872948687,0.5245398773006135,0.1186,163,0.7116,False
public__amazon_google__p70__seed20260725__reciprocal_rank,amazon_google,0.7,20260725,hef_linear_bert,hef_gbdt_e5_roberta_oof,reciprocal_rank,cross_family,0.29710336352336225,0.3675598057791178,-0.07045644225575544,-0.10963365810597658,-0.03420733244376691,-0.28957348924751297,0.3496932515337423,0.0002,163,0.0018000000000000002,True
public__amazon_google__p70__seed20260725__hit_at_1,amazon_google,0.7,20260725,hef_linear_bert,hef_gbdt_e5_roberta_oof,hit_at_1,cross_family,0.25766871165644173,0.294478527607362,-0.03680981595092025,-0.0736196319018405,0.0,-0.14982034641842734,0.4815950920245399,0.0692,163,0.4844,False
public__amazon_google__p70__seed20260725__reciprocal_rank,amazon_google,0.7,20260725,hef_linear_bert,joint_neural_hef_roberta,reciprocal_rank,cross_family,0.29710336352336225,0.34497542917953083,-0.04787206565616852,-0.09401763019042979,-0.003869627109066307,-0.16155849473413808,0.41411042944785276,0.033,163,0.198,False
public__amazon_google__p70__seed20260725__hit_at_1,amazon_google,0.7,20260725,hef_linear_bert,joint_neural_hef_roberta,hit_at_1,cross_family,0.25766871165644173,0.26380368098159507,-0.006134969325153374,-0.049079754601226995,0.03680981595092025,-0.02166210852040897,0.49693251533742333,0.8804,163,1.0,False
public__amazon_google__p70__seed20260725__reciprocal_rank,amazon_google,0.7,20260725,hef_gbdt_e5_roberta_oof,joint_neural_hef_roberta,reciprocal_rank,cross_family,0.3675598057791178,0.34497542917953083,0.022584376599586942,-0.02990856014089428,0.07495919844991102,0.0667262948717568,0.5644171779141105,0.3858,163,1.0,False
public__amazon_google__p70__seed20260725__hit_at_1,amazon_google,0.7,20260725,hef_gbdt_e5_roberta_oof,joint_neural_hef_roberta,hit_at_1,cross_family,0.294478527607362,0.26380368098159507,0.03067484662576687,-0.024539877300613498,0.07975460122699386,0.08993383303937053,0.5153374233128835,0.2994,163,1.0,False
public__amazon_google__p70__seed20260725__reciprocal_rank,amazon_google,0.7,20260725,jina_finetuned,roberta_finetuned,reciprocal_rank,within_standalone,0.3892601602663306,0.3129432720606635,0.07631688820566708,0.032871693409552115,0.12103872310760595,0.26400470558230654,0.6012269938650306,0.0006,163,0.0042,True
public__amazon_google__p70__seed20260725__hit_at_1,amazon_google,0.7,20260725,jina_finetuned,roberta_finetuned,hit_at_1,within_standalone,0.3128834355828221,0.24539877300613497,0.06748466257668712,0.018404907975460124,0.12269938650306748,0.2010203046300061,0.5337423312883436,0.01,163,0.1,False
public__amazon_google__p70__seed20260725__reciprocal_rank,amazon_google,0.7,20260725,official_ditto_plain,official_ditto_mixda,reciprocal_rank,within_standalone,0.2970774987240352,0.1818098548501129,0.11526764387392238,0.06951501383564831,0.16465763003538844,0.37274286653914046,0.6042944785276073,0.0,163,0.0,True
public__amazon_google__p70__seed20260725__hit_at_1,amazon_google,0.7,20260725,official_ditto_plain,official_ditto_mixda,hit_at_1,within_standalone,0.19631901840490798,0.1165644171779141,0.07975460122699386,0.03680981595092025,0.12883435582822086,0.27165701763482947,0.5398773006134969,0.0,163,0.0,True
public__amazon_google__p70__seed20260725__reciprocal_rank,amazon_google,0.7,20260725,hef_linear_bert,hef_linear_bge,reciprocal_rank,within_linear,0.29710336352336225,0.2909806917031385,0.00612267182022384,-0.003154646968263494,0.020306888493556885,0.0749832198605557,0.5030674846625767,0.3254,163,1.0,False
public__amazon_google__p70__seed20260725__hit_at_1,amazon_google,0.7,20260725,hef_linear_bert,hef_linear_bge,hit_at_1,within_linear,0.25766871165644173,0.25153374233128833,0.006134969325153374,0.0,0.018404907975460124,0.07832604499879575,0.5030674846625767,0.5346,163,1.0,False
public__amazon_google__p70__seed20260725__reciprocal_rank,amazon_google,0.7,20260725,hef_gbdt_e5_roberta_oof,hef_gbdt_e5_jina_oof,reciprocal_rank,within_gbdt,0.3675598057791178,0.36175924320737274,0.005800562571744992,-0.033868666296546696,0.047549282471698345,0.021940257864624408,0.4815950920245399,0.78,163,1.0,False
public__amazon_google__p70__seed20260725__hit_at_1,amazon_google,0.7,20260725,hef_gbdt_e5_roberta_oof,hef_gbdt_e5_jina_oof,hit_at_1,within_gbdt,0.294478527607362,0.294478527607362,0.0,-0.04294478527607362,0.04294478527607362,0.0,0.5,1.0,163,1.0,False
public__amazon_google__p70__seed20260725__reciprocal_rank,amazon_google,0.7,20260725,joint_neural_hef_roberta,joint_neural_hef_jina,reciprocal_rank,within_joint,0.34497542917953083,0.24529320642148625,0.09968222275804457,0.038854276578093615,0.16165986610114097,0.249289303847797,0.5736196319018405,0.0004,163,0.0032,True
public__amazon_google__p70__seed20260725__hit_at_1,amazon_google,0.7,20260725,joint_neural_hef_roberta,joint_neural_hef_jina,hit_at_1,within_joint,0.26380368098159507,0.17791411042944785,0.08588957055214724,0.018404907975460124,0.15337423312883436,0.1969880504861062,0.5429447852760736,0.0122,163,0.10980000000000001,False
public__amazon_google__p70__seed20260726__reciprocal_rank,amazon_google,0.7,20260726,jina_finetuned,hef_linear_bert,reciprocal_rank,cross_family,0.3946209930592514,0.30564271774198865,0.0889782753172628,0.042794002100254615,0.13540123198727969,0.289986641715213,0.588957055214724,0.0,163,0.0,True
public__amazon_google__p70__seed20260726__hit_at_1,amazon_google,0.7,20260726,jina_finetuned,hef_linear_bert,hit_at_1,cross_family,0.3128834355828221,0.25766871165644173,0.05521472392638037,0.006134969325153374,0.10429447852760736,0.17299361516105632,0.5276073619631902,0.0362,163,0.3222,False
public__amazon_google__p70__seed20260726__reciprocal_rank,amazon_google,0.7,20260726,jina_finetuned,hef_gbdt_e5_roberta_oof,reciprocal_rank,cross_family,0.3946209930592514,0.3693361116391134,0.025284881420137937,-0.02722832680678515,0.07682438656584124,0.07462835775926718,0.5337423312883436,0.3358,163,1.0,False
public__amazon_google__p70__seed20260726__hit_at_1,amazon_google,0.7,20260726,jina_finetuned,hef_gbdt_e5_roberta_oof,hit_at_1,cross_family,0.3128834355828221,0.294478527607362,0.018404907975460124,-0.03680981595092025,0.0736196319018405,0.0538203247504273,0.50920245398773,0.5658,163,1.0,False
public__amazon_google__p70__seed20260726__reciprocal_rank,amazon_google,0.7,20260726,jina_finetuned,joint_neural_hef_roberta,reciprocal_rank,cross_family,0.3946209930592514,0.37029799380859635,0.024322999250654988,-0.027108915163916482,0.07594368839188455,0.07195038080444512,0.5337423312883436,0.3476,163,1.0,False
public__amazon_google__p70__seed20260726__hit_at_1,amazon_google,0.7,20260726,jina_finetuned,joint_neural_hef_roberta,hit_at_1,cross_family,0.3128834355828221,0.3006134969325153,0.012269938650306749,-0.049079754601226995,0.0736196319018405,0.030642082243665093,0.5061349693251533,0.7562,163,1.0,False
public__amazon_google__p70__seed20260726__reciprocal_rank,amazon_google,0.7,20260726,hef_linear_bert,hef_gbdt_e5_roberta_oof,reciprocal_rank,cross_family,0.30564271774198865,0.3693361116391134,-0.06369339389712486,-0.09522000572360709,-0.032959409528487894,-0.30915278825904396,0.34662576687116564,0.0,163,0.0,True
public__amazon_google__p70__seed20260726__hit_at_1,amazon_google,0.7,20260726,hef_linear_bert,hef_gbdt_e5_roberta_oof,hit_at_1,cross_family,0.25766871165644173,0.294478527607362,-0.03680981595092025,-0.0736196319018405,-0.006134969325153374,-0.1679791304079116,0.4815950920245399,0.0358,163,0.3222,False
public__amazon_google__p70__seed20260726__reciprocal_rank,amazon_google,0.7,20260726,hef_linear_bert,joint_neural_hef_roberta,reciprocal_rank,cross_family,0.30564271774198865,0.37029799380859635,-0.0646552760666078,-0.11955018761062776,-0.011872398776681187,-0.18255401471830074,0.42024539877300615,0.0176,163,0.1232,False
public__amazon_google__p70__seed20260726__hit_at_1,amazon_google,0.7,20260726,hef_linear_bert,joint_neural_hef_roberta,hit_at_1,cross_family,0.25766871165644173,0.3006134969325153,-0.04294478527607362,-0.09815950920245399,0.012269938650306749,-0.11472574406897694,0.4785276073619632,0.1704,163,1.0,False
public__amazon_google__p70__seed20260726__reciprocal_rank,amazon_google,0.7,20260726,hef_gbdt_e5_roberta_oof,joint_neural_hef_roberta,reciprocal_rank,cross_family,0.3693361116391134,0.37029799380859635,-0.0009618821694829482,-0.05658322033438605,0.05504101335574806,-0.002648459180883899,0.5429447852760736,0.9642,163,1.0,False
public__amazon_google__p70__seed20260726__hit_at_1,amazon_google,0.7,20260726,hef_gbdt_e5_roberta_oof,joint_neural_hef_roberta,hit_at_1,cross_family,0.294478527607362,0.3006134969325153,-0.006134969325153374,-0.06748466257668712,0.05521472392638037,-0.015618998843038032,0.49693251533742333,0.9104,163,1.0,False
public__amazon_google__p70__seed20260726__reciprocal_rank,amazon_google,0.7,20260726,jina_finetuned,roberta_finetuned,reciprocal_rank,within_standalone,0.3946209930592514,0.3481606837699602,0.046460309289291186,0.004184927610625014,0.08804462889544215,0.16891749957374022,0.5950920245398773,0.0292,163,0.1752,False
public__amazon_google__p70__seed20260726__hit_at_1,amazon_google,0.7,20260726,jina_finetuned,roberta_finetuned,hit_at_1,within_standalone,0.3128834355828221,0.294478527607362,0.018404907975460124,-0.03067484662576687,0.06748466257668712,0.060596329409967196,0.50920245398773,0.4986,163,1.0,False
public__amazon_google__p70__seed20260726__reciprocal_rank,amazon_google,0.7,20260726,official_ditto_plain,official_ditto_mixda,reciprocal_rank,within_standalone,0.3412244800618049,0.20608421694857948,0.1351402631132254,0.0802649810091238,0.19083818263149102,0.37271579442291675,0.5674846625766872,0.0,163,0.0,True
public__amazon_google__p70__seed20260726__hit_at_1,amazon_google,0.7,20260726,official_ditto_plain,official_ditto_mixda,hit_at_1,within_standalone,0.25766871165644173,0.1411042944785276,0.1165644171779141,0.05521472392638037,0.17791411042944785,0.29800710839153827,0.558282208588957,0.0,163,0.0,True
public__amazon_google__p70__seed20260726__reciprocal_rank,amazon_google,0.7,20260726,hef_linear_bert,hef_linear_bge,reciprocal_rank,within_linear,0.30564271774198865,0.3020476199672283,0.003595097774760285,-0.022081945411965325,0.029609033004113872,0.02121014075844626,0.5521472392638036,0.7742,163,1.0,False
public__amazon_google__p70__seed20260726__hit_at_1,amazon_google,0.7,20260726,hef_linear_bert,hef_linear_bge,hit_at_1,within_linear,0.25766871165644173,0.24539877300613497,0.012269938650306749,-0.018404907975460124,0.049079754601226995,0.05529960441296391,0.5061349693251533,0.5908,163,1.0,False
public__amazon_google__p70__seed20260726__reciprocal_rank,amazon_google,0.7,20260726,hef_gbdt_e5_roberta_oof,hef_gbdt_e5_jina_oof,reciprocal_rank,within_gbdt,0.3693361116391134,0.3449819076518934,0.02435420398722003,-0.011334543121405494,0.06115304877669205,0.10213901027293128,0.5122699386503068,0.1816,163,0.908,False
public__amazon_google__p70__seed20260726__hit_at_1,amazon_google,0.7,20260726,hef_gbdt_e5_roberta_oof,hef_gbdt_e5_jina_oof,hit_at_1,within_gbdt,0.294478527607362,0.2883435582822086,0.006134969325153374,-0.03067484662576687,0.04294478527607362,0.026037346337141387,0.5030674846625767,0.8492,163,1.0,False
public__amazon_google__p70__seed20260726__reciprocal_rank,amazon_google,0.7,20260726,joint_neural_hef_roberta,joint_neural_hef_jina,reciprocal_rank,within_joint,0.37029799380859635,0.22088436573947823,0.14941362806911812,0.08900266915951519,0.2126291434842421,0.36499631668553295,0.5705521472392638,0.0,163,0.0,True
public__amazon_google__p70__seed20260726__hit_at_1,amazon_google,0.7,20260726,joint_neural_hef_roberta,joint_neural_hef_jina,hit_at_1,within_joint,0.3006134969325153,0.15950920245398773,0.1411042944785276,0.0736196319018405,0.2085889570552147,0.318709058414678,0.5705521472392638,0.0,163,0.0,True
public__amazon_google__p70__seed20260727__reciprocal_rank,amazon_google,0.7,20260727,jina_finetuned,hef_linear_bert,reciprocal_rank,cross_family,0.3997597373348722,0.290065616636726,0.10969412069814624,0.0638781317384648,0.1577956109817754,0.35893620855913255,0.5920245398773006,0.0,163,0.0,True
public__amazon_google__p70__seed20260727__hit_at_1,amazon_google,0.7,20260727,jina_finetuned,hef_linear_bert,hit_at_1,cross_family,0.32515337423312884,0.25766871165644173,0.06748466257668712,0.018404907975460124,0.1165644171779141,0.2130264123155185,0.5337423312883436,0.0062,163,0.055799999999999995,False
public__amazon_google__p70__seed20260727__reciprocal_rank,amazon_google,0.7,20260727,jina_finetuned,hef_gbdt_e5_roberta_oof,reciprocal_rank,cross_family,0.3997597373348722,0.35164047452374364,0.04811926281112859,-0.006229785818386927,0.10169371326068924,0.13704924033048144,0.5276073619631902,0.0742,163,0.2968,False
public__amazon_google__p70__seed20260727__hit_at_1,amazon_google,0.7,20260727,jina_finetuned,hef_gbdt_e5_roberta_oof,hit_at_1,cross_family,0.32515337423312884,0.2822085889570552,0.04294478527607362,-0.012269938650306749,0.09815950920245399,0.12014043662262663,0.5214723926380368,0.1422,163,0.9954,False
public__amazon_google__p70__seed20260727__reciprocal_rank,amazon_google,0.7,20260727,jina_finetuned,joint_neural_hef_roberta,reciprocal_rank,cross_family,0.3997597373348722,0.3397747695238937,0.059984967810978555,0.016896749876532974,0.10564312474744822,0.2054079173565231,0.5337423312883436,0.0052,163,0.0312,True
public__amazon_google__p70__seed20260727__hit_at_1,amazon_google,0.7,20260727,jina_finetuned,joint_neural_hef_roberta,hit_at_1,cross_family,0.32515337423312884,0.25766871165644173,0.06748466257668712,0.018404907975460124,0.1165644171779141,0.2010203046300061,0.5337423312883436,0.009,163,0.072,False
public__amazon_google__p70__seed20260727__reciprocal_rank,amazon_google,0.7,20260727,hef_linear_bert,hef_gbdt_e5_roberta_oof,reciprocal_rank,cross_family,0.290065616636726,0.35164047452374364,-0.06157485788701766,-0.09462047657570824,-0.031048426908376704,-0.29222590473300103,0.3711656441717791,0.0,163,0.0,True
public__amazon_google__p70__seed20260727__hit_at_1,amazon_google,0.7,20260727,hef_linear_bert,hef_gbdt_e5_roberta_oof,hit_at_1,cross_family,0.25766871165644173,0.2822085889570552,-0.024539877300613498,-0.06134969325153374,0.006134969325153374,-0.11111322805758538,0.4877300613496932,0.2072,163,1.0,False
public__amazon_google__p70__seed20260727__reciprocal_rank,amazon_google,0.7,20260727,hef_linear_bert,joint_neural_hef_roberta,reciprocal_rank,cross_family,0.290065616636726,0.3397747695238937,-0.0497091528871677,-0.09716394073865957,-0.004214396749369503,-0.16351763199339697,0.4693251533742331,0.0316,163,0.15800000000000003,False
public__amazon_google__p70__seed20260727__hit_at_1,amazon_google,0.7,20260727,hef_linear_bert,joint_neural_hef_roberta,hit_at_1,cross_family,0.25766871165644173,0.25766871165644173,0.0,-0.049079754601226995,0.049079754601226995,0.0,0.5,1.0,163,1.0,False
public__amazon_google__p70__seed20260727__reciprocal_rank,amazon_google,0.7,20260727,hef_gbdt_e5_roberta_oof,joint_neural_hef_roberta,reciprocal_rank,cross_family,0.35164047452374364,0.3397747695238937,0.01186570499984996,-0.03844876667009194,0.06247526921848026,0.035886851292630625,0.5613496932515337,0.6398,163,1.0,False
public__amazon_google__p70__seed20260727__hit_at_1,amazon_google,0.7,20260727,hef_gbdt_e5_roberta_oof,joint_neural_hef_roberta,hit_at_1,cross_family,0.2822085889570552,0.25766871165644173,0.024539877300613498,-0.03067484662576687,0.07975460122699386,0.0700137393835334,0.5122699386503068,0.4332,163,1.0,False
public__amazon_google__p70__seed20260727__reciprocal_rank,amazon_google,0.7,20260727,jina_finetuned,roberta_finetuned,reciprocal_rank,within_standalone,0.3997597373348722,0.32204999879657714,0.07770973853829512,0.04050836975363299,0.11818840433163497,0.307137800082321,0.6226993865030674,0.0,163,0.0,True
public__amazon_google__p70__seed20260727__hit_at_1,amazon_google,0.7,20260727,jina_finetuned,roberta_finetuned,hit_at_1,within_standalone,0.32515337423312884,0.25153374233128833,0.0736196319018405,0.03067484662576687,0.1165644171779141,0.25872661150892384,0.5368098159509203,0.0,163,0.0,True
public__amazon_google__p70__seed20260727__reciprocal_rank,amazon_google,0.7,20260727,official_ditto_plain,official_ditto_mixda,reciprocal_rank,within_standalone,0.25589400242864635,0.18017519046675598,0.0757188119618903,0.026721848182329293,0.12515685718298888,0.23433856841464035,0.558282208588957,0.0022,163,0.0154,True
public__amazon_google__p70__seed20260727__hit_at_1,amazon_google,0.7,20260727,official_ditto_plain,official_ditto_mixda,hit_at_1,within_standalone,0.15337423312883436,0.12269938650306748,0.03067484662576687,-0.012269938650306749,0.07975460122699386,0.10132719639915067,0.5153374233128835,0.239,163,1.0,False
public__amazon_google__p70__seed20260727__reciprocal_rank,amazon_google,0.7,20260727,hef_linear_bert,hef_linear_bge,reciprocal_rank,within_linear,0.290065616636726,0.28211381605039043,0.00795180058633556,-0.005172788038894821,0.026297140129009723,0.07461533434506548,0.50920245398773,0.3158,163,0.9474,False
public__amazon_google__p70__seed20260727__hit_at_1,amazon_google,0.7,20260727,hef_linear_bert,hef_linear_bge,hit_at_1,within_linear,0.25766871165644173,0.24539877300613497,0.012269938650306749,0.0,0.03067484662576687,0.11111322805758538,0.5061349693251533,0.2802,163,1.0,False
public__amazon_google__p70__seed20260727__reciprocal_rank,amazon_google,0.7,20260727,hef_gbdt_e5_roberta_oof,hef_gbdt_e5_jina_oof,reciprocal_rank,within_gbdt,0.35164047452374364,0.3544857947555364,-0.002845320231792669,-0.04038091609263107,0.03564312787770265,-0.011242679669991922,0.49693251533742333,0.8684,163,1.0,False
public__amazon_google__p70__seed20260727__hit_at_1,amazon_google,0.7,20260727,hef_gbdt_e5_roberta_oof,hef_gbdt_e5_jina_oof,hit_at_1,within_gbdt,0.2822085889570552,0.27607361963190186,0.006134969325153374,-0.03680981595092025,0.04294478527607362,0.023550205568024906,0.5030674846625767,0.8562,163,1.0,False
public__amazon_google__p70__seed20260727__reciprocal_rank,amazon_google,0.7,20260727,joint_neural_hef_roberta,joint_neural_hef_jina,reciprocal_rank,within_joint,0.3397747695238937,0.1933783796115248,0.1463963899123689,0.08743634828478465,0.2066288779586546,0.3760373130246962,0.5950920245398773,0.0,163,0.0,True
public__amazon_google__p70__seed20260727__hit_at_1,amazon_google,0.7,20260727,joint_neural_hef_roberta,joint_neural_hef_jina,hit_at_1,within_joint,0.25766871165644173,0.13496932515337423,0.12269938650306748,0.05521472392638037,0.1901840490797546,0.28730981441301956,0.5613496932515337,0.0002,163,0.002,True
public__walmart_amazon__p00__seed20260725__reciprocal_rank,walmart_amazon,0.0,20260725,jina_finetuned,hef_linear_bert,reciprocal_rank,cross_family,0.9478371501272264,0.9384223918575064,0.009414758269720103,-0.02608142493638677,0.04440203562340968,0.04515118133945423,0.5114503816793893,0.5968,131,1.0,False
public__walmart_amazon__p00__seed20260725__hit_at_1,walmart_amazon,0.0,20260725,jina_finetuned,hef_linear_bert,hit_at_1,cross_family,0.916030534351145,0.9007633587786259,0.015267175572519083,-0.03816793893129771,0.06870229007633588,0.04657367187524086,0.5076335877862596,0.6692,131,1.0,False
public__walmart_amazon__p00__seed20260725__reciprocal_rank,walmart_amazon,0.0,20260725,jina_finetuned,hef_gbdt_e5_roberta_oof,reciprocal_rank,cross_family,0.9478371501272264,0.9685750636132316,-0.02073791348600509,-0.04681933842239185,0.0025445292620865124,-0.14282801387835595,0.4809160305343511,0.0886,131,0.7974,False
public__walmart_amazon__p00__seed20260725__hit_at_1,walmart_amazon,0.0,20260725,jina_finetuned,hef_gbdt_e5_roberta_oof,hit_at_1,cross_family,0.916030534351145,0.9465648854961832,-0.030534351145038167,-0.07633587786259542,0.007633587786259542,-0.12403840441877534,0.48473282442748095,0.2016,131,1.0,False
public__walmart_amazon__p00__seed20260725__reciprocal_rank,walmart_amazon,0.0,20260725,jina_finetuned,joint_neural_hef_roberta,reciprocal_rank,cross_family,0.9478371501272264,0.9673228873710994,-0.019485737243873043,-0.05002008838891121,0.009541984732824426,-0.11204463801916248,0.48473282442748095,0.1848,131,1.0,False
public__walmart_amazon__p00__seed20260725__hit_at_1,walmart_amazon,0.0,20260725,jina_finetuned,joint_neural_hef_roberta,hit_at_1,cross_family,0.916030534351145,0.9465648854961832,-0.030534351145038167,-0.08396946564885496,0.022900763358778626,-0.10101624559279135,0.4847328244274809,0.2972,131,1.0,False
public__walmart_amazon__p00__seed20260725__reciprocal_rank,walmart_amazon,0.0,20260725,hef_linear_bert,hef_gbdt_e5_roberta_oof,reciprocal_rank,cross_family,0.9384223918575064,0.9685750636132316,-0.030152671755725193,-0.0608174300254453,-0.002032442748091649,-0.1752118694800991,0.47328244274809156,0.037,131,0.407,False
public__walmart_amazon__p00__seed20260725__hit_at_1,walmart_amazon,0.0,20260725,hef_linear_bert,hef_gbdt_e5_roberta_oof,hit_at_1,cross_family,0.9007633587786259,0.9465648854961832,-0.04580152671755725,-0.0916030534351145,0.0,-0.16745671396383502,0.4770992366412214,0.061,131,0.671,False
public__walmart_amazon__p00__seed20260725__reciprocal_rank,walmart_amazon,0.0,20260725,hef_linear_bert,joint_neural_hef_roberta,reciprocal_rank,cross_family,0.9384223918575064,0.9673228873710994,-0.028900495513593145,-0.0623409669211196,0.002397214410070978,-0.1513403415440041,0.4732824427480916,0.0732,131,0.732,False
public__walmart_amazon__p00__seed20260725__hit_at_1,walmart_amazon,0.0,20260725,hef_linear_bert,joint_neural_hef_roberta,hit_at_1,cross_family,0.9007633587786259,0.9465648854961832,-0.04580152671755725,-0.09923664122137404,0.0,-0.1525076646803679,0.47709923664122134,0.1,131,1.0,False
public__walmart_amazon__p00__seed20260725__reciprocal_rank,walmart_amazon,0.0,20260725,hef_gbdt_e5_roberta_oof,joint_neural_hef_roberta,reciprocal_rank,cross_family,0.9685750636132316,0.9673228873710994,0.0012521762421320473,-0.022901265568501406,0.025914021695460025,0.008738858992567147,0.5,0.9268,131,1.0,False
public__walmart_amazon__p00__seed20260725__hit_at_1,walmart_amazon,0.0,20260725,hef_gbdt_e5_roberta_oof,joint_neural_hef_roberta,hit_at_1,cross_family,0.9465648854961832,0.9465648854961832,0.0,-0.04580152671755725,0.04580152671755725,0.0,0.5,1.0,131,1.0,False
public__walmart_amazon__p00__seed20260725__reciprocal_rank,walmart_amazon,0.0,20260725,jina_finetuned,roberta_finetuned,reciprocal_rank,within_standalone,0.9478371501272264,0.9564249363867684,-0.008587786259541987,-0.033078880407124686,0.013994910941475827,-0.06211240011031025,0.4961832061068702,0.4576,131,1.0,False
public__walmart_amazon__p00__seed20260725__hit_at_1,walmart_amazon,0.0,20260725,jina_finetuned,roberta_finetuned,hit_at_1,within_standalone,0.916030534351145,0.9236641221374046,-0.007633587786259542,-0.04580152671755725,0.030534351145038167,-0.03291457801109089,0.4961832061068702,0.84,131,1.0,False
public__walmart_amazon__p00__seed20260725__reciprocal_rank,walmart_amazon,0.0,20260725,official_ditto_plain,official_ditto_mixda,reciprocal_rank,within_standalone,0.9664909105217596,0.9693885419076259,-0.002897631385866216,-0.024745884913509056,0.018228082350219752,-0.022899637835267835,0.4961832061068702,0.7788,131,1.0,False
public__walmart_amazon__p00__seed20260725__hit_at_1,walmart_amazon,0.0,20260725,official_ditto_plain,official_ditto_mixda,hit_at_1,within_standalone,0.9541984732824428,0.9541984732824428,0.0,-0.03816793893129771,0.03816793893129771,0.0,0.5,1.0,131,1.0,False
public__walmart_amazon__p00__seed20260725__reciprocal_rank,walmart_amazon,0.0,20260725,hef_linear_bert,hef_linear_bge,reciprocal_rank,within_linear,0.9384223918575064,0.9418029807342784,-0.003380588876772082,-0.01795710650672483,0.010977826245001819,-0.03931301669453273,0.4961832061068703,0.6632,131,1.0,False
public__walmart_amazon__p00__seed20260725__hit_at_1,walmart_amazon,0.0,20260725,hef_linear_bert,hef_linear_bge,hit_at_1,within_linear,0.9007633587786259,0.9083969465648855,-0.007633587786259542,-0.03816793893129771,0.015267175572519083,-0.050314480718109476,0.4961832061068702,0.742,131,1.0,False
public__walmart_amazon__p00__seed20260725__reciprocal_rank,walmart_amazon,0.0,20260725,hef_gbdt_e5_roberta_oof,hef_gbdt_e5_jina_oof,reciprocal_rank,within_gbdt,0.9685750636132316,0.9631043256997455,0.005470737913486005,-0.017811704834605598,0.030534351145038167,0.03933030865614355,0.5038167938931297,0.657,131,1.0,False
public__walmart_amazon__p00__seed20260725__hit_at_1,walmart_amazon,0.0,20260725,hef_gbdt_e5_roberta_oof,hef_gbdt_e5_jina_oof,hit_at_1,within_gbdt,0.9465648854961832,0.9389312977099237,0.007633587786259542,-0.030534351145038167,0.04580152671755725,0.03291457801109089,0.5038167938931298,0.8368,131,1.0,False
public__walmart_amazon__p00__seed20260725__reciprocal_rank,walmart_amazon,0.0,20260725,joint_neural_hef_roberta,joint_neural_hef_jina,reciprocal_rank,within_joint,0.9673228873710994,0.9640036851803107,0.0033192021907888975,-0.018712016781886276,0.028209899419514822,0.02412419731225431,0.5,0.7596,131,1.0,False
public__walmart_amazon__p00__seed20260725__hit_at_1,walmart_amazon,0.0,20260725,joint_neural_hef_roberta,joint_neural_hef_jina,hit_at_1,within_joint,0.9465648854961832,0.9465648854961832,0.0,-0.03816793893129771,0.03816793893129771,0.0,0.5,1.0,131,1.0,False
public__walmart_amazon__p10__seed20260725__reciprocal_rank,walmart_amazon,0.1,20260725,jina_finetuned,hef_linear_bert,reciprocal_rank,cross_family,0.8904468305231664,0.852458180793815,0.03798864972935137,-0.0032002161471160126,0.0818628463205266,0.15397279289499768,0.5419847328244275,0.0712,131,0.6408,False
public__walmart_amazon__p10__seed20260725__hit_at_1,walmart_amazon,0.1,20260725,jina_finetuned,hef_linear_bert,hit_at_1,cross_family,0.8396946564885496,0.7938931297709924,0.04580152671755725,-0.015267175572519083,0.10687022900763359,0.12403840441877532,0.5229007633587787,0.188,131,1.0,False
public__walmart_amazon__p10__seed20260725__reciprocal_rank,walmart_amazon,0.1,20260725,jina_finetuned,hef_gbdt_e5_roberta_oof,reciprocal_rank,cross_family,0.8904468305231664,0.8979717967003636,-0.007524966177197256,-0.03848762154194614,0.02195509453701814,-0.04189381346542311,0.5076335877862596,0.6172,131,1.0,False
public__walmart_amazon__p10__seed20260725__hit_at_1,walmart_amazon,0.1,20260725,jina_finetuned,hef_gbdt_e5_roberta_oof,hit_at_1,cross_family,0.8396946564885496,0.8625954198473282,-0.022900763358778626,-0.07633587786259542,0.022900763358778626,-0.07897429798084186,0.48854961832061067,0.4312,131,1.0,False
public__walmart_amazon__p10__seed20260725__reciprocal_rank,walmart_amazon,0.1,20260725,jina_finetuned,joint_neural_hef_roberta,reciprocal_rank,cross_family,0.8904468305231664,0.8997940142978311,-0.009347183774664692,-0.03827380952380953,0.020311827167743195,-0.05496236854810623,0.48091603053435117,0.523,131,1.0,False
public__walmart_amazon__p10__seed20260725__hit_at_1,walmart_amazon,0.1,20260725,jina_finetuned,joint_neural_hef_roberta,hit_at_1,cross_family,0.8396946564885496,0.8549618320610687,-0.015267175572519083,-0.061068702290076333,0.030534351145038167,-0.05513081789542489,0.49236641221374045,0.6108,131,1.0,False
public__walmart_amazon__p10__seed20260725__reciprocal_rank,walmart_amazon,0.1,20260725,hef_linear_bert,hef_gbdt_e5_roberta_oof,reciprocal_rank,cross_family,0.852458180793815,0.8979717967003636,-0.04551361590654863,-0.08390122520258499,-0.009050127961716845,-0.20547408112623333,0.4770992366412214,0.0156,131,0.1716,False
public__walmart_amazon__p10__seed20260725__hit_at_1,walmart_amazon,0.1,20260725,hef_linear_bert,hef_gbdt_e5_roberta_oof,hit_at_1,cross_family,0.7938931297709924,0.8625954198473282,-0.06870229007633588,-0.1297709923664122,-0.015267175572519083,-0.20655613019229788,0.46564885496183206,0.0184,131,0.2024,False
public__walmart_amazon__p10__seed20260725__reciprocal_rank,walmart_amazon,0.1,20260725,hef_linear_bert,joint_neural_hef_roberta,reciprocal_rank,cross_family,0.852458180793815,0.8997940142978311,-0.047335833504016066,-0.09173636551265672,-0.003962610102978832,-0.1817574528232318,0.4694656488549618,0.0318,131,0.318,False
public__walmart_amazon__p10__seed20260725__hit_at_1,walmart_amazon,0.1,20260725,hef_linear_bert,joint_neural_hef_roberta,hit_at_1,cross_family,0.7938931297709924,0.8549618320610687,-0.061068702290076333,-0.12213740458015267,0.0,-0.15763243727845855,0.46946564885496184,0.0816,131,0.8160000000000001,False
public__walmart_amazon__p10__seed20260725__reciprocal_rank,walmart_amazon,0.1,20260725,hef_gbdt_e5_roberta_oof,joint_neural_hef_roberta,reciprocal_rank,cross_family,0.8979717967003636,0.8997940142978311,-0.001822217597467435,-0.03625570308051723,0.03286150314582409,-0.009140242822597257,0.48091603053435117,0.9116,131,1.0,False
public__walmart_amazon__p10__seed20260725__hit_at_1,walmart_amazon,0.1,20260725,hef_gbdt_e5_roberta_oof,joint_neural_hef_roberta,hit_at_1,cross_family,0.8625954198473282,0.8549618320610687,0.007633587786259542,-0.04580152671755725,0.061068702290076333,0.024146614599158976,0.5038167938931297,0.8834,131,1.0,False
public__walmart_amazon__p10__seed20260725__reciprocal_rank,walmart_amazon,0.1,20260725,jina_finetuned,roberta_finetuned,reciprocal_rank,within_standalone,0.8904468305231664,0.894078338963835,-0.003631508440668747,-0.03609541952957984,0.026582094750033678,-0.01963791421074989,0.5076335877862596,0.8106,131,1.0,False
public__walmart_amazon__p10__seed20260725__hit_at_1,walmart_amazon,0.1,20260725,jina_finetuned,roberta_finetuned,hit_at_1,within_standalone,0.8396946564885496,0.8473282442748091,-0.007633587786259542,-0.05343511450381679,0.03816793893129771,-0.026251539798935557,0.4961832061068702,0.8706,131,1.0,False
public__walmart_amazon__p10__seed20260725__reciprocal_rank,walmart_amazon,0.1,20260725,official_ditto_plain,official_ditto_mixda,reciprocal_rank,within_standalone,0.8958682379961006,0.8980037562098631,-0.002135518213762488,-0.03163906823138693,0.029534504670477937,-0.011885056779904915,0.46564885496183206,0.872,131,1.0,False
public__walmart_amazon__p10__seed20260725__hit_at_1,walmart_amazon,0.1,20260725,official_ditto_plain,official_ditto_mixda,hit_at_1,within_standalone,0.8549618320610687,0.8549618320610687,0.0,-0.04580152671755725,0.04580152671755725,0.0,0.5,1.0,131,1.0,False
public__walmart_amazon__p10__seed20260725__reciprocal_rank,walmart_amazon,0.1,20260725,hef_linear_bert,hef_linear_bge,reciprocal_rank,within_linear,0.852458180793815,0.8417630909334405,0.010695089860374558,-0.018308288402403578,0.040521820090403234,0.06182196274030102,0.5114503816793893,0.467,131,1.0,False
public__walmart_amazon__p10__seed20260725__hit_at_1,walmart_amazon,0.1,20260725,hef_linear_bert,hef_linear_bge,hit_at_1,within_linear,0.7938931297709924,0.7786259541984732,0.015267175572519083,-0.030534351145038167,0.061068702290076333,0.05513081789542489,0.5076335877862596,0.6216,131,1.0,False
public__walmart_amazon__p10__seed20260725__reciprocal_rank,walmart_amazon,0.1,20260725,hef_gbdt_e5_roberta_oof,hef_gbdt_e5_jina_oof,reciprocal_rank,within_gbdt,0.8979717967003636,0.8958583423629627,0.002113454337400965,-0.026645989274622098,0.03222460460825239,0.01206868222144309,0.4770992366412214,0.8798,131,1.0,False
public__walmart_amazon__p10__seed20260725__hit_at_1,walmart_amazon,0.1,20260725,hef_gbdt_e5_roberta_oof,hef_gbdt_e5_jina_oof,hit_at_1,within_gbdt,0.8625954198473282,0.8549618320610687,0.007633587786259542,-0.04580152671755725,0.061068702290076333,0.026251539798935557,0.5038167938931297,0.8728,131,1.0,False
public__walmart_amazon__p10__seed20260725__reciprocal_rank,walmart_amazon,0.1,20260725,joint_neural_hef_roberta,joint_neural_hef_jina,reciprocal_rank,within_joint,0.8997940142978311,0.9073882224645583,-0.007594208166727251,-0.03396992002908032,0.01760314431115957,-0.050158634259473,0.48473282442748095,0.5542,131,1.0,False
public__walmart_amazon__p10__seed20260725__hit_at_1,walmart_amazon,0.1,20260725,joint_neural_hef_roberta,joint_neural_hef_jina,hit_at_1,within_joint,0.8549618320610687,0.8625954198473282,-0.007633587786259542,-0.04580152671755725,0.030534351145038167,-0.0329145780110909,0.4961832061068702,0.8478,131,1.0,False
public__walmart_amazon__p10__seed20260726__reciprocal_rank,walmart_amazon,0.1,20260726,jina_finetuned,hef_linear_bert,reciprocal_rank,cross_family,0.9095510723373318,0.8686927343225054,0.040858338014826565,-0.007936535474703419,0.09205787771388918,0.13999888303794428,0.5343511450381679,0.1022,131,0.8176,False
public__walmart_amazon__p10__seed20260726__hit_at_1,walmart_amazon,0.1,20260726,jina_finetuned,hef_linear_bert,hit_at_1,cross_family,0.8702290076335878,0.816793893129771,0.05343511450381679,-0.022900763358778626,0.12213740458015267,0.12808402558797466,0.5267175572519084,0.1684,131,1.0,False
public__walmart_amazon__p10__seed20260726__reciprocal_rank,walmart_amazon,0.1,20260726,jina_finetuned,hef_gbdt_e5_roberta_oof,reciprocal_rank,cross_family,0.9095510723373318,0.9102084090633709,-0.0006573367260390142,-0.040880134496546705,0.03836877499091239,-0.0028377809645482475,0.5076335877862596,0.9496,131,1.0,False
public__walmart_amazon__p10__seed20260726__hit_at_1,walmart_amazon,0.1,20260726,jina_finetuned,hef_gbdt_e5_roberta_oof,hit_at_1,cross_family,0.8702290076335878,0.8778625954198473,-0.007633587786259542,-0.06870229007633588,0.05343511450381679,-0.022478394381230088,0.4961832061068702,0.8958,131,1.0,False
public__walmart_amazon__p10__seed20260726__reciprocal_rank,walmart_amazon,0.1,20260726,jina_finetuned,joint_neural_hef_roberta,reciprocal_rank,cross_family,0.9095510723373318,0.9318157033805889,-0.022264631043256995,-0.06290644311159578,0.01804798255179935,-0.09361223329256364,0.4770992366412214,0.2668,131,1.0,False
public__walmart_amazon__p10__seed20260726__hit_at_1,walmart_amazon,0.1,20260726,jina_finetuned,joint_neural_hef_roberta,hit_at_1,cross_family,0.8702290076335878,0.9007633587786259,-0.030534351145038167,-0.0916030534351145,0.030534351145038167,-0.08233842858150955,0.4847328244274809,0.4048,131,1.0,False
public__walmart_amazon__p10__seed20260726__reciprocal_rank,walmart_amazon,0.1,20260726,hef_linear_bert,hef_gbdt_e5_roberta_oof,reciprocal_rank,cross_family,0.8686927343225054,0.9102084090633709,-0.04151567474086558,-0.07531571714968661,-0.009866662122864415,-0.21780244519073533,0.4732824427480916,0.0074,131,0.07400000000000001,False
public__walmart_amazon__p10__seed20260726__hit_at_1,walmart_amazon,0.1,20260726,hef_linear_bert,hef_gbdt_e5_roberta_oof,hit_at_1,cross_family,0.816793893129771,0.8778625954198473,-0.061068702290076333,-0.11450381679389313,-0.015267175572519083,-0.20522267517735263,0.46946564885496184,0.0194,131,0.194,False
public__walmart_amazon__p10__seed20260726__reciprocal_rank,walmart_amazon,0.1,20260726,hef_linear_bert,joint_neural_hef_roberta,reciprocal_rank,cross_family,0.8686927343225054,0.9318157033805889,-0.06312296905808357,-0.11038457296520272,-0.017970651168170253,-0.23559813685704054,0.44656488549618323,0.0034,131,0.037399999999999996,True
public__walmart_amazon__p10__seed20260726__hit_at_1,walmart_amazon,0.1,20260726,hef_linear_bert,joint_neural_hef_roberta,hit_at_1,cross_family,0.816793893129771,0.9007633587786259,-0.08396946564885496,-0.1450381679389313,-0.022900763358778626,-0.22518417375691363,0.4580152671755725,0.011,131,0.121,False
public__walmart_amazon__p10__seed20260726__reciprocal_rank,walmart_amazon,0.1,20260726,hef_gbdt_e5_roberta_oof,joint_neural_hef_roberta,reciprocal_rank,cross_family,0.9102084090633709,0.9318157033805889,-0.021607294317217984,-0.06563492063492063,0.021424027626317683,-0.08519106434768138,0.4732824427480916,0.3234,131,1.0,False
public__walmart_amazon__p10__seed20260726__hit_at_1,walmart_amazon,0.1,20260726,hef_gbdt_e5_roberta_oof,joint_neural_hef_roberta,hit_at_1,cross_family,0.8778625954198473,0.9007633587786259,-0.022900763358778626,-0.08396946564885496,0.03816793893129771,-0.06345655809701735,0.48854961832061067,0.5318,131,1.0,False
public__walmart_amazon__p10__seed20260726__reciprocal_rank,walmart_amazon,0.1,20260726,jina_finetuned,roberta_finetuned,reciprocal_rank,within_standalone,0.9095510723373318,0.930257897595269,-0.020706825257937107,-0.05705602651856386,0.015218092181355539,-0.09666478894219831,0.4809160305343511,0.2626,131,1.0,False
public__walmart_amazon__p10__seed20260726__hit_at_1,walmart_amazon,0.1,20260726,jina_finetuned,roberta_finetuned,hit_at_1,within_standalone,0.8702290076335878,0.9083969465648855,-0.03816793893129771,-0.0916030534351145,0.015267175572519083,-0.12159341456526236,0.4809160305343511,0.1938,131,1.0,False
public__walmart_amazon__p10__seed20260726__reciprocal_rank,walmart_amazon,0.1,20260726,official_ditto_plain,official_ditto_mixda,reciprocal_rank,within_standalone,0.9053110249054758,0.9386968516029406,-0.03338582669746494,-0.06371381107468042,-0.006827428782968863,-0.2000650330001313,0.46564885496183206,0.012,131,0.108,False
public__walmart_amazon__p10__seed20260726__hit_at_1,walmart_amazon,0.1,20260726,official_ditto_plain,official_ditto_mixda,hit_at_1,within_standalone,0.8778625954198473,0.916030534351145,-0.03816793893129771,-0.08396946564885496,0.007633587786259542,-0.14662334674438096,0.48091603053435117,0.1116,131,1.0,False
public__walmart_amazon__p10__seed20260726__reciprocal_rank,walmart_amazon,0.1,20260726,hef_linear_bert,hef_linear_bge,reciprocal_rank,within_linear,0.8686927343225054,0.8539512862031946,0.014741448119310715,-0.010765804064468185,0.04248142066796646,0.09569615203818847,0.5,0.2578,131,1.0,False
public__walmart_amazon__p10__seed20260726__hit_at_1,walmart_amazon,0.1,20260726,hef_linear_bert,hef_linear_bge,hit_at_1,within_linear,0.816793893129771,0.8015267175572519,0.015267175572519083,-0.022900763358778626,0.061068702290076333,0.06166173985331965,0.5076335877862596,0.5892,131,1.0,False
public__walmart_amazon__p10__seed20260726__reciprocal_rank,walmart_amazon,0.1,20260726,hef_gbdt_e5_roberta_oof,hef_gbdt_e5_jina_oof,reciprocal_rank,within_gbdt,0.9102084090633709,0.9207470010905124,-0.010538592027141646,-0.04726190476190476,0.02611171695141161,-0.04828784760030734,0.48473282442748095,0.571,131,1.0,False
public__walmart_amazon__p10__seed20260726__hit_at_1,walmart_amazon,0.1,20260726,hef_gbdt_e5_roberta_oof,hef_gbdt_e5_jina_oof,hit_at_1,within_gbdt,0.8778625954198473,0.8931297709923665,-0.015267175572519083,-0.06870229007633588,0.03816793893129771,-0.04657367187524086,0.4923664122137405,0.669,131,1.0,False
public__walmart_amazon__p10__seed20260726__reciprocal_rank,walmart_amazon,0.1,20260726,joint_neural_hef_roberta,joint_neural_hef_jina,reciprocal_rank,within_joint,0.9318157033805889,0.930386635860021,0.001429067520567796,-0.032499583438447006,0.03524252725280269,0.00708401948932848,0.5038167938931297,0.9092,131,1.0,False
public__walmart_amazon__p10__seed20260726__hit_at_1,walmart_amazon,0.1,20260726,joint_neural_hef_roberta,joint_neural_hef_jina,hit_at_1,within_joint,0.9007633587786259,0.9007633587786259,0.0,-0.05343511450381679,0.05343511450381679,0.0,0.5,1.0,131,1.0,False
public__walmart_amazon__p10__seed20260727__reciprocal_rank,walmart_amazon,0.1,20260727,jina_finetuned,hef_linear_bert,reciprocal_rank,cross_family,0.9065900359681232,0.862588707158903,0.0440013288092201,-0.0035327165580992166,0.0930470347286106,0.15702587030620707,0.5305343511450382,0.0696,131,0.696,False
public__walmart_amazon__p10__seed20260727__hit_at_1,walmart_amazon,0.1,20260727,jina_finetuned,hef_linear_bert,hit_at_1,cross_family,0.8702290076335878,0.8091603053435115,0.061068702290076333,-0.007633587786259542,0.12213740458015267,0.15763243727845855,0.5305343511450381,0.0844,131,0.8440000000000001,False
public__walmart_amazon__p10__seed20260727__reciprocal_rank,walmart_amazon,0.1,20260727,jina_finetuned,hef_gbdt_e5_roberta_oof,reciprocal_rank,cross_family,0.9065900359681232,0.8900427896694818,0.01654724629864123,-0.024608155966273214,0.059075281684643356,0.06758293893093437,0.5229007633587787,0.4322,131,1.0,False
public__walmart_amazon__p10__seed20260727__hit_at_1,walmart_amazon,0.1,20260727,jina_finetuned,hef_gbdt_e5_roberta_oof,hit_at_1,cross_family,0.8702290076335878,0.8549618320610687,0.015267175572519083,-0.03816793893129771,0.06870229007633588,0.04657367187524088,0.5076335877862596,0.6714,131,1.0,False
public__walmart_amazon__p10__seed20260727__reciprocal_rank,walmart_amazon,0.1,20260727,jina_finetuned,joint_neural_hef_roberta,reciprocal_rank,cross_family,0.9065900359681232,0.9111740601861841,-0.004584024218061039,-0.04018523445695651,0.03025136257371326,-0.022343707402760073,0.5038167938931297,0.7808,131,1.0,False
public__walmart_amazon__p10__seed20260727__hit_at_1,walmart_amazon,0.1,20260727,jina_finetuned,joint_neural_hef_roberta,hit_at_1,cross_family,0.8702290076335878,0.8778625954198473,-0.007633587786259542,-0.061068702290076333,0.04580152671755725,-0.02625153979893556,0.4961832061068702,0.8596,131,1.0,False
public__walmart_amazon__p10__seed20260727__reciprocal_rank,walmart_amazon,0.1,20260727,hef_linear_bert,hef_gbdt_e5_roberta_oof,reciprocal_rank,cross_family,0.862588707158903,0.8900427896694818,-0.027454082510578872,-0.06096963608453871,0.004909509970573455,-0.1436677075548324,0.5076335877862596,0.0956,131,0.8604,False
public__walmart_amazon__p10__seed20260727__hit_at_1,walmart_amazon,0.1,20260727,hef_linear_bert,hef_gbdt_e5_roberta_oof,hit_at_1,cross_family,0.8091603053435115,0.8549618320610687,-0.04580152671755725,-0.10687022900763359,0.007633587786259542,-0.14095887826363745,0.4770992366412214,0.1268,131,1.0,False
public__walmart_amazon__p10__seed20260727__reciprocal_rank,walmart_amazon,0.1,20260727,hef_linear_bert,joint_neural_hef_roberta,reciprocal_rank,cross_family,0.862588707158903,0.9111740601861841,-0.04858535302728114,-0.09429092451338209,-0.00332272418366015,-0.18183788415262608,0.46564885496183206,0.036,131,0.39599999999999996,False
public__walmart_amazon__p10__seed20260727__hit_at_1,walmart_amazon,0.1,20260727,hef_linear_bert,joint_neural_hef_roberta,hit_at_1,cross_family,0.8091603053435115,0.8778625954198473,-0.06870229007633588,-0.1297709923664122,-0.007633587786259542,-0.1935368547871698,0.46564885496183206,0.0314,131,0.3454,False
public__walmart_amazon__p10__seed20260727__reciprocal_rank,walmart_amazon,0.1,20260727,hef_gbdt_e5_roberta_oof,joint_neural_hef_roberta,reciprocal_rank,cross_family,0.8900427896694818,0.9111740601861841,-0.021131270516702272,-0.06398237432963642,0.020043782568723578,-0.08647641015747495,0.48473282442748095,0.3188,131,1.0,False
public__walmart_amazon__p10__seed20260727__hit_at_1,walmart_amazon,0.1,20260727,hef_gbdt_e5_roberta_oof,joint_neural_hef_roberta,hit_at_1,cross_family,0.8549618320610687,0.8778625954198473,-0.022900763358778626,-0.07633587786259542,0.030534351145038167,-0.07261069272298487,0.48854961832061067,0.4782,131,1.0,False
public__walmart_amazon__p10__seed20260727__reciprocal_rank,walmart_amazon,0.1,20260727,jina_finetuned,roberta_finetuned,reciprocal_rank,within_standalone,0.9065900359681232,0.8738849972274181,0.03270503874070492,-0.009275284263601346,0.0766850588658033,0.13063530355046293,0.5229007633587787,0.1308,131,1.0,False
public__walmart_amazon__p10__seed20260727__hit_at_1,walmart_amazon,0.1,20260727,jina_finetuned,roberta_finetuned,hit_at_1,within_standalone,0.8702290076335878,0.8320610687022901,0.03816793893129771,-0.015267175572519083,0.09923664122137404,0.11308504304954423,0.5190839694656488,0.233,131,1.0,False
public__walmart_amazon__p10__seed20260727__reciprocal_rank,walmart_amazon,0.1,20260727,official_ditto_plain,official_ditto_mixda,reciprocal_rank,within_standalone,0.8795316526014372,0.8932284353303155,-0.01369678272887835,-0.049232346372489126,0.021307074123193638,-0.06676838305170878,0.47328244274809156,0.4348,131,1.0,False
public__walmart_amazon__p10__seed20260727__hit_at_1,walmart_amazon,0.1,20260727,official_ditto_plain,official_ditto_mixda,hit_at_1,within_standalone,0.8549618320610687,0.8549618320610687,0.0,-0.04580152671755725,0.04580152671755725,0.0,0.5,1.0,131,1.0,False
public__walmart_amazon__p10__seed20260727__reciprocal_rank,walmart_amazon,0.1,20260727,hef_linear_bert,hef_linear_bge,reciprocal_rank,within_linear,0.862588707158903,0.8465731248663196,0.01601558229258345,-0.008360451102829812,0.043156663360074086,0.1061528181192342,0.5114503816793893,0.2138,131,1.0,False
public__walmart_amazon__p10__seed20260727__hit_at_1,walmart_amazon,0.1,20260727,hef_linear_bert,hef_linear_bge,hit_at_1,within_linear,0.8091603053435115,0.7938931297709924,0.015267175572519083,-0.022900763358778626,0.05343511450381679,0.07124635449780077,0.5076335877862596,0.53,131,1.0,False
public__walmart_amazon__p10__seed20260727__reciprocal_rank,walmart_amazon,0.1,20260727,hef_gbdt_e5_roberta_oof,hef_gbdt_e5_jina_oof,reciprocal_rank,within_gbdt,0.8900427896694818,0.9107798030153538,-0.02073701334587188,-0.05646757136917621,0.013588823350255665,-0.10168730578883993,0.46564885496183206,0.246,131,1.0,False
public__walmart_amazon__p10__seed20260727__hit_at_1,walmart_amazon,0.1,20260727,hef_gbdt_e5_roberta_oof,hef_gbdt_e5_jina_oof,hit_at_1,within_gbdt,0.8549618320610687,0.8625954198473282,-0.007633587786259542,-0.05343511450381679,0.04580152671755725,-0.026251539798935557,0.4961832061068702,0.8792,131,1.0,False
public__walmart_amazon__p10__seed20260727__reciprocal_rank,walmart_amazon,0.1,20260727,joint_neural_hef_roberta,joint_neural_hef_jina,reciprocal_rank,within_joint,0.9111740601861841,0.9175855244557534,-0.006411464269569345,-0.0359674994216979,0.02152421806103889,-0.03777030267312701,0.49236641221374045,0.6606,131,1.0,False
public__walmart_amazon__p10__seed20260727__hit_at_1,walmart_amazon,0.1,20260727,joint_neural_hef_roberta,joint_neural_hef_jina,hit_at_1,within_joint,0.8778625954198473,0.8778625954198473,0.0,-0.04580152671755725,0.03816793893129771,0.0,0.5,1.0,131,1.0,False
public__walmart_amazon__p30__seed20260725__reciprocal_rank,walmart_amazon,0.3,20260725,jina_finetuned,hef_linear_bert,reciprocal_rank,cross_family,0.7447016257029229,0.6337279404941708,0.11097368520875196,0.05735500559244888,0.1658067329441138,0.3484273880560525,0.5954198473282443,0.0,131,0.0,True
public__walmart_amazon__p30__seed20260725__hit_at_1,walmart_amazon,0.3,20260725,jina_finetuned,hef_linear_bert,hit_at_1,cross_family,0.6793893129770993,0.5725190839694656,0.10687022900763359,0.04580152671755725,0.17557251908396945,0.269098365478152,0.5534351145038168,0.0016,131,0.0128,True
public__walmart_amazon__p30__seed20260725__reciprocal_rank,walmart_amazon,0.3,20260725,jina_finetuned,hef_gbdt_e5_roberta_oof,reciprocal_rank,cross_family,0.7447016257029229,0.6316229021125265,0.11307872359039636,0.06331552138688092,0.16720602547669486,0.37410374828957277,0.5992366412213741,0.0,131,0.0,True
public__walmart_amazon__p30__seed20260725__hit_at_1,walmart_amazon,0.3,20260725,jina_finetuned,hef_gbdt_e5_roberta_oof,hit_at_1,cross_family,0.6793893129770993,0.5725190839694656,0.10687022900763359,0.04580152671755725,0.17557251908396945,0.2832681565448756,0.5534351145038168,0.0008,131,0.007200000000000001,True
public__walmart_amazon__p30__seed20260725__reciprocal_rank,walmart_amazon,0.3,20260725,jina_finetuned,joint_neural_hef_roberta,reciprocal_rank,cross_family,0.7447016257029229,0.7287908690723118,0.015910756630610957,-0.02933681849770765,0.06193453691517247,0.060224557549069184,0.5,0.469,131,1.0,False
public__walmart_amazon__p30__seed20260725__hit_at_1,walmart_amazon,0.3,20260725,jina_finetuned,joint_neural_hef_roberta,hit_at_1,cross_family,0.6793893129770993,0.6717557251908397,0.007633587786259542,-0.05343511450381679,0.06870229007633588,0.02111414250148722,0.5038167938931297,0.8844,131,1.0,False
public__walmart_amazon__p30__seed20260725__reciprocal_rank,walmart_amazon,0.3,20260725,hef_linear_bert,hef_gbdt_e5_roberta_oof,reciprocal_rank,cross_family,0.6337279404941708,0.6316229021125265,0.0021050383816443815,-0.028731120526931588,0.033113359331426485,0.01169992861893614,0.5114503816793894,0.8844,131,1.0,False
public__walmart_amazon__p30__seed20260725__hit_at_1,walmart_amazon,0.3,20260725,hef_linear_bert,hef_gbdt_e5_roberta_oof,hit_at_1,cross_family,0.5725190839694656,0.5725190839694656,0.0,-0.04580152671755725,0.04580152671755725,0.0,0.5,1.0,131,1.0,False
public__walmart_amazon__p30__seed20260725__reciprocal_rank,walmart_amazon,0.3,20260725,hef_linear_bert,joint_neural_hef_roberta,reciprocal_rank,cross_family,0.6337279404941708,0.7287908690723118,-0.09506292857814103,-0.16040126328489326,-0.03266452560317094,-0.255719060829432,0.40839694656488545,0.003,131,0.015,True
public__walmart_amazon__p30__seed20260725__hit_at_1,walmart_amazon,0.3,20260725,hef_linear_bert,joint_neural_hef_roberta,hit_at_1,cross_family,0.5725190839694656,0.6717557251908397,-0.09923664122137404,-0.17557251908396945,-0.022900763358778626,-0.22314817493379435,0.45038167938931295,0.0126,131,0.063,False
public__walmart_amazon__p30__seed20260725__reciprocal_rank,walmart_amazon,0.3,20260725,hef_gbdt_e5_roberta_oof,joint_neural_hef_roberta,reciprocal_rank,cross_family,0.6316229021125265,0.7287908690723118,-0.09716796695978538,-0.1577146535777989,-0.03972507657757802,-0.2822884966264535,0.41221374045801523,0.0008,131,0.0056,True
public__walmart_amazon__p30__seed20260725__hit_at_1,walmart_amazon,0.3,20260725,hef_gbdt_e5_roberta_oof,joint_neural_hef_roberta,hit_at_1,cross_family,0.5725190839694656,0.6717557251908397,-0.09923664122137404,-0.16793893129770993,-0.030534351145038167,-0.24283684658452195,0.450381679389313,0.0048,131,0.0288,True
public__walmart_amazon__p30__seed20260725__reciprocal_rank,walmart_amazon,0.3,20260725,jina_finetuned,roberta_finetuned,reciprocal_rank,within_standalone,0.7447016257029229,0.6488738483218306,0.0958277773810922,0.051192770082263146,0.14314856823800723,0.3560334336155933,0.5954198473282443,0.0,131,0.0,True
public__walmart_amazon__p30__seed20260725__hit_at_1,walmart_amazon,0.3,20260725,jina_finetuned,roberta_finetuned,hit_at_1,within_standalone,0.6793893129770993,0.5725190839694656,0.10687022900763359,0.04580152671755725,0.16793893129770993,0.29994126529101056,0.5534351145038168,0.0004,131,0.004,True
public__walmart_amazon__p30__seed20260725__reciprocal_rank,walmart_amazon,0.3,20260725,official_ditto_plain,official_ditto_mixda,reciprocal_rank,within_standalone,0.668832596717319,0.7185883742581162,-0.049755777540797415,-0.09420964930462904,-0.007222444129929319,-0.1958896066953939,0.42366412213740456,0.023,131,0.092,False
public__walmart_amazon__p30__seed20260725__hit_at_1,walmart_amazon,0.3,20260725,official_ditto_plain,official_ditto_mixda,hit_at_1,within_standalone,0.6106870229007634,0.6793893129770993,-0.06870229007633588,-0.1297709923664122,-0.015267175572519083,-0.20655613019229785,0.46564885496183206,0.0192,131,0.0768,False
public__walmart_amazon__p30__seed20260725__reciprocal_rank,walmart_amazon,0.3,20260725,hef_linear_bert,hef_linear_bge,reciprocal_rank,within_linear,0.6337279404941708,0.5996215494735456,0.03410639102062517,0.011708789009590954,0.05979079785138919,0.24098883614679978,0.5801526717557252,0.001,131,0.006,True
public__walmart_amazon__p30__seed20260725__hit_at_1,walmart_amazon,0.3,20260725,hef_linear_bert,hef_linear_bge,hit_at_1,within_linear,0.5725190839694656,0.5267175572519084,0.04580152671755725,0.015267175572519083,0.08396946564885496,0.2182512034016297,0.5229007633587787,0.004,131,0.028,True
public__walmart_amazon__p30__seed20260725__reciprocal_rank,walmart_amazon,0.3,20260725,hef_gbdt_e5_roberta_oof,hef_gbdt_e5_jina_oof,reciprocal_rank,within_gbdt,0.6316229021125265,0.7385238164184661,-0.10690091430593963,-0.157243879345966,-0.06083113556337471,-0.3825477407452124,0.416030534351145,0.0,131,0.0,True
public__walmart_amazon__p30__seed20260725__hit_at_1,walmart_amazon,0.3,20260725,hef_gbdt_e5_roberta_oof,hef_gbdt_e5_jina_oof,hit_at_1,within_gbdt,0.5725190839694656,0.6793893129770993,-0.10687022900763359,-0.16793893129770993,-0.04580152671755725,-0.29994126529101056,0.44656488549618323,0.0,131,0.0,True
public__walmart_amazon__p30__seed20260725__reciprocal_rank,walmart_amazon,0.3,20260725,joint_neural_hef_roberta,joint_neural_hef_jina,reciprocal_rank,within_joint,0.7287908690723118,0.7358582893792349,-0.00706742030692294,-0.0487894494225063,0.034479958097845514,-0.0289620132030187,0.48854961832061067,0.7324,131,1.0,False
public__walmart_amazon__p30__seed20260725__hit_at_1,walmart_amazon,0.3,20260725,joint_neural_hef_roberta,joint_neural_hef_jina,hit_at_1,within_joint,0.6717557251908397,0.6717557251908397,0.0,-0.061068702290076333,0.061068702290076333,0.0,0.5,1.0,131,1.0,False
public__walmart_amazon__p30__seed20260726__reciprocal_rank,walmart_amazon,0.3,20260726,jina_finetuned,hef_linear_bert,reciprocal_rank,cross_family,0.7491554899587258,0.6619228144783323,0.0872326754803936,0.029373278738511727,0.14617555156690504,0.256003185928788,0.5648854961832062,0.0036,131,0.036,True
public__walmart_amazon__p30__seed20260726__hit_at_1,walmart_amazon,0.3,20260726,jina_finetuned,hef_linear_bert,hit_at_1,cross_family,0.6946564885496184,0.5801526717557252,0.11450381679389313,0.030534351145038167,0.1984732824427481,0.24126148027280123,0.5572519083969466,0.0078,131,0.078,False
public__walmart_amazon__p30__seed20260726__reciprocal_rank,walmart_amazon,0.3,20260726,jina_finetuned,hef_gbdt_e5_roberta_oof,reciprocal_rank,cross_family,0.7491554899587258,0.7113728135239276,0.03778267643479815,-0.013125170681095795,0.08906634568443658,0.1253177559486732,0.5305343511450382,0.143,131,0.9352,False
public__walmart_amazon__p30__seed20260726__hit_at_1,walmart_amazon,0.3,20260726,jina_finetuned,hef_gbdt_e5_roberta_oof,hit_at_1,cross_family,0.6946564885496184,0.648854961832061,0.04580152671755725,-0.030534351145038167,0.12213740458015267,0.10721283340749559,0.5229007633587787,0.2616,131,1.0,False
public__walmart_amazon__p30__seed20260726__reciprocal_rank,walmart_amazon,0.3,20260726,jina_finetuned,joint_neural_hef_roberta,reciprocal_rank,cross_family,0.7491554899587258,0.7572826312481161,-0.00812714128939022,-0.05398150906158059,0.03874763431513846,-0.029478994633818152,0.4732824427480916,0.72,131,1.0,False
public__walmart_amazon__p30__seed20260726__hit_at_1,walmart_amazon,0.3,20260726,jina_finetuned,joint_neural_hef_roberta,hit_at_1,cross_family,0.6946564885496184,0.7022900763358778,-0.007633587786259542,-0.06870229007633588,0.05343511450381679,-0.02111414250148722,0.4961832061068702,0.8926,131,1.0,False
public__walmart_amazon__p30__seed20260726__reciprocal_rank,walmart_amazon,0.3,20260726,hef_linear_bert,hef_gbdt_e5_roberta_oof,reciprocal_rank,cross_family,0.6619228144783323,0.7113728135239276,-0.049449999045595446,-0.09407649068901736,-0.006607228386246339,-0.19182862344768428,0.49236641221374045,0.0218,131,0.19619999999999999,False
public__walmart_amazon__p30__seed20260726__hit_at_1,walmart_amazon,0.3,20260726,hef_linear_bert,hef_gbdt_e5_roberta_oof,hit_at_1,cross_family,0.5801526717557252,0.648854961832061,-0.06870229007633588,-0.13740458015267176,-0.007633587786259542,-0.1827049427134017,0.46564885496183206,0.0394,131,0.35459999999999997,False
public__walmart_amazon__p30__seed20260726__reciprocal_rank,walmart_amazon,0.3,20260726,hef_linear_bert,joint_neural_hef_roberta,reciprocal_rank,cross_family,0.6619228144783323,0.7572826312481161,-0.0953598167697838,-0.15659779766196186,-0.033390524200890566,-0.2646640752498333,0.40076335877862596,0.0024,131,0.026399999999999996,True
public__walmart_amazon__p30__seed20260726__hit_at_1,walmart_amazon,0.3,20260726,hef_linear_bert,joint_neural_hef_roberta,hit_at_1,cross_family,0.5801526717557252,0.7022900763358778,-0.12213740458015267,-0.20610687022900764,-0.04580152671755725,-0.2629580284925682,0.4389312977099236,0.0032,131,0.0352,True
public__walmart_amazon__p30__seed20260726__reciprocal_rank,walmart_amazon,0.3,20260726,hef_gbdt_e5_roberta_oof,joint_neural_hef_roberta,reciprocal_rank,cross_family,0.7113728135239276,0.7572826312481161,-0.04590981772418837,-0.09604877582868908,0.0039876486253146055,-0.15745135693806644,0.4351145038167939,0.071,131,0.568,False
public__walmart_amazon__p30__seed20260726__hit_at_1,walmart_amazon,0.3,20260726,hef_gbdt_e5_roberta_oof,joint_neural_hef_roberta,hit_at_1,cross_family,0.648854961832061,0.7022900763358778,-0.05343511450381679,-0.12213740458015267,0.007633587786259542,-0.14116894047017797,0.4732824427480916,0.1336,131,1.0,False
public__walmart_amazon__p30__seed20260726__reciprocal_rank,walmart_amazon,0.3,20260726,jina_finetuned,roberta_finetuned,reciprocal_rank,within_standalone,0.7491554899587258,0.7289406584830462,0.020214831475679627,-0.02574436914978159,0.06681480233771582,0.07473387826753777,0.5305343511450381,0.392,131,1.0,False
public__walmart_amazon__p30__seed20260726__hit_at_1,walmart_amazon,0.3,20260726,jina_finetuned,roberta_finetuned,hit_at_1,within_standalone,0.6946564885496184,0.6717557251908397,0.022900763358778626,-0.04580152671755725,0.0916030534351145,0.06001107999147668,0.5114503816793893,0.5644,131,1.0,False
public__walmart_amazon__p30__seed20260726__reciprocal_rank,walmart_amazon,0.3,20260726,official_ditto_plain,official_ditto_mixda,reciprocal_rank,within_standalone,0.7537511651549089,0.7721521263168438,-0.018400961161934796,-0.054598291524425635,0.017799696719539865,-0.08704168420629124,0.45038167938931295,0.3148,131,1.0,False
public__walmart_amazon__p30__seed20260726__hit_at_1,walmart_amazon,0.3,20260726,official_ditto_plain,official_ditto_mixda,hit_at_1,within_standalone,0.7099236641221374,0.7175572519083969,-0.007633587786259542,-0.061068702290076333,0.04580152671755725,-0.02414661459915898,0.4961832061068702,0.892,131,1.0,False
public__walmart_amazon__p30__seed20260726__reciprocal_rank,walmart_amazon,0.3,20260726,hef_linear_bert,hef_linear_bge,reciprocal_rank,within_linear,0.6619228144783323,0.6396515459615865,0.022271268516745754,-0.0074505401138011025,0.051998225611862625,0.12851043154466435,0.5687022900763359,0.1336,131,0.9352,False
public__walmart_amazon__p30__seed20260726__hit_at_1,walmart_amazon,0.3,20260726,hef_linear_bert,hef_linear_bge,hit_at_1,within_linear,0.5801526717557252,0.5572519083969466,0.022900763358778626,-0.015267175572519083,0.061068702290076333,0.09917777451660079,0.5114503816793893,0.3336,131,1.0,False
public__walmart_amazon__p30__seed20260726__reciprocal_rank,walmart_amazon,0.3,20260726,hef_gbdt_e5_roberta_oof,hef_gbdt_e5_jina_oof,reciprocal_rank,within_gbdt,0.7113728135239276,0.7290630241190263,-0.01769021059509865,-0.06394517184955702,0.028955503241262885,-0.06410422732411748,0.5038167938931297,0.4428,131,1.0,False
public__walmart_amazon__p30__seed20260726__hit_at_1,walmart_amazon,0.3,20260726,hef_gbdt_e5_roberta_oof,hef_gbdt_e5_jina_oof,hit_at_1,within_gbdt,0.648854961832061,0.6641221374045801,-0.015267175572519083,-0.07633587786259542,0.04580152671755725,-0.04106414594176399,0.49236641221374045,0.7216,131,1.0,False
public__walmart_amazon__p30__seed20260726__reciprocal_rank,walmart_amazon,0.3,20260726,joint_neural_hef_roberta,joint_neural_hef_jina,reciprocal_rank,within_joint,0.7572826312481161,0.7476538595421192,0.009628771705996788,-0.039883523132107766,0.057335990032001884,0.03366387148720937,0.5229007633587786,0.6892,131,1.0,False
public__walmart_amazon__p30__seed20260726__hit_at_1,walmart_amazon,0.3,20260726,joint_neural_hef_roberta,joint_neural_hef_jina,hit_at_1,within_joint,0.7022900763358778,0.6793893129770993,0.022900763358778626,-0.04580152671755725,0.08396946564885496,0.06001107999147668,0.5114503816793893,0.5528,131,1.0,False
public__walmart_amazon__p30__seed20260727__reciprocal_rank,walmart_amazon,0.3,20260727,jina_finetuned,hef_linear_bert,reciprocal_rank,cross_family,0.6713488194564993,0.6142135096246526,0.05713530983184655,0.0046682848240260704,0.11077008475663713,0.18348334018068158,0.5992366412213741,0.0332,131,0.2988,False
public__walmart_amazon__p30__seed20260727__hit_at_1,walmart_amazon,0.3,20260727,jina_finetuned,hef_linear_bert,hit_at_1,cross_family,0.6030534351145038,0.5572519083969466,0.04580152671755725,-0.015267175572519083,0.10687022900763359,0.12403840441877532,0.5229007633587787,0.1882,131,1.0,False
public__walmart_amazon__p30__seed20260727__reciprocal_rank,walmart_amazon,0.3,20260727,jina_finetuned,hef_gbdt_e5_roberta_oof,reciprocal_rank,cross_family,0.6713488194564993,0.6409977053615898,0.030351114094909263,-0.019845359134091595,0.08157979764054511,0.10241098891865419,0.5648854961832062,0.2354,131,1.0,False
public__walmart_amazon__p30__seed20260727__hit_at_1,walmart_amazon,0.3,20260727,jina_finetuned,hef_gbdt_e5_roberta_oof,hit_at_1,cross_family,0.6030534351145038,0.5954198473282443,0.007633587786259542,-0.05343511450381679,0.06870229007633588,0.02111414250148722,0.5038167938931297,0.9036,131,1.0,False
public__walmart_amazon__p30__seed20260727__reciprocal_rank,walmart_amazon,0.3,20260727,jina_finetuned,joint_neural_hef_roberta,reciprocal_rank,cross_family,0.6713488194564993,0.6650543719288374,0.0062944475276617996,-0.0392671667971338,0.05069261014273181,0.023827316012556436,0.49236641221374045,0.7788,131,1.0,False
public__walmart_amazon__p30__seed20260727__hit_at_1,walmart_amazon,0.3,20260727,jina_finetuned,joint_neural_hef_roberta,hit_at_1,cross_family,0.6030534351145038,0.5877862595419847,0.015267175572519083,-0.04580152671755725,0.07633587786259542,0.04355973047386229,0.5076335877862596,0.6968,131,1.0,False
public__walmart_amazon__p30__seed20260727__reciprocal_rank,walmart_amazon,0.3,20260727,hef_linear_bert,hef_gbdt_e5_roberta_oof,reciprocal_rank,cross_family,0.6142135096246526,0.6409977053615898,-0.026784195736937286,-0.06993585662947088,0.012927025101663945,-0.11045915295967962,0.5076335877862596,0.2024,131,1.0,False
public__walmart_amazon__p30__seed20260727__hit_at_1,walmart_amazon,0.3,20260727,hef_linear_bert,hef_gbdt_e5_roberta_oof,hit_at_1,cross_family,0.5572519083969466,0.5954198473282443,-0.03816793893129771,-0.09923664122137404,0.015267175572519083,-0.11308504304954423,0.48091603053435117,0.2216,131,1.0,False
public__walmart_amazon__p30__seed20260727__reciprocal_rank,walmart_amazon,0.3,20260727,hef_linear_bert,joint_neural_hef_roberta,reciprocal_rank,cross_family,0.6142135096246526,0.6650543719288374,-0.050840862304184754,-0.10583556370494399,0.005082230111953,-0.15545249603638145,0.4198473282442748,0.0718,131,0.5744,False
public__walmart_amazon__p30__seed20260727__hit_at_1,walmart_amazon,0.3,20260727,hef_linear_bert,joint_neural_hef_roberta,hit_at_1,cross_family,0.5572519083969466,0.5877862595419847,-0.030534351145038167,-0.0916030534351145,0.030534351145038167,-0.08233842858150955,0.4847328244274809,0.3936,131,1.0,False
public__walmart_amazon__p30__seed20260727__reciprocal_rank,walmart_amazon,0.3,20260727,hef_gbdt_e5_roberta_oof,joint_neural_hef_roberta,reciprocal_rank,cross_family,0.6409977053615898,0.6650543719288374,-0.024056666567247465,-0.07813841080245788,0.030123929286493087,-0.07651359044303345,0.44656488549618323,0.376,131,1.0,False
public__walmart_amazon__p30__seed20260727__hit_at_1,walmart_amazon,0.3,20260727,hef_gbdt_e5_roberta_oof,joint_neural_hef_roberta,hit_at_1,cross_family,0.5954198473282443,0.5877862595419847,0.007633587786259542,-0.05343511450381679,0.06870229007633588,0.02111414250148722,0.5038167938931297,0.8898,131,1.0,False
public__walmart_amazon__p30__seed20260727__reciprocal_rank,walmart_amazon,0.3,20260727,jina_finetuned,roberta_finetuned,reciprocal_rank,within_standalone,0.6713488194564993,0.6291182168302055,0.0422306026262936,-0.008138479794187019,0.09214049989023047,0.14449926828588958,0.5954198473282443,0.0958,131,0.6706,False
public__walmart_amazon__p30__seed20260727__hit_at_1,walmart_amazon,0.3,20260727,jina_finetuned,roberta_finetuned,hit_at_1,within_standalone,0.6030534351145038,0.5725190839694656,0.030534351145038167,-0.030534351145038167,0.0916030534351145,0.08233842858150955,0.5152671755725191,0.3936,131,1.0,False
public__walmart_amazon__p30__seed20260727__reciprocal_rank,walmart_amazon,0.3,20260727,official_ditto_plain,official_ditto_mixda,reciprocal_rank,within_standalone,0.6024277940088091,0.6726124322171538,-0.07018463820834477,-0.11061884357488103,-0.032088271865200205,-0.30324812953939817,0.3969465648854962,0.0,131,0.0,True
public__walmart_amazon__p30__seed20260727__hit_at_1,walmart_amazon,0.3,20260727,official_ditto_plain,official_ditto_mixda,hit_at_1,within_standalone,0.5572519083969466,0.6106870229007634,-0.05343511450381679,-0.10687022900763359,-0.007633587786259542,-0.18690221604082757,0.4732824427480916,0.0382,131,0.42019999999999996,False
public__walmart_amazon__p30__seed20260727__reciprocal_rank,walmart_amazon,0.3,20260727,hef_linear_bert,hef_linear_bge,reciprocal_rank,within_linear,0.6142135096246526,0.5814530016552635,0.032760507969389174,0.003321770713528437,0.0641812678606502,0.18163952629326,0.5687022900763359,0.0296,131,0.29600000000000004,False
public__walmart_amazon__p30__seed20260727__hit_at_1,walmart_amazon,0.3,20260727,hef_linear_bert,hef_linear_bge,hit_at_1,within_linear,0.5572519083969466,0.5190839694656488,0.03816793893129771,-0.007633587786259542,0.08396946564885496,0.14662334674438096,0.5190839694656488,0.1232,131,1.0,False
public__walmart_amazon__p30__seed20260727__reciprocal_rank,walmart_amazon,0.3,20260727,hef_gbdt_e5_roberta_oof,hef_gbdt_e5_jina_oof,reciprocal_rank,within_gbdt,0.6409977053615898,0.657806492287563,-0.01680878692597318,-0.057030570063747864,0.022718985500630038,-0.07170040455947625,0.4312977099236641,0.392,131,1.0,False
public__walmart_amazon__p30__seed20260727__hit_at_1,walmart_amazon,0.3,20260727,hef_gbdt_e5_roberta_oof,hef_gbdt_e5_jina_oof,hit_at_1,within_gbdt,0.5954198473282443,0.5954198473282443,0.0,-0.05343511450381679,0.05343511450381679,0.0,0.5,1.0,131,1.0,False
public__walmart_amazon__p30__seed20260727__reciprocal_rank,walmart_amazon,0.3,20260727,joint_neural_hef_roberta,joint_neural_hef_jina,reciprocal_rank,within_joint,0.6650543719288374,0.6670263111677682,-0.001971939238930984,-0.04433263106844278,0.03914217209975062,-0.008020928948196908,0.5076335877862596,0.9084,131,1.0,False
public__walmart_amazon__p30__seed20260727__hit_at_1,walmart_amazon,0.3,20260727,joint_neural_hef_roberta,joint_neural_hef_jina,hit_at_1,within_joint,0.5877862595419847,0.6106870229007634,-0.022900763358778626,-0.07633587786259542,0.030534351145038167,-0.07261069272298486,0.48854961832061067,0.4818,131,1.0,False
public__walmart_amazon__p50__seed20260725__reciprocal_rank,walmart_amazon,0.5,20260725,jina_finetuned,hef_linear_bert,reciprocal_rank,cross_family,0.5561036301294752,0.4716808216316994,0.08442280849777584,0.02379598310200323,0.14706681202275823,0.23673413115134076,0.6068702290076335,0.0058,131,0.0406,True
public__walmart_amazon__p50__seed20260725__hit_at_1,walmart_amazon,0.5,20260725,jina_finetuned,hef_linear_bert,hit_at_1,cross_family,0.48091603053435117,0.4122137404580153,0.06870229007633588,-0.007633587786259542,0.1450381679389313,0.15863940848751987,0.5343511450381679,0.0796,131,0.504,False
public__walmart_amazon__p50__seed20260725__reciprocal_rank,walmart_amazon,0.5,20260725,jina_finetuned,hef_gbdt_e5_roberta_oof,reciprocal_rank,cross_family,0.5561036301294752,0.4731337867461525,0.08296984338332268,0.019393260880253237,0.1475247854472281,0.22031941594797438,0.5916030534351145,0.0106,131,0.0636,False
public__walmart_amazon__p50__seed20260725__hit_at_1,walmart_amazon,0.5,20260725,jina_finetuned,hef_gbdt_e5_roberta_oof,hit_at_1,cross_family,0.48091603053435117,0.42748091603053434,0.05343511450381679,-0.022900763358778626,0.1297709923664122,0.11807170378969226,0.5267175572519084,0.203,131,1.0,False
public__walmart_amazon__p50__seed20260725__reciprocal_rank,walmart_amazon,0.5,20260725,jina_finetuned,joint_neural_hef_roberta,reciprocal_rank,cross_family,0.5561036301294752,0.46598513457302376,0.09011849555645142,0.03376904528040313,0.14842789553954372,0.2735787338052059,0.5801526717557252,0.002,131,0.018000000000000002,True
public__walmart_amazon__p50__seed20260725__hit_at_1,walmart_amazon,0.5,20260725,jina_finetuned,joint_neural_hef_roberta,hit_at_1,cross_family,0.48091603053435117,0.4122137404580153,0.06870229007633588,0.0,0.13740458015267176,0.17350935968592326,0.5343511450381679,0.056,131,0.504,False
public__walmart_amazon__p50__seed20260725__reciprocal_rank,walmart_amazon,0.5,20260725,hef_linear_bert,hef_gbdt_e5_roberta_oof,reciprocal_rank,cross_family,0.4716808216316994,0.4731337867461525,-0.0014529651144531608,-0.030307892343599773,0.02714321430580663,-0.008608364013929741,0.46564885496183206,0.92,131,1.0,False
public__walmart_amazon__p50__seed20260725__hit_at_1,walmart_amazon,0.5,20260725,hef_linear_bert,hef_gbdt_e5_roberta_oof,hit_at_1,cross_family,0.4122137404580153,0.42748091603053434,-0.015267175572519083,-0.05343511450381679,0.030534351145038167,-0.06166173985331965,0.49236641221374045,0.5926,131,1.0,False
public__walmart_amazon__p50__seed20260725__reciprocal_rank,walmart_amazon,0.5,20260725,hef_linear_bert,joint_neural_hef_roberta,reciprocal_rank,cross_family,0.4716808216316994,0.46598513457302376,0.005695687058675568,-0.06211972623180292,0.07541215631658615,0.014071403773970545,0.46183206106870234,0.8658,131,1.0,False
public__walmart_amazon__p50__seed20260725__hit_at_1,walmart_amazon,0.5,20260725,hef_linear_bert,joint_neural_hef_roberta,hit_at_1,cross_family,0.4122137404580153,0.4122137404580153,0.0,-0.07633587786259542,0.07633587786259542,0.0,0.5,1.0,131,1.0,False
public__walmart_amazon__p50__seed20260725__reciprocal_rank,walmart_amazon,0.5,20260725,hef_gbdt_e5_roberta_oof,joint_neural_hef_roberta,reciprocal_rank,cross_family,0.4731337867461525,0.46598513457302376,0.007148652173128733,-0.06201672615522079,0.07480457530883385,0.017729335508761383,0.40839694656488545,0.831,131,1.0,False
public__walmart_amazon__p50__seed20260725__hit_at_1,walmart_amazon,0.5,20260725,hef_gbdt_e5_roberta_oof,joint_neural_hef_roberta,hit_at_1,cross_family,0.42748091603053434,0.4122137404580153,0.015267175572519083,-0.061068702290076333,0.0916030534351145,0.0329145780110909,0.5076335877862596,0.7778,131,1.0,False
public__walmart_amazon__p50__seed20260725__reciprocal_rank,walmart_amazon,0.5,20260725,jina_finetuned,roberta_finetuned,reciprocal_rank,within_standalone,0.5561036301294752,0.4492307079413475,0.10687292218812769,0.054710572990296975,0.16355713061294472,0.3364699456261767,0.5916030534351144,0.0,131,0.0,True
public__walmart_amazon__p50__seed20260725__hit_at_1,walmart_amazon,0.5,20260725,jina_finetuned,roberta_finetuned,hit_at_1,within_standalone,0.48091603053435117,0.37404580152671757,0.10687022900763359,0.04580152671755725,0.17557251908396945,0.2832681565448756,0.5534351145038168,0.0012,131,0.013199999999999998,True
public__walmart_amazon__p50__seed20260725__reciprocal_rank,walmart_amazon,0.5,20260725,official_ditto_plain,official_ditto_mixda,reciprocal_rank,within_standalone,0.41618212079961414,0.47313064025137547,-0.0569485194517614,-0.10124358540325794,-0.01758224599781403,-0.23413492973671374,0.3893129770992366,0.0038,131,0.0304,True
public__walmart_amazon__p50__seed20260725__hit_at_1,walmart_amazon,0.5,20260725,official_ditto_plain,official_ditto_mixda,hit_at_1,within_standalone,0.3511450381679389,0.40458015267175573,-0.05343511450381679,-0.10687022900763359,0.0,-0.17146138036524528,0.47328244274809156,0.0612,131,0.504,False
public__walmart_amazon__p50__seed20260725__reciprocal_rank,walmart_amazon,0.5,20260725,hef_linear_bert,hef_linear_bge,reciprocal_rank,within_linear,0.4716808216316994,0.45283001900307,0.018850802628629267,-4.624608686469455e-05,0.0381603735983577,0.16901070625664966,0.6221374045801527,0.0504,131,0.2016,False
public__walmart_amazon__p50__seed20260725__hit_at_1,walmart_amazon,0.5,20260725,hef_linear_bert,hef_linear_bge,hit_at_1,within_linear,0.4122137404580153,0.40458015267175573,0.007633587786259542,-0.022900763358778626,0.03816793893129771,0.038953559980946614,0.5038167938931298,0.8076,131,1.0,False
public__walmart_amazon__p50__seed20260725__reciprocal_rank,walmart_amazon,0.5,20260725,hef_gbdt_e5_roberta_oof,hef_gbdt_e5_jina_oof,reciprocal_rank,within_gbdt,0.4731337867461525,0.5626382551853676,-0.08950446843921506,-0.14336717529006204,-0.038154109961813655,-0.2930858666046356,0.38167938931297707,0.0002,131,0.002,True
public__walmart_amazon__p50__seed20260725__hit_at_1,walmart_amazon,0.5,20260725,hef_gbdt_e5_roberta_oof,hef_gbdt_e5_jina_oof,hit_at_1,within_gbdt,0.42748091603053434,0.5114503816793893,-0.08396946564885496,-0.15267175572519084,-0.022900763358778626,-0.22518417375691363,0.4580152671755725,0.007,131,0.07,False
public__walmart_amazon__p50__seed20260725__reciprocal_rank,walmart_amazon,0.5,20260725,joint_neural_hef_roberta,joint_neural_hef_jina,reciprocal_rank,within_joint,0.46598513457302376,0.5381636239926078,-0.07217848941958402,-0.13261666288076773,-0.013427764759505086,-0.2071134801637322,0.4732824427480916,0.0126,131,0.0636,False
public__walmart_amazon__p50__seed20260725__hit_at_1,walmart_amazon,0.5,20260725,joint_neural_hef_roberta,joint_neural_hef_jina,hit_at_1,within_joint,0.4122137404580153,0.48091603053435117,-0.06870229007633588,-0.13740458015267176,0.0,-0.16557568284450652,0.46564885496183206,0.07,131,0.504,False
public__walmart_amazon__p50__seed20260726__reciprocal_rank,walmart_amazon,0.5,20260726,jina_finetuned,hef_linear_bert,reciprocal_rank,cross_family,0.5549973042078343,0.46625380799427935,0.088743496213555,0.04517240135734689,0.13538914367552998,0.3351677321252258,0.6030534351145038,0.0,131,0.0,True
public__walmart_amazon__p50__seed20260726__hit_at_1,walmart_amazon,0.5,20260726,jina_finetuned,hef_linear_bert,hit_at_1,cross_family,0.48091603053435117,0.40458015267175573,0.07633587786259542,0.022900763358778626,0.13740458015267176,0.23922770930253792,0.5381679389312978,0.0056,131,0.0616,False
public__walmart_amazon__p50__seed20260726__reciprocal_rank,walmart_amazon,0.5,20260726,jina_finetuned,hef_gbdt_e5_roberta_oof,reciprocal_rank,cross_family,0.5549973042078343,0.49514017403401545,0.05985713017381887,0.006129697862076272,0.11303545578028816,0.18986622714043175,0.5877862595419847,0.0284,131,0.2272,False
public__walmart_amazon__p50__seed20260726__hit_at_1,walmart_amazon,0.5,20260726,jina_finetuned,hef_gbdt_e5_roberta_oof,hit_at_1,cross_family,0.48091603053435117,0.42748091603053434,0.05343511450381679,-0.015267175572519083,0.12213740458015267,0.1341502220899305,0.5267175572519084,0.1388,131,1.0,False
public__walmart_amazon__p50__seed20260726__reciprocal_rank,walmart_amazon,0.5,20260726,jina_finetuned,joint_neural_hef_roberta,reciprocal_rank,cross_family,0.5549973042078343,0.4846121355491451,0.07038516865868928,0.012515208288506495,0.13047544781651083,0.20627790506169558,0.5458015267175572,0.0174,131,0.174,False
public__walmart_amazon__p50__seed20260726__hit_at_1,walmart_amazon,0.5,20260726,jina_finetuned,joint_neural_hef_roberta,hit_at_1,cross_family,0.48091603053435117,0.42748091603053434,0.05343511450381679,-0.015267175572519083,0.12213740458015267,0.12808402558797466,0.5267175572519084,0.1586,131,1.0,False
public__walmart_amazon__p50__seed20260726__reciprocal_rank,walmart_amazon,0.5,20260726,hef_linear_bert,hef_gbdt_e5_roberta_oof,reciprocal_rank,cross_family,0.46625380799427935,0.49514017403401545,-0.02888636603973612,-0.07138525736432497,0.010667675103270654,-0.1212188569124089,0.5,0.1562,131,0.781,False
public__walmart_amazon__p50__seed20260726__hit_at_1,walmart_amazon,0.5,20260726,hef_linear_bert,hef_gbdt_e5_roberta_oof,hit_at_1,cross_family,0.40458015267175573,0.42748091603053434,-0.022900763358778626,-0.07633587786259542,0.030534351145038167,-0.07261069272298487,0.48854961832061067,0.4722,131,1.0,False
public__walmart_amazon__p50__seed20260726__reciprocal_rank,walmart_amazon,0.5,20260726,hef_linear_bert,joint_neural_hef_roberta,reciprocal_rank,cross_family,0.46625380799427935,0.4846121355491451,-0.018358327554865682,-0.08197055950200488,0.04590241024476641,-0.0484764233336905,0.42366412213740456,0.5572,131,1.0,False
public__walmart_amazon__p50__seed20260726__hit_at_1,walmart_amazon,0.5,20260726,hef_linear_bert,joint_neural_hef_roberta,hit_at_1,cross_family,0.40458015267175573,0.42748091603053434,-0.022900763358778626,-0.09923664122137404,0.05343511450381679,-0.05229367853805014,0.4885496183206107,0.6072,131,1.0,False
public__walmart_amazon__p50__seed20260726__reciprocal_rank,walmart_amazon,0.5,20260726,hef_gbdt_e5_roberta_oof,joint_neural_hef_roberta,reciprocal_rank,cross_family,0.49514017403401545,0.4846121355491451,0.010528038484870429,-0.05601844063136029,0.07857299889733937,0.02657910396256145,0.4351145038167939,0.7536,131,1.0,False
public__walmart_amazon__p50__seed20260726__hit_at_1,walmart_amazon,0.5,20260726,hef_gbdt_e5_roberta_oof,joint_neural_hef_roberta,hit_at_1,cross_family,0.42748091603053434,0.42748091603053434,0.0,-0.07633587786259542,0.07633587786259542,0.0,0.5,1.0,131,1.0,False
public__walmart_amazon__p50__seed20260726__reciprocal_rank,walmart_amazon,0.5,20260726,jina_finetuned,roberta_finetuned,reciprocal_rank,within_standalone,0.5549973042078343,0.5029206432039199,0.0520766610039144,0.004655859930827872,0.10101460158135754,0.18263255449482407,0.5992366412213741,0.0316,131,0.2272,False
public__walmart_amazon__p50__seed20260726__hit_at_1,walmart_amazon,0.5,20260726,jina_finetuned,roberta_finetuned,hit_at_1,within_standalone,0.48091603053435117,0.45038167938931295,0.030534351145038167,-0.022900763358778626,0.08396946564885496,0.0934542551051617,0.5152671755725191,0.3344,131,1.0,False
public__walmart_amazon__p50__seed20260726__reciprocal_rank,walmart_amazon,0.5,20260726,official_ditto_plain,official_ditto_mixda,reciprocal_rank,within_standalone,0.4882721266223713,0.5391786915201731,-0.05090656489780177,-0.09605987675813416,-0.006741177725295412,-0.19754446138428736,0.42366412213740456,0.0242,131,0.2178,False
public__walmart_amazon__p50__seed20260726__hit_at_1,walmart_amazon,0.5,20260726,official_ditto_plain,official_ditto_mixda,hit_at_1,within_standalone,0.4122137404580153,0.48091603053435117,-0.06870229007633588,-0.1297709923664122,-0.007633587786259542,-0.1935368547871698,0.46564885496183206,0.0358,131,0.358,False
public__walmart_amazon__p50__seed20260726__reciprocal_rank,walmart_amazon,0.5,20260726,hef_linear_bert,hef_linear_bge,reciprocal_rank,within_linear,0.46625380799427935,0.4635665450802699,0.002687262914009504,-0.020788771116906295,0.023730486193572466,0.020246836746609983,0.5725190839694656,0.7686,131,1.0,False
public__walmart_amazon__p50__seed20260726__hit_at_1,walmart_amazon,0.5,20260726,hef_linear_bert,hef_linear_bge,hit_at_1,within_linear,0.40458015267175573,0.4122137404580153,-0.007633587786259542,-0.03816793893129771,0.022900763358778626,-0.03895355998094662,0.4961832061068703,0.8138,131,1.0,False
public__walmart_amazon__p50__seed20260726__reciprocal_rank,walmart_amazon,0.5,20260726,hef_gbdt_e5_roberta_oof,hef_gbdt_e5_jina_oof,reciprocal_rank,within_gbdt,0.49514017403401545,0.5411537800087912,-0.04601360597477578,-0.09868150484638831,0.005014238930260663,-0.15461228430628013,0.37786259541984735,0.0752,131,0.45120000000000005,False
public__walmart_amazon__p50__seed20260726__hit_at_1,walmart_amazon,0.5,20260726,hef_gbdt_e5_roberta_oof,hef_gbdt_e5_jina_oof,hit_at_1,within_gbdt,0.42748091603053434,0.45038167938931295,-0.022900763358778626,-0.08396946564885496,0.03816793893129771,-0.06345655809701735,0.48854961832061067,0.542,131,1.0,False
public__walmart_amazon__p50__seed20260726__reciprocal_rank,walmart_amazon,0.5,20260726,joint_neural_hef_roberta,joint_neural_hef_jina,reciprocal_rank,within_joint,0.4846121355491451,0.5159673141954115,-0.031355178646266496,-0.08814665667471357,0.024128897117618717,-0.09465049022253383,0.46564885496183206,0.2728,131,1.0,False
public__walmart_amazon__p50__seed20260726__hit_at_1,walmart_amazon,0.5,20260726,joint_neural_hef_roberta,joint_neural_hef_jina,hit_at_1,within_joint,0.42748091603053434,0.4351145038167939,-0.007633587786259542,-0.07633587786259542,0.061068702290076333,-0.018996328948832967,0.4961832061068702,0.9062,131,1.0,False
public__walmart_amazon__p50__seed20260727__reciprocal_rank,walmart_amazon,0.5,20260727,jina_finetuned,hef_linear_bert,reciprocal_rank,cross_family,0.49790421101365073,0.4126957015888726,0.08520850942477809,0.03308860415992235,0.1377318530582545,0.2747344874890048,0.6679389312977099,0.0012,131,0.011999999999999999,True
public__walmart_amazon__p50__seed20260727__hit_at_1,walmart_amazon,0.5,20260727,jina_finetuned,hef_linear_bert,hit_at_1,cross_family,0.42748091603053434,0.3511450381679389,0.07633587786259542,0.022900763358778626,0.13740458015267176,0.2229747880880995,0.5381679389312977,0.0096,131,0.09599999999999999,False
public__walmart_amazon__p50__seed20260727__reciprocal_rank,walmart_amazon,0.5,20260727,jina_finetuned,hef_gbdt_e5_roberta_oof,reciprocal_rank,cross_family,0.49790421101365073,0.4554005540704408,0.042503656943209865,-0.016266903414199,0.10104752915246352,0.12114509489208038,0.564885496183206,0.1538,131,0.8028,False
public__walmart_amazon__p50__seed20260727__hit_at_1,walmart_amazon,0.5,20260727,jina_finetuned,hef_gbdt_e5_roberta_oof,hit_at_1,cross_family,0.42748091603053434,0.40458015267175573,0.022900763358778626,-0.04580152671755725,0.09923664122137404,0.054526461984671266,0.5114503816793894,0.6036,131,1.0,False
public__walmart_amazon__p50__seed20260727__reciprocal_rank,walmart_amazon,0.5,20260727,jina_finetuned,joint_neural_hef_roberta,reciprocal_rank,cross_family,0.49790421101365073,0.45449051130250573,0.04341369971114501,-0.007275047399659715,0.09368654078166647,0.1461908139854262,0.5114503816793893,0.0916,131,0.6412,False
public__walmart_amazon__p50__seed20260727__hit_at_1,walmart_amazon,0.5,20260727,jina_finetuned,joint_neural_hef_roberta,hit_at_1,cross_family,0.42748091603053434,0.3893129770992366,0.03816793893129771,-0.022900763358778626,0.09923664122137404,0.10614447060506187,0.5190839694656488,0.2588,131,1.0,False
public__walmart_amazon__p50__seed20260727__reciprocal_rank,walmart_amazon,0.5,20260727,hef_linear_bert,hef_gbdt_e5_roberta_oof,reciprocal_rank,cross_family,0.4126957015888726,0.4554005540704408,-0.04270485248156825,-0.08884071124409339,0.002827978291237302,-0.16007531670127426,0.4847328244274809,0.0642,131,0.5309999999999999,False
public__walmart_amazon__p50__seed20260727__hit_at_1,walmart_amazon,0.5,20260727,hef_linear_bert,hef_gbdt_e5_roberta_oof,hit_at_1,cross_family,0.3511450381679389,0.40458015267175573,-0.05343511450381679,-0.11450381679389313,0.0,-0.15930753434865225,0.4732824427480916,0.0796,131,0.7164,False
public__walmart_amazon__p50__seed20260727__reciprocal_rank,walmart_amazon,0.5,20260727,hef_linear_bert,joint_neural_hef_roberta,reciprocal_rank,cross_family,0.4126957015888726,0.45449051130250573,-0.0417948097136331,-0.0868872267704311,0.0016642947681878987,-0.1636541806190146,0.35877862595419846,0.059,131,0.5309999999999999,False
public__walmart_amazon__p50__seed20260727__hit_at_1,walmart_amazon,0.5,20260727,hef_linear_bert,joint_neural_hef_roberta,hit_at_1,cross_family,0.3511450381679389,0.3893129770992366,-0.03816793893129771,-0.0916030534351145,0.015267175572519083,-0.12159341456526236,0.4809160305343511,0.2054,131,1.0,False
public__walmart_amazon__p50__seed20260727__reciprocal_rank,walmart_amazon,0.5,20260727,hef_gbdt_e5_roberta_oof,joint_neural_hef_roberta,reciprocal_rank,cross_family,0.4554005540704408,0.45449051130250573,0.0009100427679351461,-0.05078961396921312,0.05478385609345994,0.0029607799054507163,0.3893129770992366,0.959,131,1.0,False
public__walmart_amazon__p50__seed20260727__hit_at_1,walmart_amazon,0.5,20260727,hef_gbdt_e5_roberta_oof,joint_neural_hef_roberta,hit_at_1,cross_family,0.40458015267175573,0.3893129770992366,0.015267175572519083,-0.05343511450381679,0.08396946564885496,0.03895355998094662,0.5076335877862596,0.7302,131,1.0,False
public__walmart_amazon__p50__seed20260727__reciprocal_rank,walmart_amazon,0.5,20260727,jina_finetuned,roberta_finetuned,reciprocal_rank,within_standalone,0.49790421101365073,0.45135172371834137,0.04655248729530933,-0.013788174614343882,0.1088652399556271,0.13165771724810144,0.5954198473282443,0.1338,131,0.8028,False
public__walmart_amazon__p50__seed20260727__hit_at_1,walmart_amazon,0.5,20260727,jina_finetuned,roberta_finetuned,hit_at_1,within_standalone,0.42748091603053434,0.40458015267175573,0.022900763358778626,-0.04580152671755725,0.0916030534351145,0.054526461984671266,0.5114503816793894,0.5882,131,1.0,False
public__walmart_amazon__p50__seed20260727__reciprocal_rank,walmart_amazon,0.5,20260727,official_ditto_plain,official_ditto_mixda,reciprocal_rank,within_standalone,0.4282694778429705,0.5042126547582984,-0.07594317691532801,-0.11889325616273881,-0.03616492005733903,-0.31157308617184,0.4312977099236641,0.0,131,0.0,True
public__walmart_amazon__p50__seed20260727__hit_at_1,walmart_amazon,0.5,20260727,official_ditto_plain,official_ditto_mixda,hit_at_1,within_standalone,0.366412213740458,0.45038167938931295,-0.08396946564885496,-0.13740458015267176,-0.03816793893129771,-0.2755024554462801,0.4580152671755725,0.0008,131,0.0088,True
public__walmart_amazon__p50__seed20260727__reciprocal_rank,walmart_amazon,0.5,20260727,hef_linear_bert,hef_linear_bge,reciprocal_rank,within_linear,0.4126957015888726,0.39147517534780807,0.02122052624106449,-0.0111470454841284,0.05587773939527173,0.10900113690196273,0.5763358778625954,0.2096,131,0.8384,False
public__walmart_amazon__p50__seed20260727__hit_at_1,walmart_amazon,0.5,20260727,hef_linear_bert,hef_linear_bge,hit_at_1,within_linear,0.3511450381679389,0.3435114503816794,0.007633587786259542,-0.03816793893129771,0.05343511450381679,0.029024408851512303,0.5038167938931297,0.8656,131,1.0,False
public__walmart_amazon__p50__seed20260727__reciprocal_rank,walmart_amazon,0.5,20260727,hef_gbdt_e5_roberta_oof,hef_gbdt_e5_jina_oof,reciprocal_rank,within_gbdt,0.4554005540704408,0.4646998010309273,-0.009299246960486453,-0.0643631490504167,0.047200017668746715,-0.028179295316057264,0.4083969465648855,0.7258,131,1.0,False
public__walmart_amazon__p50__seed20260727__hit_at_1,walmart_amazon,0.5,20260727,hef_gbdt_e5_roberta_oof,hef_gbdt_e5_jina_oof,hit_at_1,within_gbdt,0.40458015267175573,0.3893129770992366,0.015267175572519083,-0.05343511450381679,0.08396946564885496,0.03895355998094662,0.5076335877862596,0.737,131,1.0,False
public__walmart_amazon__p50__seed20260727__reciprocal_rank,walmart_amazon,0.5,20260727,joint_neural_hef_roberta,joint_neural_hef_jina,reciprocal_rank,within_joint,0.45449051130250573,0.47071646939723205,-0.016225958094726357,-0.06501331029710605,0.0326787367013134,-0.05701663870329495,0.5152671755725191,0.5036,131,1.0,False
public__walmart_amazon__p50__seed20260727__hit_at_1,walmart_amazon,0.5,20260727,joint_neural_hef_roberta,joint_neural_hef_jina,hit_at_1,within_joint,0.3893129770992366,0.40458015267175573,-0.015267175572519083,-0.06870229007633588,0.03816793893129771,-0.04657367187524086,0.4923664122137405,0.6892,131,1.0,False
public__walmart_amazon__p70__seed20260725__reciprocal_rank,walmart_amazon,0.7,20260725,jina_finetuned,hef_linear_bert,reciprocal_rank,cross_family,0.4025738378607715,0.23954205314259053,0.16303178471818106,0.09290485593066872,0.2342777725565319,0.3924499283894973,0.6755725190839694,0.0,131,0.0,True
public__walmart_amazon__p70__seed20260725__hit_at_1,walmart_amazon,0.7,20260725,jina_finetuned,hef_linear_bert,hit_at_1,cross_family,0.3435114503816794,0.1984732824427481,0.1450381679389313,0.06870229007633588,0.22137404580152673,0.3228023539980799,0.5725190839694656,0.0004,131,0.004,True
public__walmart_amazon__p70__seed20260725__reciprocal_rank,walmart_amazon,0.7,20260725,jina_finetuned,hef_gbdt_e5_roberta_oof,reciprocal_rank,cross_family,0.4025738378607715,0.368622638201037,0.03395119965973454,-0.04693936830122139,0.1169131491941259,0.0717017542598406,0.5076335877862596,0.4134,131,1.0,False
public__walmart_amazon__p70__seed20260725__hit_at_1,walmart_amazon,0.7,20260725,jina_finetuned,hef_gbdt_e5_roberta_oof,hit_at_1,cross_family,0.3435114503816794,0.32061068702290074,0.022900763358778626,-0.06870229007633588,0.11450381679389313,0.042965943303806035,0.5114503816793893,0.6758,131,1.0,False
public__walmart_amazon__p70__seed20260725__reciprocal_rank,walmart_amazon,0.7,20260725,jina_finetuned,joint_neural_hef_roberta,reciprocal_rank,cross_family,0.4025738378607715,0.2256432311632506,0.17693060669752095,0.1126516473101157,0.24459666455825282,0.4545320568696241,0.583969465648855,0.0,131,0.0,True
public__walmart_amazon__p70__seed20260725__hit_at_1,walmart_amazon,0.7,20260725,jina_finetuned,joint_neural_hef_roberta,hit_at_1,cross_family,0.3435114503816794,0.17557251908396945,0.16793893129770993,0.09923664122137404,0.2366412213740458,0.40543254105901805,0.583969465648855,0.0,131,0.0,True
public__walmart_amazon__p70__seed20260725__reciprocal_rank,walmart_amazon,0.7,20260725,hef_linear_bert,hef_gbdt_e5_roberta_oof,reciprocal_rank,cross_family,0.23954205314259053,0.368622638201037,-0.1290805850584465,-0.19311662921873693,-0.0657239909712134,-0.34171406505797364,0.38167938931297707,0.0,131,0.0,True
public__walmart_amazon__p70__seed20260725__hit_at_1,walmart_amazon,0.7,20260725,hef_linear_bert,hef_gbdt_e5_roberta_oof,hit_at_1,cross_family,0.1984732824427481,0.32061068702290074,-0.12213740458015267,-0.19083969465648856,-0.05343511450381679,-0.2965906231804349,0.4389312977099237,0.0006,131,0.005399999999999999,True
public__walmart_amazon__p70__seed20260725__reciprocal_rank,walmart_amazon,0.7,20260725,hef_linear_bert,joint_neural_hef_roberta,reciprocal_rank,cross_family,0.23954205314259053,0.2256432311632506,0.01389882197933994,-0.049188860393279805,0.07606059306506822,0.03859859072808942,0.5076335877862596,0.637,131,1.0,False
public__walmart_amazon__p70__seed20260725__hit_at_1,walmart_amazon,0.7,20260725,hef_linear_bert,joint_neural_hef_roberta,hit_at_1,cross_family,0.1984732824427481,0.17557251908396945,0.022900763358778626,-0.03816793893129771,0.0916030534351145,0.06001107999147668,0.5114503816793893,0.5496,131,1.0,False
public__walmart_amazon__p70__seed20260725__reciprocal_rank,walmart_amazon,0.7,20260725,hef_gbdt_e5_roberta_oof,joint_neural_hef_roberta,reciprocal_rank,cross_family,0.368622638201037,0.2256432311632506,0.14297940703778642,0.06003468781510186,0.22683038904073635,0.2981088866052644,0.5648854961832062,0.0,131,0.0,True
public__walmart_amazon__p70__seed20260725__hit_at_1,walmart_amazon,0.7,20260725,hef_gbdt_e5_roberta_oof,joint_neural_hef_roberta,hit_at_1,cross_family,0.32061068702290074,0.17557251908396945,0.1450381679389313,0.061068702290076333,0.22900763358778625,0.2912243432292188,0.5725190839694656,0.0012,131,0.0096,True
public__walmart_amazon__p70__seed20260725__reciprocal_rank,walmart_amazon,0.7,20260725,jina_finetuned,roberta_finetuned,reciprocal_rank,within_standalone,0.4025738378607715,0.3372476209586871,0.06532621690208443,-0.004666607343228669,0.13543304614830515,0.1562350234988985,0.5076335877862596,0.0676,131,0.33799999999999997,False
public__walmart_amazon__p70__seed20260725__hit_at_1,walmart_amazon,0.7,20260725,jina_finetuned,roberta_finetuned,hit_at_1,within_standalone,0.3435114503816794,0.2748091603053435,0.06870229007633588,-0.015267175572519083,0.15267175572519084,0.14211404524750995,0.5343511450381679,0.1104,131,0.4416,False
public__walmart_amazon__p70__seed20260725__reciprocal_rank,walmart_amazon,0.7,20260725,official_ditto_plain,official_ditto_mixda,reciprocal_rank,within_standalone,0.30728919876838323,0.34544020659745606,-0.03815100782907278,-0.08560091145912922,0.008614208124447256,-0.13764685065973786,0.46564885496183206,0.1062,131,0.4248,False
public__walmart_amazon__p70__seed20260725__hit_at_1,walmart_amazon,0.7,20260725,official_ditto_plain,official_ditto_mixda,hit_at_1,within_standalone,0.22137404580152673,0.2748091603053435,-0.05343511450381679,-0.11450381679389313,0.0,-0.15930753434865225,0.4732824427480916,0.0796,131,0.398,False
public__walmart_amazon__p70__seed20260725__reciprocal_rank,walmart_amazon,0.7,20260725,hef_linear_bert,hef_linear_bge,reciprocal_rank,within_linear,0.23954205314259053,0.3023514641535677,-0.06280941101097713,-0.11979730375158719,-0.009455028548314436,-0.19416296115455883,0.6221374045801527,0.0194,131,0.1164,False
public__walmart_amazon__p70__seed20260725__hit_at_1,walmart_amazon,0.7,20260725,hef_linear_bert,hef_linear_bge,hit_at_1,within_linear,0.1984732824427481,0.26717557251908397,-0.06870229007633588,-0.1297709923664122,-0.015267175572519083,-0.20655613019229788,0.46564885496183206,0.0218,131,0.1308,False
public__walmart_amazon__p70__seed20260725__reciprocal_rank,walmart_amazon,0.7,20260725,hef_gbdt_e5_roberta_oof,hef_gbdt_e5_jina_oof,reciprocal_rank,within_gbdt,0.368622638201037,0.38854106544545075,-0.019918427244413766,-0.09905534631530277,0.05808831147704236,-0.043430050427772114,0.48854961832061067,0.6084,131,1.0,False
public__walmart_amazon__p70__seed20260725__hit_at_1,walmart_amazon,0.7,20260725,hef_gbdt_e5_roberta_oof,hef_gbdt_e5_jina_oof,hit_at_1,within_gbdt,0.32061068702290074,0.3282442748091603,-0.007633587786259542,-0.0916030534351145,0.07633587786259542,-0.015152826376737424,0.4961832061068702,0.918,131,1.0,False
public__walmart_amazon__p70__seed20260725__reciprocal_rank,walmart_amazon,0.7,20260725,joint_neural_hef_roberta,joint_neural_hef_jina,reciprocal_rank,within_joint,0.2256432311632506,0.3379766768129441,-0.11233344564969354,-0.17131907035424315,-0.05628287966592088,-0.3346841781568483,0.416030534351145,0.0,131,0.0,True
public__walmart_amazon__p70__seed20260725__hit_at_1,walmart_amazon,0.7,20260725,joint_neural_hef_roberta,joint_neural_hef_jina,hit_at_1,within_joint,0.17557251908396945,0.26717557251908397,-0.0916030534351145,-0.15267175572519084,-0.030534351145038167,-0.25405542090644434,0.4541984732824427,0.004,131,0.028,True
public__walmart_amazon__p70__seed20260726__reciprocal_rank,walmart_amazon,0.7,20260726,jina_finetuned,hef_linear_bert,reciprocal_rank,cross_family,0.3642985790765066,0.2666046475171312,0.09769393155937536,0.055830400568907264,0.14505041120587414,0.37232243523127473,0.6068702290076335,0.0,131,0.0,True
public__walmart_amazon__p70__seed20260726__hit_at_1,walmart_amazon,0.7,20260726,jina_finetuned,hef_linear_bert,hit_at_1,cross_family,0.29770992366412213,0.21374045801526717,0.08396946564885496,0.030534351145038167,0.13740458015267176,0.27550245544628016,0.5419847328244275,0.0014,131,0.0154,True
public__walmart_amazon__p70__seed20260726__reciprocal_rank,walmart_amazon,0.7,20260726,jina_finetuned,hef_gbdt_e5_roberta_oof,reciprocal_rank,cross_family,0.3642985790765066,0.32735693662413157,0.03694164245237493,-0.010967714353545484,0.08469090479004604,0.13168952326079392,0.5305343511450382,0.1262,131,0.8498,False
public__walmart_amazon__p70__seed20260726__hit_at_1,walmart_amazon,0.7,20260726,jina_finetuned,hef_gbdt_e5_roberta_oof,hit_at_1,cross_family,0.29770992366412213,0.2595419847328244,0.03816793893129771,-0.030534351145038167,0.09923664122137404,0.10034267647080418,0.5190839694656488,0.2886,131,1.0,False
public__walmart_amazon__p70__seed20260726__reciprocal_rank,walmart_amazon,0.7,20260726,jina_finetuned,joint_neural_hef_roberta,reciprocal_rank,cross_family,0.3642985790765066,0.302919941874878,0.06137863720162855,0.0006935532837333782,0.12440307501836316,0.1728642739174501,0.5381679389312977,0.0476,131,0.3808,False
public__walmart_amazon__p70__seed20260726__hit_at_1,walmart_amazon,0.7,20260726,jina_finetuned,joint_neural_hef_roberta,hit_at_1,cross_family,0.29770992366412213,0.24427480916030533,0.05343511450381679,-0.007633587786259542,0.12213740458015267,0.14116894047017797,0.5267175572519084,0.127,131,1.0,False
public__walmart_amazon__p70__seed20260726__reciprocal_rank,walmart_amazon,0.7,20260726,hef_linear_bert,hef_gbdt_e5_roberta_oof,reciprocal_rank,cross_family,0.2666046475171312,0.32735693662413157,-0.06075228910700043,-0.10951069522813761,-0.015995076069056036,-0.2189858404310251,0.41603053435114506,0.0062,131,0.062,False
public__walmart_amazon__p70__seed20260726__hit_at_1,walmart_amazon,0.7,20260726,hef_linear_bert,hef_gbdt_e5_roberta_oof,hit_at_1,cross_family,0.21374045801526717,0.2595419847328244,-0.04580152671755725,-0.09923664122137404,0.0,-0.1525076646803679,0.47709923664122134,0.0952,131,0.8568,False
public__walmart_amazon__p70__seed20260726__reciprocal_rank,walmart_amazon,0.7,20260726,hef_linear_bert,joint_neural_hef_roberta,reciprocal_rank,cross_family,0.2666046475171312,0.302919941874878,-0.03631529435774682,-0.08729884514216087,0.01381954364393375,-0.1217475156845631,0.4961832061068702,0.153,131,0.8498,False
public__walmart_amazon__p70__seed20260726__hit_at_1,walmart_amazon,0.7,20260726,hef_linear_bert,joint_neural_hef_roberta,hit_at_1,cross_family,0.21374045801526717,0.24427480916030533,-0.030534351145038167,-0.0916030534351145,0.022900763358778626,-0.0934542551051617,0.48473282442748095,0.3368,131,1.0,False
public__walmart_amazon__p70__seed20260726__reciprocal_rank,walmart_amazon,0.7,20260726,hef_gbdt_e5_roberta_oof,joint_neural_hef_roberta,reciprocal_rank,cross_family,0.32735693662413157,0.302919941874878,0.024436994749253597,-0.04218860884067956,0.09157988586312349,0.0627302234782352,0.5152671755725191,0.472,131,1.0,False
public__walmart_amazon__p70__seed20260726__hit_at_1,walmart_amazon,0.7,20260726,hef_gbdt_e5_roberta_oof,joint_neural_hef_roberta,hit_at_1,cross_family,0.2595419847328244,0.24427480916030533,0.015267175572519083,-0.05343511450381679,0.08396946564885496,0.03713818105811602,0.5076335877862596,0.748,131,1.0,False
public__walmart_amazon__p70__seed20260726__reciprocal_rank,walmart_amazon,0.7,20260726,jina_finetuned,roberta_finetuned,reciprocal_rank,within_standalone,0.3642985790765066,0.3287519932839348,0.03554658579257174,-0.009853352763189143,0.08205629477483707,0.13237148041704325,0.6106870229007634,0.1214,131,0.8498,False
public__walmart_amazon__p70__seed20260726__hit_at_1,walmart_amazon,0.7,20260726,jina_finetuned,roberta_finetuned,hit_at_1,within_standalone,0.29770992366412213,0.2824427480916031,0.015267175572519083,-0.04580152671755725,0.07633587786259542,0.043559730473862295,0.5076335877862596,0.7032,131,1.0,False
public__walmart_amazon__p70__seed20260726__reciprocal_rank,walmart_amazon,0.7,20260726,official_ditto_plain,official_ditto_mixda,reciprocal_rank,within_standalone,0.3292358344382395,0.33132813847562875,-0.0020923040373892546,-0.03939280335724323,0.0335070834481818,-0.009957710879573284,0.5114503816793893,0.8898,131,1.0,False
public__walmart_amazon__p70__seed20260726__hit_at_1,walmart_amazon,0.7,20260726,official_ditto_plain,official_ditto_mixda,hit_at_1,within_standalone,0.2900763358778626,0.2748091603053435,0.015267175572519083,-0.030534351145038167,0.061068702290076333,0.05513081789542489,0.5076335877862596,0.6236,131,1.0,False
public__walmart_amazon__p70__seed20260726__reciprocal_rank,walmart_amazon,0.7,20260726,hef_linear_bert,hef_linear_bge,reciprocal_rank,within_linear,0.2666046475171312,0.2871011974726169,-0.02049654995548571,-0.06709092294142792,0.0215622496217497,-0.07857522215258789,0.6106870229007633,0.3592,131,1.0,False
public__walmart_amazon__p70__seed20260726__hit_at_1,walmart_amazon,0.7,20260726,hef_linear_bert,hef_linear_bge,hit_at_1,within_linear,0.21374045801526717,0.24427480916030533,-0.030534351145038167,-0.07633587786259542,0.015267175572519083,-0.110771715471717,0.4847328244274809,0.2554,131,1.0,False
public__walmart_amazon__p70__seed20260726__reciprocal_rank,walmart_amazon,0.7,20260726,hef_gbdt_e5_roberta_oof,hef_gbdt_e5_jina_oof,reciprocal_rank,within_gbdt,0.32735693662413157,0.3591483564114106,-0.03179141978727898,-0.09351894789038426,0.028889319584202194,-0.08789371203170501,0.45038167938931295,0.3064,131,1.0,False
public__walmart_amazon__p70__seed20260726__hit_at_1,walmart_amazon,0.7,20260726,hef_gbdt_e5_roberta_oof,hef_gbdt_e5_jina_oof,hit_at_1,within_gbdt,0.2595419847328244,0.2900763358778626,-0.030534351145038167,-0.09923664122137404,0.03816793893129771,-0.07443169800311761,0.48473282442748095,0.4376,131,1.0,False
public__walmart_amazon__p70__seed20260726__reciprocal_rank,walmart_amazon,0.7,20260726,joint_neural_hef_roberta,joint_neural_hef_jina,reciprocal_rank,within_joint,0.302919941874878,0.3662021554386058,-0.06328221356372782,-0.12203607517289583,-0.006498551283919025,-0.18546894998497576,0.4580152671755725,0.0284,131,0.2556,False
public__walmart_amazon__p70__seed20260726__hit_at_1,walmart_amazon,0.7,20260726,joint_neural_hef_roberta,joint_neural_hef_jina,hit_at_1,within_joint,0.24427480916030533,0.3053435114503817,-0.061068702290076333,-0.12213740458015267,0.0,-0.1663907995087185,0.46946564885496184,0.0702,131,0.702,False
public__walmart_amazon__p70__seed20260727__reciprocal_rank,walmart_amazon,0.7,20260727,jina_finetuned,hef_linear_bert,reciprocal_rank,cross_family,0.3064388616907068,0.18587795915725688,0.12056090253344989,0.06950519770923644,0.17547570727547204,0.3847343310446033,0.6106870229007634,0.0,131,0.0,True
public__walmart_amazon__p70__seed20260727__hit_at_1,walmart_amazon,0.7,20260727,jina_finetuned,hef_linear_bert,hit_at_1,cross_family,0.22900763358778625,0.13740458015267176,0.0916030534351145,0.03816793893129771,0.15267175572519084,0.270568583316805,0.5458015267175572,0.0016,131,0.0176,True
public__walmart_amazon__p70__seed20260727__reciprocal_rank,walmart_amazon,0.7,20260727,jina_finetuned,hef_gbdt_e5_roberta_oof,reciprocal_rank,cross_family,0.3064388616907068,0.2688939378713585,0.037544923819348236,-0.028199447315127524,0.10298246057207179,0.097532087433416,0.5458015267175572,0.257,131,1.0,False
public__walmart_amazon__p70__seed20260727__hit_at_1,walmart_amazon,0.7,20260727,jina_finetuned,hef_gbdt_e5_roberta_oof,hit_at_1,cross_family,0.22900763358778625,0.21374045801526717,0.015267175572519083,-0.061068702290076333,0.0916030534351145,0.03415850613972338,0.5076335877862596,0.7516,131,1.0,False
public__walmart_amazon__p70__seed20260727__reciprocal_rank,walmart_amazon,0.7,20260727,jina_finetuned,joint_neural_hef_roberta,reciprocal_rank,cross_family,0.3064388616907068,0.2079661901553203,0.09847267153538643,0.05183009338475573,0.15035455191562236,0.33589912089834983,0.549618320610687,0.0,131,0.0,True
public__walmart_amazon__p70__seed20260727__hit_at_1,walmart_amazon,0.7,20260727,jina_finetuned,joint_neural_hef_roberta,hit_at_1,cross_family,0.22900763358778625,0.15267175572519084,0.07633587786259542,0.015267175572519083,0.13740458015267176,0.2229747880880995,0.5381679389312977,0.0134,131,0.1072,False
public__walmart_amazon__p70__seed20260727__reciprocal_rank,walmart_amazon,0.7,20260727,hef_linear_bert,hef_gbdt_e5_roberta_oof,reciprocal_rank,cross_family,0.18587795915725688,0.2688939378713585,-0.08301597871410166,-0.1310766298894444,-0.04058219686241866,-0.3076430595039595,0.3587786259541985,0.0,131,0.0,True
public__walmart_amazon__p70__seed20260727__hit_at_1,walmart_amazon,0.7,20260727,hef_linear_bert,hef_gbdt_e5_roberta_oof,hit_at_1,cross_family,0.13740458015267176,0.21374045801526717,-0.07633587786259542,-0.1297709923664122,-0.030534351145038167,-0.2596462910998571,0.4618320610687023,0.0018,131,0.0176,True
public__walmart_amazon__p70__seed20260727__reciprocal_rank,walmart_amazon,0.7,20260727,hef_linear_bert,joint_neural_hef_roberta,reciprocal_rank,cross_family,0.18587795915725688,0.2079661901553203,-0.022088230998063466,-0.0650034989472875,0.020878158375136673,-0.08808578733796307,0.3702290076335878,0.3,131,1.0,False
public__walmart_amazon__p70__seed20260727__hit_at_1,walmart_amazon,0.7,20260727,hef_linear_bert,joint_neural_hef_roberta,hit_at_1,cross_family,0.13740458015267176,0.15267175572519084,-0.015267175572519083,-0.061068702290076333,0.030534351145038167,-0.05513081789542489,0.49236641221374045,0.6222,131,1.0,False
public__walmart_amazon__p70__seed20260727__reciprocal_rank,walmart_amazon,0.7,20260727,hef_gbdt_e5_roberta_oof,joint_neural_hef_roberta,reciprocal_rank,cross_family,0.2688939378713585,0.2079661901553203,0.060927747716038184,-0.0005453820489500919,0.12458211054139498,0.16767183752182876,0.5,0.0526,131,0.3156,False
public__walmart_amazon__p70__seed20260727__hit_at_1,walmart_amazon,0.7,20260727,hef_gbdt_e5_roberta_oof,joint_neural_hef_roberta,hit_at_1,cross_family,0.21374045801526717,0.15267175572519084,0.061068702290076333,0.0,0.12213740458015267,0.16639079950871852,0.5305343511450382,0.0676,131,0.47319999999999995,False
public__walmart_amazon__p70__seed20260727__reciprocal_rank,walmart_amazon,0.7,20260727,jina_finetuned,roberta_finetuned,reciprocal_rank,within_standalone,0.3064388616907068,0.22094839144940207,0.08549047024130466,0.02753749553669775,0.14474684738003152,0.2468886204400678,0.6030534351145038,0.0032,131,0.0224,True
public__walmart_amazon__p70__seed20260727__hit_at_1,walmart_amazon,0.7,20260727,jina_finetuned,roberta_finetuned,hit_at_1,within_standalone,0.22900763358778625,0.16793893129770993,0.061068702290076333,-0.007633587786259542,0.1297709923664122,0.15012586437115502,0.5305343511450382,0.1028,131,0.6168,False
public__walmart_amazon__p70__seed20260727__reciprocal_rank,walmart_amazon,0.7,20260727,official_ditto_plain,official_ditto_mixda,reciprocal_rank,within_standalone,0.22783758187209058,0.26269140710057687,-0.03485382522848632,-0.07432689893389956,0.0026088569897427753,-0.15426695692779177,0.4122137404580153,0.0692,131,0.346,False
public__walmart_amazon__p70__seed20260727__hit_at_1,walmart_amazon,0.7,20260727,official_ditto_plain,official_ditto_mixda,hit_at_1,within_standalone,0.17557251908396945,0.19083969465648856,-0.015267175572519083,-0.05343511450381679,0.030534351145038167,-0.06166173985331966,0.49236641221374045,0.5788,131,1.0,False
public__walmart_amazon__p70__seed20260727__reciprocal_rank,walmart_amazon,0.7,20260727,hef_linear_bert,hef_linear_bge,reciprocal_rank,within_linear,0.18587795915725688,0.1989577804735888,-0.013079821316331999,-0.056131524492524135,0.0246724246386098,-0.05537059121451133,0.6183206106870229,0.5158,131,1.0,False
public__walmart_amazon__p70__seed20260727__hit_at_1,walmart_amazon,0.7,20260727,hef_linear_bert,hef_linear_bge,hit_at_1,within_linear,0.13740458015267176,0.16793893129770993,-0.030534351145038167,-0.07633587786259542,0.015267175572519083,-0.11077171547171698,0.4847328244274809,0.2634,131,1.0,False
public__walmart_amazon__p70__seed20260727__reciprocal_rank,walmart_amazon,0.7,20260727,hef_gbdt_e5_roberta_oof,hef_gbdt_e5_jina_oof,reciprocal_rank,within_gbdt,0.2688939378713585,0.30137347915215407,-0.032479541280795575,-0.09490031333533548,0.03020451425341345,-0.08913662139840402,0.4580152671755725,0.3058,131,1.0,False
public__walmart_amazon__p70__seed20260727__hit_at_1,walmart_amazon,0.7,20260727,hef_gbdt_e5_roberta_oof,hef_gbdt_e5_jina_oof,hit_at_1,within_gbdt,0.21374045801526717,0.22900763358778625,-0.015267175572519083,-0.08396946564885496,0.05343511450381679,-0.03895355998094662,0.49236641221374045,0.734,131,1.0,False
public__walmart_amazon__p70__seed20260727__reciprocal_rank,walmart_amazon,0.7,20260727,joint_neural_hef_roberta,joint_neural_hef_jina,reciprocal_rank,within_joint,0.2079661901553203,0.32060651077208463,-0.11264032061676431,-0.1746078741987458,-0.05466465874619825,-0.3218795908970506,0.42748091603053434,0.0002,131,0.0016,True
public__walmart_amazon__p70__seed20260727__hit_at_1,walmart_amazon,0.7,20260727,joint_neural_hef_roberta,joint_neural_hef_jina,hit_at_1,within_joint,0.15267175572519084,0.25190839694656486,-0.09923664122137404,-0.16030534351145037,-0.03816793893129771,-0.26886569174971475,0.45038167938931295,0.0016,131,0.0176,True
public__wdc_80_medium_seen__p00__seed20260725__reciprocal_rank,wdc_80_medium_seen,0.0,20260725,jina_finetuned,hef_linear_bert,reciprocal_rank,cross_family,0.8722321923247832,0.5671021464841686,0.30513004584061465,0.27216095244198923,0.3387976717378924,0.8034041346967667,0.734,0.0,500,0.0,True
public__wdc_80_medium_seen__p00__seed20260725__hit_at_1,wdc_80_medium_seen,0.0,20260725,jina_finetuned,hef_linear_bert,hit_at_1,cross_family,0.81,0.388,0.422,0.376,0.468,0.7749853586099724,0.7110000000000001,0.0,500,0.0,True
public__wdc_80_medium_seen__p00__seed20260725__reciprocal_rank,wdc_80_medium_seen,0.0,20260725,jina_finetuned,hef_gbdt_e5_roberta_oof,reciprocal_rank,cross_family,0.8722321923247832,0.8207647274635345,0.051467464861248716,0.027905990292601376,0.07519208478723306,0.18766262296736735,0.552,0.0,500,0.0,True
public__wdc_80_medium_seen__p00__seed20260725__hit_at_1,wdc_80_medium_seen,0.0,20260725,jina_finetuned,hef_gbdt_e5_roberta_oof,hit_at_1,cross_family,0.81,0.742,0.068,0.032,0.102,0.16806607353347827,0.534,0.0,500,0.0,True
public__wdc_80_medium_seen__p00__seed20260725__reciprocal_rank,wdc_80_medium_seen,0.0,20260725,jina_finetuned,joint_neural_hef_roberta,reciprocal_rank,cross_family,0.8722321923247832,0.7773554780899886,0.09487671423479446,0.06725378631434337,0.12275085880610294,0.2998758843204054,0.585,0.0,500,0.0,True
public__wdc_80_medium_seen__p00__seed20260725__hit_at_1,wdc_80_medium_seen,0.0,20260725,jina_finetuned,joint_neural_hef_roberta,hit_at_1,cross_family,0.81,0.684,0.126,0.086,0.166,0.2799799125999937,0.563,0.0,500,0.0,True
public__wdc_80_medium_seen__p00__seed20260725__reciprocal_rank,wdc_80_medium_seen,0.0,20260725,hef_linear_bert,hef_gbdt_e5_roberta_oof,reciprocal_rank,cross_family,0.5671021464841686,0.8207647274635345,-0.25366258097936595,-0.28535586081340525,-0.22168807921633849,-0.6994963205599156,0.28900000000000003,0.0,500,0.0,True
public__wdc_80_medium_seen__p00__seed20260725__hit_at_1,wdc_80_medium_seen,0.0,20260725,hef_linear_bert,hef_gbdt_e5_roberta_oof,hit_at_1,cross_family,0.388,0.742,-0.354,-0.4,-0.306,-0.6628068727008655,0.323,0.0,500,0.0,True
public__wdc_80_medium_seen__p00__seed20260725__reciprocal_rank,wdc_80_medium_seen,0.0,20260725,hef_linear_bert,joint_neural_hef_roberta,reciprocal_rank,cross_family,0.5671021464841686,0.7773554780899886,-0.2102533316058202,-0.24683042863102153,-0.17394584066983618,-0.5033474882018725,0.32899999999999996,0.0,500,0.0,True
public__wdc_80_medium_seen__p00__seed20260725__hit_at_1,wdc_80_medium_seen,0.0,20260725,hef_linear_bert,joint_neural_hef_roberta,hit_at_1,cross_family,0.388,0.684,-0.296,-0.348,-0.246,-0.49533370744133165,0.35200000000000004,0.0,500,0.0,True
public__wdc_80_medium_seen__p00__seed20260725__reciprocal_rank,wdc_80_medium_seen,0.0,20260725,hef_gbdt_e5_roberta_oof,joint_neural_hef_roberta,reciprocal_rank,cross_family,0.8207647274635345,0.7773554780899886,0.04340924937354575,0.015616519083106545,0.07148005641168635,0.13513455110559905,0.535,0.0012,500,0.0036,True
public__wdc_80_medium_seen__p00__seed20260725__hit_at_1,wdc_80_medium_seen,0.0,20260725,hef_gbdt_e5_roberta_oof,joint_neural_hef_roberta,hit_at_1,cross_family,0.742,0.684,0.058,0.018,0.098,0.12624871451838612,0.529,0.004,500,0.016,True
public__wdc_80_medium_seen__p00__seed20260725__reciprocal_rank,wdc_80_medium_seen,0.0,20260725,jina_finetuned,roberta_finetuned,reciprocal_rank,within_standalone,0.8722321923247832,0.8359539439387266,0.036278248386056616,0.013534691497947593,0.05986505917318409,0.1389448612826473,0.533,0.002,500,0.004,True
public__wdc_80_medium_seen__p00__seed20260725__hit_at_1,wdc_80_medium_seen,0.0,20260725,jina_finetuned,roberta_finetuned,hit_at_1,within_standalone,0.81,0.762,0.048,0.015950000000000047,0.082,0.12562691462427347,0.524,0.0056,500,0.016,True
public__wdc_80_medium_seen__p00__seed20260725__reciprocal_rank,wdc_80_medium_seen,0.0,20260725,official_ditto_plain,official_ditto_mixda,reciprocal_rank,within_standalone,0.8221057777273402,0.8287919330799464,-0.0066861553526061605,-0.02661920263250764,0.012822105985350265,-0.029618586153996863,0.492,0.4954,500,0.4954,False
public__wdc_80_medium_seen__p00__seed20260725__hit_at_1,wdc_80_medium_seen,0.0,20260725,official_ditto_plain,official_ditto_mixda,hit_at_1,within_standalone,0.75,0.76,-0.01,-0.04,0.02,-0.02960079727469565,0.495,0.5438,500,0.5438,False
public__wdc_80_medium_seen__p00__seed20260725__reciprocal_rank,wdc_80_medium_seen,0.0,20260725,hef_linear_bert,hef_linear_bge,reciprocal_rank,within_linear,0.5671021464841686,0.6084930547961057,-0.04139090831193732,-0.06057805750928053,-0.022162047067240398,-0.18958346812192065,0.42300000000000004,0.0,500,0.0,True
public__wdc_80_medium_seen__p00__seed20260725__hit_at_1,wdc_80_medium_seen,0.0,20260725,hef_linear_bert,hef_linear_bge,hit_at_1,within_linear,0.388,0.434,-0.046,-0.076,-0.016,-0.13056160870247727,0.477,0.003,500,0.015,True
public__wdc_80_medium_seen__p00__seed20260725__reciprocal_rank,wdc_80_medium_seen,0.0,20260725,hef_gbdt_e5_roberta_oof,hef_gbdt_e5_jina_oof,reciprocal_rank,within_gbdt,0.8207647274635345,0.8640051976216154,-0.04324047015808107,-0.0654523497382082,-0.02143612142408012,-0.175574908641154,0.45299999999999996,0.0,500,0.0,True
public__wdc_80_medium_seen__p00__seed20260725__hit_at_1,wdc_80_medium_seen,0.0,20260725,hef_gbdt_e5_roberta_oof,hef_gbdt_e5_jina_oof,hit_at_1,within_gbdt,0.742,0.792,-0.05,-0.084,-0.016,-0.13005865691021165,0.475,0.0042,500,0.016,True
public__wdc_80_medium_seen__p00__seed20260725__reciprocal_rank,wdc_80_medium_seen,0.0,20260725,joint_neural_hef_roberta,joint_neural_hef_jina,reciprocal_rank,within_joint,0.7773554780899886,0.8719768507332462,-0.09462137264325737,-0.12374347425065978,-0.06594467513018926,-0.28655629760019785,0.42100000000000004,0.0,500,0.0,True
public__wdc_80_medium_seen__p00__seed20260725__hit_at_1,wdc_80_medium_seen,0.0,20260725,joint_neural_hef_roberta,joint_neural_hef_jina,hit_at_1,within_joint,0.684,0.81,-0.126,-0.168,-0.08595000000000072,-0.2670779739040866,0.437,0.0,500,0.0,True
public__wdc_80_medium_seen__p10__seed20260725__reciprocal_rank,wdc_80_medium_seen,0.1,20260725,jina_finetuned,hef_linear_bert,reciprocal_rank,cross_family,0.757853265720702,0.5097173945270191,0.24813587119368283,0.21108209535207864,0.2851174796031402,0.5757216991080366,0.687,0.0,500,0.0,True
public__wdc_80_medium_seen__p10__seed20260725__hit_at_1,wdc_80_medium_seen,0.1,20260725,jina_finetuned,hef_linear_bert,hit_at_1,cross_family,0.682,0.352,0.33,0.28,0.382,0.5712048603563754,0.665,0.0,500,0.0,True
public__wdc_80_medium_seen__p10__seed20260725__reciprocal_rank,wdc_80_medium_seen,0.1,20260725,jina_finetuned,hef_gbdt_e5_roberta_oof,reciprocal_rank,cross_family,0.757853265720702,0.7542824758154925,0.003570789905209448,-0.025015890731920825,0.03228658196556417,0.010822273826326386,0.51,0.8034,500,1.0,False
public__wdc_80_medium_seen__p10__seed20260725__hit_at_1,wdc_80_medium_seen,0.1,20260725,jina_finetuned,hef_gbdt_e5_roberta_oof,hit_at_1,cross_family,0.682,0.682,0.0,-0.038,0.038,0.0,0.5,1.0,500,1.0,False
public__wdc_80_medium_seen__p10__seed20260725__reciprocal_rank,wdc_80_medium_seen,0.1,20260725,jina_finetuned,joint_neural_hef_roberta,reciprocal_rank,cross_family,0.757853265720702,0.6900323585948688,0.06782090712583305,0.03654741989421878,0.09984763852536284,0.18876549641664878,0.552,0.0,500,0.0,True
public__wdc_80_medium_seen__p10__seed20260725__hit_at_1,wdc_80_medium_seen,0.1,20260725,jina_finetuned,joint_neural_hef_roberta,hit_at_1,cross_family,0.682,0.604,0.078,0.036,0.12,0.16616190381365775,0.539,0.0,500,0.0,True
public__wdc_80_medium_seen__p10__seed20260725__reciprocal_rank,wdc_80_medium_seen,0.1,20260725,hef_linear_bert,hef_gbdt_e5_roberta_oof,reciprocal_rank,cross_family,0.5097173945270191,0.7542824758154925,-0.24456508128847337,-0.2761551252847146,-0.21300341882790458,-0.6797991975389347,0.272,0.0,500,0.0,True
public__wdc_80_medium_seen__p10__seed20260725__hit_at_1,wdc_80_medium_seen,0.1,20260725,hef_linear_bert,hef_gbdt_e5_roberta_oof,hit_at_1,cross_family,0.352,0.682,-0.33,-0.376,-0.284,-0.6355099603460175,0.335,0.0,500,0.0,True
public__wdc_80_medium_seen__p10__seed20260725__reciprocal_rank,wdc_80_medium_seen,0.1,20260725,hef_linear_bert,joint_neural_hef_roberta,reciprocal_rank,cross_family,0.5097173945270191,0.6900323585948688,-0.18031496406784975,-0.21918378096925806,-0.14201985856803687,-0.40253489891519406,0.357,0.0,500,0.0,True
public__wdc_80_medium_seen__p10__seed20260725__hit_at_1,wdc_80_medium_seen,0.1,20260725,hef_linear_bert,joint_neural_hef_roberta,hit_at_1,cross_family,0.352,0.604,-0.252,-0.304,-0.2,-0.4192910442706846,0.374,0.0,500,0.0,True
public__wdc_80_medium_seen__p10__seed20260725__reciprocal_rank,wdc_80_medium_seen,0.1,20260725,hef_gbdt_e5_roberta_oof,joint_neural_hef_roberta,reciprocal_rank,cross_family,0.7542824758154925,0.6900323585948688,0.0642501172206236,0.03245092344344703,0.09536584961134824,0.18034631097495382,0.549,0.0,500,0.0,True
public__wdc_80_medium_seen__p10__seed20260725__hit_at_1,wdc_80_medium_seen,0.1,20260725,hef_gbdt_e5_roberta_oof,joint_neural_hef_roberta,hit_at_1,cross_family,0.682,0.604,0.078,0.038,0.12,0.16616190381365775,0.539,0.0,500,0.0,True
public__wdc_80_medium_seen__p10__seed20260725__reciprocal_rank,wdc_80_medium_seen,0.1,20260725,jina_finetuned,roberta_finetuned,reciprocal_rank,within_standalone,0.757853265720702,0.7593885567082086,-0.0015352909875066957,-0.028226057825452757,0.024700485926378423,-0.005018491259156526,0.496,0.9038,500,1.0,False
public__wdc_80_medium_seen__p10__seed20260725__hit_at_1,wdc_80_medium_seen,0.1,20260725,jina_finetuned,roberta_finetuned,hit_at_1,within_standalone,0.682,0.682,0.0,-0.036,0.036,0.0,0.5,1.0,500,1.0,False
public__wdc_80_medium_seen__p10__seed20260725__reciprocal_rank,wdc_80_medium_seen,0.1,20260725,official_ditto_plain,official_ditto_mixda,reciprocal_rank,within_standalone,0.7277827389808635,0.7389220022404492,-0.011139263259585757,-0.029009400379279144,0.006691942052791502,-0.05538234615874602,0.497,0.2156,500,0.6468,False
public__wdc_80_medium_seen__p10__seed20260725__hit_at_1,wdc_80_medium_seen,0.1,20260725,official_ditto_plain,official_ditto_mixda,hit_at_1,within_standalone,0.644,0.662,-0.018,-0.044,0.008,-0.06143391389273539,0.491,0.1934,500,0.7736,False
public__wdc_80_medium_seen__p10__seed20260725__reciprocal_rank,wdc_80_medium_seen,0.1,20260725,hef_linear_bert,hef_linear_bge,reciprocal_rank,within_linear,0.5097173945270191,0.5633537645348683,-0.053636370007849155,-0.07250906934197196,-0.03516767822652447,-0.24896716250697892,0.401,0.0,500,0.0,True
public__wdc_80_medium_seen__p10__seed20260725__hit_at_1,wdc_80_medium_seen,0.1,20260725,hef_linear_bert,hef_linear_bge,hit_at_1,within_linear,0.352,0.408,-0.056,-0.084,-0.028,-0.172758763827184,0.47200000000000003,0.0,500,0.0,True
public__wdc_80_medium_seen__p10__seed20260725__reciprocal_rank,wdc_80_medium_seen,0.1,20260725,hef_gbdt_e5_roberta_oof,hef_gbdt_e5_jina_oof,reciprocal_rank,within_gbdt,0.7542824758154925,0.785853747390929,-0.03157127157543646,-0.055168793949907424,-0.008032316117523173,-0.11535166640667134,0.46699999999999997,0.0084,500,0.0336,True
public__wdc_80_medium_seen__p10__seed20260725__hit_at_1,wdc_80_medium_seen,0.1,20260725,hef_gbdt_e5_roberta_oof,hef_gbdt_e5_jina_oof,hit_at_1,within_gbdt,0.682,0.702,-0.02,-0.054,0.014,-0.05001252975837236,0.49,0.2848,500,0.8544,False
public__wdc_80_medium_seen__p10__seed20260725__reciprocal_rank,wdc_80_medium_seen,0.1,20260725,joint_neural_hef_roberta,joint_neural_hef_jina,reciprocal_rank,within_joint,0.6900323585948688,0.7674575689966694,-0.07742521040180046,-0.10895733128792726,-0.04689459640885839,-0.21879068238876154,0.43900000000000006,0.0,500,0.0,True
public__wdc_80_medium_seen__p10__seed20260725__hit_at_1,wdc_80_medium_seen,0.1,20260725,joint_neural_hef_roberta,joint_neural_hef_jina,hit_at_1,within_joint,0.604,0.678,-0.074,-0.116,-0.032,-0.15464329040911612,0.463,0.0004,500,0.002,True
public__wdc_80_medium_seen__p10__seed20260726__reciprocal_rank,wdc_80_medium_seen,0.1,20260726,jina_finetuned,hef_linear_bert,reciprocal_rank,cross_family,0.7636168534277782,0.5187263361212475,0.24489051730653064,0.20930731211633216,0.2801132279692019,0.6031354865830011,0.6940000000000001,0.0,500,0.0,True
public__wdc_80_medium_seen__p10__seed20260726__hit_at_1,wdc_80_medium_seen,0.1,20260726,jina_finetuned,hef_linear_bert,hit_at_1,cross_family,0.69,0.356,0.334,0.286,0.382,0.6149083393724915,0.667,0.0,500,0.0,True
public__wdc_80_medium_seen__p10__seed20260726__reciprocal_rank,wdc_80_medium_seen,0.1,20260726,jina_finetuned,hef_gbdt_e5_roberta_oof,reciprocal_rank,cross_family,0.7636168534277782,0.7436290879192347,0.019987765508543535,-0.008452637620457367,0.04781164474698867,0.0616895485550933,0.523,0.167,500,0.334,False
public__wdc_80_medium_seen__p10__seed20260726__hit_at_1,wdc_80_medium_seen,0.1,20260726,jina_finetuned,hef_gbdt_e5_roberta_oof,hit_at_1,cross_family,0.69,0.66,0.03,-0.008,0.068,0.06965997527699512,0.515,0.1334,500,0.2668,False
public__wdc_80_medium_seen__p10__seed20260726__reciprocal_rank,wdc_80_medium_seen,0.1,20260726,jina_finetuned,joint_neural_hef_roberta,reciprocal_rank,cross_family,0.7636168534277782,0.6809077302840771,0.08270912314370095,0.0513525348532515,0.1143300475749006,0.23466877170020714,0.573,0.0,500,0.0,True
public__wdc_80_medium_seen__p10__seed20260726__hit_at_1,wdc_80_medium_seen,0.1,20260726,jina_finetuned,joint_neural_hef_roberta,hit_at_1,cross_family,0.69,0.588,0.102,0.062,0.144,0.21945480432050976,0.551,0.0,500,0.0,True
public__wdc_80_medium_seen__p10__seed20260726__reciprocal_rank,wdc_80_medium_seen,0.1,20260726,hef_linear_bert,hef_gbdt_e5_roberta_oof,reciprocal_rank,cross_family,0.5187263361212475,0.7436290879192347,-0.2249027517979871,-0.2556394599250722,-0.1945380570315093,-0.6401763589511551,0.292,0.0,500,0.0,True
public__wdc_80_medium_seen__p10__seed20260726__hit_at_1,wdc_80_medium_seen,0.1,20260726,hef_linear_bert,hef_gbdt_e5_roberta_oof,hit_at_1,cross_family,0.356,0.66,-0.304,-0.35,-0.258,-0.5870955431205155,0.34800000000000003,0.0,500,0.0,True
public__wdc_80_medium_seen__p10__seed20260726__reciprocal_rank,wdc_80_medium_seen,0.1,20260726,hef_linear_bert,joint_neural_hef_roberta,reciprocal_rank,cross_family,0.5187263361212475,0.6809077302840771,-0.16218139416282967,-0.19938523891032778,-0.12503201734937253,-0.3828457391339841,0.373,0.0,500,0.0,True
public__wdc_80_medium_seen__p10__seed20260726__hit_at_1,wdc_80_medium_seen,0.1,20260726,hef_linear_bert,joint_neural_hef_roberta,hit_at_1,cross_family,0.356,0.588,-0.232,-0.282,-0.182,-0.40581421377429094,0.384,0.0,500,0.0,True
public__wdc_80_medium_seen__p10__seed20260726__reciprocal_rank,wdc_80_medium_seen,0.1,20260726,hef_gbdt_e5_roberta_oof,joint_neural_hef_roberta,reciprocal_rank,cross_family,0.7436290879192347,0.6809077302840771,0.0627213576351574,0.030864558978317844,0.09428792178437262,0.17415713482753692,0.5509999999999999,0.0,500,0.0,True
public__wdc_80_medium_seen__p10__seed20260726__hit_at_1,wdc_80_medium_seen,0.1,20260726,hef_gbdt_e5_roberta_oof,joint_neural_hef_roberta,hit_at_1,cross_family,0.66,0.588,0.072,0.028,0.116,0.14718584893150127,0.536,0.0012,500,0.005999999999999999,True
public__wdc_80_medium_seen__p10__seed20260726__reciprocal_rank,wdc_80_medium_seen,0.1,20260726,jina_finetuned,roberta_finetuned,reciprocal_rank,within_standalone,0.7636168534277782,0.7568903373901876,0.006726516037590663,-0.02018260501693661,0.03354301032365875,0.02189021013319494,0.513,0.6134,500,0.6134,False
public__wdc_80_medium_seen__p10__seed20260726__hit_at_1,wdc_80_medium_seen,0.1,20260726,jina_finetuned,roberta_finetuned,hit_at_1,within_standalone,0.69,0.678,0.012,-0.024,0.048,0.028917727909214062,0.506,0.5404,500,0.5404,False
public__wdc_80_medium_seen__p10__seed20260726__reciprocal_rank,wdc_80_medium_seen,0.1,20260726,official_ditto_plain,official_ditto_mixda,reciprocal_rank,within_standalone,0.7436262892300249,0.7233200528113155,0.020306236418709503,0.0016697183846135911,0.039197873063796185,0.09329966098509505,0.509,0.0324,500,0.0972,False
public__wdc_80_medium_seen__p10__seed20260726__hit_at_1,wdc_80_medium_seen,0.1,20260726,official_ditto_plain,official_ditto_mixda,hit_at_1,within_standalone,0.67,0.636,0.034,0.008,0.062,0.10914600098585758,0.517,0.0154,500,0.046200000000000005,True
public__wdc_80_medium_seen__p10__seed20260726__reciprocal_rank,wdc_80_medium_seen,0.1,20260726,hef_linear_bert,hef_linear_bge,reciprocal_rank,within_linear,0.5187263361212475,0.5687303041518601,-0.050003968030612425,-0.06925214968456742,-0.030947589846669343,-0.22892608951620563,0.40700000000000003,0.0,500,0.0,True
public__wdc_80_medium_seen__p10__seed20260726__hit_at_1,wdc_80_medium_seen,0.1,20260726,hef_linear_bert,hef_linear_bge,hit_at_1,within_linear,0.356,0.408,-0.052,-0.082,-0.022,-0.1516795435940244,0.474,0.0004,500,0.0024000000000000002,True
public__wdc_80_medium_seen__p10__seed20260726__reciprocal_rank,wdc_80_medium_seen,0.1,20260726,hef_gbdt_e5_roberta_oof,hef_gbdt_e5_jina_oof,reciprocal_rank,within_gbdt,0.7436290879192347,0.7880933454288591,-0.04446425750962451,-0.0683911170018016,-0.020397926230410018,-0.16308915064151122,0.457,0.0,500,0.0,True
public__wdc_80_medium_seen__p10__seed20260726__hit_at_1,wdc_80_medium_seen,0.1,20260726,hef_gbdt_e5_roberta_oof,hef_gbdt_e5_jina_oof,hit_at_1,within_gbdt,0.66,0.71,-0.05,-0.086,-0.014,-0.12204721376606559,0.475,0.0076,500,0.0304,True
public__wdc_80_medium_seen__p10__seed20260726__reciprocal_rank,wdc_80_medium_seen,0.1,20260726,joint_neural_hef_roberta,joint_neural_hef_jina,reciprocal_rank,within_joint,0.6809077302840771,0.7680858613281714,-0.08717813104409425,-0.11813754056568249,-0.05728112709014615,-0.2531485953745558,0.42000000000000004,0.0,500,0.0,True
public__wdc_80_medium_seen__p10__seed20260726__hit_at_1,wdc_80_medium_seen,0.1,20260726,joint_neural_hef_roberta,joint_neural_hef_jina,hit_at_1,within_joint,0.588,0.678,-0.09,-0.132,-0.048,-0.19086624476033973,0.455,0.0,500,0.0,True
public__wdc_80_medium_seen__p10__seed20260727__reciprocal_rank,wdc_80_medium_seen,0.1,20260727,jina_finetuned,hef_linear_bert,reciprocal_rank,cross_family,0.755740336011413,0.5066332145754435,0.2491071214359695,0.2117529153798528,0.28526753700333995,0.6002092249539603,0.6839999999999999,0.0,500,0.0,True
public__wdc_80_medium_seen__p10__seed20260727__hit_at_1,wdc_80_medium_seen,0.1,20260727,jina_finetuned,hef_linear_bert,hit_at_1,cross_family,0.68,0.348,0.332,0.284,0.38,0.607796938876935,0.6659999999999999,0.0,500,0.0,True
public__wdc_80_medium_seen__p10__seed20260727__reciprocal_rank,wdc_80_medium_seen,0.1,20260727,jina_finetuned,hef_gbdt_e5_roberta_oof,reciprocal_rank,cross_family,0.755740336011413,0.728496606115431,0.027243729895981943,-0.002658400646039958,0.05792043684443812,0.07831845170620583,0.534,0.0746,500,0.2238,False
public__wdc_80_medium_seen__p10__seed20260727__hit_at_1,wdc_80_medium_seen,0.1,20260727,jina_finetuned,hef_gbdt_e5_roberta_oof,hit_at_1,cross_family,0.68,0.648,0.032,-0.008,0.072,0.07026762164627721,0.516,0.1298,500,0.38939999999999997,False
public__wdc_80_medium_seen__p10__seed20260727__reciprocal_rank,wdc_80_medium_seen,0.1,20260727,jina_finetuned,joint_neural_hef_roberta,reciprocal_rank,cross_family,0.755740336011413,0.6745841113381023,0.08115622467331067,0.05059877515801581,0.11258073531944737,0.2283312767918039,0.5800000000000001,0.0,500,0.0,True
public__wdc_80_medium_seen__p10__seed20260727__hit_at_1,wdc_80_medium_seen,0.1,20260727,jina_finetuned,joint_neural_hef_roberta,hit_at_1,cross_family,0.68,0.57,0.11,0.068,0.152,0.22529976295196735,0.5549999999999999,0.0,500,0.0,True
public__wdc_80_medium_seen__p10__seed20260727__reciprocal_rank,wdc_80_medium_seen,0.1,20260727,hef_linear_bert,hef_gbdt_e5_roberta_oof,reciprocal_rank,cross_family,0.5066332145754435,0.728496606115431,-0.22186339153998755,-0.2523887746465912,-0.1920738304811103,-0.6361512046339891,0.303,0.0,500,0.0,True
public__wdc_80_medium_seen__p10__seed20260727__hit_at_1,wdc_80_medium_seen,0.1,20260727,hef_linear_bert,hef_gbdt_e5_roberta_oof,hit_at_1,cross_family,0.348,0.648,-0.3,-0.344,-0.256,-0.6042532177982276,0.35000000000000003,0.0,500,0.0,True
public__wdc_80_medium_seen__p10__seed20260727__reciprocal_rank,wdc_80_medium_seen,0.1,20260727,hef_linear_bert,joint_neural_hef_roberta,reciprocal_rank,cross_family,0.5066332145754435,0.6745841113381023,-0.16795089676265884,-0.20474125079538263,-0.13146892397634843,-0.39938312067404497,0.363,0.0,500,0.0,True
public__wdc_80_medium_seen__p10__seed20260727__hit_at_1,wdc_80_medium_seen,0.1,20260727,hef_linear_bert,joint_neural_hef_roberta,hit_at_1,cross_family,0.348,0.57,-0.222,-0.272,-0.172,-0.3844867712980064,0.389,0.0,500,0.0,True
public__wdc_80_medium_seen__p10__seed20260727__reciprocal_rank,wdc_80_medium_seen,0.1,20260727,hef_gbdt_e5_roberta_oof,joint_neural_hef_roberta,reciprocal_rank,cross_family,0.728496606115431,0.6745841113381023,0.053912494777328734,0.024525566781815562,0.08446699304134571,0.15732141628780083,0.538,0.0002,500,0.0008,True
public__wdc_80_medium_seen__p10__seed20260727__hit_at_1,wdc_80_medium_seen,0.1,20260727,hef_gbdt_e5_roberta_oof,joint_neural_hef_roberta,hit_at_1,cross_family,0.648,0.57,0.078,0.038,0.12,0.16616190381365775,0.539,0.0,500,0.0,True
public__wdc_80_medium_seen__p10__seed20260727__reciprocal_rank,wdc_80_medium_seen,0.1,20260727,jina_finetuned,roberta_finetuned,reciprocal_rank,within_standalone,0.755740336011413,0.7472334729435512,0.008506863067861792,-0.019619949116222432,0.03665491225828119,0.026443845846727494,0.511,0.5576,500,0.978,False
public__wdc_80_medium_seen__p10__seed20260727__hit_at_1,wdc_80_medium_seen,0.1,20260727,jina_finetuned,roberta_finetuned,hit_at_1,within_standalone,0.68,0.668,0.012,-0.026,0.05,0.027658841229682964,0.506,0.5676,500,0.938,False
public__wdc_80_medium_seen__p10__seed20260727__reciprocal_rank,wdc_80_medium_seen,0.1,20260727,official_ditto_plain,official_ditto_mixda,reciprocal_rank,within_standalone,0.7255945234298183,0.7329998467715368,-0.0074053233417185945,-0.029227446378867133,0.01356336318002891,-0.030438522180021285,0.502,0.489,500,0.978,False
public__wdc_80_medium_seen__p10__seed20260727__hit_at_1,wdc_80_medium_seen,0.1,20260727,official_ditto_plain,official_ditto_mixda,hit_at_1,within_standalone,0.642,0.654,-0.012,-0.042,0.018,-0.03462714031819461,0.494,0.469,500,0.938,False
public__wdc_80_medium_seen__p10__seed20260727__reciprocal_rank,wdc_80_medium_seen,0.1,20260727,hef_linear_bert,hef_linear_bge,reciprocal_rank,within_linear,0.5066332145754435,0.5556099072510613,-0.048976692675617724,-0.06821797359431467,-0.03069620178347396,-0.22997846994345134,0.41800000000000004,0.0,500,0.0,True
public__wdc_80_medium_seen__p10__seed20260727__hit_at_1,wdc_80_medium_seen,0.1,20260727,hef_linear_bert,hef_linear_bge,hit_at_1,within_linear,0.348,0.394,-0.046,-0.076,-0.018,-0.1399086551901469,0.477,0.0024,500,0.011999999999999999,True
public__wdc_80_medium_seen__p10__seed20260727__reciprocal_rank,wdc_80_medium_seen,0.1,20260727,hef_gbdt_e5_roberta_oof,hef_gbdt_e5_jina_oof,reciprocal_rank,within_gbdt,0.728496606115431,0.7811927149915734,-0.052696108876142525,-0.07830566294886503,-0.02751733834607925,-0.17831248178962286,0.44699999999999995,0.0,500,0.0,True
public__wdc_80_medium_seen__p10__seed20260727__hit_at_1,wdc_80_medium_seen,0.1,20260727,hef_gbdt_e5_roberta_oof,hef_gbdt_e5_jina_oof,hit_at_1,within_gbdt,0.648,0.698,-0.05,-0.088,-0.012,-0.1178970798979685,0.475,0.0106,500,0.0424,True
public__wdc_80_medium_seen__p10__seed20260727__reciprocal_rank,wdc_80_medium_seen,0.1,20260727,joint_neural_hef_roberta,joint_neural_hef_jina,reciprocal_rank,within_joint,0.6745841113381023,0.7791061722996494,-0.10452206096154723,-0.13392352735469812,-0.07535526242991902,-0.3109268387018069,0.404,0.0,500,0.0,True
public__wdc_80_medium_seen__p10__seed20260727__hit_at_1,wdc_80_medium_seen,0.1,20260727,joint_neural_hef_roberta,joint_neural_hef_jina,hit_at_1,within_joint,0.57,0.7,-0.13,-0.17,-0.09,-0.278726788727763,0.435,0.0,500,0.0,True
public__wdc_80_medium_seen__p30__seed20260725__reciprocal_rank,wdc_80_medium_seen,0.3,20260725,jina_finetuned,hef_linear_bert,reciprocal_rank,cross_family,0.5572519828197754,0.3842144382745074,0.17303754454526807,0.1367677887887774,0.21012772629090384,0.40906485799239384,0.654,0.0,500,0.0,True
public__wdc_80_medium_seen__p30__seed20260725__hit_at_1,wdc_80_medium_seen,0.3,20260725,jina_finetuned,hef_linear_bert,hit_at_1,cross_family,0.49,0.26,0.23,0.184,0.276,0.4303229395924995,0.615,0.0,500,0.0,True
public__wdc_80_medium_seen__p30__seed20260725__reciprocal_rank,wdc_80_medium_seen,0.3,20260725,jina_finetuned,hef_gbdt_e5_roberta_oof,reciprocal_rank,cross_family,0.5572519828197754,0.574672127993734,-0.017420145173958436,-0.04785843360796594,0.013212255905113303,-0.0501943388343592,0.532,0.2598,500,0.5196,False
public__wdc_80_medium_seen__p30__seed20260725__hit_at_1,wdc_80_medium_seen,0.3,20260725,jina_finetuned,hef_gbdt_e5_roberta_oof,hit_at_1,cross_family,0.49,0.502,-0.012,-0.048,0.026,-0.028917727909214062,0.494,0.5466,500,1.0,False
public__wdc_80_medium_seen__p30__seed20260725__reciprocal_rank,wdc_80_medium_seen,0.3,20260725,jina_finetuned,joint_neural_hef_roberta,reciprocal_rank,cross_family,0.5572519828197754,0.526568474292134,0.030683508527641415,-0.0018730211035213335,0.06317364743158937,0.0822084644014578,0.505,0.0616,500,0.308,False
public__wdc_80_medium_seen__p30__seed20260725__hit_at_1,wdc_80_medium_seen,0.3,20260725,jina_finetuned,joint_neural_hef_roberta,hit_at_1,cross_family,0.49,0.46,0.03,-0.008,0.068,0.07042507208782518,0.515,0.1278,500,0.7667999999999999,False
public__wdc_80_medium_seen__p30__seed20260725__reciprocal_rank,wdc_80_medium_seen,0.3,20260725,hef_linear_bert,hef_gbdt_e5_roberta_oof,reciprocal_rank,cross_family,0.3842144382745074,0.574672127993734,-0.1904576897192265,-0.2198042318168465,-0.16070296839515025,-0.5677979965696307,0.28800000000000003,0.0,500,0.0,True
public__wdc_80_medium_seen__p30__seed20260725__hit_at_1,wdc_80_medium_seen,0.3,20260725,hef_linear_bert,hef_gbdt_e5_roberta_oof,hit_at_1,cross_family,0.26,0.502,-0.242,-0.284,-0.2,-0.5025336865525042,0.379,0.0,500,0.0,True
public__wdc_80_medium_seen__p30__seed20260725__reciprocal_rank,wdc_80_medium_seen,0.3,20260725,hef_linear_bert,joint_neural_hef_roberta,reciprocal_rank,cross_family,0.3842144382745074,0.526568474292134,-0.14235403601762664,-0.17977107059196892,-0.10627691936958035,-0.34058701060996377,0.364,0.0,500,0.0,True
public__wdc_80_medium_seen__p30__seed20260725__hit_at_1,wdc_80_medium_seen,0.3,20260725,hef_linear_bert,joint_neural_hef_roberta,hit_at_1,cross_family,0.26,0.46,-0.2,-0.246,-0.154,-0.38031260978229514,0.4,0.0,500,0.0,True
public__wdc_80_medium_seen__p30__seed20260725__reciprocal_rank,wdc_80_medium_seen,0.3,20260725,hef_gbdt_e5_roberta_oof,joint_neural_hef_roberta,reciprocal_rank,cross_family,0.574672127993734,0.526568474292134,0.04810365370159985,0.016690244882187278,0.0808869838967716,0.1308194917095324,0.514,0.003,500,0.021,True
public__wdc_80_medium_seen__p30__seed20260725__hit_at_1,wdc_80_medium_seen,0.3,20260725,hef_gbdt_e5_roberta_oof,joint_neural_hef_roberta,hit_at_1,cross_family,0.502,0.46,0.042,0.004,0.08,0.09670818180603127,0.521,0.0344,500,0.24080000000000001,False
public__wdc_80_medium_seen__p30__seed20260725__reciprocal_rank,wdc_80_medium_seen,0.3,20260725,jina_finetuned,roberta_finetuned,reciprocal_rank,within_standalone,0.5572519828197754,0.5791044774411107,-0.021852494621335317,-0.051027582519242574,0.00699782282807852,-0.06649222733223702,0.519,0.1318,500,0.3954,False
public__wdc_80_medium_seen__p30__seed20260725__hit_at_1,wdc_80_medium_seen,0.3,20260725,jina_finetuned,roberta_finetuned,hit_at_1,within_standalone,0.49,0.506,-0.016,-0.052,0.02,-0.03999198637676021,0.492,0.401,500,1.0,False
public__wdc_80_medium_seen__p30__seed20260725__reciprocal_rank,wdc_80_medium_seen,0.3,20260725,official_ditto_plain,official_ditto_mixda,reciprocal_rank,within_standalone,0.563170593797603,0.5667607392413254,-0.0035901454437223955,-0.021114813244230143,0.013762595317856174,-0.017949293560339145,0.491,0.6844,500,0.6844,False
public__wdc_80_medium_seen__p30__seed20260725__hit_at_1,wdc_80_medium_seen,0.3,20260725,official_ditto_plain,official_ditto_mixda,hit_at_1,within_standalone,0.486,0.492,-0.006,-0.03,0.018,-0.0220397328531636,0.497,0.6808,500,1.0,False
public__wdc_80_medium_seen__p30__seed20260725__reciprocal_rank,wdc_80_medium_seen,0.3,20260725,hef_linear_bert,hef_linear_bge,reciprocal_rank,within_linear,0.3842144382745074,0.43786021491495236,-0.05364577664044496,-0.07292630249694695,-0.03559124976123926,-0.24888167977796616,0.398,0.0,500,0.0,True
public__wdc_80_medium_seen__p30__seed20260725__hit_at_1,wdc_80_medium_seen,0.3,20260725,hef_linear_bert,hef_linear_bge,hit_at_1,within_linear,0.26,0.312,-0.052,-0.08,-0.026,-0.1700736773771307,0.47400000000000003,0.0,500,0.0,True
public__wdc_80_medium_seen__p30__seed20260725__reciprocal_rank,wdc_80_medium_seen,0.3,20260725,hef_gbdt_e5_roberta_oof,hef_gbdt_e5_jina_oof,reciprocal_rank,within_gbdt,0.574672127993734,0.5994917646854393,-0.02481963669170541,-0.051690809400108,0.0019309711254832172,-0.08109294227125308,0.461,0.0682,500,0.308,False
public__wdc_80_medium_seen__p30__seed20260725__hit_at_1,wdc_80_medium_seen,0.3,20260725,hef_gbdt_e5_roberta_oof,hef_gbdt_e5_jina_oof,hit_at_1,within_gbdt,0.502,0.528,-0.026,-0.06,0.008,-0.06633359703686596,0.487,0.1484,500,0.7667999999999999,False
public__wdc_80_medium_seen__p30__seed20260725__reciprocal_rank,wdc_80_medium_seen,0.3,20260725,joint_neural_hef_roberta,joint_neural_hef_jina,reciprocal_rank,within_joint,0.526568474292134,0.5695240036227035,-0.04295552933056949,-0.07503588964680372,-0.01157171074842111,-0.11826637972977226,0.466,0.0094,500,0.056400000000000006,False
public__wdc_80_medium_seen__p30__seed20260725__hit_at_1,wdc_80_medium_seen,0.3,20260725,joint_neural_hef_roberta,joint_neural_hef_jina,hit_at_1,within_joint,0.46,0.488,-0.028,-0.066,0.01,-0.06396776654605535,0.48600000000000004,0.1652,500,0.7667999999999999,False
public__wdc_80_medium_seen__p30__seed20260726__reciprocal_rank,wdc_80_medium_seen,0.3,20260726,jina_finetuned,hef_linear_bert,reciprocal_rank,cross_family,0.5657380895357315,0.4142738122132324,0.1514642773224989,0.11333684464482661,0.18848718548775772,0.35382942790695204,0.662,0.0,500,0.0,True
public__wdc_80_medium_seen__p30__seed20260726__hit_at_1,wdc_80_medium_seen,0.3,20260726,jina_finetuned,hef_linear_bert,hit_at_1,cross_family,0.502,0.296,0.206,0.158,0.252,0.3864621307661512,0.603,0.0,500,0.0,True
public__wdc_80_medium_seen__p30__seed20260726__reciprocal_rank,wdc_80_medium_seen,0.3,20260726,jina_finetuned,hef_gbdt_e5_roberta_oof,reciprocal_rank,cross_family,0.5657380895357315,0.5667238377523639,-0.0009857482166325956,-0.030844015246844655,0.029431610946489363,-0.002871250882291016,0.535,0.94,500,1.0,False
public__wdc_80_medium_seen__p30__seed20260726__hit_at_1,wdc_80_medium_seen,0.3,20260726,jina_finetuned,hef_gbdt_e5_roberta_oof,hit_at_1,cross_family,0.502,0.494,0.008,-0.028,0.044,0.019502188745206487,0.504,0.6986,500,1.0,False
public__wdc_80_medium_seen__p30__seed20260726__reciprocal_rank,wdc_80_medium_seen,0.3,20260726,jina_finetuned,joint_neural_hef_roberta,reciprocal_rank,cross_family,0.5657380895357315,0.5185890672305109,0.04714902230522044,0.014864104061912761,0.07976522366868087,0.12698213084912047,0.533,0.005,500,0.025,True
public__wdc_80_medium_seen__p30__seed20260726__hit_at_1,wdc_80_medium_seen,0.3,20260726,jina_finetuned,joint_neural_hef_roberta,hit_at_1,cross_family,0.502,0.436,0.066,0.03,0.104,0.15140480308597443,0.533,0.0006,500,0.0042,True
public__wdc_80_medium_seen__p30__seed20260726__reciprocal_rank,wdc_80_medium_seen,0.3,20260726,hef_linear_bert,hef_gbdt_e5_roberta_oof,reciprocal_rank,cross_family,0.4142738122132324,0.5667238377523639,-0.15245002553913148,-0.18251707192222946,-0.12312408635896281,-0.45431258974872357,0.297,0.0,500,0.0,True
public__wdc_80_medium_seen__p30__seed20260726__hit_at_1,wdc_80_medium_seen,0.3,20260726,hef_linear_bert,hef_gbdt_e5_roberta_oof,hit_at_1,cross_family,0.296,0.494,-0.198,-0.24,-0.156,-0.41173361187813,0.40099999999999997,0.0,500,0.0,True
public__wdc_80_medium_seen__p30__seed20260726__reciprocal_rank,wdc_80_medium_seen,0.3,20260726,hef_linear_bert,joint_neural_hef_roberta,reciprocal_rank,cross_family,0.4142738122132324,0.5185890672305109,-0.10431525501727845,-0.14317389906309205,-0.06626632067858323,-0.23762962250159655,0.395,0.0,500,0.0,True
public__wdc_80_medium_seen__p30__seed20260726__hit_at_1,wdc_80_medium_seen,0.3,20260726,hef_linear_bert,joint_neural_hef_roberta,hit_at_1,cross_family,0.296,0.436,-0.14,-0.188,-0.092,-0.25689414529984667,0.43000000000000005,0.0,500,0.0,True
public__wdc_80_medium_seen__p30__seed20260726__reciprocal_rank,wdc_80_medium_seen,0.3,20260726,hef_gbdt_e5_roberta_oof,joint_neural_hef_roberta,reciprocal_rank,cross_family,0.5667238377523639,0.5185890672305109,0.048134770521853026,0.01590226453257318,0.08103671869298029,0.1290054944515432,0.524,0.0032,500,0.019200000000000002,True
public__wdc_80_medium_seen__p30__seed20260726__hit_at_1,wdc_80_medium_seen,0.3,20260726,hef_gbdt_e5_roberta_oof,joint_neural_hef_roberta,hit_at_1,cross_family,0.494,0.436,0.058,0.018,0.096,0.13000626565875142,0.529,0.004,500,0.02,True
public__wdc_80_medium_seen__p30__seed20260726__reciprocal_rank,wdc_80_medium_seen,0.3,20260726,jina_finetuned,roberta_finetuned,reciprocal_rank,within_standalone,0.5657380895357315,0.5891915724851745,-0.023453482949443168,-0.05245067891272921,0.005387584533258981,-0.07215437849843245,0.507,0.1102,500,0.3306,False
public__wdc_80_medium_seen__p30__seed20260726__hit_at_1,wdc_80_medium_seen,0.3,20260726,jina_finetuned,roberta_finetuned,hit_at_1,within_standalone,0.502,0.514,-0.012,-0.046,0.022,-0.031176477193935844,0.494,0.516,500,1.0,False
public__wdc_80_medium_seen__p30__seed20260726__reciprocal_rank,wdc_80_medium_seen,0.3,20260726,official_ditto_plain,official_ditto_mixda,reciprocal_rank,within_standalone,0.5722029711554409,0.5715995338584117,0.0006034372970292993,-0.019230689827706798,0.020628674396440057,0.002639269431731549,0.49,0.9438,500,1.0,False
public__wdc_80_medium_seen__p30__seed20260726__hit_at_1,wdc_80_medium_seen,0.3,20260726,official_ditto_plain,official_ditto_mixda,hit_at_1,within_standalone,0.494,0.498,-0.004,-0.03,0.022,-0.012898102968138226,0.498,0.8156,500,1.0,False
public__wdc_80_medium_seen__p30__seed20260726__reciprocal_rank,wdc_80_medium_seen,0.3,20260726,hef_linear_bert,hef_linear_bge,reciprocal_rank,within_linear,0.4142738122132324,0.4653821289889472,-0.051108316775714785,-0.07075320207947318,-0.03178497295458373,-0.22678227596662368,0.405,0.0,500,0.0,True
public__wdc_80_medium_seen__p30__seed20260726__hit_at_1,wdc_80_medium_seen,0.3,20260726,hef_linear_bert,hef_linear_bge,hit_at_1,within_linear,0.296,0.342,-0.046,-0.074,-0.018,-0.1454035933453881,0.47700000000000004,0.0014,500,0.0084,True
public__wdc_80_medium_seen__p30__seed20260726__reciprocal_rank,wdc_80_medium_seen,0.3,20260726,hef_gbdt_e5_roberta_oof,hef_gbdt_e5_jina_oof,reciprocal_rank,within_gbdt,0.5667238377523639,0.5908373391568769,-0.02411350140451292,-0.050159628034391626,0.0007640112877104137,-0.08240346648879804,0.455,0.0576,500,0.2304,False
public__wdc_80_medium_seen__p30__seed20260726__hit_at_1,wdc_80_medium_seen,0.3,20260726,hef_gbdt_e5_roberta_oof,hef_gbdt_e5_jina_oof,hit_at_1,within_gbdt,0.494,0.512,-0.018,-0.05,0.014,-0.04993533558727799,0.491,0.281,500,1.0,False
public__wdc_80_medium_seen__p30__seed20260726__reciprocal_rank,wdc_80_medium_seen,0.3,20260726,joint_neural_hef_roberta,joint_neural_hef_jina,reciprocal_rank,within_joint,0.5185890672305109,0.5941550418256996,-0.07556597459518871,-0.10674299866440351,-0.04524107684496408,-0.21576857137791333,0.418,0.0,500,0.0,True
public__wdc_80_medium_seen__p30__seed20260726__hit_at_1,wdc_80_medium_seen,0.3,20260726,joint_neural_hef_roberta,joint_neural_hef_jina,hit_at_1,within_joint,0.436,0.524,-0.088,-0.126,-0.04995000000000073,-0.19844331407078622,0.456,0.0,500,0.0,True
public__wdc_80_medium_seen__p30__seed20260727__reciprocal_rank,wdc_80_medium_seen,0.3,20260727,jina_finetuned,hef_linear_bert,reciprocal_rank,cross_family,0.5615129399330567,0.3887385431369503,0.17277439679610648,0.13821000112630283,0.20777128967528302,0.43130336600483055,0.656,0.0,500,0.0,True
public__wdc_80_medium_seen__p30__seed20260727__hit_at_1,wdc_80_medium_seen,0.3,20260727,jina_finetuned,hef_linear_bert,hit_at_1,cross_family,0.494,0.254,0.24,0.196,0.282,0.4830100426478742,0.62,0.0,500,0.0,True
public__wdc_80_medium_seen__p30__seed20260727__reciprocal_rank,wdc_80_medium_seen,0.3,20260727,jina_finetuned,hef_gbdt_e5_roberta_oof,reciprocal_rank,cross_family,0.5615129399330567,0.5744442418402962,-0.01293130190723956,-0.0414521919939574,0.016615615608299772,-0.039094638767386024,0.518,0.3844,500,0.5372,False
public__wdc_80_medium_seen__p30__seed20260727__hit_at_1,wdc_80_medium_seen,0.3,20260727,jina_finetuned,hef_gbdt_e5_roberta_oof,hit_at_1,cross_family,0.494,0.492,0.002,-0.032,0.036,0.005026575617862238,0.501,0.9488,500,0.9488,False
public__wdc_80_medium_seen__p30__seed20260727__reciprocal_rank,wdc_80_medium_seen,0.3,20260727,jina_finetuned,joint_neural_hef_roberta,reciprocal_rank,cross_family,0.5615129399330567,0.5236089548099468,0.03790398512310997,0.004133480298924139,0.0721770810890906,0.09737183720665035,0.54,0.0244,500,0.0976,False
public__wdc_80_medium_seen__p30__seed20260727__hit_at_1,wdc_80_medium_seen,0.3,20260727,jina_finetuned,joint_neural_hef_roberta,hit_at_1,cross_family,0.494,0.444,0.05,0.008,0.092,0.10565657084142321,0.525,0.0194,500,0.097,False
public__wdc_80_medium_seen__p30__seed20260727__reciprocal_rank,wdc_80_medium_seen,0.3,20260727,hef_linear_bert,hef_gbdt_e5_roberta_oof,reciprocal_rank,cross_family,0.3887385431369503,0.5744442418402962,-0.18570569870334605,-0.21462489220173372,-0.15743801895167672,-0.5614271656832918,0.28300000000000003,0.0,500,0.0,True
public__wdc_80_medium_seen__p30__seed20260727__hit_at_1,wdc_80_medium_seen,0.3,20260727,hef_linear_bert,hef_gbdt_e5_roberta_oof,hit_at_1,cross_family,0.254,0.492,-0.238,-0.28,-0.198,-0.5147422272814733,0.381,0.0,500,0.0,True
public__wdc_80_medium_seen__p30__seed20260727__reciprocal_rank,wdc_80_medium_seen,0.3,20260727,hef_linear_bert,joint_neural_hef_roberta,reciprocal_rank,cross_family,0.3887385431369503,0.5236089548099468,-0.13487041167299652,-0.17160641879001398,-0.09778922635639907,-0.31948819290364266,0.369,0.0,500,0.0,True
public__wdc_80_medium_seen__p30__seed20260727__hit_at_1,wdc_80_medium_seen,0.3,20260727,hef_linear_bert,joint_neural_hef_roberta,hit_at_1,cross_family,0.254,0.444,-0.19,-0.236,-0.144,-0.36267937234793013,0.40499999999999997,0.0,500,0.0,True
public__wdc_80_medium_seen__p30__seed20260727__reciprocal_rank,wdc_80_medium_seen,0.3,20260727,hef_gbdt_e5_roberta_oof,joint_neural_hef_roberta,reciprocal_rank,cross_family,0.5744442418402962,0.5236089548099468,0.05083528703034954,0.017321215371342024,0.08394708053639938,0.13238148239322226,0.5409999999999999,0.0026,500,0.0132,True
public__wdc_80_medium_seen__p30__seed20260727__hit_at_1,wdc_80_medium_seen,0.3,20260727,hef_gbdt_e5_roberta_oof,joint_neural_hef_roberta,hit_at_1,cross_family,0.492,0.444,0.048,0.008,0.09,0.1018421547315723,0.524,0.0214,500,0.097,False
public__wdc_80_medium_seen__p30__seed20260727__reciprocal_rank,wdc_80_medium_seen,0.3,20260727,jina_finetuned,roberta_finetuned,reciprocal_rank,within_standalone,0.5615129399330567,0.6027810996947374,-0.041268159761680606,-0.06828656458364565,-0.0152354813854719,-0.13509953679731773,0.479,0.0022,500,0.0132,True
public__wdc_80_medium_seen__p30__seed20260727__hit_at_1,wdc_80_medium_seen,0.3,20260727,jina_finetuned,roberta_finetuned,hit_at_1,within_standalone,0.494,0.536,-0.042,-0.074,-0.01,-0.1136759570046193,0.479,0.0116,500,0.0812,False
public__wdc_80_medium_seen__p30__seed20260727__reciprocal_rank,wdc_80_medium_seen,0.3,20260727,official_ditto_plain,official_ditto_mixda,reciprocal_rank,within_standalone,0.562598698824244,0.5752013722085554,-0.012602673384311714,-0.034620331663512534,0.01034363384633255,-0.049166848090685444,0.471,0.2686,500,0.5372,False
public__wdc_80_medium_seen__p30__seed20260727__hit_at_1,wdc_80_medium_seen,0.3,20260727,official_ditto_plain,official_ditto_mixda,hit_at_1,within_standalone,0.474,0.504,-0.03,-0.06,-0.0019500000000007276,-0.08758063260513105,0.485,0.05,500,0.15000000000000002,False
public__wdc_80_medium_seen__p30__seed20260727__reciprocal_rank,wdc_80_medium_seen,0.3,20260727,hef_linear_bert,hef_linear_bge,reciprocal_rank,within_linear,0.3887385431369503,0.4434605612679852,-0.054722018131034944,-0.07320549415668029,-0.03646177608884248,-0.26037933185226353,0.41500000000000004,0.0,500,0.0,True
public__wdc_80_medium_seen__p30__seed20260727__hit_at_1,wdc_80_medium_seen,0.3,20260727,hef_linear_bert,hef_linear_bge,hit_at_1,within_linear,0.254,0.314,-0.06,-0.086,-0.036,-0.20632188536155566,0.47000000000000003,0.0,500,0.0,True
public__wdc_80_medium_seen__p30__seed20260727__reciprocal_rank,wdc_80_medium_seen,0.3,20260727,hef_gbdt_e5_roberta_oof,hef_gbdt_e5_jina_oof,reciprocal_rank,within_gbdt,0.5744442418402962,0.5956257353327119,-0.021181493492415524,-0.046894362946118706,0.004567638290990156,-0.07060349009249615,0.46399999999999997,0.1066,500,0.3198,False
public__wdc_80_medium_seen__p30__seed20260727__hit_at_1,wdc_80_medium_seen,0.3,20260727,hef_gbdt_e5_roberta_oof,hef_gbdt_e5_jina_oof,hit_at_1,within_gbdt,0.492,0.52,-0.028,-0.062,0.006,-0.07193237986681947,0.486,0.1178,500,0.2356,False
public__wdc_80_medium_seen__p30__seed20260727__reciprocal_rank,wdc_80_medium_seen,0.3,20260727,joint_neural_hef_roberta,joint_neural_hef_jina,reciprocal_rank,within_joint,0.5236089548099468,0.5820874669427717,-0.05847851213282487,-0.09101889741505638,-0.025039999321761486,-0.15572019603509626,0.42300000000000004,0.0004,500,0.0028,True
public__wdc_80_medium_seen__p30__seed20260727__hit_at_1,wdc_80_medium_seen,0.3,20260727,joint_neural_hef_roberta,joint_neural_hef_jina,hit_at_1,within_joint,0.444,0.496,-0.052,-0.094,-0.011950000000000727,-0.11042866764103834,0.474,0.0142,500,0.0852,False
public__wdc_80_medium_seen__p50__seed20260725__reciprocal_rank,wdc_80_medium_seen,0.5,20260725,jina_finetuned,hef_linear_bert,reciprocal_rank,cross_family,0.3849663175680988,0.26075015126945783,0.12421616629864103,0.09305599240295334,0.15575291387182313,0.3476424448339876,0.6469999999999999,0.0,500,0.0,True
public__wdc_80_medium_seen__p50__seed20260725__hit_at_1,wdc_80_medium_seen,0.5,20260725,jina_finetuned,hef_linear_bert,hit_at_1,cross_family,0.322,0.178,0.144,0.108,0.18,0.3397670201623512,0.5720000000000001,0.0,500,0.0,True
public__wdc_80_medium_seen__p50__seed20260725__reciprocal_rank,wdc_80_medium_seen,0.5,20260725,jina_finetuned,hef_gbdt_e5_roberta_oof,reciprocal_rank,cross_family,0.3849663175680988,0.3810051098331021,0.003961207734996769,-0.024455692286755287,0.03210600375900052,0.012384031564814333,0.533,0.7682,500,1.0,False
public__wdc_80_medium_seen__p50__seed20260725__hit_at_1,wdc_80_medium_seen,0.5,20260725,jina_finetuned,hef_gbdt_e5_roberta_oof,hit_at_1,cross_family,0.322,0.316,0.006,-0.026,0.038,0.016376551969831458,0.503,0.7476,500,1.0,False
public__wdc_80_medium_seen__p50__seed20260725__reciprocal_rank,wdc_80_medium_seen,0.5,20260725,jina_finetuned,joint_neural_hef_roberta,reciprocal_rank,cross_family,0.3849663175680988,0.36339164854182787,0.021574669026270976,-0.010409104459160112,0.05369401160141945,0.05876833597508472,0.498,0.1824,500,1.0,False
public__wdc_80_medium_seen__p50__seed20260725__hit_at_1,wdc_80_medium_seen,0.5,20260725,jina_finetuned,joint_neural_hef_roberta,hit_at_1,cross_family,0.322,0.292,0.03,-0.006,0.066,0.07375865500651896,0.515,0.1086,500,0.7602,False
public__wdc_80_medium_seen__p50__seed20260725__reciprocal_rank,wdc_80_medium_seen,0.5,20260725,hef_linear_bert,hef_gbdt_e5_roberta_oof,reciprocal_rank,cross_family,0.26075015126945783,0.3810051098331021,-0.12025495856364427,-0.14528910836490416,-0.09565230091798199,-0.41788828736663547,0.33899999999999997,0.0,500,0.0,True
public__wdc_80_medium_seen__p50__seed20260725__hit_at_1,wdc_80_medium_seen,0.5,20260725,hef_linear_bert,hef_gbdt_e5_roberta_oof,hit_at_1,cross_family,0.178,0.316,-0.138,-0.172,-0.106,-0.3596256798063783,0.431,0.0,500,0.0,True
public__wdc_80_medium_seen__p50__seed20260725__reciprocal_rank,wdc_80_medium_seen,0.5,20260725,hef_linear_bert,joint_neural_hef_roberta,reciprocal_rank,cross_family,0.26075015126945783,0.36339164854182787,-0.10264149727237006,-0.13604884698111144,-0.06947700845023232,-0.2703933911276376,0.362,0.0,500,0.0,True
public__wdc_80_medium_seen__p50__seed20260725__hit_at_1,wdc_80_medium_seen,0.5,20260725,hef_linear_bert,joint_neural_hef_roberta,hit_at_1,cross_family,0.178,0.292,-0.114,-0.15004999999999996,-0.078,-0.2676862327543301,0.443,0.0,500,0.0,True
public__wdc_80_medium_seen__p50__seed20260725__reciprocal_rank,wdc_80_medium_seen,0.5,20260725,hef_gbdt_e5_roberta_oof,joint_neural_hef_roberta,reciprocal_rank,cross_family,0.3810051098331021,0.36339164854182787,0.017613461291274207,-0.013135496368616901,0.04875809108521964,0.049994671890501705,0.479,0.2598,500,1.0,False
public__wdc_80_medium_seen__p50__seed20260725__hit_at_1,wdc_80_medium_seen,0.5,20260725,hef_gbdt_e5_roberta_oof,joint_neural_hef_roberta,hit_at_1,cross_family,0.316,0.292,0.024,-0.01,0.058,0.06244424472054523,0.512,0.1826,500,0.913,False
public__wdc_80_medium_seen__p50__seed20260725__reciprocal_rank,wdc_80_medium_seen,0.5,20260725,jina_finetuned,roberta_finetuned,reciprocal_rank,within_standalone,0.3849663175680988,0.39505625393404986,-0.010089936365951012,-0.03704603959788442,0.015881520083739532,-0.03305278809492882,0.516,0.4532,500,1.0,False
public__wdc_80_medium_seen__p50__seed20260725__hit_at_1,wdc_80_medium_seen,0.5,20260725,jina_finetuned,roberta_finetuned,hit_at_1,within_standalone,0.322,0.318,0.004,-0.026,0.034,0.011536221706210138,0.502,0.8394,500,1.0,False
public__wdc_80_medium_seen__p50__seed20260725__reciprocal_rank,wdc_80_medium_seen,0.5,20260725,official_ditto_plain,official_ditto_mixda,reciprocal_rank,within_standalone,0.38228996154702705,0.38053145214518463,0.0017585094018423687,-0.01636558632471016,0.020307184685744415,0.008362809844366423,0.46699999999999997,0.8392,500,1.0,False
public__wdc_80_medium_seen__p50__seed20260725__hit_at_1,wdc_80_medium_seen,0.5,20260725,official_ditto_plain,official_ditto_mixda,hit_at_1,within_standalone,0.314,0.314,0.0,-0.024,0.024,0.0,0.5,1.0,500,1.0,False
public__wdc_80_medium_seen__p50__seed20260725__reciprocal_rank,wdc_80_medium_seen,0.5,20260725,hef_linear_bert,hef_linear_bge,reciprocal_rank,within_linear,0.26075015126945783,0.2954479571973015,-0.034697805927843633,-0.05005996991613632,-0.019311677617307302,-0.19801487919504696,0.43899999999999995,0.0,500,0.0,True
public__wdc_80_medium_seen__p50__seed20260725__hit_at_1,wdc_80_medium_seen,0.5,20260725,hef_linear_bert,hef_linear_bge,hit_at_1,within_linear,0.178,0.198,-0.02,-0.04,0.0,-0.08795700147530687,0.49,0.058,500,0.464,False
public__wdc_80_medium_seen__p50__seed20260725__reciprocal_rank,wdc_80_medium_seen,0.5,20260725,hef_gbdt_e5_roberta_oof,hef_gbdt_e5_jina_oof,reciprocal_rank,within_gbdt,0.3810051098331021,0.3975021655449922,-0.016497055711890078,-0.04173326205787126,0.00936650589614911,-0.0563195595277844,0.446,0.2082,500,1.0,False
public__wdc_80_medium_seen__p50__seed20260725__hit_at_1,wdc_80_medium_seen,0.5,20260725,hef_gbdt_e5_roberta_oof,hef_gbdt_e5_jina_oof,hit_at_1,within_gbdt,0.316,0.326,-0.01,-0.04,0.02,-0.02861300151363642,0.495,0.5526,500,1.0,False
public__wdc_80_medium_seen__p50__seed20260725__reciprocal_rank,wdc_80_medium_seen,0.5,20260725,joint_neural_hef_roberta,joint_neural_hef_jina,reciprocal_rank,within_joint,0.36339164854182787,0.39438702856388663,-0.030995380022058754,-0.060829662949654625,-0.0017927433940439683,-0.0915299537666408,0.47200000000000003,0.0396,500,0.2772,False
public__wdc_80_medium_seen__p50__seed20260725__hit_at_1,wdc_80_medium_seen,0.5,20260725,joint_neural_hef_roberta,joint_neural_hef_jina,hit_at_1,within_joint,0.292,0.32,-0.028,-0.062,0.006,-0.07193237986681947,0.486,0.1216,500,0.7602,False
public__wdc_80_medium_seen__p50__seed20260726__reciprocal_rank,wdc_80_medium_seen,0.5,20260726,jina_finetuned,hef_linear_bert,reciprocal_rank,cross_family,0.37714218421356,0.30449642411540917,0.07264576009815067,0.04026085753579616,0.10587245527917137,0.1904985924451798,0.624,0.0,500,0.0,True
public__wdc_80_medium_seen__p50__seed20260726__hit_at_1,wdc_80_medium_seen,0.5,20260726,jina_finetuned,hef_linear_bert,hit_at_1,cross_family,0.322,0.23,0.092,0.052,0.13,0.207845073318818,0.546,0.0,500,0.0,True
public__wdc_80_medium_seen__p50__seed20260726__reciprocal_rank,wdc_80_medium_seen,0.5,20260726,jina_finetuned,hef_gbdt_e5_roberta_oof,reciprocal_rank,cross_family,0.37714218421356,0.37508568965479894,0.0020564945587609814,-0.025588856515873164,0.029978391411805704,0.006488897856301698,0.5449999999999999,0.872,500,0.872,False
public__wdc_80_medium_seen__p50__seed20260726__hit_at_1,wdc_80_medium_seen,0.5,20260726,jina_finetuned,hef_gbdt_e5_roberta_oof,hit_at_1,cross_family,0.322,0.316,0.006,-0.026,0.036,0.01688858637702495,0.503,0.737,500,0.737,False
public__wdc_80_medium_seen__p50__seed20260726__reciprocal_rank,wdc_80_medium_seen,0.5,20260726,jina_finetuned,joint_neural_hef_roberta,reciprocal_rank,cross_family,0.37714218421356,0.3431252120142853,0.034016972199274624,0.004934533906668948,0.0632738334119878,0.1032747516049247,0.506,0.0204,500,0.09599999999999999,False
public__wdc_80_medium_seen__p50__seed20260726__hit_at_1,wdc_80_medium_seen,0.5,20260726,jina_finetuned,joint_neural_hef_roberta,hit_at_1,cross_family,0.322,0.268,0.054,0.022,0.086,0.14677668486769802,0.527,0.001,500,0.008,True
public__wdc_80_medium_seen__p50__seed20260726__reciprocal_rank,wdc_80_medium_seen,0.5,20260726,hef_linear_bert,hef_gbdt_e5_roberta_oof,reciprocal_rank,cross_family,0.30449642411540917,0.37508568965479894,-0.07058926553938971,-0.09374327070222613,-0.04710932769174004,-0.26475627475279573,0.362,0.0,500,0.0,True
public__wdc_80_medium_seen__p50__seed20260726__hit_at_1,wdc_80_medium_seen,0.5,20260726,hef_linear_bert,hef_gbdt_e5_roberta_oof,hit_at_1,cross_family,0.23,0.316,-0.086,-0.116,-0.054,-0.2453643158969507,0.457,0.0,500,0.0,True
public__wdc_80_medium_seen__p50__seed20260726__reciprocal_rank,wdc_80_medium_seen,0.5,20260726,hef_linear_bert,joint_neural_hef_roberta,reciprocal_rank,cross_family,0.30449642411540917,0.3431252120142853,-0.038628787898876055,-0.07141145492648547,-0.005764695687597799,-0.10217377247926578,0.403,0.0192,500,0.09599999999999999,False
public__wdc_80_medium_seen__p50__seed20260726__hit_at_1,wdc_80_medium_seen,0.5,20260726,hef_linear_bert,joint_neural_hef_roberta,hit_at_1,cross_family,0.23,0.268,-0.038,-0.076,0.0,-0.0865108022484418,0.48100000000000004,0.0608,500,0.304,False
public__wdc_80_medium_seen__p50__seed20260726__reciprocal_rank,wdc_80_medium_seen,0.5,20260726,hef_gbdt_e5_roberta_oof,joint_neural_hef_roberta,reciprocal_rank,cross_family,0.37508568965479894,0.3431252120142853,0.03196047764051364,0.003481401667635292,0.061096757150318495,0.09810981684478093,0.514,0.0278,500,0.09599999999999999,False
public__wdc_80_medium_seen__p50__seed20260726__hit_at_1,wdc_80_medium_seen,0.5,20260726,hef_gbdt_e5_roberta_oof,joint_neural_hef_roberta,hit_at_1,cross_family,0.316,0.268,0.048,0.016,0.082,0.12922479319537936,0.524,0.0028,500,0.0196,True
public__wdc_80_medium_seen__p50__seed20260726__reciprocal_rank,wdc_80_medium_seen,0.5,20260726,jina_finetuned,roberta_finetuned,reciprocal_rank,within_standalone,0.37714218421356,0.41306591711454393,-0.035923732900983996,-0.06293579812173833,-0.009336134595307879,-0.11728751572565808,0.492,0.006,500,0.036000000000000004,True
public__wdc_80_medium_seen__p50__seed20260726__hit_at_1,wdc_80_medium_seen,0.5,20260726,jina_finetuned,roberta_finetuned,hit_at_1,within_standalone,0.322,0.346,-0.024,-0.054,0.006,-0.07057135433106605,0.488,0.1216,500,0.384,False
public__wdc_80_medium_seen__p50__seed20260726__reciprocal_rank,wdc_80_medium_seen,0.5,20260726,official_ditto_plain,official_ditto_mixda,reciprocal_rank,within_standalone,0.39033948150488584,0.3791377572690175,0.011201724235868384,-0.00707064282682301,0.029280079367935228,0.053941654566002174,0.487,0.2242,500,0.4484,False
public__wdc_80_medium_seen__p50__seed20260726__hit_at_1,wdc_80_medium_seen,0.5,20260726,official_ditto_plain,official_ditto_mixda,hit_at_1,within_standalone,0.326,0.312,0.014,-0.01,0.038,0.05148175651228881,0.507,0.285,500,0.57,False
public__wdc_80_medium_seen__p50__seed20260726__reciprocal_rank,wdc_80_medium_seen,0.5,20260726,hef_linear_bert,hef_linear_bge,reciprocal_rank,within_linear,0.30449642411540917,0.33470995665274905,-0.030213532537339802,-0.04771977789292819,-0.012915823373284773,-0.1506369175502773,0.469,0.0008,500,0.0064,True
public__wdc_80_medium_seen__p50__seed20260726__hit_at_1,wdc_80_medium_seen,0.5,20260726,hef_linear_bert,hef_linear_bge,hit_at_1,within_linear,0.23,0.25,-0.02,-0.044,0.002,-0.0768461153461057,0.49000000000000005,0.096,500,0.384,False
public__wdc_80_medium_seen__p50__seed20260726__reciprocal_rank,wdc_80_medium_seen,0.5,20260726,hef_gbdt_e5_roberta_oof,hef_gbdt_e5_jina_oof,reciprocal_rank,within_gbdt,0.37508568965479894,0.41475873634681837,-0.03967304669201943,-0.0665930287498832,-0.012611006929086328,-0.12984384274282748,0.43699999999999994,0.0038,500,0.0266,True
public__wdc_80_medium_seen__p50__seed20260726__hit_at_1,wdc_80_medium_seen,0.5,20260726,hef_gbdt_e5_roberta_oof,hef_gbdt_e5_jina_oof,hit_at_1,within_gbdt,0.316,0.35,-0.034,-0.066,-0.002,-0.09462634991987526,0.483,0.0372,500,0.22319999999999998,False
public__wdc_80_medium_seen__p50__seed20260726__reciprocal_rank,wdc_80_medium_seen,0.5,20260726,joint_neural_hef_roberta,joint_neural_hef_jina,reciprocal_rank,within_joint,0.3431252120142853,0.39715942363899526,-0.054034211624709956,-0.08261091683458399,-0.02551499505438663,-0.1639349524868165,0.441,0.0,500,0.0,True
public__wdc_80_medium_seen__p50__seed20260726__hit_at_1,wdc_80_medium_seen,0.5,20260726,joint_neural_hef_roberta,joint_neural_hef_jina,hit_at_1,within_joint,0.268,0.328,-0.06,-0.094,-0.026,-0.1555964093017608,0.47,0.0004,500,0.0036000000000000003,True
public__wdc_80_medium_seen__p50__seed20260727__reciprocal_rank,wdc_80_medium_seen,0.5,20260727,jina_finetuned,hef_linear_bert,reciprocal_rank,cross_family,0.3466314225507497,0.2570660477567376,0.08956537479401214,0.05858122920873841,0.1204593683555227,0.2518296398276406,0.6419999999999999,0.0,500,0.0,True
public__wdc_80_medium_seen__p50__seed20260727__hit_at_1,wdc_80_medium_seen,0.5,20260727,jina_finetuned,hef_linear_bert,hit_at_1,cross_family,0.274,0.174,0.1,0.062,0.136,0.23949179910610816,0.5499999999999999,0.0,500,0.0,True
public__wdc_80_medium_seen__p50__seed20260727__reciprocal_rank,wdc_80_medium_seen,0.5,20260727,jina_finetuned,hef_gbdt_e5_roberta_oof,reciprocal_rank,cross_family,0.3466314225507497,0.3590552600704997,-0.012423837519750014,-0.038071905433137834,0.014086344872709725,-0.04166018605390701,0.509,0.3436,500,1.0,False
public__wdc_80_medium_seen__p50__seed20260727__hit_at_1,wdc_80_medium_seen,0.5,20260727,jina_finetuned,hef_gbdt_e5_roberta_oof,hit_at_1,cross_family,0.274,0.288,-0.014,-0.046,0.018,-0.038819440212339906,0.493,0.4182,500,1.0,False
public__wdc_80_medium_seen__p50__seed20260727__reciprocal_rank,wdc_80_medium_seen,0.5,20260727,jina_finetuned,joint_neural_hef_roberta,reciprocal_rank,cross_family,0.3466314225507497,0.35246416541760206,-0.005832742866852289,-0.03578817987282124,0.024295108280256883,-0.016724469698030476,0.508,0.7068,500,1.0,False
public__wdc_80_medium_seen__p50__seed20260727__hit_at_1,wdc_80_medium_seen,0.5,20260727,jina_finetuned,joint_neural_hef_roberta,hit_at_1,cross_family,0.274,0.282,-0.008,-0.04,0.024,-0.021065440394468248,0.496,0.6742,500,1.0,False
public__wdc_80_medium_seen__p50__seed20260727__reciprocal_rank,wdc_80_medium_seen,0.5,20260727,hef_linear_bert,hef_gbdt_e5_roberta_oof,reciprocal_rank,cross_family,0.2570660477567376,0.3590552600704997,-0.10198921231376216,-0.12726528288733904,-0.07712856761805274,-0.3584325270899644,0.32499999999999996,0.0,500,0.0,True
public__wdc_80_medium_seen__p50__seed20260727__hit_at_1,wdc_80_medium_seen,0.5,20260727,hef_linear_bert,hef_gbdt_e5_roberta_oof,hit_at_1,cross_family,0.174,0.288,-0.114,-0.148,-0.082,-0.30768299788504305,0.443,0.0,500,0.0,True
public__wdc_80_medium_seen__p50__seed20260727__reciprocal_rank,wdc_80_medium_seen,0.5,20260727,hef_linear_bert,joint_neural_hef_roberta,reciprocal_rank,cross_family,0.2570660477567376,0.35246416541760206,-0.09539811766086444,-0.12963166527476122,-0.06230924022333587,-0.24723076999521237,0.384,0.0,500,0.0,True
public__wdc_80_medium_seen__p50__seed20260727__hit_at_1,wdc_80_medium_seen,0.5,20260727,hef_linear_bert,joint_neural_hef_roberta,hit_at_1,cross_family,0.174,0.282,-0.108,-0.146,-0.07,-0.2460133847485092,0.446,0.0,500,0.0,True
public__wdc_80_medium_seen__p50__seed20260727__reciprocal_rank,wdc_80_medium_seen,0.5,20260727,hef_gbdt_e5_roberta_oof,joint_neural_hef_roberta,reciprocal_rank,cross_family,0.3590552600704997,0.35246416541760206,0.006591094652897732,-0.024516375805827387,0.03791141995607276,0.018446113686028342,0.486,0.6718,500,1.0,False
public__wdc_80_medium_seen__p50__seed20260727__hit_at_1,wdc_80_medium_seen,0.5,20260727,hef_gbdt_e5_roberta_oof,joint_neural_hef_roberta,hit_at_1,cross_family,0.288,0.282,0.006,-0.028049999999999953,0.042,0.014893860234432791,0.503,0.7772,500,1.0,False
public__wdc_80_medium_seen__p50__seed20260727__reciprocal_rank,wdc_80_medium_seen,0.5,20260727,jina_finetuned,roberta_finetuned,reciprocal_rank,within_standalone,0.3466314225507497,0.38466499241355734,-0.0380335698628076,-0.06244969083689673,-0.014135441299698875,-0.1363895060579837,0.47700000000000004,0.0018,500,0.0126,True
public__wdc_80_medium_seen__p50__seed20260727__hit_at_1,wdc_80_medium_seen,0.5,20260727,jina_finetuned,roberta_finetuned,hit_at_1,within_standalone,0.274,0.306,-0.032,-0.06,-0.004,-0.09962016114796894,0.484,0.0276,500,0.2208,False
public__wdc_80_medium_seen__p50__seed20260727__reciprocal_rank,wdc_80_medium_seen,0.5,20260727,official_ditto_plain,official_ditto_mixda,reciprocal_rank,within_standalone,0.3710758081284569,0.3840144889771431,-0.012938680848686135,-0.034323271315286584,0.008178704227641236,-0.0534444081386797,0.45999999999999996,0.2288,500,0.9152,False
public__wdc_80_medium_seen__p50__seed20260727__hit_at_1,wdc_80_medium_seen,0.5,20260727,official_ditto_plain,official_ditto_mixda,hit_at_1,within_standalone,0.292,0.318,-0.026,-0.052,0.0,-0.0869069557126109,0.487,0.0628,500,0.31399999999999995,False
public__wdc_80_medium_seen__p50__seed20260727__reciprocal_rank,wdc_80_medium_seen,0.5,20260727,hef_linear_bert,hef_linear_bge,reciprocal_rank,within_linear,0.2570660477567376,0.28306921310075445,-0.02600316534401683,-0.04200053518533079,-0.010699369394517067,-0.14603088100606698,0.429,0.001,500,0.008,True
public__wdc_80_medium_seen__p50__seed20260727__hit_at_1,wdc_80_medium_seen,0.5,20260727,hef_linear_bert,hef_linear_bge,hit_at_1,within_linear,0.174,0.194,-0.02,-0.04,-0.002,-0.09157813397230118,0.49,0.046,500,0.276,False
public__wdc_80_medium_seen__p50__seed20260727__reciprocal_rank,wdc_80_medium_seen,0.5,20260727,hef_gbdt_e5_roberta_oof,hef_gbdt_e5_jina_oof,reciprocal_rank,within_gbdt,0.3590552600704997,0.387806325254335,-0.02875106518383528,-0.056488127737360394,-0.0007091956731972034,-0.09046553002242534,0.449,0.0404,500,0.20199999999999999,False
public__wdc_80_medium_seen__p50__seed20260727__hit_at_1,wdc_80_medium_seen,0.5,20260727,hef_gbdt_e5_roberta_oof,hef_gbdt_e5_jina_oof,hit_at_1,within_gbdt,0.288,0.322,-0.034,-0.066,-0.002,-0.09462634991987526,0.483,0.0384,500,0.2688,False
public__wdc_80_medium_seen__p50__seed20260727__reciprocal_rank,wdc_80_medium_seen,0.5,20260727,joint_neural_hef_roberta,joint_neural_hef_jina,reciprocal_rank,within_joint,0.35246416541760206,0.3874225389813148,-0.03495837356371282,-0.06696738721922288,-0.0029085635652748277,-0.09598278690580131,0.444,0.0298,500,0.17880000000000001,False
public__wdc_80_medium_seen__p50__seed20260727__hit_at_1,wdc_80_medium_seen,0.5,20260727,joint_neural_hef_roberta,joint_neural_hef_jina,hit_at_1,within_joint,0.282,0.314,-0.032,-0.068,0.004,-0.07642333871799034,0.484,0.0896,500,0.3584,False
public__wdc_80_medium_seen__p70__seed20260725__reciprocal_rank,wdc_80_medium_seen,0.7,20260725,jina_finetuned,hef_linear_bert,reciprocal_rank,cross_family,0.22042150550883427,0.19380604897356332,0.026615456535270934,-0.00019992316866585086,0.05290027107603169,0.08871570641515936,0.5860000000000001,0.0476,500,0.2856,False
public__wdc_80_medium_seen__p70__seed20260725__hit_at_1,wdc_80_medium_seen,0.7,20260725,jina_finetuned,hef_linear_bert,hit_at_1,cross_family,0.16,0.128,0.032,0.002,0.062,0.09596231478702924,0.516,0.0408,500,0.40800000000000003,False
public__wdc_80_medium_seen__p70__seed20260725__reciprocal_rank,wdc_80_medium_seen,0.7,20260725,jina_finetuned,hef_gbdt_e5_roberta_oof,reciprocal_rank,cross_family,0.22042150550883427,0.23859195278462567,-0.01817044727579141,-0.040457103249560145,0.004138683331099266,-0.07153366228092335,0.482,0.1088,500,0.5439999999999999,False
public__wdc_80_medium_seen__p70__seed20260725__hit_at_1,wdc_80_medium_seen,0.7,20260725,jina_finetuned,hef_gbdt_e5_roberta_oof,hit_at_1,cross_family,0.16,0.166,-0.006,-0.03,0.018,-0.021466906495718505,0.497,0.674,500,1.0,False
public__wdc_80_medium_seen__p70__seed20260725__reciprocal_rank,wdc_80_medium_seen,0.7,20260725,jina_finetuned,joint_neural_hef_roberta,reciprocal_rank,cross_family,0.22042150550883427,0.2307861101099616,-0.010364604601127345,-0.03814338741205798,0.016561747832564897,-0.033178325524213195,0.485,0.4594,500,1.0,False
public__wdc_80_medium_seen__p70__seed20260725__hit_at_1,wdc_80_medium_seen,0.7,20260725,jina_finetuned,joint_neural_hef_roberta,hit_at_1,cross_family,0.16,0.16,0.0,-0.028,0.028,0.0,0.5,1.0,500,1.0,False
public__wdc_80_medium_seen__p70__seed20260725__reciprocal_rank,wdc_80_medium_seen,0.7,20260725,hef_linear_bert,hef_gbdt_e5_roberta_oof,reciprocal_rank,cross_family,0.19380604897356332,0.23859195278462567,-0.04478590381106234,-0.06377649014350151,-0.026811361641977168,-0.21574730442662562,0.386,0.0,500,0.0,True
public__wdc_80_medium_seen__p70__seed20260725__hit_at_1,wdc_80_medium_seen,0.7,20260725,hef_linear_bert,hef_gbdt_e5_roberta_oof,hit_at_1,cross_family,0.128,0.166,-0.038,-0.062,-0.016,-0.14941030792421767,0.48100000000000004,0.0006,500,0.006599999999999999,True
public__wdc_80_medium_seen__p70__seed20260725__reciprocal_rank,wdc_80_medium_seen,0.7,20260725,hef_linear_bert,joint_neural_hef_roberta,reciprocal_rank,cross_family,0.19380604897356332,0.2307861101099616,-0.036980061136398276,-0.06776955586471307,-0.005839529140506984,-0.10470882372281852,0.363,0.019,500,0.133,False
public__wdc_80_medium_seen__p70__seed20260725__hit_at_1,wdc_80_medium_seen,0.7,20260725,hef_linear_bert,joint_neural_hef_roberta,hit_at_1,cross_family,0.128,0.16,-0.032,-0.064,-0.002,-0.0883322692306836,0.484,0.0496,500,0.40800000000000003,False
public__wdc_80_medium_seen__p70__seed20260725__reciprocal_rank,wdc_80_medium_seen,0.7,20260725,hef_gbdt_e5_roberta_oof,joint_neural_hef_roberta,reciprocal_rank,cross_family,0.23859195278462567,0.2307861101099616,0.007805842674664068,-0.020697504452159867,0.03679589901408012,0.023701424165779354,0.456,0.5834,500,1.0,False
public__wdc_80_medium_seen__p70__seed20260725__hit_at_1,wdc_80_medium_seen,0.7,20260725,hef_gbdt_e5_roberta_oof,joint_neural_hef_roberta,hit_at_1,cross_family,0.166,0.16,0.006,-0.024,0.036,0.01716329595821531,0.503,0.748,500,1.0,False
public__wdc_80_medium_seen__p70__seed20260725__reciprocal_rank,wdc_80_medium_seen,0.7,20260725,jina_finetuned,roberta_finetuned,reciprocal_rank,within_standalone,0.22042150550883427,0.26325062189254084,-0.04282911638370654,-0.06680525137469175,-0.018636583513618958,-0.1565939992839717,0.436,0.0002,500,0.002,True
public__wdc_80_medium_seen__p70__seed20260725__hit_at_1,wdc_80_medium_seen,0.7,20260725,jina_finetuned,roberta_finetuned,hit_at_1,within_standalone,0.16,0.186,-0.026,-0.052,0.0,-0.08892072911732846,0.487,0.0544,500,0.40800000000000003,False
public__wdc_80_medium_seen__p70__seed20260725__reciprocal_rank,wdc_80_medium_seen,0.7,20260725,official_ditto_plain,official_ditto_mixda,reciprocal_rank,within_standalone,0.25414855181896395,0.2575130211879263,-0.0033644693689623482,-0.019088787524183148,0.012262728863232484,-0.018688493016224734,0.469,0.6638,500,1.0,False
public__wdc_80_medium_seen__p70__seed20260725__hit_at_1,wdc_80_medium_seen,0.7,20260725,official_ditto_plain,official_ditto_mixda,hit_at_1,within_standalone,0.176,0.178,-0.002,-0.024,0.01804999999999927,-0.008296525372971692,0.499,0.9158,500,1.0,False
public__wdc_80_medium_seen__p70__seed20260725__reciprocal_rank,wdc_80_medium_seen,0.7,20260725,hef_linear_bert,hef_linear_bge,reciprocal_rank,within_linear,0.19380604897356332,0.19639152715851965,-0.0025854781849563393,-0.016314404870552923,0.010651800622091106,-0.016684630570185394,0.523,0.6978,500,1.0,False
public__wdc_80_medium_seen__p70__seed20260725__hit_at_1,wdc_80_medium_seen,0.7,20260725,hef_linear_bert,hef_linear_bge,hit_at_1,within_linear,0.128,0.132,-0.004,-0.022,0.014,-0.019983987187184617,0.498,0.735,500,1.0,False
public__wdc_80_medium_seen__p70__seed20260725__reciprocal_rank,wdc_80_medium_seen,0.7,20260725,hef_gbdt_e5_roberta_oof,hef_gbdt_e5_jina_oof,reciprocal_rank,within_gbdt,0.23859195278462567,0.2737735779956546,-0.03518162521102889,-0.058272546556635045,-0.012489430120314114,-0.1324292048066428,0.457,0.0034,500,0.0306,True
public__wdc_80_medium_seen__p70__seed20260725__hit_at_1,wdc_80_medium_seen,0.7,20260725,hef_gbdt_e5_roberta_oof,hef_gbdt_e5_jina_oof,hit_at_1,within_gbdt,0.166,0.188,-0.022,-0.048,0.002,-0.07515610459570693,0.489,0.0992,500,0.5952,False
public__wdc_80_medium_seen__p70__seed20260725__reciprocal_rank,wdc_80_medium_seen,0.7,20260725,joint_neural_hef_roberta,joint_neural_hef_jina,reciprocal_rank,within_joint,0.2307861101099616,0.26926687340339006,-0.038480763293428394,-0.06763264525087148,-0.009887962380019759,-0.11630961124827857,0.47000000000000003,0.0074,500,0.0592,False
public__wdc_80_medium_seen__p70__seed20260725__hit_at_1,wdc_80_medium_seen,0.7,20260725,joint_neural_hef_roberta,joint_neural_hef_jina,hit_at_1,within_joint,0.16,0.192,-0.032,-0.062,-0.002,-0.09267990225432898,0.484,0.0414,500,0.40800000000000003,False
public__wdc_80_medium_seen__p70__seed20260726__reciprocal_rank,wdc_80_medium_seen,0.7,20260726,jina_finetuned,hef_linear_bert,reciprocal_rank,cross_family,0.2329841852489471,0.2135507397243013,0.01943344552464578,-0.011623529389484305,0.05070148579669957,0.05506033731574952,0.616,0.2136,500,0.6408,False
public__wdc_80_medium_seen__p70__seed20260726__hit_at_1,wdc_80_medium_seen,0.7,20260726,jina_finetuned,hef_linear_bert,hit_at_1,cross_family,0.164,0.158,0.006,-0.03,0.042,0.014539117598813104,0.503,0.7812,500,1.0,False
public__wdc_80_medium_seen__p70__seed20260726__reciprocal_rank,wdc_80_medium_seen,0.7,20260726,jina_finetuned,hef_gbdt_e5_roberta_oof,reciprocal_rank,cross_family,0.2329841852489471,0.2653956698434705,-0.03241148459452343,-0.05906934665332021,-0.006815883715639844,-0.10905635567579175,0.47700000000000004,0.0122,500,0.0854,False
public__wdc_80_medium_seen__p70__seed20260726__hit_at_1,wdc_80_medium_seen,0.7,20260726,jina_finetuned,hef_gbdt_e5_roberta_oof,hit_at_1,cross_family,0.164,0.198,-0.034,-0.064,-0.006,-0.10295369567082248,0.483,0.0224,500,0.14,False
public__wdc_80_medium_seen__p70__seed20260726__reciprocal_rank,wdc_80_medium_seen,0.7,20260726,jina_finetuned,joint_neural_hef_roberta,reciprocal_rank,cross_family,0.2329841852489471,0.22663102120651274,0.006353164042434342,-0.019651195421403894,0.0334069320133907,0.02101386896764947,0.513,0.6338,500,0.9168,False
public__wdc_80_medium_seen__p70__seed20260726__hit_at_1,wdc_80_medium_seen,0.7,20260726,jina_finetuned,joint_neural_hef_roberta,hit_at_1,cross_family,0.164,0.158,0.006,-0.02,0.032,0.019554007297643096,0.503,0.6996,500,1.0,False
public__wdc_80_medium_seen__p70__seed20260726__reciprocal_rank,wdc_80_medium_seen,0.7,20260726,hef_linear_bert,hef_gbdt_e5_roberta_oof,reciprocal_rank,cross_family,0.2135507397243013,0.2653956698434705,-0.05184493011916921,-0.07089532709887324,-0.033266699198558805,-0.24327356196838235,0.371,0.0,500,0.0,True
public__wdc_80_medium_seen__p70__seed20260726__hit_at_1,wdc_80_medium_seen,0.7,20260726,hef_linear_bert,hef_gbdt_e5_roberta_oof,hit_at_1,cross_family,0.158,0.198,-0.04,-0.064,-0.016,-0.1465003945093591,0.48000000000000004,0.0008,500,0.0088,True
public__wdc_80_medium_seen__p70__seed20260726__reciprocal_rank,wdc_80_medium_seen,0.7,20260726,hef_linear_bert,joint_neural_hef_roberta,reciprocal_rank,cross_family,0.2135507397243013,0.22663102120651274,-0.013080281482211437,-0.04760006854950369,0.021903684371088496,-0.03292826098082039,0.38299999999999995,0.4584,500,0.9168,False
public__wdc_80_medium_seen__p70__seed20260726__hit_at_1,wdc_80_medium_seen,0.7,20260726,hef_linear_bert,joint_neural_hef_roberta,hit_at_1,cross_family,0.158,0.158,0.0,-0.036,0.036,0.0,0.5,1.0,500,1.0,False
public__wdc_80_medium_seen__p70__seed20260726__reciprocal_rank,wdc_80_medium_seen,0.7,20260726,hef_gbdt_e5_roberta_oof,joint_neural_hef_roberta,reciprocal_rank,cross_family,0.2653956698434705,0.22663102120651274,0.03876464863695777,0.008259065301771097,0.06974939870657793,0.11041804527585092,0.449,0.0146,500,0.0876,False
public__wdc_80_medium_seen__p70__seed20260726__hit_at_1,wdc_80_medium_seen,0.7,20260726,hef_gbdt_e5_roberta_oof,joint_neural_hef_roberta,hit_at_1,cross_family,0.198,0.158,0.04,0.01,0.072,0.11239622499178993,0.52,0.0128,500,0.1024,False
public__wdc_80_medium_seen__p70__seed20260726__reciprocal_rank,wdc_80_medium_seen,0.7,20260726,jina_finetuned,roberta_finetuned,reciprocal_rank,within_standalone,0.2329841852489471,0.27803551627154627,-0.0450513310225992,-0.0684382944010588,-0.020738947925421018,-0.16546460422252193,0.42700000000000005,0.0,500,0.0,True
public__wdc_80_medium_seen__p70__seed20260726__hit_at_1,wdc_80_medium_seen,0.7,20260726,jina_finetuned,roberta_finetuned,hit_at_1,within_standalone,0.164,0.194,-0.03,-0.056,-0.006,-0.10523885111014834,0.48500000000000004,0.02,500,0.14,False
public__wdc_80_medium_seen__p70__seed20260726__reciprocal_rank,wdc_80_medium_seen,0.7,20260726,official_ditto_plain,official_ditto_mixda,reciprocal_rank,within_standalone,0.25749637413192206,0.24376502001966935,0.013731354112252748,-0.0038413608144261587,0.03131814551418364,0.06865033995515232,0.484,0.12,500,0.48,False
public__wdc_80_medium_seen__p70__seed20260726__hit_at_1,wdc_80_medium_seen,0.7,20260726,official_ditto_plain,official_ditto_mixda,hit_at_1,within_standalone,0.172,0.16,0.012,-0.01,0.034,0.04899961540198966,0.506,0.3066,500,1.0,False
public__wdc_80_medium_seen__p70__seed20260726__reciprocal_rank,wdc_80_medium_seen,0.7,20260726,hef_linear_bert,hef_linear_bge,reciprocal_rank,within_linear,0.2135507397243013,0.2431027147350435,-0.029551975010742196,-0.045595378363465756,-0.014376192646896836,-0.16885561999871274,0.45899999999999996,0.0,500,0.0,True
public__wdc_80_medium_seen__p70__seed20260726__hit_at_1,wdc_80_medium_seen,0.7,20260726,hef_linear_bert,hef_linear_bge,hit_at_1,within_linear,0.158,0.184,-0.026,-0.046,-0.008,-0.1169524903765254,0.487,0.011,500,0.09899999999999999,False
public__wdc_80_medium_seen__p70__seed20260726__reciprocal_rank,wdc_80_medium_seen,0.7,20260726,hef_gbdt_e5_roberta_oof,hef_gbdt_e5_jina_oof,reciprocal_rank,within_gbdt,0.2653956698434705,0.29053111804721077,-0.025135448203740248,-0.05391017364713228,0.003883875249984348,-0.07619901732126597,0.444,0.0872,500,0.436,False
public__wdc_80_medium_seen__p70__seed20260726__hit_at_1,wdc_80_medium_seen,0.7,20260726,hef_gbdt_e5_roberta_oof,hef_gbdt_e5_jina_oof,hit_at_1,within_gbdt,0.198,0.202,-0.004,-0.036,0.028,-0.010680364200207777,0.498,0.8626,500,1.0,False
public__wdc_80_medium_seen__p70__seed20260726__reciprocal_rank,wdc_80_medium_seen,0.7,20260726,joint_neural_hef_roberta,joint_neural_hef_jina,reciprocal_rank,within_joint,0.22663102120651274,0.2895245975928289,-0.06289357638631615,-0.09335003801142963,-0.03314367573335106,-0.18285548878316335,0.48200000000000004,0.0,500,0.0,True
public__wdc_80_medium_seen__p70__seed20260726__hit_at_1,wdc_80_medium_seen,0.7,20260726,joint_neural_hef_roberta,joint_neural_hef_jina,hit_at_1,within_joint,0.158,0.21,-0.052,-0.084,-0.022,-0.14675740064597131,0.474,0.001,500,0.01,True
public__wdc_80_medium_seen__p70__seed20260727__reciprocal_rank,wdc_80_medium_seen,0.7,20260727,jina_finetuned,hef_linear_bert,reciprocal_rank,cross_family,0.17868281387805632,0.1726800620769031,0.0060027518011532294,-0.019373575303989667,0.03168500463707388,0.02040287739079521,0.5900000000000001,0.637,500,1.0,False
public__wdc_80_medium_seen__p70__seed20260727__hit_at_1,wdc_80_medium_seen,0.7,20260727,jina_finetuned,hef_linear_bert,hit_at_1,cross_family,0.116,0.114,0.002,-0.026,0.032,0.00602430318031225,0.501,0.923,500,1.0,False
public__wdc_80_medium_seen__p70__seed20260727__reciprocal_rank,wdc_80_medium_seen,0.7,20260727,jina_finetuned,hef_gbdt_e5_roberta_oof,reciprocal_rank,cross_family,0.17868281387805632,0.21513255470036483,-0.0364497408223085,-0.058640485792030135,-0.014645013172158414,-0.1470883581564287,0.451,0.0016,500,0.014400000000000001,True
public__wdc_80_medium_seen__p70__seed20260727__hit_at_1,wdc_80_medium_seen,0.7,20260727,jina_finetuned,hef_gbdt_e5_roberta_oof,hit_at_1,cross_family,0.116,0.136,-0.02,-0.046,0.004,-0.07081719690078409,0.49,0.1266,500,0.8861999999999999,False
public__wdc_80_medium_seen__p70__seed20260727__reciprocal_rank,wdc_80_medium_seen,0.7,20260727,jina_finetuned,joint_neural_hef_roberta,reciprocal_rank,cross_family,0.17868281387805632,0.20018310649250703,-0.0215002926144507,-0.04698067183483431,0.003974092745331122,-0.07465598615410123,0.482,0.0966,500,0.5796,False
public__wdc_80_medium_seen__p70__seed20260727__hit_at_1,wdc_80_medium_seen,0.7,20260727,jina_finetuned,joint_neural_hef_roberta,hit_at_1,cross_family,0.116,0.142,-0.026,-0.052,0.0,-0.08892072911732846,0.487,0.053,500,0.477,False
public__wdc_80_medium_seen__p70__seed20260727__reciprocal_rank,wdc_80_medium_seen,0.7,20260727,hef_linear_bert,hef_gbdt_e5_roberta_oof,reciprocal_rank,cross_family,0.1726800620769031,0.21513255470036483,-0.04245249262346173,-0.06097893178677514,-0.02469017188180606,-0.20535523336335731,0.37,0.0,500,0.0,True
public__wdc_80_medium_seen__p70__seed20260727__hit_at_1,wdc_80_medium_seen,0.7,20260727,hef_linear_bert,hef_gbdt_e5_roberta_oof,hit_at_1,cross_family,0.114,0.136,-0.022,-0.044,-0.002,-0.09164180064710231,0.489,0.0438,500,0.438,False
public__wdc_80_medium_seen__p70__seed20260727__reciprocal_rank,wdc_80_medium_seen,0.7,20260727,hef_linear_bert,joint_neural_hef_roberta,reciprocal_rank,cross_family,0.1726800620769031,0.20018310649250703,-0.027503044415603927,-0.058438005183594335,0.0040026910726593,-0.07803265961702623,0.376,0.0826,500,0.5782,False
public__wdc_80_medium_seen__p70__seed20260727__hit_at_1,wdc_80_medium_seen,0.7,20260727,hef_linear_bert,joint_neural_hef_roberta,hit_at_1,cross_family,0.114,0.142,-0.028,-0.06,0.002,-0.07842462196689402,0.486,0.0924,500,0.7392,False
public__wdc_80_medium_seen__p70__seed20260727__reciprocal_rank,wdc_80_medium_seen,0.7,20260727,hef_gbdt_e5_roberta_oof,joint_neural_hef_roberta,reciprocal_rank,cross_family,0.21513255470036483,0.20018310649250703,0.014949448207857803,-0.012368035692660618,0.042441110687922105,0.04816760727938154,0.488,0.2776,500,1.0,False
public__wdc_80_medium_seen__p70__seed20260727__hit_at_1,wdc_80_medium_seen,0.7,20260727,hef_gbdt_e5_roberta_oof,joint_neural_hef_roberta,hit_at_1,cross_family,0.136,0.142,-0.006,-0.034,0.02,-0.019150638847674505,0.497,0.721,500,1.0,False
public__wdc_80_medium_seen__p70__seed20260727__reciprocal_rank,wdc_80_medium_seen,0.7,20260727,jina_finetuned,roberta_finetuned,reciprocal_rank,within_standalone,0.17868281387805632,0.23453806361075236,-0.055855249732696004,-0.07831498878108537,-0.034302721752046454,-0.22206041100949822,0.432,0.0,500,0.0,True
public__wdc_80_medium_seen__p70__seed20260727__hit_at_1,wdc_80_medium_seen,0.7,20260727,jina_finetuned,roberta_finetuned,hit_at_1,within_standalone,0.116,0.16,-0.044,-0.068,-0.02,-0.16151555921804636,0.47800000000000004,0.0004,500,0.0044,True
public__wdc_80_medium_seen__p70__seed20260727__reciprocal_rank,wdc_80_medium_seen,0.7,20260727,official_ditto_plain,official_ditto_mixda,reciprocal_rank,within_standalone,0.23610960886536794,0.22604421439527475,0.010065394470093164,-0.006405049072028595,0.026493319265279137,0.05466250235626636,0.507,0.2218,500,1.0,False
public__wdc_80_medium_seen__p70__seed20260727__hit_at_1,wdc_80_medium_seen,0.7,20260727,official_ditto_plain,official_ditto_mixda,hit_at_1,within_standalone,0.144,0.15,-0.006,-0.026,0.014,-0.02681562484764989,0.497,0.5978,500,1.0,False
public__wdc_80_medium_seen__p70__seed20260727__reciprocal_rank,wdc_80_medium_seen,0.7,20260727,hef_linear_bert,hef_linear_bge,reciprocal_rank,within_linear,0.1726800620769031,0.1798380890261095,-0.0071580269492064,-0.019609674534000542,0.005101564906664936,-0.050995844340830675,0.475,0.234,500,1.0,False
public__wdc_80_medium_seen__p70__seed20260727__hit_at_1,wdc_80_medium_seen,0.7,20260727,hef_linear_bert,hef_linear_bge,hit_at_1,within_linear,0.114,0.116,-0.002,-0.018,0.014,-0.011536221706210143,0.499,0.8802,500,1.0,False
public__wdc_80_medium_seen__p70__seed20260727__reciprocal_rank,wdc_80_medium_seen,0.7,20260727,hef_gbdt_e5_roberta_oof,hef_gbdt_e5_jina_oof,reciprocal_rank,within_gbdt,0.21513255470036483,0.2261552905867736,-0.0110227358864088,-0.03484042605646368,0.013007868345381894,-0.040925919356520284,0.495,0.3578,500,1.0,False
public__wdc_80_medium_seen__p70__seed20260727__hit_at_1,wdc_80_medium_seen,0.7,20260727,hef_gbdt_e5_roberta_oof,hef_gbdt_e5_jina_oof,hit_at_1,within_gbdt,0.136,0.154,-0.018,-0.044,0.008,-0.060048154100849,0.491,0.2018,500,1.0,False
public__wdc_80_medium_seen__p70__seed20260727__reciprocal_rank,wdc_80_medium_seen,0.7,20260727,joint_neural_hef_roberta,joint_neural_hef_jina,reciprocal_rank,within_joint,0.20018310649250703,0.24171522004876186,-0.04153211355625482,-0.07114620285414805,-0.012695235573935018,-0.12499641968622725,0.5,0.005,500,0.04,True
public__wdc_80_medium_seen__p70__seed20260727__hit_at_1,wdc_80_medium_seen,0.7,20260727,joint_neural_hef_roberta,joint_neural_hef_jina,hit_at_1,within_joint,0.142,0.162,-0.02,-0.05,0.01,-0.058764676441139654,0.49,0.2126,500,1.0,False
public__wdc_80_medium_unseen__p00__seed20260725__reciprocal_rank,wdc_80_medium_unseen,0.0,20260725,jina_finetuned,hef_linear_bert,reciprocal_rank,cross_family,0.88470001232377,0.6800739744517608,0.20462603787200925,0.1746919234288772,0.2348501844678292,0.6033587112707062,0.668,0.0,500,0.0,True
public__wdc_80_medium_unseen__p00__seed20260725__hit_at_1,wdc_80_medium_unseen,0.0,20260725,jina_finetuned,hef_linear_bert,hit_at_1,cross_family,0.826,0.532,0.294,0.25,0.338,0.5764881332274556,0.647,0.0,500,0.0,True
public__wdc_80_medium_unseen__p00__seed20260725__reciprocal_rank,wdc_80_medium_unseen,0.0,20260725,jina_finetuned,hef_gbdt_e5_roberta_oof,reciprocal_rank,cross_family,0.88470001232377,0.8470955774617539,0.037604434862016166,0.015812030435920187,0.05991820864689242,0.1506494609343491,0.529,0.0002,500,0.0006000000000000001,True
public__wdc_80_medium_unseen__p00__seed20260725__hit_at_1,wdc_80_medium_unseen,0.0,20260725,jina_finetuned,hef_gbdt_e5_roberta_oof,hit_at_1,cross_family,0.826,0.776,0.05,0.018,0.084,0.13185886235623884,0.525,0.0042,500,0.0084,True
public__wdc_80_medium_unseen__p00__seed20260725__reciprocal_rank,wdc_80_medium_unseen,0.0,20260725,jina_finetuned,joint_neural_hef_roberta,reciprocal_rank,cross_family,0.88470001232377,0.7468635644708136,0.13783644785295637,0.10843748410550064,0.1672434888057027,0.4078666076382389,0.609,0.0,500,0.0,True
public__wdc_80_medium_unseen__p00__seed20260725__hit_at_1,wdc_80_medium_unseen,0.0,20260725,jina_finetuned,joint_neural_hef_roberta,hit_at_1,cross_family,0.826,0.642,0.184,0.142,0.226,0.38316273549073504,0.592,0.0,500,0.0,True
public__wdc_80_medium_unseen__p00__seed20260725__reciprocal_rank,wdc_80_medium_unseen,0.0,20260725,hef_linear_bert,hef_gbdt_e5_roberta_oof,reciprocal_rank,cross_family,0.6800739744517608,0.8470955774617539,-0.1670216030099931,-0.1944960160045493,-0.13957058273125228,-0.5353615930076564,0.34700000000000003,0.0,500,0.0,True
public__wdc_80_medium_unseen__p00__seed20260725__hit_at_1,wdc_80_medium_unseen,0.0,20260725,hef_linear_bert,hef_gbdt_e5_roberta_oof,hit_at_1,cross_family,0.532,0.776,-0.244,-0.286,-0.202,-0.505565283385176,0.378,0.0,500,0.0,True
public__wdc_80_medium_unseen__p00__seed20260725__reciprocal_rank,wdc_80_medium_unseen,0.0,20260725,hef_linear_bert,joint_neural_hef_roberta,reciprocal_rank,cross_family,0.6800739744517608,0.7468635644708136,-0.06678959001905287,-0.10346603177992442,-0.03042149110504336,-0.1592050663188355,0.447,0.0002,500,0.0006000000000000001,True
public__wdc_80_medium_unseen__p00__seed20260725__hit_at_1,wdc_80_medium_unseen,0.0,20260725,hef_linear_bert,joint_neural_hef_roberta,hit_at_1,cross_family,0.532,0.642,-0.11,-0.162,-0.058,-0.18472159695308657,0.445,0.0,500,0.0,True
public__wdc_80_medium_unseen__p00__seed20260725__reciprocal_rank,wdc_80_medium_unseen,0.0,20260725,hef_gbdt_e5_roberta_oof,joint_neural_hef_roberta,reciprocal_rank,cross_family,0.8470955774617539,0.7468635644708136,0.10023201299094023,0.071285763983919,0.12929782738211973,0.3046490197719211,0.597,0.0,500,0.0,True
public__wdc_80_medium_unseen__p00__seed20260725__hit_at_1,wdc_80_medium_unseen,0.0,20260725,hef_gbdt_e5_roberta_oof,joint_neural_hef_roberta,hit_at_1,cross_family,0.776,0.642,0.134,0.092,0.174,0.2853745919366349,0.567,0.0,500,0.0,True
public__wdc_80_medium_unseen__p00__seed20260725__reciprocal_rank,wdc_80_medium_unseen,0.0,20260725,jina_finetuned,roberta_finetuned,reciprocal_rank,within_standalone,0.88470001232377,0.8371035465128975,0.0475964658108726,0.02488569788073284,0.07076125524894178,0.18345168378862295,0.54,0.0,500,0.0,True
public__wdc_80_medium_unseen__p00__seed20260725__hit_at_1,wdc_80_medium_unseen,0.0,20260725,jina_finetuned,roberta_finetuned,hit_at_1,within_standalone,0.826,0.756,0.07,0.034,0.106,0.17005582274766248,0.5349999999999999,0.0002,500,0.0006000000000000001,True
public__wdc_80_medium_unseen__p00__seed20260725__reciprocal_rank,wdc_80_medium_unseen,0.0,20260725,official_ditto_plain,official_ditto_mixda,reciprocal_rank,within_standalone,0.8515820027019013,0.8402833613720875,0.011298641329813643,-0.008440053779207573,0.031803381094925184,0.0490300738430709,0.513,0.2604,500,0.2604,False
public__wdc_80_medium_unseen__p00__seed20260725__hit_at_1,wdc_80_medium_unseen,0.0,20260725,official_ditto_plain,official_ditto_mixda,hit_at_1,within_standalone,0.786,0.768,0.018,-0.012,0.048,0.052419615004832255,0.509,0.2744,500,0.2744,False
public__wdc_80_medium_unseen__p00__seed20260725__reciprocal_rank,wdc_80_medium_unseen,0.0,20260725,hef_linear_bert,hef_linear_bge,reciprocal_rank,within_linear,0.6800739744517608,0.7283009684759685,-0.04822699402420765,-0.06540274743638715,-0.0316426289978941,-0.2524530408905136,0.43,0.0,500,0.0,True
public__wdc_80_medium_unseen__p00__seed20260725__hit_at_1,wdc_80_medium_unseen,0.0,20260725,hef_linear_bert,hef_linear_bge,hit_at_1,within_linear,0.532,0.59,-0.058,-0.086,-0.032,-0.1844911501079266,0.47100000000000003,0.0,500,0.0,True
public__wdc_80_medium_unseen__p00__seed20260725__reciprocal_rank,wdc_80_medium_unseen,0.0,20260725,hef_gbdt_e5_roberta_oof,hef_gbdt_e5_jina_oof,reciprocal_rank,within_gbdt,0.8470955774617539,0.8914444444444445,-0.04434886698269051,-0.06602603708791209,-0.023594088738059328,-0.18660997089494194,0.463,0.0,500,0.0,True
public__wdc_80_medium_unseen__p00__seed20260725__hit_at_1,wdc_80_medium_unseen,0.0,20260725,hef_gbdt_e5_roberta_oof,hef_gbdt_e5_jina_oof,hit_at_1,within_gbdt,0.776,0.838,-0.062,-0.096,-0.03,-0.1691032326029939,0.469,0.0,500,0.0,True
public__wdc_80_medium_unseen__p00__seed20260725__reciprocal_rank,wdc_80_medium_unseen,0.0,20260725,joint_neural_hef_roberta,joint_neural_hef_jina,reciprocal_rank,within_joint,0.7468635644708136,0.8750751576201576,-0.12821159314934394,-0.1584309521779402,-0.09878800890807267,-0.37181869930141115,0.399,0.0,500,0.0,True
public__wdc_80_medium_unseen__p00__seed20260725__hit_at_1,wdc_80_medium_unseen,0.0,20260725,joint_neural_hef_roberta,joint_neural_hef_jina,hit_at_1,within_joint,0.642,0.812,-0.17,-0.214,-0.126,-0.34027287323814437,0.415,0.0,500,0.0,True
public__wdc_80_medium_unseen__p10__seed20260725__reciprocal_rank,wdc_80_medium_unseen,0.1,20260725,jina_finetuned,hef_linear_bert,reciprocal_rank,cross_family,0.7989108632336334,0.6197655304776061,0.17914533275602731,0.14537808784738743,0.21251883027733096,0.4682332138714177,0.643,0.0,500,0.0,True
public__wdc_80_medium_unseen__p10__seed20260725__hit_at_1,wdc_80_medium_unseen,0.1,20260725,jina_finetuned,hef_linear_bert,hit_at_1,cross_family,0.726,0.484,0.242,0.196,0.288,0.45734028561573015,0.621,0.0,500,0.0,True
public__wdc_80_medium_unseen__p10__seed20260725__reciprocal_rank,wdc_80_medium_unseen,0.1,20260725,jina_finetuned,hef_gbdt_e5_roberta_oof,reciprocal_rank,cross_family,0.7989108632336334,0.7764606240696451,0.02245023916398815,-0.005635225598037846,0.05056062175950728,0.06955939962843673,0.506,0.1114,500,0.2228,False
public__wdc_80_medium_unseen__p10__seed20260725__hit_at_1,wdc_80_medium_unseen,0.1,20260725,jina_finetuned,hef_gbdt_e5_roberta_oof,hit_at_1,cross_family,0.726,0.702,0.024,-0.014,0.06,0.05598200289014733,0.512,0.2208,500,0.4416,False
public__wdc_80_medium_unseen__p10__seed20260725__reciprocal_rank,wdc_80_medium_unseen,0.1,20260725,jina_finetuned,joint_neural_hef_roberta,reciprocal_rank,cross_family,0.7989108632336334,0.6704741824491343,0.1284366807844991,0.09783699059861586,0.15812726353405376,0.3672227618020756,0.621,0.0,500,0.0,True
public__wdc_80_medium_unseen__p10__seed20260725__hit_at_1,wdc_80_medium_unseen,0.1,20260725,jina_finetuned,joint_neural_hef_roberta,hit_at_1,cross_family,0.726,0.564,0.162,0.12,0.206,0.33617451881254373,0.581,0.0,500,0.0,True
public__wdc_80_medium_unseen__p10__seed20260725__reciprocal_rank,wdc_80_medium_unseen,0.1,20260725,hef_linear_bert,hef_gbdt_e5_roberta_oof,reciprocal_rank,cross_family,0.6197655304776061,0.7764606240696451,-0.15669509359203915,-0.18434605993858016,-0.13001631650464276,-0.5029208432307555,0.34,0.0,500,0.0,True
public__wdc_80_medium_unseen__p10__seed20260725__hit_at_1,wdc_80_medium_unseen,0.1,20260725,hef_linear_bert,hef_gbdt_e5_roberta_oof,hit_at_1,cross_family,0.484,0.702,-0.218,-0.26,-0.178,-0.47025390815374457,0.391,0.0,500,0.0,True
public__wdc_80_medium_unseen__p10__seed20260725__reciprocal_rank,wdc_80_medium_unseen,0.1,20260725,hef_linear_bert,joint_neural_hef_roberta,reciprocal_rank,cross_family,0.6197655304776061,0.6704741824491343,-0.0507086519715282,-0.08834029607667629,-0.012625925113988535,-0.11709472296085509,0.468,0.009,500,0.036,True
public__wdc_80_medium_unseen__p10__seed20260725__hit_at_1,wdc_80_medium_unseen,0.1,20260725,hef_linear_bert,joint_neural_hef_roberta,hit_at_1,cross_family,0.484,0.564,-0.08,-0.132,-0.028,-0.1367402364765498,0.46,0.0026,500,0.0104,True
public__wdc_80_medium_unseen__p10__seed20260725__reciprocal_rank,wdc_80_medium_unseen,0.1,20260725,hef_gbdt_e5_roberta_oof,joint_neural_hef_roberta,reciprocal_rank,cross_family,0.7764606240696451,0.6704741824491343,0.10598644162051093,0.07459488265297799,0.13789708028944603,0.29084677321972285,0.61,0.0,500,0.0,True
public__wdc_80_medium_unseen__p10__seed20260725__hit_at_1,wdc_80_medium_unseen,0.1,20260725,hef_gbdt_e5_roberta_oof,joint_neural_hef_roberta,hit_at_1,cross_family,0.702,0.564,0.138,0.094,0.182,0.28202355788004135,0.569,0.0,500,0.0,True
public__wdc_80_medium_unseen__p10__seed20260725__reciprocal_rank,wdc_80_medium_unseen,0.1,20260725,jina_finetuned,roberta_finetuned,reciprocal_rank,within_standalone,0.7989108632336334,0.7817525451102016,0.01715831812343163,-0.008456596084180996,0.04376462909123749,0.05689196329577858,0.517,0.198,500,0.2228,False
public__wdc_80_medium_unseen__p10__seed20260725__hit_at_1,wdc_80_medium_unseen,0.1,20260725,jina_finetuned,roberta_finetuned,hit_at_1,within_standalone,0.726,0.702,0.024,-0.014,0.062,0.05598200289014733,0.512,0.2292,500,0.4416,False
public__wdc_80_medium_unseen__p10__seed20260725__reciprocal_rank,wdc_80_medium_unseen,0.1,20260725,official_ditto_plain,official_ditto_mixda,reciprocal_rank,within_standalone,0.7779563967593606,0.7546170158755249,0.023339380883835806,0.002773849860323186,0.044029931982578714,0.10049865632638275,0.524,0.025,500,0.07500000000000001,False
public__wdc_80_medium_unseen__p10__seed20260725__hit_at_1,wdc_80_medium_unseen,0.1,20260725,official_ditto_plain,official_ditto_mixda,hit_at_1,within_standalone,0.696,0.67,0.026,-0.002,0.056,0.0771574153248659,0.513,0.0918,500,0.27540000000000003,False
public__wdc_80_medium_unseen__p10__seed20260725__reciprocal_rank,wdc_80_medium_unseen,0.1,20260725,hef_linear_bert,hef_linear_bge,reciprocal_rank,within_linear,0.6197655304776061,0.6766228966684469,-0.05685736619084078,-0.07489748314967408,-0.03924468250293897,-0.2780176599654115,0.399,0.0,500,0.0,True
public__wdc_80_medium_unseen__p10__seed20260725__hit_at_1,wdc_80_medium_unseen,0.1,20260725,hef_linear_bert,hef_linear_bge,hit_at_1,within_linear,0.484,0.55,-0.066,-0.096,-0.038,-0.20680847513063028,0.467,0.0,500,0.0,True
public__wdc_80_medium_unseen__p10__seed20260725__reciprocal_rank,wdc_80_medium_unseen,0.1,20260725,hef_gbdt_e5_roberta_oof,hef_gbdt_e5_jina_oof,reciprocal_rank,within_gbdt,0.7764606240696451,0.82806032037148,-0.05159969630183477,-0.07452145846279698,-0.028819342281989888,-0.2017784239944283,0.45199999999999996,0.0,500,0.0,True
public__wdc_80_medium_unseen__p10__seed20260725__hit_at_1,wdc_80_medium_unseen,0.1,20260725,hef_gbdt_e5_roberta_oof,hef_gbdt_e5_jina_oof,hit_at_1,within_gbdt,0.702,0.762,-0.06,-0.092,-0.028,-0.1699441936016254,0.47,0.0,500,0.0,True
public__wdc_80_medium_unseen__p10__seed20260725__reciprocal_rank,wdc_80_medium_unseen,0.1,20260725,joint_neural_hef_roberta,joint_neural_hef_jina,reciprocal_rank,within_joint,0.6704741824491343,0.8176905572776102,-0.14721637482847597,-0.17895151860996739,-0.11689314509955837,-0.4229023297985567,0.379,0.0,500,0.0,True
public__wdc_80_medium_unseen__p10__seed20260725__hit_at_1,wdc_80_medium_unseen,0.1,20260725,joint_neural_hef_roberta,joint_neural_hef_jina,hit_at_1,within_joint,0.564,0.75,-0.186,-0.23,-0.142,-0.3797628812177116,0.407,0.0,500,0.0,True
public__wdc_80_medium_unseen__p10__seed20260726__reciprocal_rank,wdc_80_medium_unseen,0.1,20260726,jina_finetuned,hef_linear_bert,reciprocal_rank,cross_family,0.7782006082564624,0.5942710093214005,0.18392959893506178,0.15058631862021007,0.21745781275288747,0.4793303549257131,0.64,0.0,500,0.0,True
public__wdc_80_medium_unseen__p10__seed20260726__hit_at_1,wdc_80_medium_unseen,0.1,20260726,jina_finetuned,hef_linear_bert,hit_at_1,cross_family,0.702,0.462,0.24,0.192,0.288,0.45117410570021743,0.62,0.0,500,0.0,True
public__wdc_80_medium_unseen__p10__seed20260726__reciprocal_rank,wdc_80_medium_unseen,0.1,20260726,jina_finetuned,hef_gbdt_e5_roberta_oof,reciprocal_rank,cross_family,0.7782006082564624,0.7486947992956773,0.029505808960785057,0.0016982259675548184,0.056860820061433004,0.09579140006188949,0.524,0.0326,500,0.0978,False
public__wdc_80_medium_unseen__p10__seed20260726__hit_at_1,wdc_80_medium_unseen,0.1,20260726,jina_finetuned,hef_gbdt_e5_roberta_oof,hit_at_1,cross_family,0.702,0.662,0.04,0.002,0.078,0.09255551634100594,0.52,0.0412,500,0.1236,False
public__wdc_80_medium_unseen__p10__seed20260726__reciprocal_rank,wdc_80_medium_unseen,0.1,20260726,jina_finetuned,joint_neural_hef_roberta,reciprocal_rank,cross_family,0.7782006082564624,0.6701150765163193,0.10808553174014315,0.07693182787675083,0.14061923971471088,0.2977814444126142,0.591,0.0,500,0.0,True
public__wdc_80_medium_unseen__p10__seed20260726__hit_at_1,wdc_80_medium_unseen,0.1,20260726,jina_finetuned,joint_neural_hef_roberta,hit_at_1,cross_family,0.702,0.566,0.136,0.09395000000000005,0.17804999999999926,0.2742046988886158,0.5680000000000001,0.0,500,0.0,True
public__wdc_80_medium_unseen__p10__seed20260726__reciprocal_rank,wdc_80_medium_unseen,0.1,20260726,hef_linear_bert,hef_gbdt_e5_roberta_oof,reciprocal_rank,cross_family,0.5942710093214005,0.7486947992956773,-0.15442378997427675,-0.18140495503481657,-0.1283360253472765,-0.5049834055363474,0.33499999999999996,0.0,500,0.0,True
public__wdc_80_medium_unseen__p10__seed20260726__hit_at_1,wdc_80_medium_unseen,0.1,20260726,hef_linear_bert,hef_gbdt_e5_roberta_oof,hit_at_1,cross_family,0.462,0.662,-0.2,-0.24,-0.16,-0.4299009360478467,0.4,0.0,500,0.0,True
public__wdc_80_medium_unseen__p10__seed20260726__reciprocal_rank,wdc_80_medium_unseen,0.1,20260726,hef_linear_bert,joint_neural_hef_roberta,reciprocal_rank,cross_family,0.5942710093214005,0.6701150765163193,-0.07584406719491864,-0.11477231545557277,-0.038006241356292575,-0.17580191356334268,0.445,0.0,500,0.0,True
public__wdc_80_medium_unseen__p10__seed20260726__hit_at_1,wdc_80_medium_unseen,0.1,20260726,hef_linear_bert,joint_neural_hef_roberta,hit_at_1,cross_family,0.462,0.566,-0.104,-0.154,-0.052,-0.1799933835809626,0.448,0.0,500,0.0,True
public__wdc_80_medium_unseen__p10__seed20260726__reciprocal_rank,wdc_80_medium_unseen,0.1,20260726,hef_gbdt_e5_roberta_oof,joint_neural_hef_roberta,reciprocal_rank,cross_family,0.7486947992956773,0.6701150765163193,0.0785797227793581,0.047821528866911316,0.10939661362492181,0.22216731895731734,0.5720000000000001,0.0,500,0.0,True
public__wdc_80_medium_unseen__p10__seed20260726__hit_at_1,wdc_80_medium_unseen,0.1,20260726,hef_gbdt_e5_roberta_oof,joint_neural_hef_roberta,hit_at_1,cross_family,0.662,0.566,0.096,0.054,0.138,0.1996336078195459,0.548,0.0,500,0.0,True
public__wdc_80_medium_unseen__p10__seed20260726__reciprocal_rank,wdc_80_medium_unseen,0.1,20260726,jina_finetuned,roberta_finetuned,reciprocal_rank,within_standalone,0.7782006082564624,0.750851212412365,0.027349395844097405,0.0007760825589984919,0.053415259250940116,0.09109783894311399,0.513,0.0428,500,0.0978,False
public__wdc_80_medium_unseen__p10__seed20260726__hit_at_1,wdc_80_medium_unseen,0.1,20260726,jina_finetuned,roberta_finetuned,hit_at_1,within_standalone,0.702,0.662,0.04,0.002,0.078,0.09157813397230116,0.52,0.043,500,0.1236,False
public__wdc_80_medium_unseen__p10__seed20260726__reciprocal_rank,wdc_80_medium_unseen,0.1,20260726,official_ditto_plain,official_ditto_mixda,reciprocal_rank,within_standalone,0.7403773589354821,0.7459521696741517,-0.005574810738669592,-0.025553072101555243,0.014738691283329592,-0.024051119586966298,0.497,0.5782,500,0.5782,False
public__wdc_80_medium_unseen__p10__seed20260726__hit_at_1,wdc_80_medium_unseen,0.1,20260726,official_ditto_plain,official_ditto_mixda,hit_at_1,within_standalone,0.652,0.656,-0.004,-0.034,0.024,-0.011941180797073798,0.498,0.8322,500,0.8322,False
public__wdc_80_medium_unseen__p10__seed20260726__reciprocal_rank,wdc_80_medium_unseen,0.1,20260726,hef_linear_bert,hef_linear_bge,reciprocal_rank,within_linear,0.5942710093214005,0.6557237049103762,-0.061452695588975696,-0.08055456595663023,-0.04244897796111499,-0.2853988026921129,0.39599999999999996,0.0,500,0.0,True
public__wdc_80_medium_unseen__p10__seed20260726__hit_at_1,wdc_80_medium_unseen,0.1,20260726,hef_linear_bert,hef_linear_bge,hit_at_1,within_linear,0.462,0.522,-0.06,-0.088,-0.032,-0.17878594131359402,0.47000000000000003,0.0,500,0.0,True
public__wdc_80_medium_unseen__p10__seed20260726__reciprocal_rank,wdc_80_medium_unseen,0.1,20260726,hef_gbdt_e5_roberta_oof,hef_gbdt_e5_jina_oof,reciprocal_rank,within_gbdt,0.7486947992956773,0.7965632017722937,-0.0478684024766165,-0.07157237247129791,-0.025299750021135325,-0.1821352590911124,0.451,0.0,500,0.0,True
public__wdc_80_medium_unseen__p10__seed20260726__hit_at_1,wdc_80_medium_unseen,0.1,20260726,hef_gbdt_e5_roberta_oof,hef_gbdt_e5_jina_oof,hit_at_1,within_gbdt,0.662,0.722,-0.06,-0.094,-0.026,-0.1555964093017608,0.47,0.0006,500,0.0024,True
public__wdc_80_medium_unseen__p10__seed20260726__reciprocal_rank,wdc_80_medium_unseen,0.1,20260726,joint_neural_hef_roberta,joint_neural_hef_jina,reciprocal_rank,within_joint,0.6701150765163193,0.794449940217089,-0.12433486370076989,-0.1557576584521025,-0.09284978438292633,-0.34191065021340206,0.384,0.0,500,0.0,True
public__wdc_80_medium_unseen__p10__seed20260726__hit_at_1,wdc_80_medium_unseen,0.1,20260726,joint_neural_hef_roberta,joint_neural_hef_jina,hit_at_1,within_joint,0.566,0.712,-0.146,-0.19004999999999997,-0.1,-0.2878847946931297,0.427,0.0,500,0.0,True
public__wdc_80_medium_unseen__p10__seed20260727__reciprocal_rank,wdc_80_medium_unseen,0.1,20260727,jina_finetuned,hef_linear_bert,reciprocal_rank,cross_family,0.7925042080734966,0.6090309976313455,0.18347321044215112,0.1487581289675657,0.21734801993523076,0.4701035210913319,0.642,0.0,500,0.0,True
public__wdc_80_medium_unseen__p10__seed20260727__hit_at_1,wdc_80_medium_unseen,0.1,20260727,jina_finetuned,hef_linear_bert,hit_at_1,cross_family,0.714,0.468,0.246,0.2,0.294,0.45057653565045075,0.623,0.0,500,0.0,True
public__wdc_80_medium_unseen__p10__seed20260727__reciprocal_rank,wdc_80_medium_unseen,0.1,20260727,jina_finetuned,hef_gbdt_e5_roberta_oof,reciprocal_rank,cross_family,0.7925042080734966,0.7695337950311145,0.022970413042382107,-0.0056393124494416216,0.05172749306736278,0.07061086053463134,0.512,0.1122,500,0.2244,False
public__wdc_80_medium_unseen__p10__seed20260727__hit_at_1,wdc_80_medium_unseen,0.1,20260727,jina_finetuned,hef_gbdt_e5_roberta_oof,hit_at_1,cross_family,0.714,0.696,0.018,-0.02,0.056,0.040860142060889164,0.509,0.3818,500,0.3818,False
public__wdc_80_medium_unseen__p10__seed20260727__reciprocal_rank,wdc_80_medium_unseen,0.1,20260727,jina_finetuned,joint_neural_hef_roberta,reciprocal_rank,cross_family,0.7925042080734966,0.6656878671879574,0.1268163408855393,0.0960673293073802,0.1583283149347564,0.35736508782308796,0.6020000000000001,0.0,500,0.0,True
public__wdc_80_medium_unseen__p10__seed20260727__hit_at_1,wdc_80_medium_unseen,0.1,20260727,jina_finetuned,joint_neural_hef_roberta,hit_at_1,cross_family,0.714,0.554,0.16,0.116,0.204,0.3246526450438891,0.58,0.0,500,0.0,True
public__wdc_80_medium_unseen__p10__seed20260727__reciprocal_rank,wdc_80_medium_unseen,0.1,20260727,hef_linear_bert,hef_gbdt_e5_roberta_oof,reciprocal_rank,cross_family,0.6090309976313455,0.7695337950311145,-0.160502797399769,-0.18877229247128707,-0.1316259214284748,-0.4933330282452168,0.357,0.0,500,0.0,True
public__wdc_80_medium_unseen__p10__seed20260727__hit_at_1,wdc_80_medium_unseen,0.1,20260727,hef_linear_bert,hef_gbdt_e5_roberta_oof,hit_at_1,cross_family,0.468,0.696,-0.228,-0.272,-0.186,-0.4610955870361775,0.386,0.0,500,0.0,True
public__wdc_80_medium_unseen__p10__seed20260727__reciprocal_rank,wdc_80_medium_unseen,0.1,20260727,hef_linear_bert,joint_neural_hef_roberta,reciprocal_rank,cross_family,0.6090309976313455,0.6656878671879574,-0.05665686955661182,-0.09473727080408263,-0.01885520960463827,-0.12990687446378524,0.444,0.003,500,0.012,True
public__wdc_80_medium_unseen__p10__seed20260727__hit_at_1,wdc_80_medium_unseen,0.1,20260727,hef_linear_bert,joint_neural_hef_roberta,hit_at_1,cross_family,0.468,0.554,-0.086,-0.136,-0.036,-0.146780210874541,0.457,0.0012,500,0.005999999999999999,True
public__wdc_80_medium_unseen__p10__seed20260727__reciprocal_rank,wdc_80_medium_unseen,0.1,20260727,hef_gbdt_e5_roberta_oof,joint_neural_hef_roberta,reciprocal_rank,cross_family,0.7695337950311145,0.6656878671879574,0.1038459278431572,0.0724293636934142,0.13515316154189597,0.2846856257449694,0.581,0.0,500,0.0,True
public__wdc_80_medium_unseen__p10__seed20260727__hit_at_1,wdc_80_medium_unseen,0.1,20260727,hef_gbdt_e5_roberta_oof,joint_neural_hef_roberta,hit_at_1,cross_family,0.696,0.554,0.142,0.1,0.184,0.29088064124803265,0.571,0.0,500,0.0,True
public__wdc_80_medium_unseen__p10__seed20260727__reciprocal_rank,wdc_80_medium_unseen,0.1,20260727,jina_finetuned,roberta_finetuned,reciprocal_rank,within_standalone,0.7925042080734966,0.7618985099492823,0.030605698124214254,0.004686326273271371,0.057440781866491576,0.10239943059163677,0.527,0.019,500,0.056999999999999995,False
public__wdc_80_medium_unseen__p10__seed20260727__hit_at_1,wdc_80_medium_unseen,0.1,20260727,jina_finetuned,roberta_finetuned,hit_at_1,within_standalone,0.714,0.672,0.042,0.004,0.08,0.09471640800479678,0.521,0.0352,500,0.1056,False
public__wdc_80_medium_unseen__p10__seed20260727__reciprocal_rank,wdc_80_medium_unseen,0.1,20260727,official_ditto_plain,official_ditto_mixda,reciprocal_rank,within_standalone,0.7604684612426681,0.7708196562752803,-0.010351195032612075,-0.03158555352507564,0.010777790873690544,-0.0425926802305898,0.496,0.3338,500,0.3338,False
public__wdc_80_medium_unseen__p10__seed20260727__hit_at_1,wdc_80_medium_unseen,0.1,20260727,official_ditto_plain,official_ditto_mixda,hit_at_1,within_standalone,0.676,0.704,-0.028,-0.06,0.004,-0.07606927196951367,0.486,0.0912,500,0.1824,False
public__wdc_80_medium_unseen__p10__seed20260727__reciprocal_rank,wdc_80_medium_unseen,0.1,20260727,hef_linear_bert,hef_linear_bge,reciprocal_rank,within_linear,0.6090309976313455,0.6693668207088216,-0.06033582307747602,-0.07888938033933389,-0.04190602897161702,-0.2824602630247484,0.418,0.0,500,0.0,True
public__wdc_80_medium_unseen__p10__seed20260727__hit_at_1,wdc_80_medium_unseen,0.1,20260727,hef_linear_bert,hef_linear_bge,hit_at_1,within_linear,0.468,0.536,-0.068,-0.096,-0.04,-0.20731015321849844,0.466,0.0,500,0.0,True
public__wdc_80_medium_unseen__p10__seed20260727__reciprocal_rank,wdc_80_medium_unseen,0.1,20260727,hef_gbdt_e5_roberta_oof,hef_gbdt_e5_jina_oof,reciprocal_rank,within_gbdt,0.7695337950311145,0.8137901361211802,-0.0442563410900657,-0.0663610018426478,-0.021808649305692547,-0.17132344262148214,0.463,0.0,500,0.0,True
public__wdc_80_medium_unseen__p10__seed20260727__hit_at_1,wdc_80_medium_unseen,0.1,20260727,hef_gbdt_e5_roberta_oof,hef_gbdt_e5_jina_oof,hit_at_1,within_gbdt,0.696,0.742,-0.046,-0.078,-0.014,-0.12466339241437314,0.477,0.0062,500,0.0248,True
public__wdc_80_medium_unseen__p10__seed20260727__reciprocal_rank,wdc_80_medium_unseen,0.1,20260727,joint_neural_hef_roberta,joint_neural_hef_jina,reciprocal_rank,within_joint,0.6656878671879574,0.7965610655468732,-0.1308731983589159,-0.16349484895317679,-0.09867960647120669,-0.35665485439373695,0.395,0.0,500,0.0,True
public__wdc_80_medium_unseen__p10__seed20260727__hit_at_1,wdc_80_medium_unseen,0.1,20260727,joint_neural_hef_roberta,joint_neural_hef_jina,hit_at_1,within_joint,0.554,0.722,-0.168,-0.212,-0.124,-0.3344778689836709,0.416,0.0,500,0.0,True
public__wdc_80_medium_unseen__p30__seed20260725__reciprocal_rank,wdc_80_medium_unseen,0.3,20260725,jina_finetuned,hef_linear_bert,reciprocal_rank,cross_family,0.616693993921608,0.4838656959018279,0.1328282980197801,0.09577121707470689,0.17076429503126983,0.3093175179534007,0.616,0.0,500,0.0,True
public__wdc_80_medium_unseen__p30__seed20260725__hit_at_1,wdc_80_medium_unseen,0.3,20260725,jina_finetuned,hef_linear_bert,hit_at_1,cross_family,0.542,0.382,0.16,0.112,0.208,0.29661079115990857,0.5800000000000001,0.0,500,0.0,True
public__wdc_80_medium_unseen__p30__seed20260725__reciprocal_rank,wdc_80_medium_unseen,0.3,20260725,jina_finetuned,hef_gbdt_e5_roberta_oof,reciprocal_rank,cross_family,0.616693993921608,0.6060392582789644,0.010654735642643406,-0.01875835480962679,0.04073810088747146,0.03117444833108722,0.514,0.488,500,1.0,False
public__wdc_80_medium_unseen__p30__seed20260725__hit_at_1,wdc_80_medium_unseen,0.3,20260725,jina_finetuned,hef_gbdt_e5_roberta_oof,hit_at_1,cross_family,0.542,0.534,0.008,-0.03,0.046,0.018840664962610193,0.504,0.7054,500,1.0,False
public__wdc_80_medium_unseen__p30__seed20260725__reciprocal_rank,wdc_80_medium_unseen,0.3,20260725,jina_finetuned,joint_neural_hef_roberta,reciprocal_rank,cross_family,0.616693993921608,0.5330218071623691,0.08367218675923888,0.05138487644324102,0.11491439193876371,0.23020521256314042,0.584,0.0,500,0.0,True
public__wdc_80_medium_unseen__p30__seed20260725__hit_at_1,wdc_80_medium_unseen,0.3,20260725,jina_finetuned,joint_neural_hef_roberta,hit_at_1,cross_family,0.542,0.436,0.106,0.066,0.146,0.23066033570807215,0.553,0.0,500,0.0,True
public__wdc_80_medium_unseen__p30__seed20260725__reciprocal_rank,wdc_80_medium_unseen,0.3,20260725,hef_linear_bert,hef_gbdt_e5_roberta_oof,reciprocal_rank,cross_family,0.4838656959018279,0.6060392582789644,-0.12217356237713668,-0.14993744112411989,-0.09491868422765358,-0.3873223868611656,0.35,0.0,500,0.0,True
public__wdc_80_medium_unseen__p30__seed20260725__hit_at_1,wdc_80_medium_unseen,0.3,20260725,hef_linear_bert,hef_gbdt_e5_roberta_oof,hit_at_1,cross_family,0.382,0.534,-0.152,-0.19,-0.114,-0.34573810525504467,0.42400000000000004,0.0,500,0.0,True
public__wdc_80_medium_unseen__p30__seed20260725__reciprocal_rank,wdc_80_medium_unseen,0.3,20260725,hef_linear_bert,joint_neural_hef_roberta,reciprocal_rank,cross_family,0.4838656959018279,0.5330218071623691,-0.04915611126054124,-0.08759151279840927,-0.010596520975728274,-0.11033576616940279,0.423,0.0142,500,0.0568,False
public__wdc_80_medium_unseen__p30__seed20260725__hit_at_1,wdc_80_medium_unseen,0.3,20260725,hef_linear_bert,joint_neural_hef_roberta,hit_at_1,cross_family,0.382,0.436,-0.054,-0.104,-0.006,-0.09734876268971117,0.473,0.0334,500,0.1336,False
public__wdc_80_medium_unseen__p30__seed20260725__reciprocal_rank,wdc_80_medium_unseen,0.3,20260725,hef_gbdt_e5_roberta_oof,joint_neural_hef_roberta,reciprocal_rank,cross_family,0.6060392582789644,0.5330218071623691,0.07301745111659545,0.03916154492940199,0.1062777357429972,0.19156940452781782,0.5449999999999999,0.0,500,0.0,True
public__wdc_80_medium_unseen__p30__seed20260725__hit_at_1,wdc_80_medium_unseen,0.3,20260725,hef_gbdt_e5_roberta_oof,joint_neural_hef_roberta,hit_at_1,cross_family,0.534,0.436,0.098,0.056,0.14,0.20308461406743822,0.549,0.0,500,0.0,True
public__wdc_80_medium_unseen__p30__seed20260725__reciprocal_rank,wdc_80_medium_unseen,0.3,20260725,jina_finetuned,roberta_finetuned,reciprocal_rank,within_standalone,0.616693993921608,0.6171573000786736,-0.00046330615706574276,-0.027800490098369476,0.027137254127293984,-0.0014738641771881934,0.506,0.9594,500,1.0,False
public__wdc_80_medium_unseen__p30__seed20260725__hit_at_1,wdc_80_medium_unseen,0.3,20260725,jina_finetuned,roberta_finetuned,hit_at_1,within_standalone,0.542,0.544,-0.002,-0.04,0.034,-0.004903954757088662,0.499,0.9426,500,1.0,False
public__wdc_80_medium_unseen__p30__seed20260725__reciprocal_rank,wdc_80_medium_unseen,0.3,20260725,official_ditto_plain,official_ditto_mixda,reciprocal_rank,within_standalone,0.6232073523009918,0.6192424509747186,0.003964901326273244,-0.01711847838201129,0.025516271648760955,0.016405050561361312,0.501,0.7186,500,1.0,False
public__wdc_80_medium_unseen__p30__seed20260725__hit_at_1,wdc_80_medium_unseen,0.3,20260725,official_ditto_plain,official_ditto_mixda,hit_at_1,within_standalone,0.54,0.542,-0.002,-0.03,0.028,-0.006024303180312251,0.499,0.9326,500,1.0,False
public__wdc_80_medium_unseen__p30__seed20260725__reciprocal_rank,wdc_80_medium_unseen,0.3,20260725,hef_linear_bert,hef_linear_bge,reciprocal_rank,within_linear,0.4838656959018279,0.5479368858771287,-0.06407118997530083,-0.08450018912469841,-0.04402841497423719,-0.2734967442272467,0.404,0.0,500,0.0,True
public__wdc_80_medium_unseen__p30__seed20260725__hit_at_1,wdc_80_medium_unseen,0.3,20260725,hef_linear_bert,hef_linear_bge,hit_at_1,within_linear,0.382,0.444,-0.062,-0.09,-0.036,-0.19769629674521083,0.46900000000000003,0.0,500,0.0,True
public__wdc_80_medium_unseen__p30__seed20260725__reciprocal_rank,wdc_80_medium_unseen,0.3,20260725,hef_gbdt_e5_roberta_oof,hef_gbdt_e5_jina_oof,reciprocal_rank,within_gbdt,0.6060392582789644,0.6509547370066899,-0.044915478727725444,-0.07035567671659435,-0.020265236318203306,-0.1572068968176745,0.46,0.0002,500,0.001,True
public__wdc_80_medium_unseen__p30__seed20260725__hit_at_1,wdc_80_medium_unseen,0.3,20260725,hef_gbdt_e5_roberta_oof,hef_gbdt_e5_jina_oof,hit_at_1,within_gbdt,0.534,0.58,-0.046,-0.078,-0.016,-0.13272186930358684,0.477,0.0026,500,0.013,True
public__wdc_80_medium_unseen__p30__seed20260725__reciprocal_rank,wdc_80_medium_unseen,0.3,20260725,joint_neural_hef_roberta,joint_neural_hef_jina,reciprocal_rank,within_joint,0.5330218071623691,0.6301730147792176,-0.09715120761684856,-0.12695329880718298,-0.06811021991873385,-0.29180723175759266,0.40700000000000003,0.0,500,0.0,True
public__wdc_80_medium_unseen__p30__seed20260725__hit_at_1,wdc_80_medium_unseen,0.3,20260725,joint_neural_hef_roberta,joint_neural_hef_jina,hit_at_1,within_joint,0.436,0.54,-0.104,-0.144,-0.066,-0.23163377796427595,0.448,0.0,500,0.0,True
public__wdc_80_medium_unseen__p30__seed20260726__reciprocal_rank,wdc_80_medium_unseen,0.3,20260726,jina_finetuned,hef_linear_bert,reciprocal_rank,cross_family,0.6098544792347455,0.4375281421622049,0.17232633707254064,0.13782910410208435,0.20637256295903184,0.44404741946265536,0.66,0.0,500,0.0,True
public__wdc_80_medium_unseen__p30__seed20260726__hit_at_1,wdc_80_medium_unseen,0.3,20260726,jina_finetuned,hef_linear_bert,hit_at_1,cross_family,0.54,0.322,0.218,0.176,0.26,0.4536374601798964,0.609,0.0,500,0.0,True
public__wdc_80_medium_unseen__p30__seed20260726__reciprocal_rank,wdc_80_medium_unseen,0.3,20260726,jina_finetuned,hef_gbdt_e5_roberta_oof,reciprocal_rank,cross_family,0.6098544792347455,0.5946888809723339,0.015165598262411635,-0.013533719636732099,0.043656402325893066,0.04622398222688312,0.54,0.2938,500,0.8814,False
public__wdc_80_medium_unseen__p30__seed20260726__hit_at_1,wdc_80_medium_unseen,0.3,20260726,jina_finetuned,hef_gbdt_e5_roberta_oof,hit_at_1,cross_family,0.54,0.518,0.022,-0.014,0.058,0.052163797440817845,0.511,0.261,500,0.783,False
public__wdc_80_medium_unseen__p30__seed20260726__reciprocal_rank,wdc_80_medium_unseen,0.3,20260726,jina_finetuned,joint_neural_hef_roberta,reciprocal_rank,cross_family,0.6098544792347455,0.5312084691067507,0.07864601012799474,0.047805689509502765,0.11016555194269476,0.22207502901505763,0.5609999999999999,0.0,500,0.0,True
public__wdc_80_medium_unseen__p30__seed20260726__hit_at_1,wdc_80_medium_unseen,0.3,20260726,jina_finetuned,joint_neural_hef_roberta,hit_at_1,cross_family,0.54,0.438,0.102,0.064,0.14,0.2280812190993854,0.551,0.0,500,0.0,True
public__wdc_80_medium_unseen__p30__seed20260726__reciprocal_rank,wdc_80_medium_unseen,0.3,20260726,hef_linear_bert,hef_gbdt_e5_roberta_oof,reciprocal_rank,cross_family,0.4375281421622049,0.5946888809723339,-0.157160738810129,-0.18476622132446996,-0.12955676958780377,-0.49726987336399875,0.326,0.0,500,0.0,True
public__wdc_80_medium_unseen__p30__seed20260726__hit_at_1,wdc_80_medium_unseen,0.3,20260726,hef_linear_bert,hef_gbdt_e5_roberta_oof,hit_at_1,cross_family,0.322,0.518,-0.196,-0.236,-0.158,-0.44049953607545944,0.402,0.0,500,0.0,True
public__wdc_80_medium_unseen__p30__seed20260726__reciprocal_rank,wdc_80_medium_unseen,0.3,20260726,hef_linear_bert,joint_neural_hef_roberta,reciprocal_rank,cross_family,0.4375281421622049,0.5312084691067507,-0.0936803269445459,-0.13233432491078895,-0.05401487563484508,-0.21166540125381236,0.403,0.0,500,0.0,True
public__wdc_80_medium_unseen__p30__seed20260726__hit_at_1,wdc_80_medium_unseen,0.3,20260726,hef_linear_bert,joint_neural_hef_roberta,hit_at_1,cross_family,0.322,0.438,-0.116,-0.162,-0.066,-0.21208945992355463,0.44199999999999995,0.0,500,0.0,True
public__wdc_80_medium_unseen__p30__seed20260726__reciprocal_rank,wdc_80_medium_unseen,0.3,20260726,hef_gbdt_e5_roberta_oof,joint_neural_hef_roberta,reciprocal_rank,cross_family,0.5946888809723339,0.5312084691067507,0.0634804118655831,0.0316505097687213,0.096554148787539,0.1715092610830545,0.537,0.0,500,0.0,True
public__wdc_80_medium_unseen__p30__seed20260726__hit_at_1,wdc_80_medium_unseen,0.3,20260726,hef_gbdt_e5_roberta_oof,joint_neural_hef_roberta,hit_at_1,cross_family,0.518,0.438,0.08,0.04,0.122,0.1729237453990817,0.54,0.0,500,0.0,True
public__wdc_80_medium_unseen__p30__seed20260726__reciprocal_rank,wdc_80_medium_unseen,0.3,20260726,jina_finetuned,roberta_finetuned,reciprocal_rank,within_standalone,0.6098544792347455,0.6178048966082984,-0.007950417373552855,-0.03403510915004599,0.018507431362342477,-0.02674535613216878,0.507,0.551,500,0.8814,False
public__wdc_80_medium_unseen__p30__seed20260726__hit_at_1,wdc_80_medium_unseen,0.3,20260726,jina_finetuned,roberta_finetuned,hit_at_1,within_standalone,0.54,0.534,0.006,-0.028,0.04,0.015275904274687651,0.503,0.7772,500,0.783,False
public__wdc_80_medium_unseen__p30__seed20260726__reciprocal_rank,wdc_80_medium_unseen,0.3,20260726,official_ditto_plain,official_ditto_mixda,reciprocal_rank,within_standalone,0.5710719007237786,0.5817696614390954,-0.01069776071531689,-0.03394024394709064,0.012386275254777963,-0.04053138903112016,0.471,0.36,500,0.8814,False
public__wdc_80_medium_unseen__p30__seed20260726__hit_at_1,wdc_80_medium_unseen,0.3,20260726,official_ditto_plain,official_ditto_mixda,hit_at_1,within_standalone,0.482,0.498,-0.016,-0.048,0.016,-0.04403721349006861,0.492,0.3364,500,0.783,False
public__wdc_80_medium_unseen__p30__seed20260726__reciprocal_rank,wdc_80_medium_unseen,0.3,20260726,hef_linear_bert,hef_linear_bge,reciprocal_rank,within_linear,0.4375281421622049,0.5267435951206543,-0.0892154529584493,-0.1091302345449418,-0.06914070435997573,-0.39205888520231247,0.331,0.0,500,0.0,True
public__wdc_80_medium_unseen__p30__seed20260726__hit_at_1,wdc_80_medium_unseen,0.3,20260726,hef_linear_bert,hef_linear_bge,hit_at_1,within_linear,0.322,0.414,-0.092,-0.122,-0.064,-0.2802697066505798,0.454,0.0,500,0.0,True
public__wdc_80_medium_unseen__p30__seed20260726__reciprocal_rank,wdc_80_medium_unseen,0.3,20260726,hef_gbdt_e5_roberta_oof,hef_gbdt_e5_jina_oof,reciprocal_rank,within_gbdt,0.5946888809723339,0.6295615691365712,-0.034872688164237456,-0.06015999318231513,-0.010075998244748263,-0.12085397761419059,0.443,0.0068,500,0.0272,True
public__wdc_80_medium_unseen__p30__seed20260726__hit_at_1,wdc_80_medium_unseen,0.3,20260726,hef_gbdt_e5_roberta_oof,hef_gbdt_e5_jina_oof,hit_at_1,within_gbdt,0.518,0.554,-0.036,-0.07,0.0,-0.09027631743299586,0.482,0.049,500,0.196,False
public__wdc_80_medium_unseen__p30__seed20260726__reciprocal_rank,wdc_80_medium_unseen,0.3,20260726,joint_neural_hef_roberta,joint_neural_hef_jina,reciprocal_rank,within_joint,0.5312084691067507,0.6157079362732989,-0.08449946716654799,-0.11618409267984091,-0.05214412085233797,-0.2320147024565655,0.41500000000000004,0.0,500,0.0,True
public__wdc_80_medium_unseen__p30__seed20260726__hit_at_1,wdc_80_medium_unseen,0.3,20260726,joint_neural_hef_roberta,joint_neural_hef_jina,hit_at_1,within_joint,0.438,0.536,-0.098,-0.14,-0.056,-0.20854005908314124,0.451,0.0,500,0.0,True
public__wdc_80_medium_unseen__p30__seed20260727__reciprocal_rank,wdc_80_medium_unseen,0.3,20260727,jina_finetuned,hef_linear_bert,reciprocal_rank,cross_family,0.6238071289913848,0.45584155482136907,0.16796557417001576,0.13047187621296544,0.20538385142279303,0.38973292585297575,0.66,0.0,500,0.0,True
public__wdc_80_medium_unseen__p30__seed20260727__hit_at_1,wdc_80_medium_unseen,0.3,20260727,jina_finetuned,hef_linear_bert,hit_at_1,cross_family,0.55,0.346,0.204,0.156,0.252,0.37561102999022533,0.6020000000000001,0.0,500,0.0,True
public__wdc_80_medium_unseen__p30__seed20260727__reciprocal_rank,wdc_80_medium_unseen,0.3,20260727,jina_finetuned,hef_gbdt_e5_roberta_oof,reciprocal_rank,cross_family,0.6238071289913848,0.5831382398852004,0.040668889106184415,0.009705838912563818,0.07163775067971448,0.11676948201764806,0.548,0.0098,500,0.0294,True
public__wdc_80_medium_unseen__p30__seed20260727__hit_at_1,wdc_80_medium_unseen,0.3,20260727,jina_finetuned,hef_gbdt_e5_roberta_oof,hit_at_1,cross_family,0.55,0.492,0.058,0.02,0.096,0.13270607541797802,0.529,0.0022,500,0.011000000000000001,True
public__wdc_80_medium_unseen__p30__seed20260727__reciprocal_rank,wdc_80_medium_unseen,0.3,20260727,jina_finetuned,joint_neural_hef_roberta,reciprocal_rank,cross_family,0.6238071289913848,0.536958175329867,0.08684895366151782,0.05571426058341121,0.1193500353733847,0.24042994157512682,0.576,0.0,500,0.0,True
public__wdc_80_medium_unseen__p30__seed20260727__hit_at_1,wdc_80_medium_unseen,0.3,20260727,jina_finetuned,joint_neural_hef_roberta,hit_at_1,cross_family,0.55,0.442,0.108,0.068,0.148,0.23868030401863297,0.554,0.0,500,0.0,True
public__wdc_80_medium_unseen__p30__seed20260727__reciprocal_rank,wdc_80_medium_unseen,0.3,20260727,hef_linear_bert,hef_gbdt_e5_roberta_oof,reciprocal_rank,cross_family,0.45584155482136907,0.5831382398852004,-0.12729668506383135,-0.15537397855403118,-0.09969999351954076,-0.4013783003104855,0.33499999999999996,0.0,500,0.0,True
public__wdc_80_medium_unseen__p30__seed20260727__hit_at_1,wdc_80_medium_unseen,0.3,20260727,hef_linear_bert,hef_gbdt_e5_roberta_oof,hit_at_1,cross_family,0.346,0.492,-0.146,-0.188,-0.106,-0.31626469704621135,0.427,0.0,500,0.0,True
public__wdc_80_medium_unseen__p30__seed20260727__reciprocal_rank,wdc_80_medium_unseen,0.3,20260727,hef_linear_bert,joint_neural_hef_roberta,reciprocal_rank,cross_family,0.45584155482136907,0.536958175329867,-0.08111662050849797,-0.1195552700631752,-0.04219788923252804,-0.18384587435386401,0.385,0.0,500,0.0,True
public__wdc_80_medium_unseen__p30__seed20260727__hit_at_1,wdc_80_medium_unseen,0.3,20260727,hef_linear_bert,joint_neural_hef_roberta,hit_at_1,cross_family,0.346,0.442,-0.096,-0.144,-0.046,-0.1720311837177621,0.452,0.0002,500,0.0012000000000000001,True
public__wdc_80_medium_unseen__p30__seed20260727__reciprocal_rank,wdc_80_medium_unseen,0.3,20260727,hef_gbdt_e5_roberta_oof,joint_neural_hef_roberta,reciprocal_rank,cross_family,0.5831382398852004,0.536958175329867,0.046180064555333404,0.014786308465468067,0.07763570159744,0.12859221114152952,0.524,0.0034,500,0.0136,True
public__wdc_80_medium_unseen__p30__seed20260727__hit_at_1,wdc_80_medium_unseen,0.3,20260727,hef_gbdt_e5_roberta_oof,joint_neural_hef_roberta,hit_at_1,cross_family,0.492,0.442,0.05,0.012,0.09,0.11183141626645172,0.525,0.0144,500,0.0432,True
public__wdc_80_medium_unseen__p30__seed20260727__reciprocal_rank,wdc_80_medium_unseen,0.3,20260727,jina_finetuned,roberta_finetuned,reciprocal_rank,within_standalone,0.6238071289913848,0.61155081707561,0.012256311915774821,-0.014476850278165677,0.039396801525775516,0.03952284123214387,0.528,0.3726,500,0.7452,False
public__wdc_80_medium_unseen__p30__seed20260727__hit_at_1,wdc_80_medium_unseen,0.3,20260727,jina_finetuned,roberta_finetuned,hit_at_1,within_standalone,0.55,0.522,0.028,-0.008,0.064,0.06923758907421405,0.514,0.13,500,0.26,False
public__wdc_80_medium_unseen__p30__seed20260727__reciprocal_rank,wdc_80_medium_unseen,0.3,20260727,official_ditto_plain,official_ditto_mixda,reciprocal_rank,within_standalone,0.612979385295998,0.614554397598032,-0.0015750123020338354,-0.0207566821397416,0.018002101459074746,-0.007156362200128011,0.488,0.8632,500,0.8632,False
public__wdc_80_medium_unseen__p30__seed20260727__hit_at_1,wdc_80_medium_unseen,0.3,20260727,official_ditto_plain,official_ditto_mixda,hit_at_1,within_standalone,0.528,0.54,-0.012,-0.04,0.016,-0.03793668985440662,0.494,0.4334,500,0.4334,False
public__wdc_80_medium_unseen__p30__seed20260727__reciprocal_rank,wdc_80_medium_unseen,0.3,20260727,hef_linear_bert,hef_linear_bge,reciprocal_rank,within_linear,0.45584155482136907,0.5156704806949026,-0.05982892587353351,-0.08040077319981802,-0.039695784728407645,-0.2576389901174452,0.376,0.0,500,0.0,True
public__wdc_80_medium_unseen__p30__seed20260727__hit_at_1,wdc_80_medium_unseen,0.3,20260727,hef_linear_bert,hef_linear_bge,hit_at_1,within_linear,0.346,0.388,-0.042,-0.072,-0.014,-0.1252415606705366,0.479,0.005,500,0.02,True
public__wdc_80_medium_unseen__p30__seed20260727__reciprocal_rank,wdc_80_medium_unseen,0.3,20260727,hef_gbdt_e5_roberta_oof,hef_gbdt_e5_jina_oof,reciprocal_rank,within_gbdt,0.5831382398852004,0.646835487916207,-0.06369724803100663,-0.09073586718423243,-0.036981000975977195,-0.20755447168413924,0.439,0.0,500,0.0,True
public__wdc_80_medium_unseen__p30__seed20260727__hit_at_1,wdc_80_medium_unseen,0.3,20260727,hef_gbdt_e5_roberta_oof,hef_gbdt_e5_jina_oof,hit_at_1,within_gbdt,0.492,0.572,-0.08,-0.116,-0.044,-0.20131547079577836,0.45999999999999996,0.0,500,0.0,True
public__wdc_80_medium_unseen__p30__seed20260727__reciprocal_rank,wdc_80_medium_unseen,0.3,20260727,joint_neural_hef_roberta,joint_neural_hef_jina,reciprocal_rank,within_joint,0.536958175329867,0.6403309657967586,-0.1033727904668915,-0.1357888922885727,-0.07189518529575027,-0.2866639448458637,0.413,0.0,500,0.0,True
public__wdc_80_medium_unseen__p30__seed20260727__hit_at_1,wdc_80_medium_unseen,0.3,20260727,joint_neural_hef_roberta,joint_neural_hef_jina,hit_at_1,within_joint,0.442,0.56,-0.118,-0.16,-0.078,-0.25128174307759593,0.441,0.0,500,0.0,True
public__wdc_80_medium_unseen__p50__seed20260725__reciprocal_rank,wdc_80_medium_unseen,0.5,20260725,jina_finetuned,hef_linear_bert,reciprocal_rank,cross_family,0.39719629858708233,0.32132948145293455,0.0758668171341478,0.04325525046011106,0.10925478835908593,0.20373033249382222,0.645,0.0,500,0.0,True
public__wdc_80_medium_unseen__p50__seed20260725__hit_at_1,wdc_80_medium_unseen,0.5,20260725,jina_finetuned,hef_linear_bert,hit_at_1,cross_family,0.33,0.244,0.086,0.048,0.124,0.1988855576681744,0.543,0.0,500,0.0,True
public__wdc_80_medium_unseen__p50__seed20260725__reciprocal_rank,wdc_80_medium_unseen,0.5,20260725,jina_finetuned,hef_gbdt_e5_roberta_oof,reciprocal_rank,cross_family,0.39719629858708233,0.4013455339574547,-0.004149235370372357,-0.03268320488837388,0.024494192189834788,-0.012842547749793362,0.5589999999999999,0.76,500,0.9176,False
public__wdc_80_medium_unseen__p50__seed20260725__hit_at_1,wdc_80_medium_unseen,0.5,20260725,jina_finetuned,hef_gbdt_e5_roberta_oof,hit_at_1,cross_family,0.33,0.33,0.0,-0.032,0.032,0.0,0.5,1.0,500,1.0,False
public__wdc_80_medium_unseen__p50__seed20260725__reciprocal_rank,wdc_80_medium_unseen,0.5,20260725,jina_finetuned,joint_neural_hef_roberta,reciprocal_rank,cross_family,0.39719629858708233,0.35334068598303575,0.0438556126040466,0.011251589087271663,0.07680952845449028,0.11764838724263359,0.546,0.0076,500,0.0456,True
public__wdc_80_medium_unseen__p50__seed20260725__hit_at_1,wdc_80_medium_unseen,0.5,20260725,jina_finetuned,joint_neural_hef_roberta,hit_at_1,cross_family,0.33,0.264,0.066,0.028,0.104,0.15140480308597443,0.533,0.0004,500,0.0028,True
public__wdc_80_medium_unseen__p50__seed20260725__reciprocal_rank,wdc_80_medium_unseen,0.5,20260725,hef_linear_bert,hef_gbdt_e5_roberta_oof,reciprocal_rank,cross_family,0.32132948145293455,0.4013455339574547,-0.08001605250452015,-0.10435503464144966,-0.05621188569932821,-0.2875202053615815,0.33299999999999996,0.0,500,0.0,True
public__wdc_80_medium_unseen__p50__seed20260725__hit_at_1,wdc_80_medium_unseen,0.5,20260725,hef_linear_bert,hef_gbdt_e5_roberta_oof,hit_at_1,cross_family,0.244,0.33,-0.086,-0.118,-0.054,-0.2307681348571606,0.45699999999999996,0.0,500,0.0,True
public__wdc_80_medium_unseen__p50__seed20260725__reciprocal_rank,wdc_80_medium_unseen,0.5,20260725,hef_linear_bert,joint_neural_hef_roberta,reciprocal_rank,cross_family,0.32132948145293455,0.35334068598303575,-0.032011204530101194,-0.06676154763457734,0.00259565352365864,-0.08075014025842535,0.41000000000000003,0.0696,500,0.2784,False
public__wdc_80_medium_unseen__p50__seed20260725__hit_at_1,wdc_80_medium_unseen,0.5,20260725,hef_linear_bert,joint_neural_hef_roberta,hit_at_1,cross_family,0.244,0.264,-0.02,-0.06,0.02,-0.043851211032944995,0.49,0.3506,500,1.0,False
public__wdc_80_medium_unseen__p50__seed20260725__reciprocal_rank,wdc_80_medium_unseen,0.5,20260725,hef_gbdt_e5_roberta_oof,joint_neural_hef_roberta,reciprocal_rank,cross_family,0.4013455339574547,0.35334068598303575,0.04800484797441895,0.017381599997240614,0.0784031765219039,0.13703633823909822,0.51,0.0016,500,0.0112,True
public__wdc_80_medium_unseen__p50__seed20260725__hit_at_1,wdc_80_medium_unseen,0.5,20260725,hef_gbdt_e5_roberta_oof,joint_neural_hef_roberta,hit_at_1,cross_family,0.33,0.264,0.066,0.03,0.104,0.15643500283619247,0.5329999999999999,0.0002,500,0.0016,True
public__wdc_80_medium_unseen__p50__seed20260725__reciprocal_rank,wdc_80_medium_unseen,0.5,20260725,jina_finetuned,roberta_finetuned,reciprocal_rank,within_standalone,0.39719629858708233,0.41973595485570525,-0.022539656268622955,-0.050219761432316476,0.004541741342279829,-0.07231703419852752,0.538,0.102,500,0.306,False
public__wdc_80_medium_unseen__p50__seed20260725__hit_at_1,wdc_80_medium_unseen,0.5,20260725,jina_finetuned,roberta_finetuned,hit_at_1,within_standalone,0.33,0.348,-0.018,-0.05,0.014,-0.04993533558727799,0.491,0.28,500,1.0,False
public__wdc_80_medium_unseen__p50__seed20260725__reciprocal_rank,wdc_80_medium_unseen,0.5,20260725,official_ditto_plain,official_ditto_mixda,reciprocal_rank,within_standalone,0.41727586686320456,0.4094566853792676,0.00781918148393698,-0.013446912221303611,0.028824502681940506,0.03267920952441137,0.512,0.4588,500,0.9176,False
public__wdc_80_medium_unseen__p50__seed20260725__hit_at_1,wdc_80_medium_unseen,0.5,20260725,official_ditto_plain,official_ditto_mixda,hit_at_1,within_standalone,0.344,0.34,0.004,-0.022,0.03,0.012898102968138226,0.502,0.8242,500,1.0,False
public__wdc_80_medium_unseen__p50__seed20260725__reciprocal_rank,wdc_80_medium_unseen,0.5,20260725,hef_linear_bert,hef_linear_bge,reciprocal_rank,within_linear,0.32132948145293455,0.360880651258905,-0.03955116980597049,-0.05618398754854208,-0.023162127617655594,-0.21222744020098677,0.405,0.0,500,0.0,True
public__wdc_80_medium_unseen__p50__seed20260725__hit_at_1,wdc_80_medium_unseen,0.5,20260725,hef_linear_bert,hef_linear_bge,hit_at_1,within_linear,0.244,0.272,-0.028,-0.05,-0.008,-0.1112525043157567,0.48600000000000004,0.011,500,0.066,False
public__wdc_80_medium_unseen__p50__seed20260725__reciprocal_rank,wdc_80_medium_unseen,0.5,20260725,hef_gbdt_e5_roberta_oof,hef_gbdt_e5_jina_oof,reciprocal_rank,within_gbdt,0.4013455339574547,0.42845013289467954,-0.027104598937224913,-0.05172656494399942,-0.0027979235054738363,-0.0964178836482044,0.42700000000000005,0.0274,500,0.137,False
public__wdc_80_medium_unseen__p50__seed20260725__hit_at_1,wdc_80_medium_unseen,0.5,20260725,hef_gbdt_e5_roberta_oof,hef_gbdt_e5_jina_oof,hit_at_1,within_gbdt,0.33,0.354,-0.024,-0.054,0.004,-0.0745531241252282,0.488,0.1064,500,0.532,False
public__wdc_80_medium_unseen__p50__seed20260725__reciprocal_rank,wdc_80_medium_unseen,0.5,20260725,joint_neural_hef_roberta,joint_neural_hef_jina,reciprocal_rank,within_joint,0.35334068598303575,0.42585861336708775,-0.07251792738405208,-0.10349654304097779,-0.04119806205240905,-0.20457708501902272,0.441,0.0,500,0.0,True
public__wdc_80_medium_unseen__p50__seed20260725__hit_at_1,wdc_80_medium_unseen,0.5,20260725,joint_neural_hef_roberta,joint_neural_hef_jina,hit_at_1,within_joint,0.264,0.35,-0.086,-0.122,-0.05,-0.20560639929739663,0.45699999999999996,0.0,500,0.0,True
public__wdc_80_medium_unseen__p50__seed20260726__reciprocal_rank,wdc_80_medium_unseen,0.5,20260726,jina_finetuned,hef_linear_bert,reciprocal_rank,cross_family,0.4316893611462512,0.31983630049572137,0.11185306065052981,0.07866249248192558,0.14573418493426785,0.2951540084840724,0.652,0.0,500,0.0,True
public__wdc_80_medium_unseen__p50__seed20260726__hit_at_1,wdc_80_medium_unseen,0.5,20260726,jina_finetuned,hef_linear_bert,hit_at_1,cross_family,0.366,0.226,0.14,0.1,0.18,0.30347019945716047,0.5700000000000001,0.0,500,0.0,True
public__wdc_80_medium_unseen__p50__seed20260726__reciprocal_rank,wdc_80_medium_unseen,0.5,20260726,jina_finetuned,hef_gbdt_e5_roberta_oof,reciprocal_rank,cross_family,0.4316893611462512,0.4135291576526106,0.01816020349364064,-0.008661752028930719,0.044534233912783355,0.05986818819173954,0.553,0.171,500,0.37139999999999995,False
public__wdc_80_medium_unseen__p50__seed20260726__hit_at_1,wdc_80_medium_unseen,0.5,20260726,jina_finetuned,hef_gbdt_e5_roberta_oof,hit_at_1,cross_family,0.366,0.336,0.03,-0.002,0.064,0.07978532500694285,0.515,0.0838,500,0.3352,False
public__wdc_80_medium_unseen__p50__seed20260726__reciprocal_rank,wdc_80_medium_unseen,0.5,20260726,jina_finetuned,joint_neural_hef_roberta,reciprocal_rank,cross_family,0.4316893611462512,0.3852824614083043,0.046406899737946886,0.01631672360135641,0.07691609764913972,0.13400153422557068,0.5599999999999999,0.0016,500,0.008,True
public__wdc_80_medium_unseen__p50__seed20260726__hit_at_1,wdc_80_medium_unseen,0.5,20260726,jina_finetuned,joint_neural_hef_roberta,hit_at_1,cross_family,0.366,0.308,0.058,0.022,0.094,0.14194132277246227,0.529,0.0012,500,0.0084,True
public__wdc_80_medium_unseen__p50__seed20260726__reciprocal_rank,wdc_80_medium_unseen,0.5,20260726,hef_linear_bert,hef_gbdt_e5_roberta_oof,reciprocal_rank,cross_family,0.31983630049572137,0.4135291576526106,-0.09369285715688919,-0.11979703048483281,-0.06920429346308456,-0.3204167347899827,0.37,0.0,500,0.0,True
public__wdc_80_medium_unseen__p50__seed20260726__hit_at_1,wdc_80_medium_unseen,0.5,20260726,hef_linear_bert,hef_gbdt_e5_roberta_oof,hit_at_1,cross_family,0.226,0.336,-0.11,-0.146,-0.076,-0.27654568775536187,0.44499999999999995,0.0,500,0.0,True
public__wdc_80_medium_unseen__p50__seed20260726__reciprocal_rank,wdc_80_medium_unseen,0.5,20260726,hef_linear_bert,joint_neural_hef_roberta,reciprocal_rank,cross_family,0.31983630049572137,0.3852824614083043,-0.06544616091258294,-0.10194108242290795,-0.029186698561164216,-0.1578006853386688,0.401,0.0,500,0.0,True
public__wdc_80_medium_unseen__p50__seed20260726__hit_at_1,wdc_80_medium_unseen,0.5,20260726,hef_linear_bert,joint_neural_hef_roberta,hit_at_1,cross_family,0.226,0.308,-0.082,-0.126,-0.04,-0.16888470089753302,0.459,0.0,500,0.0,True
public__wdc_80_medium_unseen__p50__seed20260726__reciprocal_rank,wdc_80_medium_unseen,0.5,20260726,hef_gbdt_e5_roberta_oof,joint_neural_hef_roberta,reciprocal_rank,cross_family,0.4135291576526106,0.3852824614083043,0.028246696244306257,-0.0012505358010345378,0.059249297531536314,0.0818031383585381,0.515,0.061,500,0.244,False
public__wdc_80_medium_unseen__p50__seed20260726__hit_at_1,wdc_80_medium_unseen,0.5,20260726,hef_gbdt_e5_roberta_oof,joint_neural_hef_roberta,hit_at_1,cross_family,0.336,0.308,0.028,-0.008,0.064,0.06923758907421407,0.514,0.143,500,0.3372,False
public__wdc_80_medium_unseen__p50__seed20260726__reciprocal_rank,wdc_80_medium_unseen,0.5,20260726,jina_finetuned,roberta_finetuned,reciprocal_rank,within_standalone,0.4316893611462512,0.43836406757602425,-0.006674706429773115,-0.031084926130120462,0.016969249531673385,-0.024405886815207056,0.523,0.5786,500,0.5786,False
public__wdc_80_medium_unseen__p50__seed20260726__hit_at_1,wdc_80_medium_unseen,0.5,20260726,jina_finetuned,roberta_finetuned,hit_at_1,within_standalone,0.366,0.362,0.004,-0.028,0.036,0.0113486039545682,0.502,0.8478,500,0.8478,False
public__wdc_80_medium_unseen__p50__seed20260726__reciprocal_rank,wdc_80_medium_unseen,0.5,20260726,official_ditto_plain,official_ditto_mixda,reciprocal_rank,within_standalone,0.4321860514931999,0.44750114106032074,-0.015315089567120773,-0.035437519832439444,0.003964802543545284,-0.06801148616127049,0.483,0.1238,500,0.37139999999999995,False
public__wdc_80_medium_unseen__p50__seed20260726__hit_at_1,wdc_80_medium_unseen,0.5,20260726,official_ditto_plain,official_ditto_mixda,hit_at_1,within_standalone,0.362,0.384,-0.022,-0.048,0.004,-0.07345774929325134,0.489,0.1124,500,0.3372,False
public__wdc_80_medium_unseen__p50__seed20260726__reciprocal_rank,wdc_80_medium_unseen,0.5,20260726,hef_linear_bert,hef_linear_bge,reciprocal_rank,within_linear,0.31983630049572137,0.37256056404549764,-0.05272426354977628,-0.07294517068472282,-0.03234210955123454,-0.22775587740439984,0.397,0.0,500,0.0,True
public__wdc_80_medium_unseen__p50__seed20260726__hit_at_1,wdc_80_medium_unseen,0.5,20260726,hef_linear_bert,hef_linear_bge,hit_at_1,within_linear,0.226,0.28,-0.054,-0.08,-0.026,-0.17494652031143682,0.47300000000000003,0.0002,500,0.0016,True
public__wdc_80_medium_unseen__p50__seed20260726__reciprocal_rank,wdc_80_medium_unseen,0.5,20260726,hef_gbdt_e5_roberta_oof,hef_gbdt_e5_jina_oof,reciprocal_rank,within_gbdt,0.4135291576526106,0.4538643177877665,-0.04033516013515593,-0.06429313885541263,-0.015642773064293826,-0.1443968781542346,0.41700000000000004,0.001,500,0.006,True
public__wdc_80_medium_unseen__p50__seed20260726__hit_at_1,wdc_80_medium_unseen,0.5,20260726,hef_gbdt_e5_roberta_oof,hef_gbdt_e5_jina_oof,hit_at_1,within_gbdt,0.336,0.374,-0.038,-0.07,-0.006,-0.10587725954226182,0.481,0.0184,500,0.092,False
public__wdc_80_medium_unseen__p50__seed20260726__reciprocal_rank,wdc_80_medium_unseen,0.5,20260726,joint_neural_hef_roberta,joint_neural_hef_jina,reciprocal_rank,within_joint,0.3852824614083043,0.45152367379564284,-0.06624121238733849,-0.09673172522867338,-0.035798729349367765,-0.19121732833533522,0.401,0.0,500,0.0,True
public__wdc_80_medium_unseen__p50__seed20260726__hit_at_1,wdc_80_medium_unseen,0.5,20260726,joint_neural_hef_roberta,joint_neural_hef_jina,hit_at_1,within_joint,0.308,0.37,-0.062,-0.1,-0.026,-0.14674277699725688,0.469,0.0014,500,0.0084,True
public__wdc_80_medium_unseen__p50__seed20260727__reciprocal_rank,wdc_80_medium_unseen,0.5,20260727,jina_finetuned,hef_linear_bert,reciprocal_rank,cross_family,0.4436931122763872,0.343052418888302,0.1006406933880852,0.06575409327679925,0.13461093938507607,0.25588093469064843,0.64,0.0,500,0.0,True
public__wdc_80_medium_unseen__p50__seed20260727__hit_at_1,wdc_80_medium_unseen,0.5,20260727,jina_finetuned,hef_linear_bert,hit_at_1,cross_family,0.366,0.268,0.098,0.058,0.14,0.2104586265966243,0.549,0.0,500,0.0,True
public__wdc_80_medium_unseen__p50__seed20260727__reciprocal_rank,wdc_80_medium_unseen,0.5,20260727,jina_finetuned,hef_gbdt_e5_roberta_oof,reciprocal_rank,cross_family,0.4436931122763872,0.4210273790581611,0.02266573321822606,-0.005433020677197212,0.05104734994450528,0.06994250469792518,0.542,0.1126,500,0.3378,False
public__wdc_80_medium_unseen__p50__seed20260727__hit_at_1,wdc_80_medium_unseen,0.5,20260727,jina_finetuned,hef_gbdt_e5_roberta_oof,hit_at_1,cross_family,0.366,0.344,0.022,-0.01,0.054,0.058423178257515015,0.511,0.207,500,0.621,False
public__wdc_80_medium_unseen__p50__seed20260727__reciprocal_rank,wdc_80_medium_unseen,0.5,20260727,jina_finetuned,joint_neural_hef_roberta,reciprocal_rank,cross_family,0.4436931122763872,0.39049740490714907,0.05319570736923811,0.022863696144977408,0.08363017325040441,0.15099465499439882,0.538,0.001,500,0.007,True
public__wdc_80_medium_unseen__p50__seed20260727__hit_at_1,wdc_80_medium_unseen,0.5,20260727,jina_finetuned,joint_neural_hef_roberta,hit_at_1,cross_family,0.366,0.314,0.052,0.016,0.088,0.12625403469894347,0.526,0.0056,500,0.0448,True
public__wdc_80_medium_unseen__p50__seed20260727__reciprocal_rank,wdc_80_medium_unseen,0.5,20260727,hef_linear_bert,hef_gbdt_e5_roberta_oof,reciprocal_rank,cross_family,0.343052418888302,0.4210273790581611,-0.07797496016985915,-0.10314979932153343,-0.052832458946236734,-0.2746628232776568,0.364,0.0,500,0.0,True
public__wdc_80_medium_unseen__p50__seed20260727__hit_at_1,wdc_80_medium_unseen,0.5,20260727,hef_linear_bert,hef_gbdt_e5_roberta_oof,hit_at_1,cross_family,0.268,0.344,-0.076,-0.11,-0.042,-0.19854983611687374,0.46199999999999997,0.0,500,0.0,True
public__wdc_80_medium_unseen__p50__seed20260727__reciprocal_rank,wdc_80_medium_unseen,0.5,20260727,hef_linear_bert,joint_neural_hef_roberta,reciprocal_rank,cross_family,0.343052418888302,0.39049740490714907,-0.04744498601884709,-0.0862242554910563,-0.00988158669023677,-0.11027764924977415,0.394,0.0162,500,0.08099999999999999,False
public__wdc_80_medium_unseen__p50__seed20260727__hit_at_1,wdc_80_medium_unseen,0.5,20260727,hef_linear_bert,joint_neural_hef_roberta,hit_at_1,cross_family,0.268,0.314,-0.046,-0.09,-0.002,-0.09229939504322726,0.477,0.0406,500,0.24359999999999998,False
public__wdc_80_medium_unseen__p50__seed20260727__reciprocal_rank,wdc_80_medium_unseen,0.5,20260727,hef_gbdt_e5_roberta_oof,joint_neural_hef_roberta,reciprocal_rank,cross_family,0.4210273790581611,0.39049740490714907,0.03052997415101205,0.0012283945203738222,0.06013672979420664,0.08967281943175529,0.47900000000000004,0.042,500,0.168,False
public__wdc_80_medium_unseen__p50__seed20260727__hit_at_1,wdc_80_medium_unseen,0.5,20260727,hef_gbdt_e5_roberta_oof,joint_neural_hef_roberta,hit_at_1,cross_family,0.344,0.314,0.03,-0.004,0.064,0.0765947371280509,0.515,0.0988,500,0.3952,False
public__wdc_80_medium_unseen__p50__seed20260727__reciprocal_rank,wdc_80_medium_unseen,0.5,20260727,jina_finetuned,roberta_finetuned,reciprocal_rank,within_standalone,0.4436931122763872,0.44778026776479346,-0.004087155488406299,-0.03144382240286404,0.023281609727095493,-0.013094925899153441,0.532,0.7622,500,0.7622,False
public__wdc_80_medium_unseen__p50__seed20260727__hit_at_1,wdc_80_medium_unseen,0.5,20260727,jina_finetuned,roberta_finetuned,hit_at_1,within_standalone,0.366,0.374,-0.008,-0.04,0.024,-0.02200257961195465,0.496,0.6542,500,0.6592,False
public__wdc_80_medium_unseen__p50__seed20260727__reciprocal_rank,wdc_80_medium_unseen,0.5,20260727,official_ditto_plain,official_ditto_mixda,reciprocal_rank,within_standalone,0.43312257156208994,0.44236699388327394,-0.009244422321184002,-0.02773672661231052,0.008880818721798814,-0.044675217043158674,0.458,0.31,500,0.62,False
public__wdc_80_medium_unseen__p50__seed20260727__hit_at_1,wdc_80_medium_unseen,0.5,20260727,official_ditto_plain,official_ditto_mixda,hit_at_1,within_standalone,0.364,0.376,-0.012,-0.034,0.01,-0.04602061193064599,0.49400000000000005,0.3296,500,0.6592,False
public__wdc_80_medium_unseen__p50__seed20260727__reciprocal_rank,wdc_80_medium_unseen,0.5,20260727,hef_linear_bert,hef_linear_bge,reciprocal_rank,within_linear,0.343052418888302,0.3897498287709589,-0.046697409882656846,-0.06499698609089027,-0.029182084045436527,-0.22626866503527007,0.42400000000000004,0.0,500,0.0,True
public__wdc_80_medium_unseen__p50__seed20260727__hit_at_1,wdc_80_medium_unseen,0.5,20260727,hef_linear_bert,hef_linear_bge,hit_at_1,within_linear,0.268,0.3,-0.032,-0.056,-0.008,-0.1199939884277196,0.48400000000000004,0.008,500,0.056,False
public__wdc_80_medium_unseen__p50__seed20260727__reciprocal_rank,wdc_80_medium_unseen,0.5,20260727,hef_gbdt_e5_roberta_oof,hef_gbdt_e5_jina_oof,reciprocal_rank,within_gbdt,0.4210273790581611,0.4540980678117476,-0.033070688753586513,-0.058691013866997876,-0.0070149564989356586,-0.1105125941525132,0.43300000000000005,0.0112,500,0.0672,False
public__wdc_80_medium_unseen__p50__seed20260727__hit_at_1,wdc_80_medium_unseen,0.5,20260727,hef_gbdt_e5_roberta_oof,hef_gbdt_e5_jina_oof,hit_at_1,within_gbdt,0.344,0.376,-0.032,-0.064,-0.002,-0.0911601576510332,0.484,0.043,500,0.24359999999999998,False
public__wdc_80_medium_unseen__p50__seed20260727__reciprocal_rank,wdc_80_medium_unseen,0.5,20260727,joint_neural_hef_roberta,joint_neural_hef_jina,reciprocal_rank,within_joint,0.39049740490714907,0.4641795425118736,-0.07368213760472458,-0.10359370911467813,-0.04517557645601622,-0.22104147212903533,0.45399999999999996,0.0,500,0.0,True
public__wdc_80_medium_unseen__p50__seed20260727__hit_at_1,wdc_80_medium_unseen,0.5,20260727,joint_neural_hef_roberta,joint_neural_hef_jina,hit_at_1,within_joint,0.314,0.394,-0.08,-0.114,-0.046,-0.20131547079577836,0.45999999999999996,0.0,500,0.0,True
public__wdc_80_medium_unseen__p70__seed20260725__reciprocal_rank,wdc_80_medium_unseen,0.7,20260725,jina_finetuned,hef_linear_bert,reciprocal_rank,cross_family,0.2501500301064243,0.21198329963335452,0.038166730473069725,0.008393979185097449,0.06750230029944713,0.1131050971372554,0.5960000000000001,0.0118,500,0.1062,False
public__wdc_80_medium_unseen__p70__seed20260725__hit_at_1,wdc_80_medium_unseen,0.7,20260725,jina_finetuned,hef_linear_bert,hit_at_1,cross_family,0.178,0.154,0.024,-0.008,0.056,0.06515214127169833,0.512,0.1562,500,1.0,False
public__wdc_80_medium_unseen__p70__seed20260725__reciprocal_rank,wdc_80_medium_unseen,0.7,20260725,jina_finetuned,hef_gbdt_e5_roberta_oof,reciprocal_rank,cross_family,0.2501500301064243,0.22514475908007472,0.025005271026349564,0.00018641973492893076,0.049719275852859436,0.08913118669427318,0.531,0.0458,500,0.3206,False
public__wdc_80_medium_unseen__p70__seed20260725__hit_at_1,wdc_80_medium_unseen,0.7,20260725,jina_finetuned,hef_gbdt_e5_roberta_oof,hit_at_1,cross_family,0.178,0.144,0.034,0.008,0.06,0.1114723780920922,0.517,0.0116,500,0.10439999999999999,False
public__wdc_80_medium_unseen__p70__seed20260725__reciprocal_rank,wdc_80_medium_unseen,0.7,20260725,jina_finetuned,joint_neural_hef_roberta,reciprocal_rank,cross_family,0.2501500301064243,0.23458001713349433,0.015570012972929979,-0.013097292802406972,0.04473791154641119,0.047166415428119,0.488,0.2844,500,1.0,False
public__wdc_80_medium_unseen__p70__seed20260725__hit_at_1,wdc_80_medium_unseen,0.7,20260725,jina_finetuned,joint_neural_hef_roberta,hit_at_1,cross_family,0.178,0.16,0.018,-0.014,0.048,0.05072377891433493,0.509,0.2736,500,1.0,False
public__wdc_80_medium_unseen__p70__seed20260725__reciprocal_rank,wdc_80_medium_unseen,0.7,20260725,hef_linear_bert,hef_gbdt_e5_roberta_oof,reciprocal_rank,cross_family,0.21198329963335452,0.22514475908007472,-0.013161459446720161,-0.035156695904319524,0.008807070814414342,-0.051975578259683866,0.342,0.2366,500,1.0,False
public__wdc_80_medium_unseen__p70__seed20260725__hit_at_1,wdc_80_medium_unseen,0.7,20260725,hef_linear_bert,hef_gbdt_e5_roberta_oof,hit_at_1,cross_family,0.154,0.144,0.01,-0.016,0.036,0.03408542306018929,0.505,0.4884,500,1.0,False
public__wdc_80_medium_unseen__p70__seed20260725__reciprocal_rank,wdc_80_medium_unseen,0.7,20260725,hef_linear_bert,joint_neural_hef_roberta,reciprocal_rank,cross_family,0.21198329963335452,0.23458001713349433,-0.02259671750013975,-0.05639114863524869,0.011993812774857376,-0.058307241593325364,0.381,0.1908,500,1.0,False
public__wdc_80_medium_unseen__p70__seed20260725__hit_at_1,wdc_80_medium_unseen,0.7,20260725,hef_linear_bert,joint_neural_hef_roberta,hit_at_1,cross_family,0.154,0.16,-0.006,-0.04,0.028,-0.015081254185204193,0.497,0.767,500,1.0,False
public__wdc_80_medium_unseen__p70__seed20260725__reciprocal_rank,wdc_80_medium_unseen,0.7,20260725,hef_gbdt_e5_roberta_oof,joint_neural_hef_roberta,reciprocal_rank,cross_family,0.22514475908007472,0.23458001713349433,-0.009435258053419588,-0.036268738147458596,0.016799258569846785,-0.03077945433104323,0.466,0.4966,500,1.0,False
public__wdc_80_medium_unseen__p70__seed20260725__hit_at_1,wdc_80_medium_unseen,0.7,20260725,hef_gbdt_e5_roberta_oof,joint_neural_hef_roberta,hit_at_1,cross_family,0.144,0.16,-0.016,-0.044,0.012,-0.04869548614861927,0.492,0.2992,500,1.0,False
public__wdc_80_medium_unseen__p70__seed20260725__reciprocal_rank,wdc_80_medium_unseen,0.7,20260725,jina_finetuned,roberta_finetuned,reciprocal_rank,within_standalone,0.2501500301064243,0.24612789965650486,0.004022130449919422,-0.019822343749094466,0.02840267167874582,0.014710466988783717,0.531,0.7368,500,1.0,False
public__wdc_80_medium_unseen__p70__seed20260725__hit_at_1,wdc_80_medium_unseen,0.7,20260725,jina_finetuned,roberta_finetuned,hit_at_1,within_standalone,0.178,0.166,0.012,-0.014,0.038,0.0404446241142305,0.506,0.4088,500,1.0,False
public__wdc_80_medium_unseen__p70__seed20260725__reciprocal_rank,wdc_80_medium_unseen,0.7,20260725,official_ditto_plain,official_ditto_mixda,reciprocal_rank,within_standalone,0.2800452491444326,0.27975508991522197,0.0002901592292106092,-0.017876327588586097,0.018322267392700976,0.0014173774510198023,0.5,0.9712,500,1.0,False
public__wdc_80_medium_unseen__p70__seed20260725__hit_at_1,wdc_80_medium_unseen,0.7,20260725,official_ditto_plain,official_ditto_mixda,hit_at_1,within_standalone,0.186,0.2,-0.014,-0.038,0.01,-0.05293624740771592,0.49300000000000005,0.2614,500,1.0,False
public__wdc_80_medium_unseen__p70__seed20260725__reciprocal_rank,wdc_80_medium_unseen,0.7,20260725,hef_linear_bert,hef_linear_bge,reciprocal_rank,within_linear,0.21198329963335452,0.2311095530665413,-0.01912625343318676,-0.034417973943948056,-0.004052112364102474,-0.10955824776868517,0.47000000000000003,0.0124,500,0.1062,False
public__wdc_80_medium_unseen__p70__seed20260725__hit_at_1,wdc_80_medium_unseen,0.7,20260725,hef_linear_bert,hef_linear_bge,hit_at_1,within_linear,0.154,0.168,-0.014,-0.032,0.004,-0.07193237986681947,0.493,0.1376,500,1.0,False
public__wdc_80_medium_unseen__p70__seed20260725__reciprocal_rank,wdc_80_medium_unseen,0.7,20260725,hef_gbdt_e5_roberta_oof,hef_gbdt_e5_jina_oof,reciprocal_rank,within_gbdt,0.22514475908007472,0.3322356052600883,-0.10709084618001356,-0.13531267004461336,-0.07911125241504079,-0.3363487100650233,0.399,0.0,500,0.0,True
public__wdc_80_medium_unseen__p70__seed20260725__hit_at_1,wdc_80_medium_unseen,0.7,20260725,hef_gbdt_e5_roberta_oof,hef_gbdt_e5_jina_oof,hit_at_1,within_gbdt,0.144,0.234,-0.09,-0.122,-0.06,-0.25339317604858747,0.455,0.0,500,0.0,True
public__wdc_80_medium_unseen__p70__seed20260725__reciprocal_rank,wdc_80_medium_unseen,0.7,20260725,joint_neural_hef_roberta,joint_neural_hef_jina,reciprocal_rank,within_joint,0.23458001713349433,0.2988822471147876,-0.0643022299812933,-0.09544080462016556,-0.03415709446441634,-0.1832537347335363,0.456,0.0,500,0.0,True
public__wdc_80_medium_unseen__p70__seed20260725__hit_at_1,wdc_80_medium_unseen,0.7,20260725,joint_neural_hef_roberta,joint_neural_hef_jina,hit_at_1,within_joint,0.16,0.212,-0.052,-0.086,-0.02,-0.1381986117935509,0.474,0.0016,500,0.016,True
public__wdc_80_medium_unseen__p70__seed20260726__reciprocal_rank,wdc_80_medium_unseen,0.7,20260726,jina_finetuned,hef_linear_bert,reciprocal_rank,cross_family,0.2546154603790264,0.22437939421479558,0.030236066164230788,0.0024427227718760132,0.057996982831470596,0.0936744368279053,0.599,0.032,500,0.192,False
public__wdc_80_medium_unseen__p70__seed20260726__hit_at_1,wdc_80_medium_unseen,0.7,20260726,jina_finetuned,hef_linear_bert,hit_at_1,cross_family,0.186,0.172,0.014,-0.018,0.048,0.03714061283823114,0.507,0.4372,500,0.8784,False
public__wdc_80_medium_unseen__p70__seed20260726__reciprocal_rank,wdc_80_medium_unseen,0.7,20260726,jina_finetuned,hef_gbdt_e5_roberta_oof,reciprocal_rank,cross_family,0.2546154603790264,0.22821894293777467,0.026396517441251703,0.0046016783588538725,0.04783064084277497,0.10703252216907141,0.537,0.015,500,0.105,False
public__wdc_80_medium_unseen__p70__seed20260726__hit_at_1,wdc_80_medium_unseen,0.7,20260726,jina_finetuned,hef_gbdt_e5_roberta_oof,hit_at_1,cross_family,0.186,0.154,0.032,0.008,0.058,0.11375426328235289,0.516,0.012,500,0.108,False
public__wdc_80_medium_unseen__p70__seed20260726__reciprocal_rank,wdc_80_medium_unseen,0.7,20260726,jina_finetuned,joint_neural_hef_roberta,reciprocal_rank,cross_family,0.2546154603790264,0.2163530362212966,0.03826242415772979,0.01163326915991494,0.0652885316579924,0.12611736465737938,0.528,0.0046,500,0.0368,True
public__wdc_80_medium_unseen__p70__seed20260726__hit_at_1,wdc_80_medium_unseen,0.7,20260726,jina_finetuned,joint_neural_hef_roberta,hit_at_1,cross_family,0.186,0.152,0.034,0.006,0.062,0.10914600098585758,0.517,0.0154,500,0.1232,False
public__wdc_80_medium_unseen__p70__seed20260726__reciprocal_rank,wdc_80_medium_unseen,0.7,20260726,hef_linear_bert,hef_gbdt_e5_roberta_oof,reciprocal_rank,cross_family,0.22437939421479558,0.22821894293777467,-0.0038395487229790854,-0.025950511764403796,0.018842042136555093,-0.01497686739190681,0.382,0.728,500,1.0,False
public__wdc_80_medium_unseen__p70__seed20260726__hit_at_1,wdc_80_medium_unseen,0.7,20260726,hef_linear_bert,hef_gbdt_e5_roberta_oof,hit_at_1,cross_family,0.172,0.154,0.018,-0.01,0.046,0.05753655336902048,0.509,0.2196,500,0.8784,False
public__wdc_80_medium_unseen__p70__seed20260726__reciprocal_rank,wdc_80_medium_unseen,0.7,20260726,hef_linear_bert,joint_neural_hef_roberta,reciprocal_rank,cross_family,0.22437939421479558,0.2163530362212966,0.008026357993499001,-0.02511559426111571,0.043121063028405265,0.020797893744997666,0.41,0.6394,500,1.0,False
public__wdc_80_medium_unseen__p70__seed20260726__hit_at_1,wdc_80_medium_unseen,0.7,20260726,hef_linear_bert,joint_neural_hef_roberta,hit_at_1,cross_family,0.172,0.152,0.02,-0.014,0.054,0.0513151574350674,0.51,0.267,500,0.8784,False
public__wdc_80_medium_unseen__p70__seed20260726__reciprocal_rank,wdc_80_medium_unseen,0.7,20260726,hef_gbdt_e5_roberta_oof,joint_neural_hef_roberta,reciprocal_rank,cross_family,0.22821894293777467,0.2163530362212966,0.011865906716478086,-0.012559192357939935,0.0372388034216301,0.04192333365715948,0.519,0.3464,500,1.0,False
public__wdc_80_medium_unseen__p70__seed20260726__hit_at_1,wdc_80_medium_unseen,0.7,20260726,hef_gbdt_e5_roberta_oof,joint_neural_hef_roberta,hit_at_1,cross_family,0.154,0.152,0.002,-0.024,0.028,0.006977485343734893,0.501,0.9334,500,0.9334,False
public__wdc_80_medium_unseen__p70__seed20260726__reciprocal_rank,wdc_80_medium_unseen,0.7,20260726,jina_finetuned,roberta_finetuned,reciprocal_rank,within_standalone,0.2546154603790264,0.24097666664487744,0.013638793734148946,-0.00583643876134603,0.03299675905294055,0.06021690632586451,0.531,0.1714,500,0.857,False
public__wdc_80_medium_unseen__p70__seed20260726__hit_at_1,wdc_80_medium_unseen,0.7,20260726,jina_finetuned,roberta_finetuned,hit_at_1,within_standalone,0.186,0.16,0.026,0.004,0.048,0.1048874147534451,0.513,0.0212,500,0.1484,False
public__wdc_80_medium_unseen__p70__seed20260726__reciprocal_rank,wdc_80_medium_unseen,0.7,20260726,official_ditto_plain,official_ditto_mixda,reciprocal_rank,within_standalone,0.26224981468036823,0.26992790237731484,-0.007678087696946665,-0.02614606977602971,0.010452530007941638,-0.036874910056754445,0.501,0.4164,500,1.0,False
public__wdc_80_medium_unseen__p70__seed20260726__hit_at_1,wdc_80_medium_unseen,0.7,20260726,official_ditto_plain,official_ditto_mixda,hit_at_1,within_standalone,0.164,0.188,-0.024,-0.046,-0.002,-0.09233561696559814,0.48800000000000004,0.048,500,0.24,False
public__wdc_80_medium_unseen__p70__seed20260726__reciprocal_rank,wdc_80_medium_unseen,0.7,20260726,hef_linear_bert,hef_linear_bge,reciprocal_rank,within_linear,0.22437939421479558,0.24815898914996043,-0.023779594935164846,-0.0399463891852425,-0.00804395510487212,-0.130043596918409,0.478,0.0022,500,0.0198,True
public__wdc_80_medium_unseen__p70__seed20260726__hit_at_1,wdc_80_medium_unseen,0.7,20260726,hef_linear_bert,hef_linear_bge,hit_at_1,within_linear,0.172,0.192,-0.02,-0.038,-0.002,-0.09568679795432752,0.49,0.0384,500,0.2304,False
public__wdc_80_medium_unseen__p70__seed20260726__reciprocal_rank,wdc_80_medium_unseen,0.7,20260726,hef_gbdt_e5_roberta_oof,hef_gbdt_e5_jina_oof,reciprocal_rank,within_gbdt,0.22821894293777467,0.3294302076771587,-0.10121126473938404,-0.12798982478286774,-0.07490159946913473,-0.33767539030890326,0.393,0.0,500,0.0,True
public__wdc_80_medium_unseen__p70__seed20260726__hit_at_1,wdc_80_medium_unseen,0.7,20260726,hef_gbdt_e5_roberta_oof,hef_gbdt_e5_jina_oof,hit_at_1,within_gbdt,0.154,0.234,-0.08,-0.11,-0.052,-0.23711885651013934,0.46,0.0,500,0.0,True
public__wdc_80_medium_unseen__p70__seed20260726__reciprocal_rank,wdc_80_medium_unseen,0.7,20260726,joint_neural_hef_roberta,joint_neural_hef_jina,reciprocal_rank,within_joint,0.2163530362212966,0.31638480378771655,-0.10003176756642004,-0.132961605078324,-0.06859232496217169,-0.2724834224524419,0.397,0.0,500,0.0,True
public__wdc_80_medium_unseen__p70__seed20260726__hit_at_1,wdc_80_medium_unseen,0.7,20260726,joint_neural_hef_roberta,joint_neural_hef_jina,hit_at_1,within_joint,0.152,0.236,-0.084,-0.12,-0.052,-0.21743680113521474,0.45799999999999996,0.0,500,0.0,True
public__wdc_80_medium_unseen__p70__seed20260727__reciprocal_rank,wdc_80_medium_unseen,0.7,20260727,jina_finetuned,hef_linear_bert,reciprocal_rank,cross_family,0.2614601689940671,0.22422544239824224,0.03723472659582483,0.005793661367019586,0.06869052258500648,0.10317742497738974,0.5840000000000001,0.019,500,0.152,False
public__wdc_80_medium_unseen__p70__seed20260727__hit_at_1,wdc_80_medium_unseen,0.7,20260727,jina_finetuned,hef_linear_bert,hit_at_1,cross_family,0.192,0.17,0.022,-0.014,0.058,0.05216379744081785,0.511,0.2594,500,1.0,False
public__wdc_80_medium_unseen__p70__seed20260727__reciprocal_rank,wdc_80_medium_unseen,0.7,20260727,jina_finetuned,hef_gbdt_e5_roberta_oof,reciprocal_rank,cross_family,0.2614601689940671,0.2468519653665499,0.014608203627517202,-0.010202978356887169,0.039508187462128586,0.0516796460179424,0.553,0.2494,500,1.0,False
public__wdc_80_medium_unseen__p70__seed20260727__hit_at_1,wdc_80_medium_unseen,0.7,20260727,jina_finetuned,hef_gbdt_e5_roberta_oof,hit_at_1,cross_family,0.192,0.188,0.004,-0.022,0.032,0.012898102968138226,0.502,0.8242,500,1.0,False
public__wdc_80_medium_unseen__p70__seed20260727__reciprocal_rank,wdc_80_medium_unseen,0.7,20260727,jina_finetuned,joint_neural_hef_roberta,reciprocal_rank,cross_family,0.2614601689940671,0.2399708813269148,0.021489287667152294,-0.003963503797154249,0.047045631408339963,0.07336379665253526,0.49,0.0926,500,0.6033999999999999,False
public__wdc_80_medium_unseen__p70__seed20260727__hit_at_1,wdc_80_medium_unseen,0.7,20260727,jina_finetuned,joint_neural_hef_roberta,hit_at_1,cross_family,0.192,0.172,0.02,-0.008,0.048,0.060910074492822534,0.51,0.188,500,1.0,False
public__wdc_80_medium_unseen__p70__seed20260727__reciprocal_rank,wdc_80_medium_unseen,0.7,20260727,hef_linear_bert,hef_gbdt_e5_roberta_oof,reciprocal_rank,cross_family,0.22422544239824224,0.2468519653665499,-0.022626522968307625,-0.049117364171138544,0.003063215038300046,-0.07551608034356899,0.393,0.0862,500,0.6033999999999999,False
public__wdc_80_medium_unseen__p70__seed20260727__hit_at_1,wdc_80_medium_unseen,0.7,20260727,hef_linear_bert,hef_gbdt_e5_roberta_oof,hit_at_1,cross_family,0.17,0.188,-0.018,-0.052,0.014,-0.047773782981106,0.491,0.2992,500,1.0,False
public__wdc_80_medium_unseen__p70__seed20260727__reciprocal_rank,wdc_80_medium_unseen,0.7,20260727,hef_linear_bert,joint_neural_hef_roberta,reciprocal_rank,cross_family,0.22422544239824224,0.2399708813269148,-0.015745438928672535,-0.05015661155152409,0.019857486175495577,-0.03953666695825978,0.41,0.3734,500,1.0,False
public__wdc_80_medium_unseen__p70__seed20260727__hit_at_1,wdc_80_medium_unseen,0.7,20260727,hef_linear_bert,joint_neural_hef_roberta,hit_at_1,cross_family,0.17,0.172,-0.002,-0.04,0.036,-0.004632799062939519,0.499,0.959,500,1.0,False
public__wdc_80_medium_unseen__p70__seed20260727__reciprocal_rank,wdc_80_medium_unseen,0.7,20260727,hef_gbdt_e5_roberta_oof,joint_neural_hef_roberta,reciprocal_rank,cross_family,0.2468519653665499,0.2399708813269148,0.006881084039635099,-0.0197051245288213,0.033018402201690736,0.022892219090381225,0.47300000000000003,0.608,500,1.0,False
public__wdc_80_medium_unseen__p70__seed20260727__hit_at_1,wdc_80_medium_unseen,0.7,20260727,hef_gbdt_e5_roberta_oof,joint_neural_hef_roberta,hit_at_1,cross_family,0.188,0.172,0.016,-0.012,0.044,0.04869548614861927,0.508,0.2972,500,1.0,False
public__wdc_80_medium_unseen__p70__seed20260727__reciprocal_rank,wdc_80_medium_unseen,0.7,20260727,jina_finetuned,roberta_finetuned,reciprocal_rank,within_standalone,0.2614601689940671,0.2691241175277155,-0.007663948533648378,-0.03183849092834734,0.016351977591044016,-0.027805597760518143,0.536,0.5328,500,1.0,False
public__wdc_80_medium_unseen__p70__seed20260727__hit_at_1,wdc_80_medium_unseen,0.7,20260727,jina_finetuned,roberta_finetuned,hit_at_1,within_standalone,0.192,0.196,-0.004,-0.032,0.022,-0.01263746623688713,0.498,0.8326,500,1.0,False
public__wdc_80_medium_unseen__p70__seed20260727__reciprocal_rank,wdc_80_medium_unseen,0.7,20260727,official_ditto_plain,official_ditto_mixda,reciprocal_rank,within_standalone,0.2922933711503317,0.2900208775226648,0.002272493627666897,-0.01726941617899765,0.021748679081829952,0.010143196255263427,0.527,0.8052,500,1.0,False
public__wdc_80_medium_unseen__p70__seed20260727__hit_at_1,wdc_80_medium_unseen,0.7,20260727,official_ditto_plain,official_ditto_mixda,hit_at_1,within_standalone,0.214,0.218,-0.004,-0.028,0.02,-0.014496534246466663,0.498,0.8056,500,1.0,False
public__wdc_80_medium_unseen__p70__seed20260727__reciprocal_rank,wdc_80_medium_unseen,0.7,20260727,hef_linear_bert,hef_linear_bge,reciprocal_rank,within_linear,0.22422544239824224,0.2546411088795845,-0.03041566648134228,-0.04800055465014491,-0.013322214200615076,-0.15362464894799016,0.479,0.0004,500,0.0036000000000000003,True
public__wdc_80_medium_unseen__p70__seed20260727__hit_at_1,wdc_80_medium_unseen,0.7,20260727,hef_linear_bert,hef_linear_bge,hit_at_1,within_linear,0.17,0.188,-0.018,-0.038,0.002,-0.07761536490422041,0.491,0.0956,500,0.8604,False
public__wdc_80_medium_unseen__p70__seed20260727__reciprocal_rank,wdc_80_medium_unseen,0.7,20260727,hef_gbdt_e5_roberta_oof,hef_gbdt_e5_jina_oof,reciprocal_rank,within_gbdt,0.2468519653665499,0.32683525490494886,-0.07998328953839896,-0.10689524155740733,-0.05368157641671299,-0.26211994039966857,0.395,0.0,500,0.0,True
public__wdc_80_medium_unseen__p70__seed20260727__hit_at_1,wdc_80_medium_unseen,0.7,20260727,hef_gbdt_e5_roberta_oof,hef_gbdt_e5_jina_oof,hit_at_1,within_gbdt,0.188,0.236,-0.048,-0.078,-0.018,-0.14478084673831587,0.476,0.0014,500,0.014,True
public__wdc_80_medium_unseen__p70__seed20260727__reciprocal_rank,wdc_80_medium_unseen,0.7,20260727,joint_neural_hef_roberta,joint_neural_hef_jina,reciprocal_rank,within_joint,0.2399708813269148,0.318558865223173,-0.0785879838962582,-0.10951307955600427,-0.04833915141818853,-0.22390100930307638,0.438,0.0,500,0.0,True
public__wdc_80_medium_unseen__p70__seed20260727__hit_at_1,wdc_80_medium_unseen,0.7,20260727,joint_neural_hef_roberta,joint_neural_hef_jina,hit_at_1,within_joint,0.172,0.252,-0.08,-0.114,-0.048,-0.2094472054435959,0.45999999999999996,0.0,500,0.0,True
public__link_lives_release2__p00__seed20260725__reciprocal_rank,link_lives_release2,0.0,20260725,jina_finetuned,hef_linear_bert,reciprocal_rank,cross_family,0.944242716258101,0.7587158189439693,0.1855268973141316,0.17392546761503147,0.19749823639006425,0.5497023044735024,0.6393846153846154,0.0,3250,0.0,True
public__link_lives_release2__p00__seed20260725__hit_at_1,link_lives_release2,0.0,20260725,jina_finetuned,hef_linear_bert,hit_at_1,cross_family,0.908923076923077,0.6630769230769231,0.24584615384615385,0.22984615384615384,0.26246153846153847,0.5149386999567911,0.6229230769230769,0.0,3250,0.0,True
public__link_lives_release2__p00__seed20260725__reciprocal_rank,link_lives_release2,0.0,20260725,jina_finetuned,hef_gbdt_e5_roberta_oof,reciprocal_rank,cross_family,0.944242716258101,0.6623961816985124,0.28184653455958847,0.2696742339560509,0.29420954138351396,0.7901764388620364,0.7186153846153847,0.0,3250,0.0,True
public__link_lives_release2__p00__seed20260725__hit_at_1,link_lives_release2,0.0,20260725,jina_finetuned,hef_gbdt_e5_roberta_oof,hit_at_1,cross_family,0.908923076923077,0.5132307692307693,0.3956923076923077,0.37846153846153846,0.4135384615384615,0.763291801375842,0.6978461538461539,0.0,3250,0.0,True
public__link_lives_release2__p00__seed20260725__reciprocal_rank,link_lives_release2,0.0,20260725,jina_finetuned,joint_neural_hef_roberta,reciprocal_rank,cross_family,0.944242716258101,0.8040811847246416,0.14016153153345914,0.13040243827978185,0.1503822913467142,0.48294719762598537,0.6164615384615385,0.0,3250,0.0,True
public__link_lives_release2__p00__seed20260725__hit_at_1,link_lives_release2,0.0,20260725,jina_finetuned,joint_neural_hef_roberta,hit_at_1,cross_family,0.908923076923077,0.7009230769230769,0.208,0.1926153846153846,0.2236923076923077,0.46100827598288463,0.604,0.0,3250,0.0,True
public__link_lives_release2__p00__seed20260725__reciprocal_rank,link_lives_release2,0.0,20260725,hef_linear_bert,hef_gbdt_e5_roberta_oof,reciprocal_rank,cross_family,0.7587158189439693,0.6623961816985124,0.0963196372454569,0.08074543341044176,0.1115605141436774,0.21559558694858005,0.5701538461538462,0.0,3250,0.0,True
public__link_lives_release2__p00__seed20260725__hit_at_1,link_lives_release2,0.0,20260725,hef_linear_bert,hef_gbdt_e5_roberta_oof,hit_at_1,cross_family,0.6630769230769231,0.5132307692307693,0.14984615384615385,0.1286153846153846,0.17138461538461539,0.2406195377658812,0.5749230769230769,0.0,3250,0.0,True
public__link_lives_release2__p00__seed20260725__reciprocal_rank,link_lives_release2,0.0,20260725,hef_linear_bert,joint_neural_hef_roberta,reciprocal_rank,cross_family,0.7587158189439693,0.8040811847246416,-0.045365365780672434,-0.05917708470689548,-0.031159769134254015,-0.11194123492182892,0.4678461538461538,0.0,3250,0.0,True
public__link_lives_release2__p00__seed20260725__hit_at_1,link_lives_release2,0.0,20260725,hef_linear_bert,joint_neural_hef_roberta,hit_at_1,cross_family,0.6630769230769231,0.7009230769230769,-0.03784615384615385,-0.05723076923076923,-0.018153846153846152,-0.06533030011592612,0.48107692307692307,0.0,3250,0.0,True
public__link_lives_release2__p00__seed20260725__reciprocal_rank,link_lives_release2,0.0,20260725,hef_gbdt_e5_roberta_oof,joint_neural_hef_roberta,reciprocal_rank,cross_family,0.6623961816985124,0.8040811847246416,-0.14168500302612935,-0.15471984911049014,-0.1286409993844235,-0.36858497567406173,0.38184615384615384,0.0,3250,0.0,True
public__link_lives_release2__p00__seed20260725__hit_at_1,link_lives_release2,0.0,20260725,hef_gbdt_e5_roberta_oof,joint_neural_hef_roberta,hit_at_1,cross_family,0.5132307692307693,0.7009230769230769,-0.18769230769230769,-0.20676923076923076,-0.168,-0.3327855596826699,0.40615384615384614,0.0,3250,0.0,True
public__link_lives_release2__p00__seed20260725__reciprocal_rank,link_lives_release2,0.0,20260725,jina_finetuned,roberta_finetuned,reciprocal_rank,within_standalone,0.944242716258101,0.9449807369101486,-0.0007380206520478012,-0.005471881888850215,0.004010967284349635,-0.005348690991965174,0.49876923076923074,0.7494,3250,0.7494,False
public__link_lives_release2__p00__seed20260725__hit_at_1,link_lives_release2,0.0,20260725,jina_finetuned,roberta_finetuned,hit_at_1,within_standalone,0.908923076923077,0.9113846153846153,-0.0024615384615384616,-0.011692307692307693,0.006461538461538461,-0.009547164462223728,0.49876923076923074,0.597,3250,0.597,False
public__link_lives_release2__p00__seed20260725__reciprocal_rank,link_lives_release2,0.0,20260725,official_ditto_plain,official_ditto_mixda,reciprocal_rank,within_standalone,0.6475533736166765,0.7572383711641358,-0.10968499754745933,-0.12358178255498077,-0.09616326853744228,-0.27090090421514407,0.4307692307692308,0.0,3250,0.0,True
public__link_lives_release2__p00__seed20260725__hit_at_1,link_lives_release2,0.0,20260725,official_ditto_plain,official_ditto_mixda,hit_at_1,within_standalone,0.5086153846153846,0.680923076923077,-0.1723076923076923,-0.192,-0.15322307692307702,-0.30259424654685196,0.41384615384615386,0.0,3250,0.0,True
public__link_lives_release2__p00__seed20260725__reciprocal_rank,link_lives_release2,0.0,20260725,hef_linear_bert,hef_linear_bge,reciprocal_rank,within_linear,0.7587158189439693,0.786030555194933,-0.027314736250963846,-0.038689508466951926,-0.01606005473538306,-0.0841220506911898,0.46784615384615386,0.0,3250,0.0,True
public__link_lives_release2__p00__seed20260725__hit_at_1,link_lives_release2,0.0,20260725,hef_linear_bert,hef_linear_bge,hit_at_1,within_linear,0.6630769230769231,0.6756923076923077,-0.012615384615384615,-0.029238461538461533,0.004615384615384616,-0.025739119821911304,0.49369230769230765,0.1498,3250,0.2996,False
public__link_lives_release2__p00__seed20260725__reciprocal_rank,link_lives_release2,0.0,20260725,hef_gbdt_e5_roberta_oof,hef_gbdt_e5_jina_oof,reciprocal_rank,within_gbdt,0.6623961816985124,0.9365522893153725,-0.2741561076168601,-0.28612080089806086,-0.2621539581901815,-0.7713221629702706,0.2869230769230769,0.0,3250,0.0,True
public__link_lives_release2__p00__seed20260725__hit_at_1,link_lives_release2,0.0,20260725,hef_gbdt_e5_roberta_oof,hef_gbdt_e5_jina_oof,hit_at_1,within_gbdt,0.5132307692307693,0.8978461538461538,-0.38461538461538464,-0.40215384615384614,-0.3667692307692308,-0.7410375567350871,0.3076923076923077,0.0,3250,0.0,True
public__link_lives_release2__p00__seed20260725__reciprocal_rank,link_lives_release2,0.0,20260725,joint_neural_hef_roberta,joint_neural_hef_jina,reciprocal_rank,within_joint,0.8040811847246416,0.85997798729536,-0.05589680257071831,-0.06561706007624503,-0.046294597366626444,-0.20101965231504426,0.4572307692307692,0.0,3250,0.0,True
public__link_lives_release2__p00__seed20260725__hit_at_1,link_lives_release2,0.0,20260725,joint_neural_hef_roberta,joint_neural_hef_jina,hit_at_1,within_joint,0.7009230769230769,0.7892307692307692,-0.08830769230769231,-0.10276923076923077,-0.07384615384615385,-0.21126662419359502,0.45584615384615385,0.0,3250,0.0,True
public__link_lives_release2__p10__seed20260725__reciprocal_rank,link_lives_release2,0.1,20260725,jina_finetuned,hef_linear_bert,reciprocal_rank,cross_family,0.8330142517723581,0.5318396270821252,0.3011746246902329,0.28688362325442657,0.3153725008502344,0.7265503145571341,0.7301538461538462,0.0,3250,0.0,True
public__link_lives_release2__p10__seed20260725__hit_at_1,link_lives_release2,0.1,20260725,jina_finetuned,hef_linear_bert,hit_at_1,cross_family,0.7627692307692308,0.4163076923076923,0.3464615384615385,0.32769230769230767,0.36523076923076925,0.6347725835145189,0.6732307692307693,0.0,3250,0.0,True
public__link_lives_release2__p10__seed20260725__reciprocal_rank,link_lives_release2,0.1,20260725,jina_finetuned,hef_gbdt_e5_roberta_oof,reciprocal_rank,cross_family,0.8330142517723581,0.43754426742623975,0.39546998434611835,0.3814218107798505,0.4097074012026403,0.9573137749439511,0.7986153846153846,0.0,3250,0.0,True
public__link_lives_release2__p10__seed20260725__hit_at_1,link_lives_release2,0.1,20260725,jina_finetuned,hef_gbdt_e5_roberta_oof,hit_at_1,cross_family,0.7627692307692308,0.2772307692307692,0.48553846153846153,0.4664615384615385,0.5046153846153846,0.8726463844155682,0.7427692307692307,0.0,3250,0.0,True
public__link_lives_release2__p10__seed20260725__reciprocal_rank,link_lives_release2,0.1,20260725,jina_finetuned,joint_neural_hef_roberta,reciprocal_rank,cross_family,0.8330142517723581,0.682243428391555,0.15077082338080308,0.1395869711162746,0.16208932609804957,0.4595731386195393,0.6375384615384616,0.0,3250,0.0,True
public__link_lives_release2__p10__seed20260725__hit_at_1,link_lives_release2,0.1,20260725,jina_finetuned,joint_neural_hef_roberta,hit_at_1,cross_family,0.7627692307692308,0.5704615384615385,0.19230769230769232,0.176,0.208,0.40548048477376164,0.5961538461538461,0.0,3250,0.0,True
public__link_lives_release2__p10__seed20260725__reciprocal_rank,link_lives_release2,0.1,20260725,hef_linear_bert,hef_gbdt_e5_roberta_oof,reciprocal_rank,cross_family,0.5318396270821252,0.43754426742623975,0.09429535965588548,0.07985476317488764,0.10887732127727312,0.22222756500320626,0.5186153846153846,0.0,3250,0.0,True
public__link_lives_release2__p10__seed20260725__hit_at_1,link_lives_release2,0.1,20260725,hef_linear_bert,hef_gbdt_e5_roberta_oof,hit_at_1,cross_family,0.4163076923076923,0.2772307692307692,0.13907692307692307,0.1196923076923077,0.15876923076923077,0.24979607155146355,0.5695384615384615,0.0,3250,0.0,True
public__link_lives_release2__p10__seed20260725__reciprocal_rank,link_lives_release2,0.1,20260725,hef_linear_bert,joint_neural_hef_roberta,reciprocal_rank,cross_family,0.5318396270821252,0.682243428391555,-0.15040380130942982,-0.16456655378930996,-0.13639001183162897,-0.3605882033044932,0.35369230769230764,0.0,3250,0.0,True
public__link_lives_release2__p10__seed20260725__hit_at_1,link_lives_release2,0.1,20260725,hef_linear_bert,joint_neural_hef_roberta,hit_at_1,cross_family,0.4163076923076923,0.5704615384615385,-0.15415384615384614,-0.17353846153846153,-0.13507692307692307,-0.2767889445930357,0.42292307692307696,0.0,3250,0.0,True
public__link_lives_release2__p10__seed20260725__reciprocal_rank,link_lives_release2,0.1,20260725,hef_gbdt_e5_roberta_oof,joint_neural_hef_roberta,reciprocal_rank,cross_family,0.43754426742623975,0.682243428391555,-0.24469916096531527,-0.2586678933635503,-0.2307045372717776,-0.6020678453866457,0.29123076923076924,0.0,3250,0.0,True
public__link_lives_release2__p10__seed20260725__hit_at_1,link_lives_release2,0.1,20260725,hef_gbdt_e5_roberta_oof,joint_neural_hef_roberta,hit_at_1,cross_family,0.2772307692307692,0.5704615384615385,-0.29323076923076924,-0.312,-0.27415384615384614,-0.5260417902789551,0.3533846153846154,0.0,3250,0.0,True
public__link_lives_release2__p10__seed20260725__reciprocal_rank,link_lives_release2,0.1,20260725,jina_finetuned,roberta_finetuned,reciprocal_rank,within_standalone,0.8330142517723581,0.8039329593214172,0.02908129245094091,0.021045141569583023,0.036909663606776395,0.1271000100095512,0.5312307692307693,0.0,3250,0.0,True
public__link_lives_release2__p10__seed20260725__hit_at_1,link_lives_release2,0.1,20260725,jina_finetuned,roberta_finetuned,hit_at_1,within_standalone,0.7627692307692308,0.7267692307692307,0.036,0.024307692307692308,0.04830769230769231,0.10199139731292856,0.518,0.0,3250,0.0,True
public__link_lives_release2__p10__seed20260725__reciprocal_rank,link_lives_release2,0.1,20260725,official_ditto_plain,official_ditto_mixda,reciprocal_rank,within_standalone,0.5622896987667504,0.5512034198487781,0.011086278917972266,-0.0016123119901257524,0.02376887284466747,0.03018272824067512,0.4664615384615385,0.0826,3250,0.1532,False
public__link_lives_release2__p10__seed20260725__hit_at_1,link_lives_release2,0.1,20260725,official_ditto_plain,official_ditto_mixda,hit_at_1,within_standalone,0.4421538461538462,0.43784615384615383,0.0043076923076923075,-0.01323076923076923,0.021538461538461538,0.008432125228428263,0.5021538461538462,0.637,3250,0.637,False
public__link_lives_release2__p10__seed20260725__reciprocal_rank,link_lives_release2,0.1,20260725,hef_linear_bert,hef_linear_bge,reciprocal_rank,within_linear,0.5318396270821252,0.5938062661292707,-0.061966639047145444,-0.07409274594615199,-0.049794912017934886,-0.17250062085559661,0.3941538461538462,0.0,3250,0.0,True
public__link_lives_release2__p10__seed20260725__hit_at_1,link_lives_release2,0.1,20260725,hef_linear_bert,hef_linear_bge,hit_at_1,within_linear,0.4163076923076923,0.47415384615384615,-0.057846153846153846,-0.07507692307692308,-0.04092307692307692,-0.11563004843157704,0.4710769230769231,0.0,3250,0.0,True
public__link_lives_release2__p10__seed20260725__reciprocal_rank,link_lives_release2,0.1,20260725,hef_gbdt_e5_roberta_oof,hef_gbdt_e5_jina_oof,reciprocal_rank,within_gbdt,0.43754426742623975,0.8028697168552122,-0.36532544942897255,-0.3794795819682048,-0.3511123669130687,-0.8949668747563009,0.2183076923076923,0.0,3250,0.0,True
public__link_lives_release2__p10__seed20260725__hit_at_1,link_lives_release2,0.1,20260725,hef_gbdt_e5_roberta_oof,hef_gbdt_e5_jina_oof,hit_at_1,within_gbdt,0.2772307692307692,0.7323076923076923,-0.4550769230769231,-0.47384615384615386,-0.436,-0.8244322313178656,0.2724615384615385,0.0,3250,0.0,True
public__link_lives_release2__p10__seed20260725__reciprocal_rank,link_lives_release2,0.1,20260725,joint_neural_hef_roberta,joint_neural_hef_jina,reciprocal_rank,within_joint,0.682243428391555,0.6914172028026905,-0.009173774411135394,-0.019239692115519732,0.001142998213433551,-0.030481161250412787,0.516,0.0766,3250,0.1532,False
public__link_lives_release2__p10__seed20260725__hit_at_1,link_lives_release2,0.1,20260725,joint_neural_hef_roberta,joint_neural_hef_jina,hit_at_1,within_joint,0.5704615384615385,0.6009230769230769,-0.03046153846153846,-0.04553846153846154,-0.015384615384615385,-0.07018697840703124,0.4847692307692308,0.0,3250,0.0,True
public__link_lives_release2__p10__seed20260726__reciprocal_rank,link_lives_release2,0.1,20260726,jina_finetuned,hef_linear_bert,reciprocal_rank,cross_family,0.8311797981327068,0.5284993676516276,0.30268043048107923,0.28848012790881333,0.3167085018646608,0.7382965647980602,0.7355384615384615,0.0,3250,0.0,True
public__link_lives_release2__p10__seed20260726__hit_at_1,link_lives_release2,0.1,20260726,jina_finetuned,hef_linear_bert,hit_at_1,cross_family,0.7556923076923077,0.4156923076923077,0.34,0.32153846153846155,0.35846153846153844,0.63033140246061,0.67,0.0,3250,0.0,True
public__link_lives_release2__p10__seed20260726__reciprocal_rank,link_lives_release2,0.1,20260726,jina_finetuned,hef_gbdt_e5_roberta_oof,reciprocal_rank,cross_family,0.8311797981327068,0.4235334380780272,0.4076463600546796,0.3937664381082757,0.42124327189081817,1.0085041700777722,0.8095384615384615,0.0,3250,0.0,True
public__link_lives_release2__p10__seed20260726__hit_at_1,link_lives_release2,0.1,20260726,jina_finetuned,hef_gbdt_e5_roberta_oof,hit_at_1,cross_family,0.7556923076923077,0.2643076923076923,0.49138461538461536,0.47292307692307695,0.5104615384615384,0.8991923895694371,0.7456923076923077,0.0,3250,0.0,True
public__link_lives_release2__p10__seed20260726__reciprocal_rank,link_lives_release2,0.1,20260726,jina_finetuned,joint_neural_hef_roberta,reciprocal_rank,cross_family,0.8311797981327068,0.677792012127545,0.1533877860051618,0.14192005261228396,0.164568987503828,0.4725884272024095,0.6396923076923077,0.0,3250,0.0,True
public__link_lives_release2__p10__seed20260726__hit_at_1,link_lives_release2,0.1,20260726,jina_finetuned,joint_neural_hef_roberta,hit_at_1,cross_family,0.7556923076923077,0.5701538461538461,0.18553846153846154,0.16953846153846153,0.20153846153846153,0.3982696344872836,0.5927692307692307,0.0,3250,0.0,True
public__link_lives_release2__p10__seed20260726__reciprocal_rank,link_lives_release2,0.1,20260726,hef_linear_bert,hef_gbdt_e5_roberta_oof,reciprocal_rank,cross_family,0.5284993676516276,0.4235334380780272,0.10496592957360043,0.09082391392136359,0.1191202887215537,0.2508915718861552,0.517076923076923,0.0,3250,0.0,True
public__link_lives_release2__p10__seed20260726__hit_at_1,link_lives_release2,0.1,20260726,hef_linear_bert,hef_gbdt_e5_roberta_oof,hit_at_1,cross_family,0.4156923076923077,0.2643076923076923,0.1513846153846154,0.13292307692307692,0.17046153846153847,0.27973571480593135,0.5756923076923077,0.0,3250,0.0,True
public__link_lives_release2__p10__seed20260726__reciprocal_rank,link_lives_release2,0.1,20260726,hef_linear_bert,joint_neural_hef_roberta,reciprocal_rank,cross_family,0.5284993676516276,0.677792012127545,-0.14929264447591736,-0.16360059277599026,-0.1348689215928512,-0.3541386688089994,0.34984615384615386,0.0,3250,0.0,True
public__link_lives_release2__p10__seed20260726__hit_at_1,link_lives_release2,0.1,20260726,hef_linear_bert,joint_neural_hef_roberta,hit_at_1,cross_family,0.4156923076923077,0.5701538461538461,-0.15446153846153846,-0.17415384615384616,-0.13538461538461538,-0.2721659756832249,0.4227692307692308,0.0,3250,0.0,True
public__link_lives_release2__p10__seed20260726__reciprocal_rank,link_lives_release2,0.1,20260726,hef_gbdt_e5_roberta_oof,joint_neural_hef_roberta,reciprocal_rank,cross_family,0.4235334380780272,0.677792012127545,-0.2542585740495178,-0.2680662667432735,-0.24050924271773275,-0.6306179634767884,0.28723076923076923,0.0,3250,0.0,True
public__link_lives_release2__p10__seed20260726__hit_at_1,link_lives_release2,0.1,20260726,hef_gbdt_e5_roberta_oof,joint_neural_hef_roberta,hit_at_1,cross_family,0.2643076923076923,0.5701538461538461,-0.3058461538461538,-0.3249230769230769,-0.2873846153846154,-0.5597505019329,0.34707692307692306,0.0,3250,0.0,True
public__link_lives_release2__p10__seed20260726__reciprocal_rank,link_lives_release2,0.1,20260726,jina_finetuned,roberta_finetuned,reciprocal_rank,within_standalone,0.8311797981327068,0.8050715197741379,0.02610827835856885,0.018659165450397745,0.033695358880208456,0.12103519212960186,0.5292307692307692,0.0,3250,0.0,True
public__link_lives_release2__p10__seed20260726__hit_at_1,link_lives_release2,0.1,20260726,jina_finetuned,roberta_finetuned,hit_at_1,within_standalone,0.7556923076923077,0.7310769230769231,0.024615384615384615,0.012923076923076923,0.036,0.07313738310410131,0.5123076923076924,0.0,3250,0.0,True
public__link_lives_release2__p10__seed20260726__reciprocal_rank,link_lives_release2,0.1,20260726,official_ditto_plain,official_ditto_mixda,reciprocal_rank,within_standalone,0.5557782095188214,0.5468418919724568,0.008936317546364557,-0.004000605274001526,0.021676915148288067,0.023832641420333343,0.45861538461538465,0.1778,3250,0.1778,False
public__link_lives_release2__p10__seed20260726__hit_at_1,link_lives_release2,0.1,20260726,official_ditto_plain,official_ditto_mixda,hit_at_1,within_standalone,0.43538461538461537,0.4366153846153846,-0.0012307692307692308,-0.019384615384615386,0.016307692307692308,-0.002356871103022604,0.4993846153846154,0.8994,3250,0.8994,False
public__link_lives_release2__p10__seed20260726__reciprocal_rank,link_lives_release2,0.1,20260726,hef_linear_bert,hef_linear_bge,reciprocal_rank,within_linear,0.5284993676516276,0.5891299875099538,-0.060630619858326185,-0.07276158388860647,-0.04813063495930243,-0.1698705597278468,0.38769230769230767,0.0,3250,0.0,True
public__link_lives_release2__p10__seed20260726__hit_at_1,link_lives_release2,0.1,20260726,hef_linear_bert,hef_linear_bge,hit_at_1,within_linear,0.4156923076923077,0.4716923076923077,-0.056,-0.07353846153846154,-0.03876923076923077,-0.11216874254171898,0.472,0.0,3250,0.0,True
public__link_lives_release2__p10__seed20260726__reciprocal_rank,link_lives_release2,0.1,20260726,hef_gbdt_e5_roberta_oof,hef_gbdt_e5_jina_oof,reciprocal_rank,within_gbdt,0.4235334380780272,0.8045506690086617,-0.38101723093063444,-0.39486135699755254,-0.36700123361988596,-0.9434811724939193,0.20984615384615385,0.0,3250,0.0,True
public__link_lives_release2__p10__seed20260726__hit_at_1,link_lives_release2,0.1,20260726,hef_gbdt_e5_roberta_oof,hef_gbdt_e5_jina_oof,hit_at_1,within_gbdt,0.2643076923076923,0.7313846153846154,-0.46707692307692306,-0.48584615384615387,-0.4483076923076923,-0.8552763836827931,0.26646153846153847,0.0,3250,0.0,True
public__link_lives_release2__p10__seed20260726__reciprocal_rank,link_lives_release2,0.1,20260726,joint_neural_hef_roberta,joint_neural_hef_jina,reciprocal_rank,within_joint,0.677792012127545,0.6903125410915537,-0.012520528964008716,-0.022418852367781936,-0.002552741420438254,-0.04295758300813464,0.5156923076923077,0.0128,3250,0.0256,True
public__link_lives_release2__p10__seed20260726__hit_at_1,link_lives_release2,0.1,20260726,joint_neural_hef_roberta,joint_neural_hef_jina,hit_at_1,within_joint,0.5701538461538461,0.6009230769230769,-0.03076923076923077,-0.045230769230769234,-0.016,-0.07264167844863462,0.4846153846153846,0.0,3250,0.0,True
public__link_lives_release2__p10__seed20260727__reciprocal_rank,link_lives_release2,0.1,20260727,jina_finetuned,hef_linear_bert,reciprocal_rank,cross_family,0.8264886047013483,0.5187588760524623,0.30772972864888604,0.2938126822714066,0.32204078937033037,0.7425040066554699,0.7369230769230769,0.0,3250,0.0,True
public__link_lives_release2__p10__seed20260727__hit_at_1,link_lives_release2,0.1,20260727,jina_finetuned,hef_linear_bert,hit_at_1,cross_family,0.7498461538461538,0.39784615384615385,0.352,0.33292307692307693,0.37138461538461537,0.6411460648747066,0.676,0.0,3250,0.0,True
public__link_lives_release2__p10__seed20260727__reciprocal_rank,link_lives_release2,0.1,20260727,jina_finetuned,hef_gbdt_e5_roberta_oof,reciprocal_rank,cross_family,0.8264886047013483,0.4405574862670673,0.3859311184342811,0.3713271638678563,0.4005317474040331,0.9295311489074275,0.7907692307692309,0.0,3250,0.0,True
public__link_lives_release2__p10__seed20260727__hit_at_1,link_lives_release2,0.1,20260727,jina_finetuned,hef_gbdt_e5_roberta_oof,hit_at_1,cross_family,0.7498461538461538,0.28523076923076923,0.4646153846153846,0.4452307692307692,0.4836923076923077,0.826615626103157,0.7323076923076923,0.0,3250,0.0,True
public__link_lives_release2__p10__seed20260727__reciprocal_rank,link_lives_release2,0.1,20260727,jina_finetuned,joint_neural_hef_roberta,reciprocal_rank,cross_family,0.8264886047013483,0.6760117100832841,0.15047689461806427,0.1390741268254337,0.16181587775347497,0.4573724494105845,0.6404615384615384,0.0,3250,0.0,True
public__link_lives_release2__p10__seed20260727__hit_at_1,link_lives_release2,0.1,20260727,jina_finetuned,joint_neural_hef_roberta,hit_at_1,cross_family,0.7498461538461538,0.5636923076923077,0.18615384615384614,0.16953846153846153,0.20276923076923076,0.3832883859711042,0.5930769230769231,0.0,3250,0.0,True
public__link_lives_release2__p10__seed20260727__reciprocal_rank,link_lives_release2,0.1,20260727,hef_linear_bert,hef_gbdt_e5_roberta_oof,reciprocal_rank,cross_family,0.5187588760524623,0.4405574862670673,0.07820138978539504,0.0635022509816571,0.09256875639773395,0.18771858671076838,0.4990769230769231,0.0,3250,0.0,True
public__link_lives_release2__p10__seed20260727__hit_at_1,link_lives_release2,0.1,20260727,hef_linear_bert,hef_gbdt_e5_roberta_oof,hit_at_1,cross_family,0.39784615384615385,0.28523076923076923,0.11261538461538462,0.09353076923076924,0.13107692307692306,0.20687519738955262,0.5563076923076923,0.0,3250,0.0,True
public__link_lives_release2__p10__seed20260727__reciprocal_rank,link_lives_release2,0.1,20260727,hef_linear_bert,joint_neural_hef_roberta,reciprocal_rank,cross_family,0.5187588760524623,0.6760117100832841,-0.15725283403082177,-0.1715410295709451,-0.14297186655471153,-0.37505090000882835,0.34523076923076923,0.0,3250,0.0,True
public__link_lives_release2__p10__seed20260727__hit_at_1,link_lives_release2,0.1,20260727,hef_linear_bert,joint_neural_hef_roberta,hit_at_1,cross_family,0.39784615384615385,0.5636923076923077,-0.16584615384615384,-0.18523076923076923,-0.14615384615384616,-0.2926249604475077,0.41707692307692307,0.0,3250,0.0,True
public__link_lives_release2__p10__seed20260727__reciprocal_rank,link_lives_release2,0.1,20260727,hef_gbdt_e5_roberta_oof,joint_neural_hef_roberta,reciprocal_rank,cross_family,0.4405574862670673,0.6760117100832841,-0.2354542238162168,-0.25000437210438514,-0.22094466507992147,-0.5653341499553994,0.30846153846153845,0.0,3250,0.0,True
public__link_lives_release2__p10__seed20260727__hit_at_1,link_lives_release2,0.1,20260727,hef_gbdt_e5_roberta_oof,joint_neural_hef_roberta,hit_at_1,cross_family,0.28523076923076923,0.5636923076923077,-0.2784615384615385,-0.29815384615384616,-0.2593846153846154,-0.4957694607338848,0.3607692307692308,0.0,3250,0.0,True
public__link_lives_release2__p10__seed20260727__reciprocal_rank,link_lives_release2,0.1,20260727,jina_finetuned,roberta_finetuned,reciprocal_rank,within_standalone,0.8264886047013483,0.7896981562749092,0.036790448426439026,0.028356210494840352,0.045190451651573045,0.15043981584350255,0.5372307692307693,0.0,3250,0.0,True
public__link_lives_release2__p10__seed20260727__hit_at_1,link_lives_release2,0.1,20260727,jina_finetuned,roberta_finetuned,hit_at_1,within_standalone,0.7498461538461538,0.708,0.041846153846153845,0.02923076923076923,0.05507692307692308,0.11141694512829532,0.5209230769230769,0.0,3250,0.0,True
public__link_lives_release2__p10__seed20260727__reciprocal_rank,link_lives_release2,0.1,20260727,official_ditto_plain,official_ditto_mixda,reciprocal_rank,within_standalone,0.5613752049506601,0.5471767627942876,0.014198442156372604,0.0015523379241268,0.027128580218357956,0.0377542342847859,0.46307692307692305,0.0282,3250,0.0282,True
public__link_lives_release2__p10__seed20260727__hit_at_1,link_lives_release2,0.1,20260727,official_ditto_plain,official_ditto_mixda,hit_at_1,within_standalone,0.4443076923076923,0.4409230769230769,0.003384615384615385,-0.013846153846153847,0.021538461538461538,0.006507271694371174,0.5016923076923077,0.707,3250,0.707,False
public__link_lives_release2__p10__seed20260727__reciprocal_rank,link_lives_release2,0.1,20260727,hef_linear_bert,hef_linear_bge,reciprocal_rank,within_linear,0.5187588760524623,0.5862432322050574,-0.06748435615259506,-0.08002738000309527,-0.05491500117475297,-0.18496773775982664,0.38,0.0,3250,0.0,True
public__link_lives_release2__p10__seed20260727__hit_at_1,link_lives_release2,0.1,20260727,hef_linear_bert,hef_linear_bge,hit_at_1,within_linear,0.39784615384615385,0.4596923076923077,-0.06184615384615385,-0.07938461538461539,-0.044307692307692305,-0.12073211341777212,0.46907692307692306,0.0,3250,0.0,True
public__link_lives_release2__p10__seed20260727__reciprocal_rank,link_lives_release2,0.1,20260727,hef_gbdt_e5_roberta_oof,hef_gbdt_e5_jina_oof,reciprocal_rank,within_gbdt,0.4405574862670673,0.8065312825323837,-0.36597379626531645,-0.3799290051933746,-0.35172385756244784,-0.8866098425598227,0.2216923076923077,0.0,3250,0.0,True
public__link_lives_release2__p10__seed20260727__hit_at_1,link_lives_release2,0.1,20260727,hef_gbdt_e5_roberta_oof,hef_gbdt_e5_jina_oof,hit_at_1,within_gbdt,0.28523076923076923,0.7356923076923076,-0.45046153846153847,-0.4695384615384615,-0.4310769230769231,-0.8077169358146279,0.27476923076923077,0.0,3250,0.0,True
public__link_lives_release2__p10__seed20260727__reciprocal_rank,link_lives_release2,0.1,20260727,joint_neural_hef_roberta,joint_neural_hef_jina,reciprocal_rank,within_joint,0.6760117100832841,0.6927251231360869,-0.016713413052802804,-0.027135029015053554,-0.006208844640847449,-0.055327522498470005,0.5146153846153847,0.001,3250,0.002,True
public__link_lives_release2__p10__seed20260727__hit_at_1,link_lives_release2,0.1,20260727,joint_neural_hef_roberta,joint_neural_hef_jina,hit_at_1,within_joint,0.5636923076923077,0.6006153846153847,-0.036923076923076927,-0.052,-0.021846153846153845,-0.08441662538058556,0.4815384615384615,0.0,3250,0.0,True
public__link_lives_release2__p30__seed20260725__reciprocal_rank,link_lives_release2,0.3,20260725,jina_finetuned,hef_linear_bert,reciprocal_rank,cross_family,0.5535410825709769,0.3061365894439183,0.24740449312705848,0.23287405772170025,0.26195114185193763,0.5798274919900378,0.7512307692307693,0.0,3250,0.0,True
public__link_lives_release2__p30__seed20260725__hit_at_1,link_lives_release2,0.3,20260725,jina_finetuned,hef_linear_bert,hit_at_1,cross_family,0.45046153846153847,0.21661538461538463,0.23384615384615384,0.2163076923076923,0.2516923076923077,0.4513130540528402,0.6169230769230769,0.0,3250,0.0,True
public__link_lives_release2__p30__seed20260725__reciprocal_rank,link_lives_release2,0.3,20260725,jina_finetuned,hef_gbdt_e5_roberta_oof,reciprocal_rank,cross_family,0.5535410825709769,0.2893161824072445,0.26422490016373235,0.24973962006945455,0.27882827865099596,0.620169085686387,0.7496923076923077,0.0,3250,0.0,True
public__link_lives_release2__p30__seed20260725__hit_at_1,link_lives_release2,0.3,20260725,jina_finetuned,hef_gbdt_e5_roberta_oof,hit_at_1,cross_family,0.45046153846153847,0.17723076923076922,0.2732307692307692,0.2550769230769231,0.29107692307692307,0.521060937439384,0.6366153846153846,0.0,3250,0.0,True
public__link_lives_release2__p30__seed20260725__reciprocal_rank,link_lives_release2,0.3,20260725,jina_finetuned,joint_neural_hef_roberta,reciprocal_rank,cross_family,0.5535410825709769,0.44749746064112733,0.10604362192984952,0.09422835930351789,0.11835786742630838,0.3055500878160904,0.6323076923076923,0.0,3250,0.0,True
public__link_lives_release2__p30__seed20260725__hit_at_1,link_lives_release2,0.3,20260725,jina_finetuned,joint_neural_hef_roberta,hit_at_1,cross_family,0.45046153846153847,0.34184615384615386,0.10861538461538461,0.09323076923076923,0.124,0.24086716337623423,0.5543076923076923,0.0,3250,0.0,True
public__link_lives_release2__p30__seed20260725__reciprocal_rank,link_lives_release2,0.3,20260725,hef_linear_bert,hef_gbdt_e5_roberta_oof,reciprocal_rank,cross_family,0.3061365894439183,0.2893161824072445,0.016820407036673885,0.00478111441468687,0.028909220742150722,0.04845195519595628,0.4175384615384615,0.0046,3250,0.0092,True
public__link_lives_release2__p30__seed20260725__hit_at_1,link_lives_release2,0.3,20260725,hef_linear_bert,hef_gbdt_e5_roberta_oof,hit_at_1,cross_family,0.21661538461538463,0.17723076923076922,0.039384615384615386,0.024923076923076923,0.05415384615384616,0.09188175802304288,0.5196923076923077,0.0,3250,0.0,True
public__link_lives_release2__p30__seed20260725__reciprocal_rank,link_lives_release2,0.3,20260725,hef_linear_bert,joint_neural_hef_roberta,reciprocal_rank,cross_family,0.3061365894439183,0.44749746064112733,-0.14136087119720894,-0.1547215573866271,-0.12804551198139785,-0.366119520170804,0.31015384615384617,0.0,3250,0.0,True
public__link_lives_release2__p30__seed20260725__hit_at_1,link_lives_release2,0.3,20260725,hef_linear_bert,joint_neural_hef_roberta,hit_at_1,cross_family,0.21661538461538463,0.34184615384615386,-0.12523076923076923,-0.14184615384615384,-0.10892307692307693,-0.26382815759305517,0.43738461538461537,0.0,3250,0.0,True
public__link_lives_release2__p30__seed20260725__reciprocal_rank,link_lives_release2,0.3,20260725,hef_gbdt_e5_roberta_oof,joint_neural_hef_roberta,reciprocal_rank,cross_family,0.2893161824072445,0.44749746064112733,-0.15818127823388284,-0.1712423852537433,-0.14518648944878423,-0.41249459570599095,0.3376923076923077,0.0,3250,0.0,True
public__link_lives_release2__p30__seed20260725__hit_at_1,link_lives_release2,0.3,20260725,hef_gbdt_e5_roberta_oof,joint_neural_hef_roberta,hit_at_1,cross_family,0.17723076923076922,0.34184615384615386,-0.1646153846153846,-0.18123076923076922,-0.1476923076923077,-0.34240912260033357,0.4176923076923077,0.0,3250,0.0,True
public__link_lives_release2__p30__seed20260725__reciprocal_rank,link_lives_release2,0.3,20260725,jina_finetuned,roberta_finetuned,reciprocal_rank,within_standalone,0.5535410825709769,0.4513793771642395,0.10216170540673737,0.09086300110623885,0.11351681756055354,0.30626174355878094,0.632,0.0,3250,0.0,True
public__link_lives_release2__p30__seed20260725__hit_at_1,link_lives_release2,0.3,20260725,jina_finetuned,roberta_finetuned,hit_at_1,within_standalone,0.45046153846153847,0.3658461538461538,0.08461538461538462,0.06953846153846154,0.09938461538461539,0.19661791154883276,0.5423076923076924,0.0,3250,0.0,True
public__link_lives_release2__p30__seed20260725__reciprocal_rank,link_lives_release2,0.3,20260725,official_ditto_plain,official_ditto_mixda,reciprocal_rank,within_standalone,0.3919542861512166,0.36368666199972266,0.028267624151493944,0.017377211551194142,0.03951860423752399,0.08635016574455805,0.4092307692307693,0.0,3250,0.0,True
public__link_lives_release2__p30__seed20260725__hit_at_1,link_lives_release2,0.3,20260725,official_ditto_plain,official_ditto_mixda,hit_at_1,within_standalone,0.30153846153846153,0.24984615384615386,0.05169230769230769,0.036923076923076927,0.06615384615384616,0.12158079365085617,0.5258461538461539,0.0,3250,0.0,True
public__link_lives_release2__p30__seed20260725__reciprocal_rank,link_lives_release2,0.3,20260725,hef_linear_bert,hef_linear_bge,reciprocal_rank,within_linear,0.3061365894439183,0.3467198196343762,-0.04058323019045786,-0.051782326542387846,-0.029588276714665802,-0.12626229440882064,0.4093846153846154,0.0,3250,0.0,True
public__link_lives_release2__p30__seed20260725__hit_at_1,link_lives_release2,0.3,20260725,hef_linear_bert,hef_linear_bge,hit_at_1,within_linear,0.21661538461538463,0.244,-0.027384615384615386,-0.04153846153846154,-0.01353846153846154,-0.0661644071899803,0.4863076923076923,0.0,3250,0.0,True
public__link_lives_release2__p30__seed20260725__reciprocal_rank,link_lives_release2,0.3,20260725,hef_gbdt_e5_roberta_oof,hef_gbdt_e5_jina_oof,reciprocal_rank,within_gbdt,0.2893161824072445,0.5339378670636981,-0.24462168465645356,-0.25887340061530417,-0.2306655424346103,-0.5943415064780599,0.28615384615384615,0.0,3250,0.0,True
public__link_lives_release2__p30__seed20260725__hit_at_1,link_lives_release2,0.3,20260725,hef_gbdt_e5_roberta_oof,hef_gbdt_e5_jina_oof,hit_at_1,within_gbdt,0.17723076923076922,0.4436923076923077,-0.26646153846153847,-0.284,-0.24861538461538463,-0.5175427205813005,0.3667692307692308,0.0,3250,0.0,True
public__link_lives_release2__p30__seed20260725__reciprocal_rank,link_lives_release2,0.3,20260725,joint_neural_hef_roberta,joint_neural_hef_jina,reciprocal_rank,within_joint,0.44749746064112733,0.4391435341249955,0.008353926516131753,-0.0016832603270591185,0.018730883025373082,0.027673464902932612,0.5418461538461539,0.1064,3250,0.1064,False
public__link_lives_release2__p30__seed20260725__hit_at_1,link_lives_release2,0.3,20260725,joint_neural_hef_roberta,joint_neural_hef_jina,hit_at_1,within_joint,0.34184615384615386,0.3483076923076923,-0.006461538461538461,-0.020307692307692308,0.0073846153846153844,-0.016200279896620005,0.49676923076923074,0.36,3250,0.36,False
public__link_lives_release2__p30__seed20260726__reciprocal_rank,link_lives_release2,0.3,20260726,jina_finetuned,hef_linear_bert,reciprocal_rank,cross_family,0.5520953584743646,0.3110631510914103,0.24103220738295433,0.22711375096924982,0.2552412032485234,0.5890423348039393,0.753076923076923,0.0,3250,0.0,True
public__link_lives_release2__p30__seed20260726__hit_at_1,link_lives_release2,0.3,20260726,jina_finetuned,hef_linear_bert,hit_at_1,cross_family,0.4433846153846154,0.22338461538461538,0.22,0.20246153846153847,0.23723076923076922,0.4343028064286764,0.61,0.0,3250,0.0,True
public__link_lives_release2__p30__seed20260726__reciprocal_rank,link_lives_release2,0.3,20260726,jina_finetuned,hef_gbdt_e5_roberta_oof,reciprocal_rank,cross_family,0.5520953584743646,0.2916273648369136,0.2604679936374511,0.2458625476815553,0.27476387120307116,0.6192501647267721,0.7463076923076923,0.0,3250,0.0,True
public__link_lives_release2__p30__seed20260726__hit_at_1,link_lives_release2,0.3,20260726,jina_finetuned,hef_gbdt_e5_roberta_oof,hit_at_1,cross_family,0.4433846153846154,0.184,0.2593846153846154,0.24092307692307693,0.2772307692307692,0.49383626427310895,0.6296923076923078,0.0,3250,0.0,True
public__link_lives_release2__p30__seed20260726__reciprocal_rank,link_lives_release2,0.3,20260726,jina_finetuned,joint_neural_hef_roberta,reciprocal_rank,cross_family,0.5520953584743646,0.4609030310381996,0.09119232743616508,0.07977151806767822,0.10264342972216203,0.27376902027191186,0.6215384615384615,0.0,3250,0.0,True
public__link_lives_release2__p30__seed20260726__hit_at_1,link_lives_release2,0.3,20260726,jina_finetuned,joint_neural_hef_roberta,hit_at_1,cross_family,0.4433846153846154,0.35784615384615387,0.08553846153846154,0.07015384615384615,0.10061538461538462,0.19360484375170928,0.5427692307692308,0.0,3250,0.0,True
public__link_lives_release2__p30__seed20260726__reciprocal_rank,link_lives_release2,0.3,20260726,hef_linear_bert,hef_gbdt_e5_roberta_oof,reciprocal_rank,cross_family,0.3110631510914103,0.2916273648369136,0.01943578625449676,0.00785441967025511,0.030910594473085515,0.05813658397056049,0.4070769230769231,0.001,3250,0.002,True
public__link_lives_release2__p30__seed20260726__hit_at_1,link_lives_release2,0.3,20260726,hef_linear_bert,hef_gbdt_e5_roberta_oof,hit_at_1,cross_family,0.22338461538461538,0.184,0.039384615384615386,0.025538461538461538,0.05353846153846154,0.09461569200261088,0.5196923076923077,0.0,3250,0.0,True
public__link_lives_release2__p30__seed20260726__reciprocal_rank,link_lives_release2,0.3,20260726,hef_linear_bert,joint_neural_hef_roberta,reciprocal_rank,cross_family,0.3110631510914103,0.4609030310381996,-0.1498398799467893,-0.1629564041184535,-0.1370428280393292,-0.39520080909267746,0.3116923076923077,0.0,3250,0.0,True
public__link_lives_release2__p30__seed20260726__hit_at_1,link_lives_release2,0.3,20260726,hef_linear_bert,joint_neural_hef_roberta,hit_at_1,cross_family,0.22338461538461538,0.35784615384615387,-0.13446153846153847,-0.15076923076923077,-0.11846153846153847,-0.28440207256291133,0.43276923076923074,0.0,3250,0.0,True
public__link_lives_release2__p30__seed20260726__reciprocal_rank,link_lives_release2,0.3,20260726,hef_gbdt_e5_roberta_oof,joint_neural_hef_roberta,reciprocal_rank,cross_family,0.2916273648369136,0.4609030310381996,-0.16927566620128603,-0.1827546196472476,-0.15579511753995642,-0.43127686071745774,0.3304615384615385,0.0,3250,0.0,True
public__link_lives_release2__p30__seed20260726__hit_at_1,link_lives_release2,0.3,20260726,hef_gbdt_e5_roberta_oof,joint_neural_hef_roberta,hit_at_1,cross_family,0.184,0.35784615384615387,-0.17384615384615384,-0.19046153846153846,-0.15723076923076923,-0.3528278387623732,0.41307692307692306,0.0,3250,0.0,True
public__link_lives_release2__p30__seed20260726__reciprocal_rank,link_lives_release2,0.3,20260726,jina_finetuned,roberta_finetuned,reciprocal_rank,within_standalone,0.5520953584743646,0.4465774387733689,0.1055179197009958,0.094130933000564,0.1167721116200611,0.3169417399305617,0.6312307692307693,0.0,3250,0.0,True
public__link_lives_release2__p30__seed20260726__hit_at_1,link_lives_release2,0.3,20260726,jina_finetuned,roberta_finetuned,hit_at_1,within_standalone,0.4433846153846154,0.352,0.09138461538461538,0.07692307692307693,0.10584615384615384,0.21267842621906802,0.5456923076923077,0.0,3250,0.0,True
public__link_lives_release2__p30__seed20260726__reciprocal_rank,link_lives_release2,0.3,20260726,official_ditto_plain,official_ditto_mixda,reciprocal_rank,within_standalone,0.39233927858405987,0.37102402777445787,0.02131525080960206,0.010035932900274167,0.03230287441317659,0.06544747983682207,0.4124615384615385,0.0,3250,0.0,True
public__link_lives_release2__p30__seed20260726__hit_at_1,link_lives_release2,0.3,20260726,official_ditto_plain,official_ditto_mixda,hit_at_1,within_standalone,0.30123076923076925,0.26246153846153847,0.03876923076923077,0.024615384615384615,0.05323076923076923,0.09345691438769849,0.5193846153846153,0.0,3250,0.0,True
public__link_lives_release2__p30__seed20260726__reciprocal_rank,link_lives_release2,0.3,20260726,hef_linear_bert,hef_linear_bge,reciprocal_rank,within_linear,0.3110631510914103,0.3427660472356091,-0.03170289614419873,-0.042713565563165884,-0.021073299532517083,-0.10155055989798775,0.406,0.0,3250,0.0,True
public__link_lives_release2__p30__seed20260726__hit_at_1,link_lives_release2,0.3,20260726,hef_linear_bert,hef_linear_bge,hit_at_1,within_linear,0.22338461538461538,0.23661538461538462,-0.01323076923076923,-0.02707692307692308,0.0006230769230768111,-0.03268347698059783,0.49338461538461537,0.065,3250,0.13,False
public__link_lives_release2__p30__seed20260726__reciprocal_rank,link_lives_release2,0.3,20260726,hef_gbdt_e5_roberta_oof,hef_gbdt_e5_jina_oof,reciprocal_rank,within_gbdt,0.2916273648369136,0.5264996270171515,-0.234872262180238,-0.24852517746275335,-0.22114872931536023,-0.5921192048526319,0.288,0.0,3250,0.0,True
public__link_lives_release2__p30__seed20260726__hit_at_1,link_lives_release2,0.3,20260726,hef_gbdt_e5_roberta_oof,hef_gbdt_e5_jina_oof,hit_at_1,within_gbdt,0.184,0.4289230769230769,-0.2449230769230769,-0.26276923076923075,-0.2276923076923077,-0.4878111018946916,0.3775384615384615,0.0,3250,0.0,True
public__link_lives_release2__p30__seed20260726__reciprocal_rank,link_lives_release2,0.3,20260726,joint_neural_hef_roberta,joint_neural_hef_jina,reciprocal_rank,within_joint,0.4609030310381996,0.4444769210354852,0.016426110002714444,0.006447456468858806,0.026474411999535787,0.05615585660429699,0.5472307692307692,0.001,3250,0.002,True
public__link_lives_release2__p30__seed20260726__hit_at_1,link_lives_release2,0.3,20260726,joint_neural_hef_roberta,joint_neural_hef_jina,hit_at_1,within_joint,0.35784615384615387,0.35384615384615387,0.004,-0.009230769230769232,0.01723076923076923,0.010332217833096182,0.502,0.56,3250,0.56,False
public__link_lives_release2__p30__seed20260727__reciprocal_rank,link_lives_release2,0.3,20260727,jina_finetuned,hef_linear_bert,reciprocal_rank,cross_family,0.5519186102595515,0.3038015358479519,0.24811707441159958,0.23385946292688842,0.2623483150487345,0.5916365950710702,0.7544615384615384,0.0,3250,0.0,True
public__link_lives_release2__p30__seed20260727__hit_at_1,link_lives_release2,0.3,20260727,jina_finetuned,hef_linear_bert,hit_at_1,cross_family,0.4489230769230769,0.21261538461538462,0.2363076923076923,0.21846153846153846,0.25384615384615383,0.46131919319316744,0.6181538461538462,0.0,3250,0.0,True
public__link_lives_release2__p30__seed20260727__reciprocal_rank,link_lives_release2,0.3,20260727,jina_finetuned,hef_gbdt_e5_roberta_oof,reciprocal_rank,cross_family,0.5519186102595515,0.292707593060067,0.2592110171994844,0.24444280315690337,0.2739747801675548,0.5964551551615754,0.7404615384615385,0.0,3250,0.0,True
public__link_lives_release2__p30__seed20260727__hit_at_1,link_lives_release2,0.3,20260727,jina_finetuned,hef_gbdt_e5_roberta_oof,hit_at_1,cross_family,0.4489230769230769,0.18061538461538462,0.2683076923076923,0.24984615384615386,0.28707692307692306,0.4982809694012412,0.6341538461538462,0.0,3250,0.0,True
public__link_lives_release2__p30__seed20260727__reciprocal_rank,link_lives_release2,0.3,20260727,jina_finetuned,joint_neural_hef_roberta,reciprocal_rank,cross_family,0.5519186102595515,0.4472538610878454,0.10466474917170607,0.09281714136537579,0.11682621823358261,0.30072442487228374,0.6346153846153846,0.0,3250,0.0,True
public__link_lives_release2__p30__seed20260727__hit_at_1,link_lives_release2,0.3,20260727,jina_finetuned,joint_neural_hef_roberta,hit_at_1,cross_family,0.4489230769230769,0.3433846153846154,0.10553846153846154,0.08984615384615384,0.12153846153846154,0.22822100509308757,0.5527692307692308,0.0,3250,0.0,True
public__link_lives_release2__p30__seed20260727__reciprocal_rank,link_lives_release2,0.3,20260727,hef_linear_bert,hef_gbdt_e5_roberta_oof,reciprocal_rank,cross_family,0.3038015358479519,0.292707593060067,0.011093942787884828,-0.00040766763141525565,0.023071432607039987,0.03237116957584013,0.4026153846153846,0.0604,3250,0.1208,False
public__link_lives_release2__p30__seed20260727__hit_at_1,link_lives_release2,0.3,20260727,hef_linear_bert,hef_gbdt_e5_roberta_oof,hit_at_1,cross_family,0.21261538461538462,0.18061538461538462,0.032,0.01723076923076923,0.04676923076923077,0.07381095597679023,0.516,0.0,3250,0.0,True
public__link_lives_release2__p30__seed20260727__reciprocal_rank,link_lives_release2,0.3,20260727,hef_linear_bert,joint_neural_hef_roberta,reciprocal_rank,cross_family,0.3038015358479519,0.4472538610878454,-0.1434523252398935,-0.1565703615755795,-0.13062858085108153,-0.3766760580376202,0.31461538461538463,0.0,3250,0.0,True
public__link_lives_release2__p30__seed20260727__hit_at_1,link_lives_release2,0.3,20260727,hef_linear_bert,joint_neural_hef_roberta,hit_at_1,cross_family,0.21261538461538462,0.3433846153846154,-0.13076923076923078,-0.14707692307692308,-0.11446153846153846,-0.27713044906716644,0.4346153846153846,0.0,3250,0.0,True
public__link_lives_release2__p30__seed20260727__reciprocal_rank,link_lives_release2,0.3,20260727,hef_gbdt_e5_roberta_oof,joint_neural_hef_roberta,reciprocal_rank,cross_family,0.292707593060067,0.4472538610878454,-0.15454626802777832,-0.16831310190015888,-0.14091061735577212,-0.38955421739102086,0.3450769230769231,0.0,3250,0.0,True
public__link_lives_release2__p30__seed20260727__hit_at_1,link_lives_release2,0.3,20260727,hef_gbdt_e5_roberta_oof,joint_neural_hef_roberta,hit_at_1,cross_family,0.18061538461538462,0.3433846153846154,-0.16276923076923078,-0.17969230769230768,-0.14584615384615385,-0.32865980618869156,0.4186153846153846,0.0,3250,0.0,True
public__link_lives_release2__p30__seed20260727__reciprocal_rank,link_lives_release2,0.3,20260727,jina_finetuned,roberta_finetuned,reciprocal_rank,within_standalone,0.5519186102595515,0.4458859850903479,0.10603262516920348,0.09434482410097109,0.11748326592767214,0.31401797903726913,0.6304615384615384,0.0,3250,0.0,True
public__link_lives_release2__p30__seed20260727__hit_at_1,link_lives_release2,0.3,20260727,jina_finetuned,roberta_finetuned,hit_at_1,within_standalone,0.4489230769230769,0.35384615384615387,0.09507692307692307,0.08,0.11015384615384616,0.2191334609475212,0.5475384615384615,0.0,3250,0.0,True
public__link_lives_release2__p30__seed20260727__reciprocal_rank,link_lives_release2,0.3,20260727,official_ditto_plain,official_ditto_mixda,reciprocal_rank,within_standalone,0.3817869699225637,0.36441016536191245,0.01737680456065129,0.006496605411360681,0.028174012623025324,0.05504470593729622,0.3924615384615384,0.0012,3250,0.0036,True
public__link_lives_release2__p30__seed20260727__hit_at_1,link_lives_release2,0.3,20260727,official_ditto_plain,official_ditto_mixda,hit_at_1,within_standalone,0.2913846153846154,0.2590769230769231,0.03230769230769231,0.018461538461538463,0.046461538461538464,0.0779859587361431,0.5161538461538462,0.0,3250,0.0,True
public__link_lives_release2__p30__seed20260727__reciprocal_rank,link_lives_release2,0.3,20260727,hef_linear_bert,hef_linear_bge,reciprocal_rank,within_linear,0.3038015358479519,0.3313446059984703,-0.027543070150518493,-0.038352973493769774,-0.016495202871526532,-0.08565596075068627,0.4196923076923077,0.0,3250,0.0,True
public__link_lives_release2__p30__seed20260727__hit_at_1,link_lives_release2,0.3,20260727,hef_linear_bert,hef_linear_bge,hit_at_1,within_linear,0.21261538461538462,0.22215384615384615,-0.009538461538461539,-0.024307692307692308,0.005230769230769231,-0.02267936874729427,0.4952307692307692,0.199,3250,0.398,False
public__link_lives_release2__p30__seed20260727__reciprocal_rank,link_lives_release2,0.3,20260727,hef_gbdt_e5_roberta_oof,hef_gbdt_e5_jina_oof,reciprocal_rank,within_gbdt,0.292707593060067,0.5265015800872261,-0.23379398702715917,-0.24795794679550306,-0.21967437809424717,-0.568699481967495,0.2927692307692308,0.0,3250,0.0,True
public__link_lives_release2__p30__seed20260727__hit_at_1,link_lives_release2,0.3,20260727,hef_gbdt_e5_roberta_oof,hef_gbdt_e5_jina_oof,hit_at_1,within_gbdt,0.18061538461538462,0.43415384615384617,-0.25353846153846155,-0.2710769230769231,-0.2356923076923077,-0.4907813412115818,0.37323076923076925,0.0,3250,0.0,True
public__link_lives_release2__p30__seed20260727__reciprocal_rank,link_lives_release2,0.3,20260727,joint_neural_hef_roberta,joint_neural_hef_jina,reciprocal_rank,within_joint,0.4472538610878454,0.4399946557432427,0.0072592053446026055,-0.003215992571079843,0.017388094695946526,0.024205301623836228,0.5438461538461539,0.1654,3250,0.1654,False
public__link_lives_release2__p30__seed20260727__hit_at_1,link_lives_release2,0.3,20260727,joint_neural_hef_roberta,joint_neural_hef_jina,hit_at_1,within_joint,0.3433846153846154,0.34892307692307695,-0.005538461538461538,-0.019384615384615386,0.008,-0.014007955771149315,0.49723076923076925,0.43,3250,0.43,False
public__link_lives_release2__p50__seed20260725__reciprocal_rank,link_lives_release2,0.5,20260725,jina_finetuned,hef_linear_bert,reciprocal_rank,cross_family,0.31439603068208916,0.18339134478905525,0.13100468589303388,0.11855003770212699,0.1434997865022818,0.3629499922036625,0.6926153846153846,0.0,3250,0.0,True
public__link_lives_release2__p50__seed20260725__hit_at_1,link_lives_release2,0.5,20260725,jina_finetuned,hef_linear_bert,hit_at_1,cross_family,0.22553846153846155,0.11723076923076924,0.10830769230769231,0.09415384615384616,0.12246153846153846,0.2604438076712185,0.5541538461538461,0.0,3250,0.0,True
public__link_lives_release2__p50__seed20260725__reciprocal_rank,link_lives_release2,0.5,20260725,jina_finetuned,hef_gbdt_e5_roberta_oof,reciprocal_rank,cross_family,0.31439603068208916,0.21187096936117958,0.10252506132090959,0.08842536990066069,0.11631263134162932,0.25052779931032493,0.6316923076923077,0.0,3250,0.0,True
public__link_lives_release2__p50__seed20260725__hit_at_1,link_lives_release2,0.5,20260725,jina_finetuned,hef_gbdt_e5_roberta_oof,hit_at_1,cross_family,0.22553846153846155,0.13138461538461538,0.09415384615384616,0.07876923076923077,0.11015384615384616,0.20684472053435324,0.5470769230769231,0.0,3250,0.0,True
public__link_lives_release2__p50__seed20260725__reciprocal_rank,link_lives_release2,0.5,20260725,jina_finetuned,joint_neural_hef_roberta,reciprocal_rank,cross_family,0.31439603068208916,0.26943714200960023,0.04495888867248893,0.03474047212889537,0.055170880172165905,0.1503463157592377,0.6053846153846154,0.0,3250,0.0,True
public__link_lives_release2__p50__seed20260725__hit_at_1,link_lives_release2,0.5,20260725,jina_finetuned,joint_neural_hef_roberta,hit_at_1,cross_family,0.22553846153846155,0.184,0.04153846153846154,0.028615384615384615,0.054461538461538464,0.11046721465711948,0.5207692307692308,0.0,3250,0.0,True
public__link_lives_release2__p50__seed20260725__reciprocal_rank,link_lives_release2,0.5,20260725,hef_linear_bert,hef_gbdt_e5_roberta_oof,reciprocal_rank,cross_family,0.18339134478905525,0.21187096936117958,-0.028479624572124277,-0.0385827162023265,-0.01844547366128439,-0.09575771339318927,0.40692307692307694,0.0,3250,0.0,True
public__link_lives_release2__p50__seed20260725__hit_at_1,link_lives_release2,0.5,20260725,hef_linear_bert,hef_gbdt_e5_roberta_oof,hit_at_1,cross_family,0.11723076923076924,0.13138461538461538,-0.014153846153846154,-0.02646153846153846,-0.0021538461538461538,-0.04007142755947043,0.4929230769230769,0.023,3250,0.092,False
public__link_lives_release2__p50__seed20260725__reciprocal_rank,link_lives_release2,0.5,20260725,hef_linear_bert,joint_neural_hef_roberta,reciprocal_rank,cross_family,0.18339134478905525,0.26943714200960023,-0.08604579722054495,-0.09698968125625365,-0.07523895603361469,-0.2702359988437372,0.3606153846153846,0.0,3250,0.0,True
public__link_lives_release2__p50__seed20260725__hit_at_1,link_lives_release2,0.5,20260725,hef_linear_bert,joint_neural_hef_roberta,hit_at_1,cross_family,0.11723076923076924,0.184,-0.06676923076923078,-0.07938461538461539,-0.05415384615384616,-0.18174436082157283,0.4666153846153846,0.0,3250,0.0,True
public__link_lives_release2__p50__seed20260725__reciprocal_rank,link_lives_release2,0.5,20260725,hef_gbdt_e5_roberta_oof,joint_neural_hef_roberta,reciprocal_rank,cross_family,0.21187096936117958,0.26943714200960023,-0.05756617264842066,-0.07014025492207634,-0.0446457843260058,-0.15687844725067365,0.4167692307692307,0.0,3250,0.0,True
public__link_lives_release2__p50__seed20260725__hit_at_1,link_lives_release2,0.5,20260725,hef_gbdt_e5_roberta_oof,joint_neural_hef_roberta,hit_at_1,cross_family,0.13138461538461538,0.184,-0.05261538461538461,-0.06676923076923078,-0.038461538461538464,-0.1269607349993828,0.4736923076923077,0.0,3250,0.0,True
public__link_lives_release2__p50__seed20260725__reciprocal_rank,link_lives_release2,0.5,20260725,jina_finetuned,roberta_finetuned,reciprocal_rank,within_standalone,0.31439603068208916,0.21360384786295394,0.10079218281913521,0.08990666517800351,0.11119507603653857,0.32325309869790375,0.6695384615384615,0.0,3250,0.0,True
public__link_lives_release2__p50__seed20260725__hit_at_1,link_lives_release2,0.5,20260725,jina_finetuned,roberta_finetuned,hit_at_1,within_standalone,0.22553846153846155,0.14061538461538461,0.08492307692307692,0.072,0.09784615384615385,0.22362347960993853,0.5424615384615384,0.0,3250,0.0,True
public__link_lives_release2__p50__seed20260725__reciprocal_rank,link_lives_release2,0.5,20260725,official_ditto_plain,official_ditto_mixda,reciprocal_rank,within_standalone,0.22411155260096624,0.24218787462352395,-0.018076322022557705,-0.027903129338564262,-0.008542371344906935,-0.06502411201539422,0.372,0.0002,3250,0.0002,True
public__link_lives_release2__p50__seed20260725__hit_at_1,link_lives_release2,0.5,20260725,official_ditto_plain,official_ditto_mixda,hit_at_1,within_standalone,0.15815384615384614,0.15384615384615385,0.0043076923076923075,-0.007076923076923077,0.015692307692307693,0.012906290137091025,0.5021538461538462,0.465,3250,0.465,False
public__link_lives_release2__p50__seed20260725__reciprocal_rank,link_lives_release2,0.5,20260725,hef_linear_bert,hef_linear_bge,reciprocal_rank,within_linear,0.18339134478905525,0.20832805641911728,-0.024936711630062003,-0.03386929387973217,-0.01612168841749585,-0.0960957953141405,0.4707692307692308,0.0,3250,0.0,True
public__link_lives_release2__p50__seed20260725__hit_at_1,link_lives_release2,0.5,20260725,hef_linear_bert,hef_linear_bge,hit_at_1,within_linear,0.11723076923076924,0.12892307692307692,-0.011692307692307693,-0.02276923076923077,-0.0006153846153846154,-0.03660132833290576,0.49415384615384617,0.0376,3250,0.11280000000000001,False
public__link_lives_release2__p50__seed20260725__reciprocal_rank,link_lives_release2,0.5,20260725,hef_gbdt_e5_roberta_oof,hef_gbdt_e5_jina_oof,reciprocal_rank,within_gbdt,0.21187096936117958,0.3181899479927677,-0.1063189786315881,-0.11956560009309025,-0.09303248063362145,-0.275600586500687,0.3930769230769231,0.0,3250,0.0,True
public__link_lives_release2__p50__seed20260725__hit_at_1,link_lives_release2,0.5,20260725,hef_gbdt_e5_roberta_oof,hef_gbdt_e5_jina_oof,hit_at_1,within_gbdt,0.13138461538461538,0.23323076923076924,-0.10184615384615385,-0.11723076923076924,-0.08676923076923077,-0.23327748928086495,0.4490769230769231,0.0,3250,0.0,True
public__link_lives_release2__p50__seed20260725__reciprocal_rank,link_lives_release2,0.5,20260725,joint_neural_hef_roberta,joint_neural_hef_jina,reciprocal_rank,within_joint,0.26943714200960023,0.25092916141665167,0.01850798059294854,0.009474887963415165,0.027455507653853795,0.07032049375832755,0.5232307692307693,0.0,3250,0.0,True
public__link_lives_release2__p50__seed20260725__hit_at_1,link_lives_release2,0.5,20260725,joint_neural_hef_roberta,joint_neural_hef_jina,hit_at_1,within_joint,0.184,0.17323076923076924,0.010769230769230769,-0.0003076923076923077,0.021846153846153845,0.032876189360319864,0.5053846153846153,0.062,3250,0.124,False
public__link_lives_release2__p50__seed20260726__reciprocal_rank,link_lives_release2,0.5,20260726,jina_finetuned,hef_linear_bert,reciprocal_rank,cross_family,0.3085274748891617,0.18056018903452825,0.1279672858546335,0.11551968741019679,0.140377997770676,0.3584054869407386,0.6952307692307692,0.0,3250,0.0,True
public__link_lives_release2__p50__seed20260726__hit_at_1,link_lives_release2,0.5,20260726,jina_finetuned,hef_linear_bert,hit_at_1,cross_family,0.21446153846153845,0.11353846153846153,0.10092307692307692,0.08707692307692308,0.11477692307692297,0.25061229891446246,0.5504615384615384,0.0,3250,0.0,True
public__link_lives_release2__p50__seed20260726__reciprocal_rank,link_lives_release2,0.5,20260726,jina_finetuned,hef_gbdt_e5_roberta_oof,reciprocal_rank,cross_family,0.3085274748891617,0.21337695249296995,0.0951505223961918,0.08187889185012957,0.10859278306247137,0.24280271274917492,0.6321538461538462,0.0,3250,0.0,True
public__link_lives_release2__p50__seed20260726__hit_at_1,link_lives_release2,0.5,20260726,jina_finetuned,hef_gbdt_e5_roberta_oof,hit_at_1,cross_family,0.21446153846153845,0.13384615384615384,0.08061538461538462,0.06553846153846153,0.09507692307692307,0.18500900786748342,0.5403076923076924,0.0,3250,0.0,True
public__link_lives_release2__p50__seed20260726__reciprocal_rank,link_lives_release2,0.5,20260726,jina_finetuned,joint_neural_hef_roberta,reciprocal_rank,cross_family,0.3085274748891617,0.2754996502446847,0.03302782464447706,0.022942955385442512,0.04296891799122231,0.11485217498122971,0.5949230769230769,0.0,3250,0.0,True
public__link_lives_release2__p50__seed20260726__hit_at_1,link_lives_release2,0.5,20260726,jina_finetuned,joint_neural_hef_roberta,hit_at_1,cross_family,0.21446153846153845,0.19538461538461538,0.019076923076923078,0.007076923076923077,0.031384615384615386,0.05417877290060932,0.5095384615384615,0.002,3250,0.008,True
public__link_lives_release2__p50__seed20260726__reciprocal_rank,link_lives_release2,0.5,20260726,hef_linear_bert,hef_gbdt_e5_roberta_oof,reciprocal_rank,cross_family,0.18056018903452825,0.21337695249296995,-0.03281676345844168,-0.04317433944117941,-0.02291131819804189,-0.11347664385750017,0.4058461538461538,0.0,3250,0.0,True
public__link_lives_release2__p50__seed20260726__hit_at_1,link_lives_release2,0.5,20260726,hef_linear_bert,hef_gbdt_e5_roberta_oof,hit_at_1,cross_family,0.11353846153846153,0.13384615384615384,-0.020307692307692308,-0.032,-0.008307692307692308,-0.05901971259364346,0.4898461538461539,0.0,3250,0.0,True
public__link_lives_release2__p50__seed20260726__reciprocal_rank,link_lives_release2,0.5,20260726,hef_linear_bert,joint_neural_hef_roberta,reciprocal_rank,cross_family,0.18056018903452825,0.2754996502446847,-0.09493946121015642,-0.10611604341656497,-0.08394358364436157,-0.292196066660279,0.35215384615384615,0.0,3250,0.0,True
public__link_lives_release2__p50__seed20260726__hit_at_1,link_lives_release2,0.5,20260726,hef_linear_bert,joint_neural_hef_roberta,hit_at_1,cross_family,0.11353846153846153,0.19538461538461538,-0.08184615384615385,-0.09476923076923077,-0.06861538461538462,-0.21559764504466447,0.45907692307692305,0.0,3250,0.0,True
public__link_lives_release2__p50__seed20260726__reciprocal_rank,link_lives_release2,0.5,20260726,hef_gbdt_e5_roberta_oof,joint_neural_hef_roberta,reciprocal_rank,cross_family,0.21337695249296995,0.2754996502446847,-0.062122697751714744,-0.07479892972215357,-0.04963377594593517,-0.1698329878431189,0.4223076923076923,0.0,3250,0.0,True
public__link_lives_release2__p50__seed20260726__hit_at_1,link_lives_release2,0.5,20260726,hef_gbdt_e5_roberta_oof,joint_neural_hef_roberta,hit_at_1,cross_family,0.13384615384615384,0.19538461538461538,-0.06153846153846154,-0.0756923076923077,-0.04707692307692308,-0.14747939717306816,0.46923076923076923,0.0,3250,0.0,True
public__link_lives_release2__p50__seed20260726__reciprocal_rank,link_lives_release2,0.5,20260726,jina_finetuned,roberta_finetuned,reciprocal_rank,within_standalone,0.3085274748891617,0.2234043313569752,0.0851231435321865,0.0744974959132102,0.09552211714008253,0.2806412482257491,0.6735384615384615,0.0,3250,0.0,True
public__link_lives_release2__p50__seed20260726__hit_at_1,link_lives_release2,0.5,20260726,jina_finetuned,roberta_finetuned,hit_at_1,within_standalone,0.21446153846153845,0.1523076923076923,0.06215384615384616,0.049846153846153846,0.07507692307692308,0.17056117636202323,0.5310769230769231,0.0,3250,0.0,True
public__link_lives_release2__p50__seed20260726__reciprocal_rank,link_lives_release2,0.5,20260726,official_ditto_plain,official_ditto_mixda,reciprocal_rank,within_standalone,0.2314958841301224,0.24103327920023626,-0.009537395070113875,-0.018588925756933015,-0.00040880146054198934,-0.03551474885381496,0.3729230769230769,0.04,3250,0.04,True
public__link_lives_release2__p50__seed20260726__hit_at_1,link_lives_release2,0.5,20260726,official_ditto_plain,official_ditto_mixda,hit_at_1,within_standalone,0.16738461538461538,0.15384615384615385,0.01353846153846154,0.0024615384615384616,0.024615384615384615,0.04188760178454628,0.5067692307692307,0.0162,3250,0.0486,True
public__link_lives_release2__p50__seed20260726__reciprocal_rank,link_lives_release2,0.5,20260726,hef_linear_bert,hef_linear_bge,reciprocal_rank,within_linear,0.18056018903452825,0.20333484665321094,-0.02277465761868269,-0.031149943046233964,-0.014704673379042505,-0.09347495724332162,0.47584615384615386,0.0,3250,0.0,True
public__link_lives_release2__p50__seed20260726__hit_at_1,link_lives_release2,0.5,20260726,hef_linear_bert,hef_linear_bge,hit_at_1,within_linear,0.11353846153846153,0.12184615384615384,-0.008307692307692308,-0.01876923076923077,0.0021538461538461538,-0.027770021094511578,0.4958461538461538,0.115,3250,0.1552,False
public__link_lives_release2__p50__seed20260726__reciprocal_rank,link_lives_release2,0.5,20260726,hef_gbdt_e5_roberta_oof,hef_gbdt_e5_jina_oof,reciprocal_rank,within_gbdt,0.21337695249296995,0.3108509446471547,-0.09747399215418476,-0.10998602102259626,-0.08491406401653098,-0.2659788857582936,0.39476923076923076,0.0,3250,0.0,True
public__link_lives_release2__p50__seed20260726__hit_at_1,link_lives_release2,0.5,20260726,hef_gbdt_e5_roberta_oof,hef_gbdt_e5_jina_oof,hit_at_1,within_gbdt,0.13384615384615384,0.224,-0.09015384615384615,-0.10430769230769231,-0.0756923076923077,-0.2170393141776032,0.45492307692307693,0.0,3250,0.0,True
public__link_lives_release2__p50__seed20260726__reciprocal_rank,link_lives_release2,0.5,20260726,joint_neural_hef_roberta,joint_neural_hef_jina,reciprocal_rank,within_joint,0.2754996502446847,0.26228063146171987,0.013219018782964826,0.0044150063425987054,0.022068512904474705,0.051498608032909975,0.5115384615384615,0.0024,3250,0.0048,True
public__link_lives_release2__p50__seed20260726__hit_at_1,link_lives_release2,0.5,20260726,joint_neural_hef_roberta,joint_neural_hef_jina,hit_at_1,within_joint,0.19538461538461538,0.18553846153846154,0.009846153846153846,-0.0012307692307692308,0.020615384615384615,0.031098729432863646,0.5049230769230769,0.0776,3250,0.1552,False
public__link_lives_release2__p50__seed20260727__reciprocal_rank,link_lives_release2,0.5,20260727,jina_finetuned,hef_linear_bert,reciprocal_rank,cross_family,0.30826947440845015,0.17790519989831602,0.13036427451013413,0.11836790279527802,0.14273445007839508,0.3705009352588654,0.7033846153846154,0.0,3250,0.0,True
public__link_lives_release2__p50__seed20260727__hit_at_1,link_lives_release2,0.5,20260727,jina_finetuned,hef_linear_bert,hit_at_1,cross_family,0.21876923076923077,0.11292307692307692,0.10584615384615384,0.092,0.1196923076923077,0.2626649369672526,0.552923076923077,0.0,3250,0.0,True
public__link_lives_release2__p50__seed20260727__reciprocal_rank,link_lives_release2,0.5,20260727,jina_finetuned,hef_gbdt_e5_roberta_oof,reciprocal_rank,cross_family,0.30826947440845015,0.20810190180383248,0.10016757260461771,0.08650188535066727,0.11343906171420441,0.2562228876778354,0.6352307692307693,0.0,3250,0.0,True
public__link_lives_release2__p50__seed20260727__hit_at_1,link_lives_release2,0.5,20260727,jina_finetuned,hef_gbdt_e5_roberta_oof,hit_at_1,cross_family,0.21876923076923077,0.13507692307692307,0.08369230769230769,0.06861538461538462,0.09846153846153846,0.19139570990178442,0.5418461538461539,0.0,3250,0.0,True
public__link_lives_release2__p50__seed20260727__reciprocal_rank,link_lives_release2,0.5,20260727,jina_finetuned,joint_neural_hef_roberta,reciprocal_rank,cross_family,0.30826947440845015,0.27059275511400505,0.037676719294445105,0.02711971322042926,0.048033990375436666,0.12625274753679627,0.6003076923076923,0.0,3250,0.0,True
public__link_lives_release2__p50__seed20260727__hit_at_1,link_lives_release2,0.5,20260727,jina_finetuned,joint_neural_hef_roberta,hit_at_1,cross_family,0.21876923076923077,0.18984615384615386,0.028923076923076923,0.016615384615384615,0.04123076923076923,0.07901951828966615,0.5144615384615385,0.0,3250,0.0,True
public__link_lives_release2__p50__seed20260727__reciprocal_rank,link_lives_release2,0.5,20260727,hef_linear_bert,hef_gbdt_e5_roberta_oof,reciprocal_rank,cross_family,0.17790519989831602,0.20810190180383248,-0.03019670190551643,-0.04007692181220667,-0.02021955823943994,-0.10464713496680367,0.40215384615384614,0.0,3250,0.0,True
public__link_lives_release2__p50__seed20260727__hit_at_1,link_lives_release2,0.5,20260727,hef_linear_bert,hef_gbdt_e5_roberta_oof,hit_at_1,cross_family,0.11292307692307692,0.13507692307692307,-0.022153846153846152,-0.03353846153846154,-0.010461538461538461,-0.06526092359629264,0.48892307692307696,0.0,3250,0.0,True
public__link_lives_release2__p50__seed20260727__reciprocal_rank,link_lives_release2,0.5,20260727,hef_linear_bert,joint_neural_hef_roberta,reciprocal_rank,cross_family,0.17790519989831602,0.27059275511400505,-0.09268755521568903,-0.10374097883906007,-0.0819600814122468,-0.2945680136180015,0.34323076923076923,0.0,3250,0.0,True
public__link_lives_release2__p50__seed20260727__hit_at_1,link_lives_release2,0.5,20260727,hef_linear_bert,joint_neural_hef_roberta,hit_at_1,cross_family,0.11292307692307692,0.18984615384615386,-0.07692307692307693,-0.08953846153846154,-0.06461538461538462,-0.21076734052346097,0.4615384615384615,0.0,3250,0.0,True
public__link_lives_release2__p50__seed20260727__reciprocal_rank,link_lives_release2,0.5,20260727,hef_gbdt_e5_roberta_oof,joint_neural_hef_roberta,reciprocal_rank,cross_family,0.20810190180383248,0.27059275511400505,-0.062490853310172595,-0.0749080278032176,-0.05006378304384717,-0.17322084597304616,0.4155384615384615,0.0,3250,0.0,True
public__link_lives_release2__p50__seed20260727__hit_at_1,link_lives_release2,0.5,20260727,hef_gbdt_e5_roberta_oof,joint_neural_hef_roberta,hit_at_1,cross_family,0.13507692307692307,0.18984615384615386,-0.05476923076923077,-0.06892307692307692,-0.040615384615384616,-0.13236588405845784,0.47261538461538466,0.0,3250,0.0,True
public__link_lives_release2__p50__seed20260727__reciprocal_rank,link_lives_release2,0.5,20260727,jina_finetuned,roberta_finetuned,reciprocal_rank,within_standalone,0.30826947440845015,0.2180969430485002,0.09017253135994997,0.07942999837972313,0.10097921846665081,0.2851509281320578,0.6741538461538461,0.0,3250,0.0,True
public__link_lives_release2__p50__seed20260727__hit_at_1,link_lives_release2,0.5,20260727,jina_finetuned,roberta_finetuned,hit_at_1,within_standalone,0.21876923076923077,0.1473846153846154,0.07138461538461538,0.05876923076923077,0.084,0.19066214778960205,0.5356923076923077,0.0,3250,0.0,True
public__link_lives_release2__p50__seed20260727__reciprocal_rank,link_lives_release2,0.5,20260727,official_ditto_plain,official_ditto_mixda,reciprocal_rank,within_standalone,0.22568526041186848,0.2392260103434585,-0.013540749931590011,-0.02278198599742763,-0.004336482912508647,-0.04979327845636933,0.3615384615384616,0.0032,3250,0.0032,True
public__link_lives_release2__p50__seed20260727__hit_at_1,link_lives_release2,0.5,20260727,official_ditto_plain,official_ditto_mixda,hit_at_1,within_standalone,0.16092307692307692,0.1529230769230769,0.008,-0.003384615384615385,0.019692307692307693,0.024175015059977833,0.504,0.174,3250,0.348,False
public__link_lives_release2__p50__seed20260727__reciprocal_rank,link_lives_release2,0.5,20260727,hef_linear_bert,hef_linear_bge,reciprocal_rank,within_linear,0.17790519989831602,0.19951675983339653,-0.021611559935080522,-0.03029154548836226,-0.013132594429058137,-0.08635410914924162,0.46815384615384614,0.0,3250,0.0,True
public__link_lives_release2__p50__seed20260727__hit_at_1,link_lives_release2,0.5,20260727,hef_linear_bert,hef_linear_bge,hit_at_1,within_linear,0.11292307692307692,0.11938461538461538,-0.006461538461538461,-0.01723076923076923,0.0043076923076923075,-0.020756258607200102,0.4967692307692308,0.248,3250,0.348,False
public__link_lives_release2__p50__seed20260727__reciprocal_rank,link_lives_release2,0.5,20260727,hef_gbdt_e5_roberta_oof,hef_gbdt_e5_jina_oof,reciprocal_rank,within_gbdt,0.20810190180383248,0.3112463440623413,-0.10314444225850884,-0.11582519250625432,-0.09041904749480101,-0.27895837967315623,0.3973846153846154,0.0,3250,0.0,True
public__link_lives_release2__p50__seed20260727__hit_at_1,link_lives_release2,0.5,20260727,hef_gbdt_e5_roberta_oof,hef_gbdt_e5_jina_oof,hit_at_1,within_gbdt,0.13507692307692307,0.22676923076923078,-0.0916923076923077,-0.10615384615384615,-0.07723076923076923,-0.21726518456428193,0.45415384615384613,0.0,3250,0.0,True
public__link_lives_release2__p50__seed20260727__reciprocal_rank,link_lives_release2,0.5,20260727,joint_neural_hef_roberta,joint_neural_hef_jina,reciprocal_rank,within_joint,0.27059275511400505,0.2552021359061854,0.015390619207819655,0.006278199852488511,0.0244689122835992,0.05840332361674657,0.5230769230769231,0.0008,3250,0.0016,True
public__link_lives_release2__p50__seed20260727__hit_at_1,link_lives_release2,0.5,20260727,joint_neural_hef_roberta,joint_neural_hef_jina,hit_at_1,within_joint,0.18984615384615386,0.17846153846153845,0.011384615384615385,0.0009230769230769231,0.022153846153846152,0.03569075536628619,0.5056923076923077,0.0384,3250,0.1152,False
public__link_lives_release2__p70__seed20260725__reciprocal_rank,link_lives_release2,0.7,20260725,jina_finetuned,hef_linear_bert,reciprocal_rank,cross_family,0.1616342585333453,0.10438693935216566,0.05724731918117963,0.04730641535747411,0.06718687318601493,0.1981171830894787,0.5956923076923077,0.0,3250,0.0,True
public__link_lives_release2__p70__seed20260725__hit_at_1,link_lives_release2,0.7,20260725,jina_finetuned,hef_linear_bert,hit_at_1,cross_family,0.09538461538461539,0.060307692307692305,0.035076923076923075,0.024923076923076923,0.04553846153846154,0.11621162863562402,0.5175384615384615,0.0,3250,0.0,True
public__link_lives_release2__p70__seed20260725__reciprocal_rank,link_lives_release2,0.7,20260725,jina_finetuned,hef_gbdt_e5_roberta_oof,reciprocal_rank,cross_family,0.1616342585333453,0.23359925444846422,-0.07196499591511893,-0.08626839845229567,-0.057523737500268526,-0.17209914305015753,0.4126153846153846,0.0,3250,0.0,True
public__link_lives_release2__p70__seed20260725__hit_at_1,link_lives_release2,0.7,20260725,jina_finetuned,hef_gbdt_e5_roberta_oof,hit_at_1,cross_family,0.09538461538461539,0.1513846153846154,-0.056,-0.07046153846153846,-0.04153846153846154,-0.13210761792688958,0.472,0.0,3250,0.0,True
public__link_lives_release2__p70__seed20260725__reciprocal_rank,link_lives_release2,0.7,20260725,jina_finetuned,joint_neural_hef_roberta,reciprocal_rank,cross_family,0.1616342585333453,0.15132144380324458,0.010312814730100718,0.0022906933864531255,0.018320576680797996,0.044530196350858045,0.5598461538461539,0.0078,3250,0.012,True
public__link_lives_release2__p70__seed20260725__hit_at_1,link_lives_release2,0.7,20260725,jina_finetuned,joint_neural_hef_roberta,hit_at_1,cross_family,0.09538461538461539,0.08984615384615384,0.005538461538461538,-0.0036923076923076922,0.014769230769230769,0.02082064711920092,0.5027692307692307,0.2456,3250,0.2456,False
public__link_lives_release2__p70__seed20260725__reciprocal_rank,link_lives_release2,0.7,20260725,hef_linear_bert,hef_gbdt_e5_roberta_oof,reciprocal_rank,cross_family,0.10438693935216566,0.23359925444846422,-0.12921231509629857,-0.14133582324929916,-0.11725035743192844,-0.3756354810017588,0.30446153846153845,0.0,3250,0.0,True
public__link_lives_release2__p70__seed20260725__hit_at_1,link_lives_release2,0.7,20260725,hef_linear_bert,hef_gbdt_e5_roberta_oof,hit_at_1,cross_family,0.060307692307692305,0.1513846153846154,-0.09107692307692308,-0.1037,-0.07846153846153846,-0.24663864928591292,0.4544615384615385,0.0,3250,0.0,True
public__link_lives_release2__p70__seed20260725__reciprocal_rank,link_lives_release2,0.7,20260725,hef_linear_bert,joint_neural_hef_roberta,reciprocal_rank,cross_family,0.10438693935216566,0.15132144380324458,-0.04693450445107891,-0.056153985927915206,-0.03799555895469874,-0.17783928247607939,0.4492307692307692,0.0,3250,0.0,True
public__link_lives_release2__p70__seed20260725__hit_at_1,link_lives_release2,0.7,20260725,hef_linear_bert,joint_neural_hef_roberta,hit_at_1,cross_family,0.060307692307692305,0.08984615384615384,-0.029538461538461538,-0.039384615384615386,-0.02,-0.10709516144981948,0.48523076923076924,0.0,3250,0.0,True
public__link_lives_release2__p70__seed20260725__reciprocal_rank,link_lives_release2,0.7,20260725,hef_gbdt_e5_roberta_oof,joint_neural_hef_roberta,reciprocal_rank,cross_family,0.23359925444846422,0.15132144380324458,0.08227781064521965,0.0686536086897424,0.09585545832877461,0.20938379132091842,0.6023076923076923,0.0,3250,0.0,True
public__link_lives_release2__p70__seed20260725__hit_at_1,link_lives_release2,0.7,20260725,hef_gbdt_e5_roberta_oof,joint_neural_hef_roberta,hit_at_1,cross_family,0.1513846153846154,0.08984615384615384,0.06153846153846154,0.048,0.076,0.1524086644255479,0.5307692307692308,0.0,3250,0.0,True
public__link_lives_release2__p70__seed20260725__reciprocal_rank,link_lives_release2,0.7,20260725,jina_finetuned,roberta_finetuned,reciprocal_rank,within_standalone,0.1616342585333453,0.12226755622600126,0.039366702307344015,0.03125233327368977,0.047428893574998215,0.1652802603661326,0.5886153846153847,0.0,3250,0.0,True
public__link_lives_release2__p70__seed20260725__hit_at_1,link_lives_release2,0.7,20260725,jina_finetuned,roberta_finetuned,hit_at_1,within_standalone,0.09538461538461539,0.06584615384615385,0.029538461538461538,0.020307692307692308,0.03876923076923077,0.11073944390634921,0.5147692307692308,0.0,3250,0.0,True
public__link_lives_release2__p70__seed20260725__reciprocal_rank,link_lives_release2,0.7,20260725,official_ditto_plain,official_ditto_mixda,reciprocal_rank,within_standalone,0.11141984155295859,0.13988682304820896,-0.028466981495250357,-0.035306138592475944,-0.021744248463870103,-0.14502612616086563,0.3986153846153846,0.0,3250,0.0,True
public__link_lives_release2__p70__seed20260725__hit_at_1,link_lives_release2,0.7,20260725,official_ditto_plain,official_ditto_mixda,hit_at_1,within_standalone,0.06,0.07846153846153846,-0.018461538461538463,-0.026153846153846153,-0.010769230769230769,-0.0829612151545083,0.49076923076923074,0.0,3250,0.0,True
public__link_lives_release2__p70__seed20260725__reciprocal_rank,link_lives_release2,0.7,20260725,hef_linear_bert,hef_linear_bge,reciprocal_rank,within_linear,0.10438693935216566,0.1257708928732661,-0.02138395352110044,-0.029232703369817502,-0.013630805038278983,-0.09337767015631672,0.4813846153846154,0.0,3250,0.0,True
public__link_lives_release2__p70__seed20260725__hit_at_1,link_lives_release2,0.7,20260725,hef_linear_bert,hef_linear_bge,hit_at_1,within_linear,0.060307692307692305,0.068,-0.007692307692307693,-0.016615384615384615,0.0009230769230769231,-0.02991621106682336,0.49615384615384617,0.0888,3250,0.1776,False
public__link_lives_release2__p70__seed20260725__reciprocal_rank,link_lives_release2,0.7,20260725,hef_gbdt_e5_roberta_oof,hef_gbdt_e5_jina_oof,reciprocal_rank,within_gbdt,0.23359925444846422,0.1857669929927862,0.04783226145567801,0.033994481213086215,0.061697430254777974,0.11740399094314911,0.5615384615384615,0.0,3250,0.0,True
public__link_lives_release2__p70__seed20260725__hit_at_1,link_lives_release2,0.7,20260725,hef_gbdt_e5_roberta_oof,hef_gbdt_e5_jina_oof,hit_at_1,within_gbdt,0.1513846153846154,0.11076923076923077,0.040615384615384616,0.026153846153846153,0.055384615384615386,0.0955828653436601,0.5203076923076924,0.0,3250,0.0,True
public__link_lives_release2__p70__seed20260725__reciprocal_rank,link_lives_release2,0.7,20260725,joint_neural_hef_roberta,joint_neural_hef_jina,reciprocal_rank,within_joint,0.15132144380324458,0.1410075802979524,0.010313863505292148,0.0027299945103236695,0.017833743955528888,0.04696193999956004,0.492,0.006,3250,0.012,True
public__link_lives_release2__p70__seed20260725__hit_at_1,link_lives_release2,0.7,20260725,joint_neural_hef_roberta,joint_neural_hef_jina,hit_at_1,within_joint,0.08984615384615384,0.08123076923076923,0.008615384615384615,0.0,0.01723076923076923,0.03390700755037607,0.5043076923076923,0.0524,3250,0.1572,False
public__link_lives_release2__p70__seed20260726__reciprocal_rank,link_lives_release2,0.7,20260726,jina_finetuned,hef_linear_bert,reciprocal_rank,cross_family,0.14997946353296532,0.1081811961109077,0.04179826742205759,0.0320805364081895,0.05163156337234769,0.1478965880071718,0.5803076923076923,0.0,3250,0.0,True
public__link_lives_release2__p70__seed20260726__hit_at_1,link_lives_release2,0.7,20260726,jina_finetuned,hef_linear_bert,hit_at_1,cross_family,0.08553846153846154,0.062461538461538464,0.023076923076923078,0.012923076923076923,0.03353846153846154,0.07733954945308995,0.5115384615384615,0.0,3250,0.0,True
public__link_lives_release2__p70__seed20260726__reciprocal_rank,link_lives_release2,0.7,20260726,jina_finetuned,hef_gbdt_e5_roberta_oof,reciprocal_rank,cross_family,0.14997946353296532,0.2338384580096185,-0.08385899447665318,-0.0976876690246814,-0.06996824209097278,-0.20837642200385365,0.3992307692307692,0.0,3250,0.0,True
public__link_lives_release2__p70__seed20260726__hit_at_1,link_lives_release2,0.7,20260726,jina_finetuned,hef_gbdt_e5_roberta_oof,hit_at_1,cross_family,0.08553846153846154,0.14984615384615385,-0.0643076923076923,-0.07846153846153846,-0.05046153846153846,-0.15868879929024454,0.46784615384615386,0.0,3250,0.0,True
public__link_lives_release2__p70__seed20260726__reciprocal_rank,link_lives_release2,0.7,20260726,jina_finetuned,joint_neural_hef_roberta,reciprocal_rank,cross_family,0.14997946353296532,0.1486071977946642,0.001372265738301102,-0.00567598910051147,0.00843821879695049,0.006660710221260889,0.5506153846153846,0.6974,3250,0.6974,False
public__link_lives_release2__p70__seed20260726__hit_at_1,link_lives_release2,0.7,20260726,jina_finetuned,joint_neural_hef_roberta,hit_at_1,cross_family,0.08553846153846154,0.08953846153846154,-0.004,-0.012307692307692308,0.0043076923076923075,-0.01676524974659439,0.498,0.3584,3250,0.6032,False
public__link_lives_release2__p70__seed20260726__reciprocal_rank,link_lives_release2,0.7,20260726,hef_linear_bert,hef_gbdt_e5_roberta_oof,reciprocal_rank,cross_family,0.1081811961109077,0.2338384580096185,-0.1256572618987108,-0.137376572616697,-0.1141211250776482,-0.36801331934333176,0.3058461538461538,0.0,3250,0.0,True
public__link_lives_release2__p70__seed20260726__hit_at_1,link_lives_release2,0.7,20260726,hef_linear_bert,hef_gbdt_e5_roberta_oof,hit_at_1,cross_family,0.062461538461538464,0.14984615384615385,-0.08738461538461538,-0.1003076923076923,-0.07476923076923077,-0.23660199450284447,0.4563076923076923,0.0,3250,0.0,True
public__link_lives_release2__p70__seed20260726__reciprocal_rank,link_lives_release2,0.7,20260726,hef_linear_bert,joint_neural_hef_roberta,reciprocal_rank,cross_family,0.1081811961109077,0.1486071977946642,-0.040426001683756485,-0.04934182824780902,-0.031188069828211668,-0.1520393035452659,0.4463076923076923,0.0,3250,0.0,True
public__link_lives_release2__p70__seed20260726__hit_at_1,link_lives_release2,0.7,20260726,hef_linear_bert,joint_neural_hef_roberta,hit_at_1,cross_family,0.062461538461538464,0.08953846153846154,-0.02707692307692308,-0.036923076923076927,-0.01723076923076923,-0.09691361391497011,0.48646153846153845,0.0,3250,0.0,True
public__link_lives_release2__p70__seed20260726__reciprocal_rank,link_lives_release2,0.7,20260726,hef_gbdt_e5_roberta_oof,joint_neural_hef_roberta,reciprocal_rank,cross_family,0.2338384580096185,0.1486071977946642,0.08523126021495431,0.07195490630628612,0.09888359838924807,0.21941614489280334,0.6176923076923077,0.0,3250,0.0,True
public__link_lives_release2__p70__seed20260726__hit_at_1,link_lives_release2,0.7,20260726,hef_gbdt_e5_roberta_oof,joint_neural_hef_roberta,hit_at_1,cross_family,0.14984615384615385,0.08953846153846154,0.060307692307692305,0.04676923076923077,0.07415384615384615,0.15130285007190844,0.5301538461538462,0.0,3250,0.0,True
public__link_lives_release2__p70__seed20260726__reciprocal_rank,link_lives_release2,0.7,20260726,jina_finetuned,roberta_finetuned,reciprocal_rank,within_standalone,0.14997946353296532,0.12325831364857147,0.026721149884393815,0.019221639961427846,0.034306484414191436,0.1239463277399536,0.5938461538461539,0.0,3250,0.0,True
public__link_lives_release2__p70__seed20260726__hit_at_1,link_lives_release2,0.7,20260726,jina_finetuned,roberta_finetuned,hit_at_1,within_standalone,0.08553846153846154,0.06861538461538462,0.016923076923076923,0.008615384615384615,0.025538461538461538,0.06819680569780906,0.5084615384615384,0.0,3250,0.0,True
public__link_lives_release2__p70__seed20260726__reciprocal_rank,link_lives_release2,0.7,20260726,official_ditto_plain,official_ditto_mixda,reciprocal_rank,within_standalone,0.1088945997231911,0.13762867832382564,-0.028734078600634542,-0.035761729365350846,-0.021875716918080844,-0.14147814851620721,0.396,0.0,3250,0.0,True
public__link_lives_release2__p70__seed20260726__hit_at_1,link_lives_release2,0.7,20260726,official_ditto_plain,official_ditto_mixda,hit_at_1,within_standalone,0.059076923076923075,0.07476923076923077,-0.015692307692307693,-0.024,-0.007692307692307693,-0.06738435845604203,0.49215384615384616,0.0,3250,0.0,True
public__link_lives_release2__p70__seed20260726__reciprocal_rank,link_lives_release2,0.7,20260726,hef_linear_bert,hef_linear_bge,reciprocal_rank,within_linear,0.1081811961109077,0.11650359802328701,-0.008322401912379311,-0.01583996049387597,-0.0007723401811326218,-0.037749819608248913,0.5078461538461538,0.0294,3250,0.0588,False
public__link_lives_release2__p70__seed20260726__hit_at_1,link_lives_release2,0.7,20260726,hef_linear_bert,hef_linear_bge,hit_at_1,within_linear,0.062461538461538464,0.05815384615384615,0.0043076923076923075,-0.0036923076923076922,0.012615384615384615,0.018203537903602334,0.5021538461538462,0.3016,3250,0.6032,False
public__link_lives_release2__p70__seed20260726__reciprocal_rank,link_lives_release2,0.7,20260726,hef_gbdt_e5_roberta_oof,hef_gbdt_e5_jina_oof,reciprocal_rank,within_gbdt,0.2338384580096185,0.17175974748968548,0.06207871051993302,0.048653929574002074,0.07522784745911532,0.15877971853186135,0.5913846153846154,0.0,3250,0.0,True
public__link_lives_release2__p70__seed20260726__hit_at_1,link_lives_release2,0.7,20260726,hef_gbdt_e5_roberta_oof,hef_gbdt_e5_jina_oof,hit_at_1,within_gbdt,0.14984615384615385,0.09907692307692308,0.05076923076923077,0.036923076923076927,0.0643076923076923,0.12634316257114164,0.5253846153846153,0.0,3250,0.0,True
public__link_lives_release2__p70__seed20260726__reciprocal_rank,link_lives_release2,0.7,20260726,joint_neural_hef_roberta,joint_neural_hef_jina,reciprocal_rank,within_joint,0.1486071977946642,0.13890253449154322,0.009704663303120985,0.002499817090879449,0.016927031564176628,0.04583817813315985,0.4806153846153846,0.0078,3250,0.023399999999999997,True
public__link_lives_release2__p70__seed20260726__hit_at_1,link_lives_release2,0.7,20260726,joint_neural_hef_roberta,joint_neural_hef_jina,hit_at_1,within_joint,0.08953846153846154,0.08123076923076923,0.008307692307692308,0.0003076923076923077,0.016307692307692308,0.03483636560415233,0.5041538461538462,0.0456,3250,0.1368,False
public__link_lives_release2__p70__seed20260727__reciprocal_rank,link_lives_release2,0.7,20260727,jina_finetuned,hef_linear_bert,reciprocal_rank,cross_family,0.15739334435987237,0.11023002725644813,0.04716331710342423,0.03771091890725832,0.0570350406100505,0.16882520096099193,0.6041538461538462,0.0,3250,0.0,True
public__link_lives_release2__p70__seed20260727__hit_at_1,link_lives_release2,0.7,20260727,jina_finetuned,hef_linear_bert,hit_at_1,cross_family,0.0916923076923077,0.06461538461538462,0.02707692307692308,0.016923076923076923,0.037230769230769234,0.09100530648232906,0.5135384615384615,0.0,3250,0.0,True
public__link_lives_release2__p70__seed20260727__reciprocal_rank,link_lives_release2,0.7,20260727,jina_finetuned,hef_gbdt_e5_roberta_oof,reciprocal_rank,cross_family,0.15739334435987237,0.2340567106553415,-0.07666336629546915,-0.0908144543202942,-0.06224695745725082,-0.18695436128121276,0.41507692307692307,0.0,3250,0.0,True
public__link_lives_release2__p70__seed20260727__hit_at_1,link_lives_release2,0.7,20260727,jina_finetuned,hef_gbdt_e5_roberta_oof,hit_at_1,cross_family,0.0916923076923077,0.15353846153846154,-0.06184615384615385,-0.07630769230769231,-0.047384615384615386,-0.14681212910531788,0.4690769230769231,0.0,3250,0.0,True
public__link_lives_release2__p70__seed20260727__reciprocal_rank,link_lives_release2,0.7,20260727,jina_finetuned,joint_neural_hef_roberta,reciprocal_rank,cross_family,0.15739334435987237,0.1563559297402491,0.0010374146196232689,-0.0068061984225230255,0.009074152530152809,0.004497837487664675,0.5541538461538461,0.7866,3250,0.7866,False
public__link_lives_release2__p70__seed20260727__hit_at_1,link_lives_release2,0.7,20260727,jina_finetuned,joint_neural_hef_roberta,hit_at_1,cross_family,0.0916923076923077,0.09661538461538462,-0.004923076923076923,-0.014153846153846154,0.004,-0.01850639977521241,0.49753846153846154,0.29,3250,0.58,False
public__link_lives_release2__p70__seed20260727__reciprocal_rank,link_lives_release2,0.7,20260727,hef_linear_bert,hef_gbdt_e5_roberta_oof,reciprocal_rank,cross_family,0.11023002725644813,0.2340567106553415,-0.1238266833988934,-0.13599238026572197,-0.11196302496576688,-0.36072743493500653,0.308,0.0,3250,0.0,True
public__link_lives_release2__p70__seed20260727__hit_at_1,link_lives_release2,0.7,20260727,hef_linear_bert,hef_gbdt_e5_roberta_oof,hit_at_1,cross_family,0.06461538461538462,0.15353846153846154,-0.08892307692307692,-0.10153846153846154,-0.07661538461538461,-0.24019413002627366,0.45553846153846156,0.0,3250,0.0,True
public__link_lives_release2__p70__seed20260727__reciprocal_rank,link_lives_release2,0.7,20260727,hef_linear_bert,joint_neural_hef_roberta,reciprocal_rank,cross_family,0.11023002725644813,0.1563559297402491,-0.046125902483800975,-0.05516543933326751,-0.03736284186649735,-0.17606915078843038,0.42953846153846154,0.0,3250,0.0,True
public__link_lives_release2__p70__seed20260727__hit_at_1,link_lives_release2,0.7,20260727,hef_linear_bert,joint_neural_hef_roberta,hit_at_1,cross_family,0.06461538461538462,0.09661538461538462,-0.032,-0.04153846153846154,-0.02246153846153846,-0.11520515722163985,0.484,0.0,3250,0.0,True
public__link_lives_release2__p70__seed20260727__reciprocal_rank,link_lives_release2,0.7,20260727,hef_gbdt_e5_roberta_oof,joint_neural_hef_roberta,reciprocal_rank,cross_family,0.2340567106553415,0.1563559297402491,0.07770078091509243,0.06386911624287644,0.0911265186676637,0.19975126934094214,0.5944615384615385,0.0,3250,0.0,True
public__link_lives_release2__p70__seed20260727__hit_at_1,link_lives_release2,0.7,20260727,hef_gbdt_e5_roberta_oof,joint_neural_hef_roberta,hit_at_1,cross_family,0.15353846153846154,0.09661538461538462,0.05692307692307692,0.043076923076923075,0.07077692307692296,0.1400847353823668,0.5284615384615385,0.0,3250,0.0,True
public__link_lives_release2__p70__seed20260727__reciprocal_rank,link_lives_release2,0.7,20260727,jina_finetuned,roberta_finetuned,reciprocal_rank,within_standalone,0.15739334435987237,0.12370685964233588,0.03368648471753652,0.025861212887144366,0.04176756292026161,0.14430508690042784,0.5995384615384616,0.0,3250,0.0,True
public__link_lives_release2__p70__seed20260727__hit_at_1,link_lives_release2,0.7,20260727,jina_finetuned,roberta_finetuned,hit_at_1,within_standalone,0.0916923076923077,0.06861538461538462,0.023076923076923078,0.014153846153846154,0.03230769230769231,0.08803154419188945,0.5115384615384615,0.0,3250,0.0,True
public__link_lives_release2__p70__seed20260727__reciprocal_rank,link_lives_release2,0.7,20260727,official_ditto_plain,official_ditto_mixda,reciprocal_rank,within_standalone,0.11415495456666605,0.13553236646324207,-0.021377411896576028,-0.02843835378885336,-0.014432045628797362,-0.1067567467794946,0.38,0.0,3250,0.0,True
public__link_lives_release2__p70__seed20260727__hit_at_1,link_lives_release2,0.7,20260727,official_ditto_plain,official_ditto_mixda,hit_at_1,within_standalone,0.064,0.07076923076923076,-0.00676923076923077,-0.014769230769230769,0.0012307692307692308,-0.029606019653908397,0.4966153846153846,0.0934,3250,0.2802,False
public__link_lives_release2__p70__seed20260727__reciprocal_rank,link_lives_release2,0.7,20260727,hef_linear_bert,hef_linear_bge,reciprocal_rank,within_linear,0.11023002725644813,0.1231747455110709,-0.012944718254622756,-0.02063522896350935,-0.005441772285439602,-0.05801979406560009,0.5016923076923077,0.0006,3250,0.0012,True
public__link_lives_release2__p70__seed20260727__hit_at_1,link_lives_release2,0.7,20260727,hef_linear_bert,hef_linear_bge,hit_at_1,within_linear,0.06461538461538462,0.0643076923076923,0.0003076923076923077,-0.008307692307692308,0.008923076923076922,0.00123095961479381,0.5001538461538462,0.9608,3250,0.9608,False
public__link_lives_release2__p70__seed20260727__reciprocal_rank,link_lives_release2,0.7,20260727,hef_gbdt_e5_roberta_oof,hef_gbdt_e5_jina_oof,reciprocal_rank,within_gbdt,0.2340567106553415,0.1831481541125129,0.05090855654282865,0.03735264988190444,0.06466133621547111,0.12974862642556548,0.5623076923076923,0.0,3250,0.0,True
public__link_lives_release2__p70__seed20260727__hit_at_1,link_lives_release2,0.7,20260727,hef_gbdt_e5_roberta_oof,hef_gbdt_e5_jina_oof,hit_at_1,within_gbdt,0.15353846153846154,0.10984615384615384,0.04369230769230769,0.029846153846153845,0.057846153846153846,0.10679771420720931,0.5218461538461538,0.0,3250,0.0,True
public__link_lives_release2__p70__seed20260727__reciprocal_rank,link_lives_release2,0.7,20260727,joint_neural_hef_roberta,joint_neural_hef_jina,reciprocal_rank,within_joint,0.1563559297402491,0.1385171231577282,0.017838806582520884,0.010083165608464438,0.025521489783068164,0.07998785035370432,0.4926153846153846,0.0,3250,0.0,True
public__link_lives_release2__p70__seed20260727__hit_at_1,link_lives_release2,0.7,20260727,joint_neural_hef_roberta,joint_neural_hef_jina,hit_at_1,within_joint,0.09661538461538462,0.08276923076923078,0.013846153846153847,0.005230769230769231,0.02246153846153846,0.05520622869993938,0.5069230769230769,0.0008,3250,0.0032,True
