model_family,dataset,fraction_percent,seed_count,f1_mean,f1_std,precision_mean,precision_std,recall_mean,recall_std,roc_auc_mean,roc_auc_std,average_precision_mean,average_precision_std,brier_mean,brier_std,ece_mean,ece_std
hef_gbdt_e5_finetuned_jina_oof,abt_buy,1,3,0.63292097152932,0.06830018133788729,0.4932413583273459,0.07741275875480805,0.8964401294498382,0.07415171027436637,0.9243693105471338,0.008752215171449328,0.5005480211007611,0.022850557773299456,0.06901165942237039,0.0018846307410358906,0.0670382556765893,0.027964964738438465
hef_gbdt_e5_finetuned_jina_oof,abt_buy,2,3,0.7020652984642881,0.017871731570866387,0.5657976366052757,0.03546844471302138,0.9288025889967638,0.03675668832233185,0.9334501977705861,0.014043669024289919,0.5570447144879265,0.07450287453651723,0.05345784697837758,0.004342319111815004,0.024769292543896232,0.008927008421076774
hef_gbdt_e5_finetuned_jina_oof,abt_buy,3,3,0.7389976711049122,0.00897881646245616,0.6396683180282308,0.009448634594817156,0.8754045307443366,0.027603110209113286,0.9341504381233559,0.0055329554507343925,0.6208559362714613,0.04324556312968019,0.04962694458038889,0.0013777829407385783,0.026800898631531154,0.005870574974867783
hef_gbdt_e5_finetuned_jina_oof,abt_buy,4,3,0.785749685748003,0.024866748102410154,0.7109383000512033,0.04726964411493308,0.8802588996763754,0.01221656057487181,0.9496087170461213,0.006215947180789236,0.6807203412724874,0.03319579517188422,0.04051081835858638,0.0025416595380604464,0.022987324541064086,0.00446647567438629
hef_gbdt_e5_finetuned_jina_oof,abt_buy,5,3,0.8087880158232422,0.014510237795486249,0.7733372893743421,0.024632121488735323,0.8478964401294498,0.0028026712096583762,0.9391093699729367,0.011285933736560163,0.8024549362373948,0.002427802781453932,0.03616144007472319,0.002155986209146091,0.02467005566769208,0.00949976353365274
hef_gbdt_e5_finetuned_jina_oof,abt_buy,10,3,0.8370255433842013,0.006825011797280903,0.8433071514491923,0.018386137122740433,0.8317152103559871,0.029260746472532552,0.9447004106815042,0.010497490506721342,0.8082968882664067,0.0235593542966769,0.030701049614518597,0.0013046569445283943,0.021901160962152194,0.001972561722866692
hef_gbdt_e5_finetuned_jina_oof,abt_buy,15,3,0.8283694642047388,0.005449154129935751,0.800025318800145,0.013988770784416888,0.8592233009708737,0.019417475728155387,0.9581237343628759,0.007125638889578026,0.8280129539172728,0.01884723497377803,0.03284155002227546,0.0004307536148295491,0.022283251439917755,0.0009481422423168901
hef_gbdt_e5_finetuned_jina_oof,abt_buy,20,3,0.8490561371780591,0.0069112643026699545,0.8425046419601774,0.00794511259915375,0.8559870550161812,0.019618698467608633,0.9598114082401257,0.010128758089113477,0.8693089439996441,0.019970849560426218,0.029600054038078256,0.00042621958480945914,0.02435940913866754,0.0019417239585076528
hef_gbdt_e5_finetuned_jina_oof,abt_buy,25,3,0.862924819888178,0.01357529710806071,0.8557227514248068,0.022428787986423317,0.8705501618122977,0.01560461288186568,0.9669018149472928,0.007194375870852671,0.8875063000598731,0.013202981428986876,0.025215185384391166,0.002906210785771431,0.01724607135428674,0.0034199547551049883
hef_gbdt_e5_finetuned_jina_oof,abt_buy,30,3,0.8730319451387263,0.00404562474301892,0.8961714223452802,0.009168642578410123,0.8511326860841424,0.007415171027436631,0.9703680046935029,0.0033308796492474676,0.8958810134556339,0.0060480122326014765,0.02469803570089267,0.001952265171903388,0.01966840362894194,0.0022108594830063883
hef_gbdt_e5_finetuned_jina_oof,abt_buy,35,3,0.8804076659975314,0.00727991541477047,0.8916680505751934,0.023091250848034837,0.8705501618122977,0.03304300624055367,0.958261889891936,0.01732952114804565,0.8735532961294628,0.017311755343086013,0.023350660794128647,0.0015616612871870194,0.015004092900661877,0.0024932308959741086
hef_gbdt_e5_finetuned_jina_oof,abt_buy,40,3,0.8689844929592054,0.01081922403590238,0.8815015680066086,0.03172702580417526,0.8576051779935274,0.017047983418855557,0.969370162190806,0.012560338501302963,0.8911911656970252,0.016064844507493903,0.023378775729864947,0.0019899643868753624,0.014325203098007357,0.002549362469817571
hef_gbdt_e5_finetuned_jina_oof,abt_buy,45,3,0.884949425561584,0.010252851153351606,0.8932677653730285,0.020210259052909248,0.8770226537216829,0.011210684838633569,0.965930941160885,0.0011800868846130557,0.8944759194530887,0.005012550752707881,0.02066436114629203,0.0007404677769305502,0.018264829792784456,0.002059979271254452
hef_gbdt_e5_finetuned_jina_oof,abt_buy,50,3,0.8866244126613941,0.015244101875374616,0.8949300992140188,0.024702915302059314,0.8786407766990292,0.009708737864077721,0.9641585760517799,0.007038362658922684,0.9005081454081721,0.01467222118047232,0.021771368202782065,0.0016528835302916896,0.019260047951403833,0.002013842635204253
hef_gbdt_e5_finetuned_jina_oof,abt_buy,55,3,0.860818011006757,0.006953361331750856,0.8710427815423808,0.008950413861007056,0.8511326860841424,0.02021034950937992,0.9614413596018093,0.00760877431428371,0.8796901801983503,0.015495809771175682,0.02501029232240613,0.00203692269288397,0.02012750417738862,0.0025230570768002376
hef_gbdt_e5_finetuned_jina_oof,abt_buy,60,3,0.8974613579349772,0.012847200312390195,0.8910641923257566,0.03168974047030498,0.9045307443365697,0.007415171027436631,0.9730473703135942,0.006614669846346165,0.9091044000609767,0.012728617061324096,0.01976553247023976,0.0015869882611561786,0.01390408819861127,0.001594364666737131
hef_gbdt_e5_finetuned_jina_oof,abt_buy,65,3,0.8838488288172897,0.010195971512764421,0.9070981189545846,0.021523373617058722,0.8624595469255664,0.026735779355757827,0.9681688714775071,0.013546559877547467,0.8957145666542349,0.028266325866747835,0.022087287150101085,0.002839866714825744,0.01712448475038581,0.0027090174173585585
hef_gbdt_e5_finetuned_jina_oof,abt_buy,70,3,0.8893739846497966,0.01963752049303486,0.8957233989842686,0.03176172982188027,0.883495145631068,0.017502676094485425,0.9669690001703288,0.012403979098856216,0.9094285965046058,0.02068045398599795,0.02070349201920402,0.002983141877660398,0.01567019681274901,0.0014956101973811128
hef_gbdt_e5_finetuned_jina_oof,abt_buy,75,3,0.8959053734293405,0.010766177019730573,0.9089000912787321,0.02297068349546967,0.883495145631068,0.004854368932038833,0.9690413331062284,0.008545357813303687,0.9123657486736376,0.0029724263233293757,0.020334677826586493,0.0016472692247534622,0.016072572371845655,0.0032450977249251635
hef_gbdt_e5_finetuned_jina_oof,abt_buy,80,3,0.8753436527630075,0.01687715712777272,0.8918449131709846,0.015779488527326923,0.86084142394822,0.0461377910336028,0.9711737542345616,0.0027311337297595654,0.8992571121855367,0.02460095643653524,0.022509114599836233,0.0025075686557031467,0.01804739715300781,0.0016662615644547618
hef_gbdt_e5_finetuned_jina_oof,abt_buy,85,3,0.8889193289477745,0.00565493264010466,0.9266039318670898,0.016979831705343746,0.8543689320388349,0.00840801362897513,0.963366074301179,0.010668089109462878,0.900234698384792,0.013889698195691424,0.0207099717305145,0.001128224264363254,0.018907110287638095,0.002934901203121447
hef_gbdt_e5_finetuned_jina_oof,abt_buy,90,3,0.9046324481117443,0.009647136243462487,0.8915148928720391,0.03304877982245009,0.9190938511326862,0.017047983418855557,0.9834833172467307,0.0036655756565758335,0.923330208574771,0.015363906242754357,0.01814449839745304,0.0016299109977566306,0.011684283335645347,0.0003532753614503743
hef_gbdt_e5_finetuned_jina_oof,abt_buy,95,3,0.8942132033518264,0.003219611642791595,0.9215855542996926,0.016996513221101274,0.8689320388349514,0.0211597036094208,0.9759836484414921,0.008364724534990261,0.9168533058964596,0.0075917008965331765,0.019898267051775855,0.0007640864292012175,0.017066744162553573,0.0016116561164703964
hef_gbdt_e5_finetuned_jina_oof,abt_buy,100,3,0.8906077677632205,0.014436382363643807,0.8916960809370201,0.016854988180955953,0.889967637540453,0.026735779355757827,0.9784609852571018,0.005290371932439682,0.9161733348026937,0.013871651919822578,0.020657734341946343,0.002788715799306105,0.016497143738571633,0.0028264071895616216
hef_gbdt_e5_finetuned_jina_oof,amazon_google,1,3,0.5354284746680334,0.04717567660362877,0.4283746051641684,0.06661810456593066,0.7236467236467237,0.039476941483051385,0.863164842280918,0.015347457712781199,0.45088723720846985,0.03664013004729323,0.07686565790244033,0.001778426290195287,0.0584125340504454,0.008975454399015427
hef_gbdt_e5_finetuned_jina_oof,amazon_google,2,3,0.6053369761911409,0.006622170680239204,0.5426273989778412,0.01065582836382019,0.6851851851851852,0.025759460569836377,0.8901328197102845,0.012349921290975154,0.4807287144859094,0.017468490299024607,0.06213891545061487,0.0009980595821371713,0.02406134149020516,0.013220354137280543
hef_gbdt_e5_finetuned_jina_oof,amazon_google,3,3,0.6048182119470034,0.007905706937770306,0.5403208032552445,0.03863820732594063,0.6923076923076923,0.052513699689933795,0.8799143223621125,0.009342466486381748,0.4782821474271148,0.024117566537960867,0.06527375815118269,0.005454392989948021,0.03189493010317308,0.02506997201576914
hef_gbdt_e5_finetuned_jina_oof,amazon_google,4,3,0.6250195110431054,0.010841115746844637,0.545381459303615,0.021571270944725662,0.7336182336182336,0.03427694990175493,0.9154600952803964,0.0021922178996236046,0.5806904114751347,0.0055423757486315174,0.059613912897108615,0.003244752178114518,0.03470596028718147,0.012077990011026761
hef_gbdt_e5_finetuned_jina_oof,amazon_google,5,3,0.6377387597089434,0.018028813628099417,0.5541851266398328,0.018651317633552243,0.7535612535612536,0.0556103170824591,0.9206544404456012,0.005611773145572149,0.6045147264102474,0.03500291002335622,0.05632559457633062,0.001205062742798455,0.022288900219184216,0.006757401157732003
hef_gbdt_e5_finetuned_jina_oof,amazon_google,10,3,0.6605910985607301,0.010152922594752823,0.5693797462201537,0.029917780576088435,0.7891737891737892,0.03235845211282208,0.9266215724447876,0.004416869827029273,0.633548744556116,0.023366671342856398,0.05217802945182608,0.0006588449974927475,0.01767630683842411,0.010521919694516492
hef_gbdt_e5_finetuned_jina_oof,amazon_google,15,3,0.6649331319144318,0.004969741333402827,0.6061074822522082,0.04100114685942643,0.7421652421652422,0.05802111639434842,0.9260791687940789,0.006344049630231216,0.603949670066972,0.01578700622160332,0.053631948829186586,0.001656670297590926,0.024447292614977238,0.005430711039377005
hef_gbdt_e5_finetuned_jina_oof,amazon_google,20,3,0.661730498685216,0.0066467004744334,0.598800386449738,0.02406560851083263,0.7407407407407407,0.02192992068139691,0.9231710135061276,0.0059633862470345805,0.6023739380087779,0.022647341877890803,0.054418412838934144,0.002282801465263411,0.028124463798186995,0.0040663875605368455
hef_gbdt_e5_finetuned_jina_oof,amazon_google,25,3,0.6834456019983318,0.0029700122979528423,0.6236932357570538,0.015163564544154096,0.7564102564102564,0.015408338784034149,0.9414933949902381,0.005223798132584895,0.6379767829545543,0.01914536673967335,0.05074691194803528,0.0004526855135996265,0.02355592435451467,0.007903412511764197
hef_gbdt_e5_finetuned_jina_oof,amazon_google,30,3,0.6962703878609455,0.01464219201804031,0.6299052612679336,0.049529685510107384,0.7834757834757835,0.04726683767247025,0.9387796471332168,0.017557023448626165,0.6456811549179663,0.011670890247947322,0.04851385777379671,0.0012551529954336405,0.01727949375597576,0.0030460847262892524
hef_gbdt_e5_finetuned_jina_oof,amazon_google,35,3,0.6966081824747665,0.002177176127671285,0.6429948303385803,0.03994634974030139,0.764957264957265,0.05555555555555559,0.9424367207271529,0.005310812176360239,0.6859700100375693,0.022907548735984905,0.048102879454044144,0.001690836700331126,0.022232680780853338,0.0036588810537311668
hef_gbdt_e5_finetuned_jina_oof,amazon_google,40,3,0.7198659979875208,0.009228432592810724,0.6328399322765255,0.006844970567666729,0.8347578347578347,0.017271161898834958,0.9449979175574125,0.011332886289663767,0.7293966205019874,0.007497633159171192,0.04433759565989492,0.0007547103189970097,0.018379305297482745,8.292682619814622e-05
hef_gbdt_e5_finetuned_jina_oof,amazon_google,45,3,0.7180988674023989,0.009243207731982594,0.6543345543345543,0.018279574984539138,0.7962962962962963,0.020195793274583786,0.9434897033245746,0.005719625812089894,0.7083743255974285,0.03355286691258723,0.045419374340289226,0.0008934063902352868,0.0236740105473859,0.0015443897476418616
hef_gbdt_e5_finetuned_jina_oof,amazon_google,50,3,0.7221342884557164,0.0238997347699129,0.6396844402716296,0.04089011230655896,0.8304843304843305,0.006527885605350225,0.9461436069012562,0.0013876374473852833,0.699265298385989,0.0040345210606426265,0.045968443203470995,0.0016212947457838495,0.026094715541824975,0.0020350136242871224
hef_gbdt_e5_finetuned_jina_oof,amazon_google,55,3,0.7310126993453053,0.02512153874283912,0.7370880128835771,0.030901826031820533,0.7293447293447294,0.06908464759533985,0.9428587439757911,0.010517073750972668,0.6998359076060798,0.016363732161010787,0.04398648577353541,0.0009732692583477147,0.01721921053605334,0.001018745617911092
hef_gbdt_e5_finetuned_jina_oof,amazon_google,60,3,0.7246988106817351,0.03455216663875552,0.7325045688299545,0.037939895965479115,0.7250712250712251,0.09501541963334638,0.9317560733296527,0.022293889701368492,0.6922381497377444,0.034346705712860436,0.04399734871317513,0.00410766463658027,0.015469943779157922,0.004005375546775531
hef_gbdt_e5_finetuned_jina_oof,amazon_google,65,3,0.7637737461118453,0.007254933897381397,0.7353581856753104,0.0077131447403694965,0.7948717948717949,0.022613259068928106,0.9368290003307003,0.021368120562982474,0.7008196481383082,0.006778413592342662,0.04069929277411535,0.0007499673451513244,0.01559052785090658,0.0008593691463803757
hef_gbdt_e5_finetuned_jina_oof,amazon_google,70,3,0.7524677799116283,0.012692111473730509,0.7381207811055505,0.02726138254123299,0.7706552706552706,0.058335029143713045,0.940109712207818,0.014718909814082718,0.7097632599257385,0.016444367459720725,0.043860111919795976,0.0038825949765928887,0.027940625402424174,0.017226098594852204
hef_gbdt_e5_finetuned_jina_oof,amazon_google,75,3,0.7575742299429163,0.006684073471808214,0.7154724031712366,0.03590698214431494,0.8091168091168092,0.0569087873374307,0.9534999564139924,0.004295072368662634,0.7196327393868324,0.0046670007218148615,0.040643762078572,0.0029781211139000867,0.019341178919708227,0.00793382848657006
hef_gbdt_e5_finetuned_jina_oof,amazon_google,80,3,0.7682061207668807,0.012937325339059872,0.7180543336591724,0.03465008805595029,0.8276353276353277,0.028454393668715314,0.9518035613227455,0.005143152392172338,0.7318055214078814,0.018491876340835413,0.04063584126175936,0.0008128505696047549,0.021442510876123762,0.005507464367431526
hef_gbdt_e5_finetuned_jina_oof,amazon_google,85,3,0.7459299645898363,0.016823358557826972,0.6914609698295546,0.00644590071401366,0.8105413105413105,0.0410642031492865,0.9534930380000802,0.002008963023025704,0.7067999555170459,0.0068619235261888805,0.04334221428757181,0.002836451698745197,0.02436054957073078,0.006820561635282977
hef_gbdt_e5_finetuned_jina_oof,amazon_google,90,3,0.761071488633892,0.010286594927383288,0.7164752017623477,0.018306545365425756,0.811965811965812,0.014803853056144262,0.9520567752719282,0.005672920665351787,0.7193040329434749,0.024487631044426982,0.04102188681597959,0.0010654486955997636,0.017767041736992246,0.00487034758612302
hef_gbdt_e5_finetuned_jina_oof,amazon_google,95,3,0.7665742076292836,0.0009038091941765673,0.7172735976342679,0.008504112801470447,0.8233618233618234,0.012336544213453562,0.9560013089639121,0.000985711386339227,0.7500706579958766,0.019439214385393783,0.04034995098215706,0.001906212208922708,0.022416132965020884,0.008367633894150498
hef_gbdt_e5_finetuned_jina_oof,amazon_google,100,3,0.7616343442441567,0.011748459606440536,0.6987553046891226,0.016965469518043168,0.8376068376068376,0.02599471166794108,0.9568322104747554,0.010089753149670125,0.7698212295215163,0.01170695720119207,0.040204134563832934,0.0018129207908954839,0.019514965234295863,0.006496576975017719
hef_gbdt_e5_finetuned_jina_oof,link_lives_release2,1,3,0.8595442074159673,0.009125374950496673,0.7925290216540387,0.010773343492106284,0.9391794871794872,0.019077750188852025,0.9795358183638462,0.0011513640001975369,0.9033060176404228,0.002217616950512763,0.04021634425995764,0.0031469898289752823,0.02558002254839489,0.008464869158067668
hef_gbdt_e5_finetuned_jina_oof,link_lives_release2,2,3,0.8738221916998046,0.006945338915865491,0.8099064356264668,0.01775251075177761,0.949025641025641,0.009535152445026816,0.9837501769555985,0.0028028602889665043,0.916709924238283,0.01784774168075278,0.04162190602548143,0.0034354546761270993,0.036515375355557454,0.003338156005533268
hef_gbdt_e5_finetuned_jina_oof,link_lives_release2,3,3,0.8819558942026017,0.0028340656148279977,0.813264292972887,0.010059650407772925,0.9634871794871794,0.009604403986551402,0.986578928573706,0.0009816100310240975,0.9396165393504701,0.004221294485661333,0.033270967266991885,0.00193703587897698,0.023784063715198207,0.0027596377265240403
hef_gbdt_e5_finetuned_jina_oof,link_lives_release2,4,3,0.8863762706346104,0.00760003852853338,0.8296525461251542,0.015410872560398976,0.9515897435897436,0.004398314183054664,0.9861011293274412,0.0012434579832453667,0.9385235275339603,0.0020861660466147238,0.033712260586332636,0.0001447133706793235,0.028269571090706994,0.0010779869106189498
hef_gbdt_e5_finetuned_jina_oof,link_lives_release2,5,3,0.8899843479901943,0.00965056981249784,0.8389619500181248,0.01702786938985194,0.9477948717948718,0.00815432993243113,0.9876777208118914,0.0016712224078216879,0.9501798332582954,0.005227563300778264,0.034334213959911965,0.004351681191775779,0.030141882080740687,0.00629877144716934
hef_gbdt_e5_finetuned_jina_oof,link_lives_release2,10,3,0.9181199499374647,0.005026651405908665,0.8890246626449515,0.01718071055848151,0.9495384615384616,0.014022804757053357,0.990070664268998,0.0019842236760513224,0.9623867682325943,0.005820826968909706,0.023288355194146446,0.002547533691582081,0.016694573488569994,0.006439490884491273
hef_gbdt_e5_finetuned_jina_oof,link_lives_release2,15,3,0.9197226338892242,0.0033512509010870353,0.8912827238515769,0.015562705774674394,0.9503589743589743,0.013699508334228882,0.9899850305128843,0.0010203248177105568,0.9625061254210969,0.001608973211726142,0.023620338725556463,0.0013748417970849893,0.018786981863745653,0.0024945291096943848
hef_gbdt_e5_finetuned_jina_oof,link_lives_release2,20,3,0.9221791749215211,0.000715074143579874,0.9038182626089148,0.004126188033640411,0.9413333333333334,0.005170085399437367,0.9900779975640707,0.0012426242559981863,0.964146129852854,0.001990712957051956,0.024293198132224546,0.00045568954301407046,0.020968322976377605,7.45327313174155e-05
hef_gbdt_e5_finetuned_jina_oof,link_lives_release2,25,3,0.9244509999714291,0.003043893035023754,0.9026369040950367,0.007797618629733161,0.9473846153846154,0.0022188007849009337,0.9920192897544302,0.000510960801086143,0.9680672146106154,0.0015018044413929394,0.022578581905597406,0.0017886198922780077,0.01737541132763345,0.0028281396657899188
hef_gbdt_e5_finetuned_jina_oof,link_lives_release2,30,3,0.9258693876145152,0.0009814731642572077,0.9018934189814476,0.002849178433379488,0.9511794871794872,0.0052608486577362485,0.9914834235647466,0.0027218796004361044,0.96709958434126,0.0050430113507447805,0.022455181651254562,0.0007571583903813183,0.016519025965923174,0.0019158503983249264
hef_gbdt_e5_finetuned_jina_oof,link_lives_release2,35,3,0.9253699702961219,0.0040570123276051735,0.8972930595405408,0.011942215331556448,0.9553846153846154,0.006358147175314391,0.9921448389544635,9.900938886388689e-05,0.9686594786820995,0.002344392976036712,0.022438242161772464,0.0011977918700588654,0.016634951980530024,0.0012440569199486764
hef_gbdt_e5_finetuned_jina_oof,link_lives_release2,40,3,0.9255773034936235,0.002103203076441229,0.8937731147375566,0.0072782862019238476,0.9597948717948718,0.006323307750481344,0.9926378659473661,0.0013585149834521232,0.9697998772200014,0.002733585036904895,0.02083354305462798,0.0004481865514797434,0.014163640063620333,0.000632393456336049
hef_gbdt_e5_finetuned_jina_oof,link_lives_release2,45,3,0.9240468140063751,0.0036257786680922986,0.8931872341201251,0.0027133149283260992,0.9571282051282051,0.006232826504302977,0.9925359873484717,0.0016246017958024077,0.9697576635023175,0.0031448703138627705,0.022887114371121037,0.0012199326419947462,0.018250720903529055,0.002861649929044639
hef_gbdt_e5_finetuned_jina_oof,link_lives_release2,50,3,0.9276988437326968,0.003344636668112819,0.9026675216232127,0.014077564781639683,0.9543589743589743,0.008796628366109328,0.9930031469401028,0.0012605310937400156,0.9710953329510784,0.002537486638825597,0.021975474048778712,0.0006593619239329273,0.01676621989446613,0.0013950996872098245
hef_gbdt_e5_finetuned_jina_oof,link_lives_release2,55,3,0.926713158804016,0.007573296564598891,0.8939561623845218,0.022194915077690447,0.9623589743589743,0.009540115654755692,0.9928842869805317,0.0009880087020397758,0.9705584732423,0.002589326653030422,0.021007381418413035,0.002683310643947396,0.015183252337190993,0.0036674728795272546
hef_gbdt_e5_finetuned_jina_oof,link_lives_release2,60,3,0.9219948876305479,0.006321269749659085,0.8889289665611474,0.014341309524297791,0.9577435897435898,0.0037600621086816876,0.9919407469758129,0.0009306999088362878,0.967463727374186,0.00449602018062002,0.022830717111675666,0.0021053821858314932,0.017560635934995582,0.0028563649558409417
hef_gbdt_e5_finetuned_jina_oof,link_lives_release2,65,3,0.9286237010145847,0.003944123627431274,0.8898187917527827,0.011432665441661076,0.9710769230769231,0.0050839112744179545,0.994171908378449,0.000917878586580348,0.9733667614076839,0.001753882003093282,0.020794056333322767,0.0008084874899430911,0.016091738199581745,0.0023877343956377355
hef_gbdt_e5_finetuned_jina_oof,link_lives_release2,70,3,0.9303359298376312,0.003201019992127399,0.8975367153552563,0.004392129312117049,0.9656410256410256,0.004945461928714366,0.9931541426740382,0.0017894354493192264,0.9714830915499395,0.0038857435483547376,0.02178445039419932,0.0011886109121764972,0.017971140412423293,0.0018147742073310095
hef_gbdt_e5_finetuned_jina_oof,link_lives_release2,75,3,0.9334133767497652,0.011238921546168536,0.9048559197712844,0.02520337653186489,0.9642051282051282,0.006382916054359622,0.9936229857351468,0.0003307950300924707,0.9716929689718572,0.003935712660452542,0.020641832297763254,0.004307357161344544,0.016323827161056185,0.005032272804475572
hef_gbdt_e5_finetuned_jina_oof,link_lives_release2,80,3,0.9309930553256552,0.000648505975650876,0.8962428487203484,0.006071801257260079,0.9686153846153847,0.0073524942432913725,0.9936286132420178,0.0001997433212513436,0.9725537427905468,0.0005467491764661203,0.019918672629254685,8.995766921342161e-05,0.014211900800758764,0.0011387015634303924
hef_gbdt_e5_finetuned_jina_oof,link_lives_release2,85,3,0.9342801571078571,0.0013939064294424262,0.9104968537542922,0.005666769961919859,0.9593846153846154,0.005648479923287927,0.9938537294588028,0.0011070842927663267,0.9749679197984314,0.0022449798626416853,0.018974157030272987,0.0008951138242167098,0.013706607744893443,0.0024982273399134507
hef_gbdt_e5_finetuned_jina_oof,link_lives_release2,90,3,0.9289615282581273,0.002113673175166687,0.8910734353356201,0.006690888316325625,0.9702564102564103,0.0035926727975665656,0.9936011006319387,0.0006441778829476794,0.9726274700006663,0.0006032146433793431,0.021968924215366097,0.0012390591268523327,0.018710809582825273,0.0023375070152930892
hef_gbdt_e5_finetuned_jina_oof,link_lives_release2,95,3,0.9327627146014226,0.0021561833361309797,0.8979901078250977,0.0044186685244180495,0.9703589743589743,0.0042672090385056,0.9938784904890351,0.0005071862648593113,0.9737019068805498,0.0012009104413431952,0.020768744319138888,0.001355076280317166,0.016677523371960268,0.0014079000268348474
hef_gbdt_e5_finetuned_jina_oof,link_lives_release2,100,3,0.9351582777844865,0.0018018671245836311,0.910439138770659,0.008472938100781268,0.9613333333333333,0.005709606424499161,0.9950011669504333,0.0006155886447373162,0.9763059948399864,0.0019287818481921605,0.02045668043365244,0.001805781234120596,0.01755301150016882,0.003499022694807836
hef_gbdt_e5_finetuned_jina_oof,walmart_amazon,1,3,0.6518805707057213,0.04517644123922672,0.5749981844589688,0.09993461919907295,0.770293609671848,0.07442646433994907,0.9153815660175093,0.021086728283731457,0.5536140109108654,0.07799536909656896,0.05739291290060842,0.004020652982618542,0.04911375395552969,0.01451513665716214
hef_gbdt_e5_finetuned_jina_oof,walmart_amazon,2,3,0.7296013579661539,0.02245068601135896,0.6500206782464847,0.0518874645273531,0.8359240069084628,0.04188033040753766,0.9593225165267107,0.006590709356042765,0.6680217450172089,0.05990166567569985,0.049896684210466884,0.007440221056769644,0.07589145930573427,0.034163145638925266
hef_gbdt_e5_finetuned_jina_oof,walmart_amazon,3,3,0.7572468058790247,0.01571847451108634,0.7255937259036429,0.08085596295971248,0.8031088082901554,0.07253886010362696,0.9670866275087845,0.0029061590081108355,0.8122222913042056,0.03334794722097271,0.0363393670430308,0.005109258488424907,0.02327652713515287,0.006992768972260433
hef_gbdt_e5_finetuned_jina_oof,walmart_amazon,4,3,0.7614114114114114,0.03433582996651982,0.7187394298064832,0.066584135581326,0.8134715025906736,0.033976365410891204,0.9742509938359836,0.0011594248082512548,0.8266151154955506,0.027413934723564765,0.033706016850153266,0.004094522794744152,0.02400105264683037,0.009290760727690053
hef_gbdt_e5_finetuned_jina_oof,walmart_amazon,5,3,0.7976464148877942,0.008539114126343814,0.7562046536313514,0.01487893683851488,0.844559585492228,0.026923069547702787,0.9542835447561193,0.01338954081764626,0.8524071616071842,0.02060447976038866,0.03129207860190894,0.004488176575603579,0.022084050844645278,0.016759186556102396
hef_gbdt_e5_finetuned_jina_oof,walmart_amazon,10,3,0.8438665654036521,0.011172261380415062,0.8727956770329652,0.013130690838543985,0.8169257340241796,0.015829277011937266,0.9527704573878863,0.008699506828969666,0.881286952447458,0.007433434545017289,0.025774512409263803,0.0009489700252507905,0.018903650983854176,0.004482715233466322
hef_gbdt_e5_finetuned_jina_oof,walmart_amazon,15,3,0.834892443564937,0.016157568723663477,0.8500970965081758,0.025328783912778336,0.8203799654576857,0.010785834194125033,0.9659587911678875,0.010535237382684321,0.9004536824692404,0.007808719293511904,0.023716712395466938,0.0008807980009773791,0.013064184800155608,0.002465027035832426
hef_gbdt_e5_finetuned_jina_oof,walmart_amazon,20,3,0.8532940836721922,0.005744212929202893,0.863405400474366,0.02253091046930484,0.844559585492228,0.03235750258237513,0.9511070848966708,0.01158521685337824,0.8931377704726806,0.011327978566295523,0.023153471321918306,0.0008131162376199627,0.012913962800410718,0.0026913153147312915
hef_gbdt_e5_finetuned_jina_oof,walmart_amazon,25,3,0.8407482235452276,0.013514917361840935,0.8663256070170964,0.003394304546397183,0.8169257340241797,0.026078875424078565,0.9513090159907093,0.00916489731232144,0.8901163531279348,0.011026268663539297,0.02307302491300634,0.0009725040651824747,0.014506704603911336,0.004708851224667082
hef_gbdt_e5_finetuned_jina_oof,walmart_amazon,30,3,0.8493542937671572,0.017931845324064475,0.8530145719489982,0.03265616396700115,0.846286701208981,0.018196293182819935,0.9498987552855697,0.010319470867668724,0.8873439233527821,0.016110447073657243,0.023305702334302177,0.0018638512882805727,0.015600978193719708,0.006115564380660272
hef_gbdt_e5_finetuned_jina_oof,walmart_amazon,35,3,0.8524742410777334,0.008936554585126065,0.8833756562918225,0.002690782762062063,0.8238341968911916,0.01868161282623829,0.958742313590614,0.013663443635772632,0.9027596531062881,0.01784109508619911,0.022193428444584263,0.0012453509737850546,0.016142141217819827,0.002353071937666609
hef_gbdt_e5_finetuned_jina_oof,walmart_amazon,40,3,0.8560406994863924,0.00555168152106528,0.8891229803423055,0.03768630789445167,0.8272884283246977,0.03675957971294083,0.9695065436841165,0.015867787977857418,0.9177466675308037,0.01958220578322617,0.02240984330869448,0.0003902628043336121,0.015663765635586364,0.0015129514977129481
hef_gbdt_e5_finetuned_jina_oof,walmart_amazon,45,3,0.8639746708712226,0.0014195024202689867,0.8848025669368705,0.019707409909894814,0.844559585492228,0.015544041450777202,0.9668223490262641,0.014670118892985615,0.9121274898566084,0.023712087855219596,0.021867576175717336,0.0002517255003872048,0.01695574125320799,0.0010613877635890282
hef_gbdt_e5_finetuned_jina_oof,walmart_amazon,50,3,0.8617479725603405,0.005087157924281086,0.8979040121257367,0.022196090060275443,0.8290155440414507,0.020725388601036288,0.9627344075695313,0.0066117902227500105,0.9057157427134238,0.015036820990642038,0.021093820963087633,0.0009604605311901936,0.016271009852085766,0.0012190178848128068
hef_gbdt_e5_finetuned_jina_oof,walmart_amazon,55,3,0.861426681970415,0.005769529793586486,0.8753294890816113,0.01169734386381054,0.8480138169257341,0.0029914521719669835,0.9514495302543028,0.019225913546018783,0.8936148060471601,0.022310068849477956,0.02298629969064275,0.0004196110924717092,0.019493565608105556,0.0002049430477764647
hef_gbdt_e5_finetuned_jina_oof,walmart_amazon,60,3,0.8632453457195725,0.01186812956111834,0.8595591186168597,0.008370645466113583,0.8670120898100173,0.016655700796188198,0.9579685545828122,0.017683901965017228,0.904134080803246,0.020162609572970915,0.022079341867144067,0.0005820684074432264,0.01825380471702006,0.00189509763107057
hef_gbdt_e5_finetuned_jina_oof,walmart_amazon,65,3,0.864943434632386,0.002039692347648593,0.8801454430173851,0.030496687917553004,0.8514680483592401,0.026588608494543475,0.9587716261687809,0.010714587470147826,0.9065959816929754,0.004049694617026456,0.021342075430173274,0.0003513983169440476,0.015465319442349065,0.0018338317590287766
hef_gbdt_e5_finetuned_jina_oof,walmart_amazon,70,3,0.8671128539050976,0.0029257031825128677,0.8981417887667887,0.033105077053911344,0.8393782383419689,0.025906735751295318,0.9616149462509678,0.01347349310040521,0.9010687607319007,0.015575653363490004,0.021384617230365676,0.0005862977128449223,0.01591671836250114,0.0022162025961847713
hef_gbdt_e5_finetuned_jina_oof,walmart_amazon,75,3,0.866328299270513,0.010609186954456715,0.8710019816271741,0.0150081026549791,0.8618307426597582,0.013039437712039286,0.9719329737657079,0.010130764214340967,0.9209146927420957,0.01311129865692469,0.02140544950193715,0.0021956480338102343,0.01732938638205871,0.002599518717399869
hef_gbdt_e5_finetuned_jina_oof,walmart_amazon,80,3,0.8781864696414813,0.0035226526069427177,0.8914984914352403,0.007251062353249373,0.8652849740932642,0.0,0.9721349048597463,0.007730121543182404,0.9266843282955237,0.006051344552445241,0.018881030365426234,0.0007049704004496721,0.012771407005707117,0.0010166832006419384
hef_gbdt_e5_finetuned_jina_oof,walmart_amazon,85,3,0.8612618020495958,0.016590540572061028,0.8692195625789888,0.04734963462804418,0.8549222797927462,0.015544041450777202,0.9726964966351022,0.004282881512361395,0.926066037328601,0.0023783569956072202,0.02060258393000824,0.0002855765264220281,0.015146702927755357,0.003809280826608298
hef_gbdt_e5_finetuned_jina_oof,walmart_amazon,90,3,0.8587830123312371,0.011317010472799772,0.8559092259997765,0.004335198147258487,0.8618307426597582,0.020940165203768825,0.9751229267166934,0.009856871195352945,0.9269560329292301,0.008376490436556366,0.020889724487558197,0.00130264424482637,0.016658841296863246,0.0025621220881114834
hef_gbdt_e5_finetuned_jina_oof,walmart_amazon,95,3,0.861482318438275,0.009878688734275769,0.8686609702421604,0.008615333357224846,0.8549222797927462,0.027417112031757385,0.965423255017569,0.01335228152187683,0.9122362027239601,0.022975976198101645,0.02032409584414184,0.0020403354514049576,0.011276926799338652,0.0013025567894074512
hef_gbdt_e5_finetuned_jina_oof,walmart_amazon,100,3,0.865221491348969,0.009056263960879565,0.8780034034502673,0.023429565864350157,0.853195164075993,0.01196580868786787,0.9680097410815318,0.022035724923838165,0.9143505733479665,0.02820736986829992,0.020281237630626035,0.0008756687948811855,0.01582572590085554,0.0023631350769408124
hef_gbdt_e5_finetuned_jina_oof,wdc_80_medium_seen,1,3,0.5622940737592731,0.018441401635558168,0.48200792147097754,0.02168220854019618,0.678,0.05902541825349481,0.8465378333333332,0.021527006576526984,0.42424156025004317,0.021435513797960198,0.08395645793174682,0.009030240309993963,0.07630962526482578,0.06338263008158455
hef_gbdt_e5_finetuned_jina_oof,wdc_80_medium_seen,2,3,0.6012109829543701,0.009727321574966573,0.5255890058239656,0.016783414817923767,0.7026666666666667,0.008082903768654767,0.8812323333333333,0.00846583310037073,0.5191066781608746,0.023578583075125736,0.07109287558140641,0.006140633378769994,0.04980528534286375,0.005035026097134364
hef_gbdt_e5_finetuned_jina_oof,wdc_80_medium_seen,3,3,0.5930494139713886,0.017066338374031313,0.5851155917205859,0.02469166379843973,0.6053333333333334,0.06027713773341708,0.8912390833333332,0.014217369320511927,0.5541168932436427,0.0044334504535791025,0.07114867136781855,0.0018665606241948104,0.03702372425746479,0.0030065272596921876
hef_gbdt_e5_finetuned_jina_oof,wdc_80_medium_seen,4,3,0.615012251173275,0.01241268897272483,0.6103799412707299,0.013945119150133668,0.6213333333333333,0.04085747585611887,0.8970381666666666,0.008671477701109175,0.5952235187560498,0.015851815710311974,0.06587699778735999,0.0022101027408692204,0.027072501248113157,0.007044118977160903
hef_gbdt_e5_finetuned_jina_oof,wdc_80_medium_seen,5,3,0.6290499769659161,0.01654214261559769,0.5694296486829564,0.03810805196633056,0.706,0.039344631145811985,0.9055245000000001,0.006107934941533017,0.6004640991190618,0.02691663284429746,0.06394345812414427,0.0021035245649046923,0.028681063323639507,0.008317411059511544
hef_gbdt_e5_finetuned_jina_oof,wdc_80_medium_seen,10,3,0.6527501093049487,0.006816440528359174,0.6331019223319958,0.013837255462904707,0.6746666666666666,0.029687258770949736,0.89732975,0.0076932986585729725,0.5951443134714276,0.024090551366069572,0.06225395476257508,0.001065255444790791,0.03215983327059805,0.0026098508387127194
hef_gbdt_e5_finetuned_jina_oof,wdc_80_medium_seen,15,3,0.65334988658739,0.014911334430155458,0.6131905563669804,0.037348906427585093,0.706,0.07408103670980853,0.91040425,0.009557651332832722,0.601811909090693,0.021148685151894574,0.06440366709132034,0.003720079508916224,0.033059076040829465,0.01755940943724971
hef_gbdt_e5_finetuned_jina_oof,wdc_80_medium_seen,20,3,0.68956791754461,0.006811667762843708,0.6390268327314332,0.02619761713946039,0.7506666666666667,0.03300505011863086,0.9210628333333333,0.005058850748523164,0.6645078123930567,0.007782966494239599,0.055804013158869806,0.001457413912408564,0.030868520151590837,0.004582527356738799
hef_gbdt_e5_finetuned_jina_oof,wdc_80_medium_seen,25,3,0.689079566913914,0.010503598003427643,0.6192888989220611,0.026685180447356745,0.778,0.02357965224510321,0.9326748333333333,0.0050699279108122036,0.6738979843303605,0.029909172650590662,0.0581080847865782,0.0033009755409897003,0.032684317401693655,0.005940761032641584
hef_gbdt_e5_finetuned_jina_oof,wdc_80_medium_seen,30,3,0.6950946787833572,0.005530086507707138,0.6463436249285306,0.022078943827757633,0.7526666666666667,0.017009801096230782,0.924067,0.006002090281726802,0.6662879872235881,0.013118180064360517,0.054130143027905996,0.0006002375122595391,0.022991459741093616,0.002443980991048057
hef_gbdt_e5_finetuned_jina_oof,wdc_80_medium_seen,35,3,0.7060776611812403,0.014384332173218434,0.6588374725183386,0.028836263608676794,0.7613333333333333,0.005773502691896263,0.9289808333333334,0.0008995460429202256,0.6682671744295705,0.021343928962521883,0.05372456117574093,0.003396085690945025,0.026506203126553288,0.003943789148511068
hef_gbdt_e5_finetuned_jina_oof,wdc_80_medium_seen,40,3,0.7249245771693478,0.006154832676290347,0.7028693635680024,0.060107764730694346,0.7553333333333333,0.05981081284628501,0.9215013333333334,0.009990926059221566,0.6965814955712266,0.002834092708203402,0.05474240437309529,0.0031249299282762513,0.04412429649856838,0.002824437984814547
hef_gbdt_e5_finetuned_jina_oof,wdc_80_medium_seen,45,3,0.7124649213128538,0.0018065203220200324,0.6760012496311719,0.008049386555541691,0.7533333333333333,0.014047538337136997,0.9299864166666667,0.008337402436960338,0.7175036792724842,0.00954635947346848,0.054220778143680405,0.0003380003902428125,0.038647238588862855,0.0017959324861147336
hef_gbdt_e5_finetuned_jina_oof,wdc_80_medium_seen,50,3,0.7214283098206531,0.013112170524163847,0.6692904633958592,0.0425775472080045,0.7853333333333333,0.030287511177601423,0.9203713333333333,0.03215375526312338,0.7088090776376667,0.03373833182797598,0.04964017054944355,0.0023898995828897872,0.033614115941419304,0.004287775956540407
hef_gbdt_e5_finetuned_jina_oof,wdc_80_medium_seen,55,3,0.733905138368287,0.007387284372598031,0.702218648848511,0.006494251082894475,0.7686666666666667,0.012701705922171779,0.9286089166666667,0.003269920491515644,0.7117593941760944,0.03285225057200017,0.05326117849968846,0.0013250912809404062,0.0428932134646215,0.0028799509612841847
hef_gbdt_e5_finetuned_jina_oof,wdc_80_medium_seen,60,3,0.7348536826391028,0.004360499699935055,0.6998978612829797,0.03323004015100098,0.776,0.03831448812133607,0.9324921666666667,0.011373377041729256,0.7182748637727727,0.04049397032890243,0.053441895794121716,0.0026728410134445307,0.040676278599500376,0.005125134224552701
hef_gbdt_e5_finetuned_jina_oof,wdc_80_medium_seen,65,3,0.7388717510520633,0.010079458768873105,0.7109759075058714,0.027385956515836404,0.7713333333333333,0.04460194315647392,0.9347204166666666,0.01749366784070263,0.73097717836034,0.03726357205559216,0.05145578250469116,0.0010302889530036023,0.04099843186933239,0.0010119191869494882
hef_gbdt_e5_finetuned_jina_oof,wdc_80_medium_seen,70,3,0.7450753062899054,0.00742990024411771,0.7195364490039624,0.009168538917084676,0.7726666666666667,0.014742229591664,0.9321284999999999,0.008551369506546811,0.7140799633928887,0.015905105779109856,0.05361182888771694,0.0009681821954474064,0.04551725210291253,0.0021903335645580614
hef_gbdt_e5_finetuned_jina_oof,wdc_80_medium_seen,75,3,0.7511915014901913,0.0014429641019027268,0.7210830398977743,0.0048619104161104635,0.784,0.008000000000000007,0.9387293333333333,0.0046350579643983855,0.7322555622139091,0.018233589532630524,0.052285401108008,0.00296367514009462,0.042244336023446925,0.0019673556659771507
hef_gbdt_e5_finetuned_jina_oof,wdc_80_medium_seen,80,3,0.7518577296231119,0.005396761863419149,0.7236397837092787,0.024972194935112164,0.7833333333333333,0.020033305601755643,0.9352288333333333,0.002021433994923693,0.7239878377791451,0.0242022883997775,0.05121537415784467,0.0018746889295363728,0.042535482836652844,0.003100306940889369
hef_gbdt_e5_finetuned_jina_oof,wdc_80_medium_seen,85,3,0.7551400810841593,0.009598938629087889,0.7189897930309699,0.02694773619456579,0.796,0.016370705543744854,0.9422315,0.0015591520732436703,0.7536587884934973,0.006028511038564118,0.05130178101683266,0.003997611932636665,0.040983601355810216,0.004806542917328194
hef_gbdt_e5_finetuned_jina_oof,wdc_80_medium_seen,90,3,0.7585477669699298,0.0026072436448085034,0.7262889590425234,0.021210165973018596,0.7946666666666666,0.021385353243127212,0.9425508333333333,0.006261435589849462,0.754015693358451,0.011408482626646784,0.04967414955345634,0.002182011881021189,0.04009402134560411,0.003265583620102069
hef_gbdt_e5_finetuned_jina_oof,wdc_80_medium_seen,95,3,0.7501078566758198,0.010892601034655898,0.7193297338453456,0.021415700748698616,0.7853333333333333,0.04051337227796931,0.9400651666666666,0.008092052668874153,0.734375719456542,0.015348696633883113,0.04965314398001471,0.0035280847223547857,0.040508385246613564,0.005802605863266645
hef_gbdt_e5_finetuned_jina_oof,wdc_80_medium_seen,100,3,0.7606071522584875,0.01283685330225472,0.7206893807503564,0.02979534474855003,0.806,0.01039230484541321,0.9426023333333333,0.004316452205901628,0.7289585116922769,0.00860918351849767,0.05006717481265461,0.0026807060105826976,0.040844092059310215,0.0014678062111347324
hef_gbdt_e5_finetuned_jina_oof,wdc_80_medium_unseen,1,3,0.6266414228412392,0.027954349164732755,0.5230966676564183,0.021549834139574234,0.7813333333333333,0.039106691669499885,0.880573,0.02032700529468124,0.467158081799388,0.016163104887555776,0.07916648630672028,0.010776908410259743,0.08160582517528196,0.06261355351380185
hef_gbdt_e5_finetuned_jina_oof,wdc_80_medium_unseen,2,3,0.6738778249340226,0.00626152998912951,0.5875806679448071,0.007941728587374856,0.79,0.010392304845413272,0.9034430833333332,0.0060863615841760125,0.6031101812204676,0.01467158592798558,0.05802765416905442,0.001196558609431313,0.030719382915111778,0.008774030981404876
hef_gbdt_e5_finetuned_jina_oof,wdc_80_medium_unseen,3,3,0.6897772102329878,0.00543297693776956,0.6796815832599833,0.010108770785400307,0.7006666666666667,0.02138535324312721,0.9113065,0.00627735581276065,0.626429975904213,0.008792498287689094,0.05731486847079746,0.0005511568855930451,0.021012137302021342,0.005798121706513255
hef_gbdt_e5_finetuned_jina_oof,wdc_80_medium_unseen,4,3,0.6893726506115495,0.00948073859494975,0.6660329736693389,0.021924711551295637,0.7153333333333333,0.024193663082165428,0.9197689166666667,0.006948991277216675,0.6510986040983199,0.013792488115818789,0.055411766094136054,0.001950461611271811,0.01803513251234639,0.0008834197347098163
hef_gbdt_e5_finetuned_jina_oof,wdc_80_medium_unseen,5,3,0.6938091615956727,0.01057226477765116,0.6342606341480497,0.0296380076625646,0.7673333333333333,0.025006665778014758,0.9268064166666666,0.0013796518205088251,0.658060401440481,0.0301289434603478,0.053684884494224656,0.002754463141172566,0.016012780289638963,0.005975774895002801
hef_gbdt_e5_finetuned_jina_oof,wdc_80_medium_unseen,10,3,0.7128944829503607,0.0022550478776085935,0.6999487319852574,0.013783248087483331,0.7266666666666667,0.013012814197295434,0.9167903333333334,0.006571163711309703,0.6507864013569843,0.02313155712722056,0.05384984048790327,0.0007316083131856049,0.03191790828282905,0.0034565467770773808
hef_gbdt_e5_finetuned_jina_oof,wdc_80_medium_unseen,15,3,0.7201545773832139,0.005223330813316248,0.6769851256046245,0.02086557015087574,0.77,0.018330302779823376,0.9312116666666667,0.001365050945325248,0.650136920265884,0.005541896999761221,0.05394014448979089,0.0002867450749237255,0.029191724025145666,0.0012531706231908107
hef_gbdt_e5_finetuned_jina_oof,wdc_80_medium_unseen,20,3,0.7407591287092024,0.004453243041377936,0.6880840297764641,0.017289682752834618,0.8026666666666666,0.01331665623695875,0.9443655,0.0013610700523852262,0.7262654764401265,0.00028636985630265473,0.04789244522847028,0.0005997528206121529,0.02058953767399475,0.004039748097521295
hef_gbdt_e5_finetuned_jina_oof,wdc_80_medium_unseen,25,3,0.7372461903906162,0.01268801032482191,0.7100549566397335,0.01681547490256257,0.7673333333333333,0.029143323992525883,0.9416059166666667,0.008104004574642956,0.7248305339583916,0.015079939694647933,0.04871776758034596,0.0014180249486877314,0.02240989624943023,0.006655884968843734
hef_gbdt_e5_finetuned_jina_oof,wdc_80_medium_unseen,30,3,0.7404599467661507,0.008679011208531122,0.6789207261619633,0.017695760906753996,0.8146666666666667,0.012220201853215524,0.9438483333333333,0.0009004929668428079,0.7212166495799855,0.015563581995561243,0.04725153276182489,0.0013487101411367008,0.01644456710002704,0.005299136472514808
hef_gbdt_e5_finetuned_jina_oof,wdc_80_medium_unseen,35,3,0.7327994548822204,0.022295539772252123,0.6862698654331217,0.05415297385312673,0.7893333333333333,0.024846193538112255,0.9425060833333334,0.005253786309256749,0.6967357099449616,0.018464342419739637,0.049851618362809276,0.003856691473362664,0.021194544920643033,0.008830063146860093
hef_gbdt_e5_finetuned_jina_oof,wdc_80_medium_unseen,40,3,0.7400861809327034,0.004262866719722137,0.7001525477813348,0.059976937987818425,0.7926666666666666,0.06530951946947194,0.9411676666666666,0.007963720084441317,0.6998139907879719,0.012974399085477055,0.05195644636058706,0.002254530808939458,0.039005623560389266,0.0008216333186516512
hef_gbdt_e5_finetuned_jina_oof,wdc_80_medium_unseen,45,3,0.7420912398210611,0.004627981955247242,0.681814834558017,0.027091218509259486,0.8160000000000001,0.034698703145794915,0.9494006666666667,0.006703738832422713,0.7459627970142434,0.03317705826401276,0.048395051415102766,0.00259854949230187,0.03161011598769803,0.0020019931598486375
hef_gbdt_e5_finetuned_jina_oof,wdc_80_medium_unseen,50,3,0.7537044224351734,0.006729771534766113,0.7139404530796121,0.01611454974954031,0.7986666666666666,0.018903262505010388,0.9380356666666666,0.021465647534685137,0.7436476470846272,0.0341683876786522,0.045932858115436404,0.0025316521535044645,0.02766570074321526,0.004125338106840078
hef_gbdt_e5_finetuned_jina_oof,wdc_80_medium_unseen,55,3,0.7426792603865611,0.007484639142911314,0.6970782585896822,0.007115939663876116,0.7946666666666667,0.008082903768654767,0.943653,0.0032791423897872932,0.710917462846157,0.014801922816444591,0.05114366645341364,0.0020571520914965486,0.03901455386722277,0.003347105891768902
hef_gbdt_e5_finetuned_jina_oof,wdc_80_medium_unseen,60,3,0.7426181286722486,0.015553745337615329,0.7164381665794646,0.0302262935957287,0.7713333333333333,0.005033222956847171,0.9482209166666666,0.012831240188338505,0.7242906032516869,0.008765574975369572,0.05154862246794528,0.004062624472373827,0.03879227684598381,0.002316394624311848
hef_gbdt_e5_finetuned_jina_oof,wdc_80_medium_unseen,65,3,0.7583292233802225,0.004879175396213894,0.7339036666326555,0.0059916675575457596,0.7846666666666667,0.016653327995729078,0.9481313333333333,0.009824894097181597,0.7450902980799465,0.03325707975683046,0.04816674247714127,0.004425035810439015,0.03872171688974928,0.00710301757098711
hef_gbdt_e5_finetuned_jina_oof,wdc_80_medium_unseen,70,3,0.7557346570825564,0.006211408176307002,0.721736119818362,0.004810186539312023,0.7933333333333333,0.018583146486355093,0.9426548333333333,0.006014972367628432,0.7186699796980557,0.021257344186273293,0.05040574874708118,0.002290541371447077,0.04256745255887234,0.005260635305010675
hef_gbdt_e5_finetuned_jina_oof,wdc_80_medium_unseen,75,3,0.7587396470481503,0.0032877967296108144,0.7259546758328039,0.001834539864301604,0.7946666666666667,0.008326663997864539,0.94712475,0.005991034035331461,0.72478021709169,0.018447607384420393,0.05050564157937483,0.0018922944828886645,0.04102628470487329,0.002906058879290667
hef_gbdt_e5_finetuned_jina_oof,wdc_80_medium_unseen,80,3,0.7623618657114054,0.010795941536362066,0.7113628407543735,0.030347869285138596,0.8226666666666667,0.025006665778014695,0.948413,0.0093873135434212,0.7168266625608637,0.034626841622324336,0.048580693796619764,0.0053075805052975045,0.037484044484342345,0.008722579358816717
hef_gbdt_e5_finetuned_jina_oof,wdc_80_medium_unseen,85,3,0.756179117809001,0.0034920376541659466,0.7298470284879736,0.009348130436011211,0.7846666666666667,0.01171893055416464,0.9456271666666667,0.0013602166723847167,0.7281949070461433,0.015410273537300779,0.050002311326398693,0.002470362228803823,0.03987991837565527,0.0032798468189686463
hef_gbdt_e5_finetuned_jina_oof,wdc_80_medium_unseen,90,3,0.7508655850778119,0.00768207578854421,0.7021627459505257,0.019888588169361975,0.8073333333333333,0.012701705922171715,0.94109225,0.0083728686056512,0.6848610481416756,0.02892670392472269,0.05265119989594933,0.00011249540819098535,0.04386920135572689,0.0031080279925736966
hef_gbdt_e5_finetuned_jina_oof,wdc_80_medium_unseen,95,3,0.7547737693215825,0.009832587369736799,0.7060614951604263,0.03955579506454311,0.8133333333333334,0.0330050501186308,0.9466339166666666,0.006918658045158294,0.7056650203410896,0.0252401746806835,0.05211386359614323,0.004257316305354204,0.04605343099060516,0.005943465407269725
hef_gbdt_e5_finetuned_jina_oof,wdc_80_medium_unseen,100,3,0.7573638778550209,0.003454907934498711,0.7178519478905367,0.017564595545434457,0.802,0.015099668870541453,0.9576939166666667,0.01307264322051336,0.7516712156210124,0.04144797070219959,0.04904539553579931,0.0032633885549015924,0.03825159227158143,0.005519439213033945
hef_gbdt_e5_finetuned_roberta_oof,abt_buy,1,3,0.5009000419162681,0.03103342288895227,0.40269129226319816,0.05731029460457122,0.6779935275080906,0.06446143782214266,0.8575725316527565,0.007787321472190466,0.3873343937058746,0.03931462084635308,0.08567874080721662,0.010650609451403175,0.0489473894901433,0.013746620281030342
hef_gbdt_e5_finetuned_roberta_oof,abt_buy,2,3,0.49815879192200646,0.05736955739111566,0.41242410104198723,0.08512976427817504,0.6488673139158576,0.0631690009577448,0.8732224304017866,0.026284975155933053,0.48442564153290124,0.08555022725740194,0.07814597171843815,0.010869425253218865,0.04895689896407149,0.020662863202813027
hef_gbdt_e5_finetuned_roberta_oof,abt_buy,3,3,0.601840903207693,0.050116171504531064,0.6301476301476302,0.1697538877325008,0.6181229773462783,0.11734460038392164,0.9111702530327978,0.006888705667631375,0.6355439866591526,0.046089178160142914,0.06675259012648821,0.008593261279348258,0.05410417038843877,0.02665672345055113
hef_gbdt_e5_finetuned_roberta_oof,abt_buy,4,3,0.696507444194185,0.04410605849553799,0.6848503402737761,0.05741647403344863,0.7265372168284789,0.13490721260255475,0.9379411987357823,0.011245220541405015,0.6805199995237622,0.05330492582731034,0.059141055871273406,0.012213471191744195,0.050970329772098644,0.0386567375647308
hef_gbdt_e5_finetuned_roberta_oof,abt_buy,5,3,0.660143054015223,0.02565500714379457,0.5954437869299318,0.08440943937263844,0.7572815533980582,0.08751338047242689,0.9392380627945267,0.009616513548814605,0.6619210441086955,0.05043986826355945,0.05282230217485093,0.004737902919004382,0.021186840670110757,0.0064205014965948775
hef_gbdt_e5_finetuned_roberta_oof,abt_buy,10,3,0.7579477531920116,0.04217124355119405,0.6995200947762618,0.08004137976895358,0.8333333333333333,0.041285924990851354,0.9598142470523666,0.005850138819700605,0.7612057376358424,0.05909304211009151,0.041535193636193575,0.005756667884929898,0.026240142579016627,0.010159244381991672
hef_gbdt_e5_finetuned_roberta_oof,abt_buy,15,3,0.8097724905064355,0.003912546342226709,0.7880942706216986,0.019817468686932214,0.8333333333333333,0.019618698467608633,0.9664248944908117,0.007651135702697995,0.8442282686474466,0.013690935345720242,0.03791332736773877,0.0032956960648115835,0.03084913827187013,0.004841459842019992
hef_gbdt_e5_finetuned_roberta_oof,abt_buy,20,3,0.8082485270642665,0.03442592632973068,0.7448127331936714,0.05468412115556053,0.8851132686084143,0.011210684838633505,0.9758454929124322,0.0021362483372446817,0.849258717942125,0.017216010850873154,0.03313631154047241,0.0029408647060191846,0.028047672137947125,0.0010856472119620646
hef_gbdt_e5_finetuned_roberta_oof,abt_buy,25,3,0.8208708368857053,0.005158948306583975,0.8027568408279068,0.06543703379297171,0.8478964401294499,0.07303096502522176,0.9747199038588922,0.007262193348267203,0.8587812588669801,0.01960834020790826,0.032785727797350374,0.0015373689307662843,0.02366152363803215,0.0031225013234818916
hef_gbdt_e5_finetuned_roberta_oof,abt_buy,30,3,0.7873955676477463,0.10797307414305655,0.7504791713242417,0.12759468697592793,0.8300970873786407,0.0842201532664926,0.9661145176858003,0.020200111879116897,0.8389182411362766,0.11173145405058794,0.03442169654456167,0.01652416189198837,0.015837574698429748,0.004541158184717277
hef_gbdt_e5_finetuned_roberta_oof,abt_buy,35,3,0.8697584131108309,0.009634532902393456,0.8597584051878445,0.019859046762121663,0.8802588996763754,0.011210684838633569,0.9816385624254812,0.005666850014786019,0.9127113372873067,0.016636711337148353,0.02268152219836595,0.0017283855222890874,0.011466921280404191,0.003879047167317274
hef_gbdt_e5_finetuned_roberta_oof,abt_buy,40,3,0.8778720293148706,0.006332896233821808,0.8556776682978382,0.010037972147919894,0.901294498381877,0.0056053424193167525,0.9834989307140559,0.006230326669192839,0.9241872618789387,0.01950526866834784,0.02105571768476166,0.002022128240338592,0.011187822854120975,0.0023966284915454294
hef_gbdt_e5_finetuned_roberta_oof,abt_buy,45,3,0.8574215590678549,0.008853226750182026,0.8730862992682554,0.05656804854249901,0.8462783171521036,0.0478920666244296,0.9809061488673139,0.009065792227045334,0.9113484455969016,0.012217505055199014,0.02610491136267821,0.0022247845835402756,0.016599567793931957,0.008431626345112193
hef_gbdt_e5_finetuned_roberta_oof,abt_buy,50,3,0.8639649662681974,0.027581916449691043,0.84094420068047,0.030719198872711632,0.8883495145631068,0.02522404088692545,0.9814204470183009,0.004682286974596611,0.9075674492382411,0.027712823526224888,0.022294127162264213,0.002993267312185034,0.013183203747790775,0.005775592875716773
hef_gbdt_e5_finetuned_roberta_oof,abt_buy,55,3,0.8643188616005368,0.02480832739676694,0.8554812834224599,0.04034311042733585,0.8737864077669902,0.009708737864077721,0.9829477280039365,0.009186010445937812,0.9056489425831772,0.024845633449168666,0.022595144220075275,0.004573221263059084,0.008648174261273945,0.0017020361211309589
hef_gbdt_e5_finetuned_roberta_oof,abt_buy,60,3,0.8847617924582745,0.012494197272771986,0.8712356838654925,0.03156521558544647,0.8996763754045307,0.022421369677267076,0.9850422983023903,0.009081017258945851,0.9331151465857268,0.02606029977366684,0.020641758984649098,0.0033295489931937415,0.017263220782189892,0.0076843522737057995
hef_gbdt_e5_finetuned_roberta_oof,abt_buy,65,3,0.882480116007929,0.012752363537175652,0.8813259015160176,0.04192151608433978,0.8851132686084142,0.022940852554624365,0.9889693219023827,0.0006787824066628088,0.9429984052949889,0.004578368329819066,0.01946254067752095,0.001931438894025763,0.011126788416713562,0.0009344402462095727
hef_gbdt_e5_finetuned_roberta_oof,abt_buy,70,3,0.8694623290339488,0.008726095745133453,0.8671702578237219,0.024874211588667646,0.872168284789644,0.00741517102743668,0.9871236208103863,0.001505329767668227,0.9340139007484238,0.010262120265083255,0.022019974096002398,0.0014169114557718466,0.014721356946210863,0.004729877454315507
hef_gbdt_e5_finetuned_roberta_oof,abt_buy,75,3,0.8473779347110458,0.008724712986319732,0.7724225402998715,0.012796523928692297,0.9385113268608415,0.0028026712096583762,0.9880533318193001,0.0033520399751225632,0.9378501649732982,0.005302987842800277,0.021524269807994958,0.0008686727079347558,0.014979911715651084,0.0011866766510881385
hef_gbdt_e5_finetuned_roberta_oof,abt_buy,80,3,0.8754903841411975,0.010806685687147375,0.8393733196594324,0.025072344903095435,0.9158576051779935,0.028444006199428704,0.9812766138647591,0.00413032279465214,0.9339102391948042,0.004931955074847739,0.020631029055386156,0.001583515332234463,0.013257252833634247,0.0008751021112111012
hef_gbdt_e5_finetuned_roberta_oof,abt_buy,85,3,0.8936516837460233,0.00759782440911073,0.8712930039749475,0.017364630638222425,0.9174757281553398,0.012843452966332958,0.991304244970571,0.002268284407104864,0.9486765073589072,0.016739802267026538,0.01669617361830894,0.0007599142265879437,0.00793125666105167,0.0016764215631094876
hef_gbdt_e5_finetuned_roberta_oof,abt_buy,90,3,0.8816227104856325,0.03573150897360753,0.8517738791423002,0.018904844829004293,0.9142394822006472,0.05626323187933243,0.9888131872291299,0.004208627550001245,0.9416802386624266,0.016738383995516033,0.01932837892641626,0.004682427022344282,0.015715764499174778,0.006081831447780183
hef_gbdt_e5_finetuned_roberta_oof,abt_buy,95,3,0.9018139626771328,0.007969680041840906,0.8898026704478318,0.026005530171078425,0.9158576051779935,0.041285924990851416,0.9909668994492704,0.005338790600565669,0.9513670965405125,0.02369678134884688,0.016249842511091857,0.0015182140272311604,0.012309764304374395,0.00568368156972139
hef_gbdt_e5_finetuned_roberta_oof,abt_buy,100,3,0.8987900824015912,0.004998049694644143,0.8805040755040755,0.030493417411429278,0.9190938511326862,0.026735779355757765,0.9920073241355817,0.0008262857890469689,0.9480583911895052,0.02344759617956589,0.015949252287046942,0.0008742086195741402,0.009466852465923738,0.0014831241018491697
hef_gbdt_e5_finetuned_roberta_oof,amazon_google,1,3,0.36415784707544663,0.024527553315995338,0.2409405199809824,0.02641851379868618,0.7564102564102564,0.04700854700854701,0.7925555098940237,0.016211446501163698,0.285248849481391,0.03446982745718526,0.08713443765337812,0.0044618488903214884,0.05825764908662223,0.010004080853399475
hef_gbdt_e5_finetuned_roberta_oof,amazon_google,2,3,0.46787056682944855,0.04738702127471337,0.3722992606584699,0.03695856017217218,0.6296296296296297,0.06707269154982087,0.8386432160108702,0.02306993970628738,0.36506503100847837,0.08438312631646792,0.07881680709187917,0.006657375062460526,0.03734971393095345,0.0275058258181634
hef_gbdt_e5_finetuned_roberta_oof,amazon_google,3,3,0.5749983841891348,0.0551999359602882,0.5363916858908988,0.07069411730722956,0.6210826210826211,0.03263942802675099,0.8844406946641041,0.015848135056367542,0.5521184899655219,0.031396334023106216,0.0634990420012895,0.0058116478844746355,0.025773433240497086,0.01259552689162982
hef_gbdt_e5_finetuned_roberta_oof,amazon_google,4,3,0.5511031674347501,0.02248740940538819,0.4984699899853459,0.09647617557908801,0.6452991452991453,0.10283084970526463,0.8970332457462132,0.006064329311632456,0.546256441379981,0.015778143070939027,0.06514325378304672,0.003242047563900313,0.04223721383713805,0.016524658213948003
hef_gbdt_e5_finetuned_roberta_oof,amazon_google,5,3,0.5574386472514051,0.028547355507878524,0.5318653090403854,0.06579094707024133,0.5911680911680912,0.029089142245957465,0.8808697553233735,0.009604962149552464,0.5294834521012658,0.020481598731680938,0.06567561964426394,0.0029030022800769746,0.03630134138537915,0.012577665195008827
hef_gbdt_e5_finetuned_roberta_oof,amazon_google,10,3,0.6252980389816589,0.016570490539675676,0.5644252340728901,0.032784762227493935,0.7022792022792023,0.01075474990779311,0.9180915140118637,0.022288322369212823,0.6103718366835502,0.04449224649063285,0.05612449575245918,0.0030360636367295704,0.016218899676799032,0.004184243755494734
hef_gbdt_e5_finetuned_roberta_oof,amazon_google,15,3,0.6458460677385968,0.002560794766366939,0.6627149246552232,0.0392464456628234,0.6324786324786325,0.03498014005073695,0.9138010596242747,0.002328963869829514,0.6188583246556347,0.02131397545442718,0.055303222421659706,0.00078508406764473,0.023100704188847434,0.00400542982414897
hef_gbdt_e5_finetuned_roberta_oof,amazon_google,20,3,0.6740608995952752,0.028653067844690714,0.6369338149586966,0.035140612483078836,0.717948717948718,0.05128205128205132,0.9248231307483372,0.011101641043521597,0.6503144238291249,0.019531550083930312,0.05394770597963393,0.003961321023385556,0.03428955702488081,0.004034606559171
hef_gbdt_e5_finetuned_roberta_oof,amazon_google,25,3,0.6542152026825929,0.0261671379181075,0.6134236936070595,0.023576057701577436,0.7008547008547008,0.029914529914529937,0.9373904296196671,0.0057139028146456,0.6485616720335927,0.018559153506789675,0.051826933162288535,0.0012980878628226613,0.016917951968530708,0.00671494769193222
hef_gbdt_e5_finetuned_roberta_oof,amazon_google,30,3,0.6807720674511382,0.01312418791171347,0.6750060654182933,0.026293924974049896,0.6894586894586895,0.04953087934676272,0.9335676600125362,0.013181941814241835,0.6468067845956427,0.02089869322552563,0.05001468798810024,0.0007448278444458375,0.016262007535277727,0.0016698105584917308
hef_gbdt_e5_finetuned_roberta_oof,amazon_google,35,3,0.6462388428827164,0.013302318327421396,0.6386314112447322,0.06664952622533164,0.660968660968661,0.05134137119925953,0.9359593557019492,0.007190308668896806,0.6462145183915857,0.030508881693251708,0.052500835952019376,0.002840682147686151,0.01299270244127779,0.0005892772041949119
hef_gbdt_e5_finetuned_roberta_oof,amazon_google,40,3,0.6736837168714991,0.02046412050276155,0.6777139160548222,0.03251990739357599,0.6752136752136753,0.07512134970618349,0.9424225379786332,0.007840694840045495,0.6728336375164018,0.011353254397718613,0.04876573996597579,0.001971483238741117,0.01689823802089883,0.0023444873147505604
hef_gbdt_e5_finetuned_roberta_oof,amazon_google,45,3,0.6854747774895844,0.020961419128360484,0.6490324629692705,0.0218057020861229,0.7264957264957265,0.02564102564102566,0.9461647080636881,0.004418844137037777,0.6896836874796337,0.02537794698977735,0.04888533737391345,0.0013782708903611032,0.017879649326856026,0.005617549207861607
hef_gbdt_e5_finetuned_roberta_oof,amazon_google,50,3,0.6807418018258062,0.007562636087605469,0.6739237750761914,0.04864197100349916,0.6937321937321937,0.06138592998978703,0.9495533471978348,0.0019747859943005943,0.6996074042625321,0.00796187737719572,0.04791232783047251,0.00043021041477835596,0.012764453621866463,0.003909922730263084
hef_gbdt_e5_finetuned_roberta_oof,amazon_google,55,3,0.6596397008059909,0.0633397373409275,0.6945184435346275,0.07229677354639598,0.6324786324786325,0.08768497661830425,0.9374101470993167,0.012672344907972576,0.685464824597135,0.050406908372892426,0.05107215626546048,0.004259638475146334,0.023215724666559308,0.013431515005869126
hef_gbdt_e5_finetuned_roberta_oof,amazon_google,60,3,0.6917552928488584,0.01805951749646082,0.7143198892210668,0.029917554287604974,0.670940170940171,0.015408338784034149,0.9399526642120134,0.0034630052938222806,0.7058875934866886,0.013470172687210137,0.047177893988184554,0.0007522641876490769,0.008657248227528759,0.0025713281644730458
hef_gbdt_e5_finetuned_roberta_oof,amazon_google,65,3,0.7069450015216164,0.01616901503754926,0.7287826971584653,0.028684547573590367,0.688034188034188,0.039167313632101165,0.9445215847595644,0.002995128868665886,0.7117106724127547,0.014012117320464819,0.045364160855296064,0.0012040640314344444,0.018923139057342483,0.006646362380867755
hef_gbdt_e5_finetuned_roberta_oof,amazon_google,70,3,0.685589009731698,0.03262127372062123,0.7048103593444083,0.0712793893714372,0.6709401709401709,0.029914529914529937,0.9419832186952148,0.002897890810714738,0.6961519319117905,0.027213070667152874,0.04804847842406209,0.0036055309987178693,0.019221840457479128,0.003603853960318278
hef_gbdt_e5_finetuned_roberta_oof,amazon_google,75,3,0.6396244519201939,0.06749944806538011,0.6293911894443411,0.049090188207601644,0.650997150997151,0.08782371875668579,0.9246100435998444,0.02160548452181546,0.6524424684489613,0.048011939636065884,0.054540042331354864,0.006964805342122029,0.029575297121181923,0.003224236442860447
hef_gbdt_e5_finetuned_roberta_oof,amazon_google,80,3,0.6751532617408716,0.0301857767600226,0.6915658461966346,0.06004581233921283,0.6609686609686609,0.010754749907793052,0.9345338165153609,0.0078059045891688,0.6990198929359486,0.010555710662640742,0.05174603664240579,0.0029423901670431545,0.033452041909161706,0.01130717034092532
hef_gbdt_e5_finetuned_roberta_oof,amazon_google,85,3,0.7154345605226801,0.033193585445016896,0.721666831796532,0.02878389759368111,0.7108262108262109,0.05343304653421952,0.9465490259565053,0.0023365049181201373,0.738847921468374,0.010854349989502899,0.04427960357218689,0.002024521519509011,0.023067340629801255,0.005599509314405063
hef_gbdt_e5_finetuned_roberta_oof,amazon_google,90,3,0.7233943347880586,0.014686043813279554,0.7513021643298208,0.030438510760695092,0.698005698005698,0.0130557712107004,0.952331090383543,0.0032487354425449837,0.7455508030872477,0.012268313812324782,0.04371131959014148,0.001884278865982059,0.02193914097061945,0.006830251904503695
hef_gbdt_e5_finetuned_roberta_oof,amazon_google,95,3,0.7215024175029597,0.012462180759532768,0.7436250462396407,0.02275841629651089,0.7008547008547008,0.007401926528072163,0.9510079437228538,0.007294274044709539,0.7519300341359151,0.027267355831490654,0.042804479800768465,0.0025736459643017685,0.024574829295887883,0.003176530921243985
hef_gbdt_e5_finetuned_roberta_oof,amazon_google,100,3,0.7141534435326455,0.015920817575598285,0.6993216451786541,0.050923553357654985,0.7336182336182336,0.0428062085507599,0.955544347725018,0.004298394027511184,0.7541919176459729,0.025556636360912703,0.04352473760451157,0.0018615362901409703,0.023059790473381404,0.0037016970422906886
hef_gbdt_e5_finetuned_roberta_oof,link_lives_release2,1,3,0.8546759789454641,0.005247893855244686,0.8207490945332316,0.007489748910098972,0.8916923076923077,0.014392634539724898,0.9788611297100478,0.003954933361132797,0.9120825327745504,0.01193497539130348,0.039108292437527586,0.002566499165073777,0.020015472524383272,0.0008703043710273769
hef_gbdt_e5_finetuned_roberta_oof,link_lives_release2,2,3,0.8828230974750313,0.002006874912339703,0.8384936085012062,0.008731590875158185,0.9322051282051282,0.007085836081811601,0.985099296003673,0.0010751613083142563,0.9387505686246398,0.0026242218542477315,0.0319133827350808,0.0006138910476749748,0.018228810185806528,0.0033105198298760494
hef_gbdt_e5_finetuned_roberta_oof,link_lives_release2,3,3,0.8854740387903749,0.003460141595737834,0.8256495401371533,0.006255149854209053,0.9546666666666667,0.0003552924733474377,0.9885095396603727,0.00021818977615589258,0.9516748297315089,0.0027077114925127127,0.030695608359954604,0.005128243442328564,0.022366376891956363,0.013246705311784852
hef_gbdt_e5_finetuned_roberta_oof,link_lives_release2,4,3,0.8871217263761503,0.011833438907277206,0.8283469191403477,0.022494815924673173,0.9551794871794872,0.0026168924763431546,0.9896627736434999,0.00042325541712382613,0.9567438195669827,0.0031696319987159706,0.0277441176075393,0.0015905211690733475,0.01741886060234035,0.002583256033815028
hef_gbdt_e5_finetuned_roberta_oof,link_lives_release2,5,3,0.9026241171968067,0.0061740576308408545,0.8580546243486424,0.013541817182011999,0.9522051282051281,0.0047700578273778185,0.9910082579279296,0.0002681118775930159,0.9613696626972535,0.0014568987731510019,0.026313135472174464,0.0026708860512754283,0.016884996958576676,0.007732333558183272
hef_gbdt_e5_finetuned_roberta_oof,link_lives_release2,10,3,0.9125351267597305,0.002626073948342576,0.8741987030730416,0.007275459440982345,0.9544615384615385,0.007235677548495267,0.9932066139944777,0.0005447550712038444,0.9703556541642531,0.0014799164975776177,0.02551480528678271,0.0007946830112646663,0.02168066505456147,0.0020502034177383548
hef_gbdt_e5_finetuned_roberta_oof,link_lives_release2,15,3,0.9144205261124407,0.0043795701558371,0.8847193952259649,0.015729528396709012,0.9464615384615385,0.011392928357891423,0.9935708874562393,0.0003534596609181926,0.9714827387383204,0.0009566961363034233,0.02597006676354441,0.00373154868749954,0.024667567351115565,0.011905623800942195
hef_gbdt_e5_finetuned_roberta_oof,link_lives_release2,20,3,0.9166330026140541,0.009573137936433725,0.8770623750733934,0.020939056788272178,0.9602051282051283,0.004015748092400375,0.9942567514140506,0.0005287202969629054,0.9724814471165449,0.00299703029945858,0.02650069554670811,0.002536262198203457,0.02713123270634043,0.0055762266532006334
hef_gbdt_e5_finetuned_roberta_oof,link_lives_release2,25,3,0.9224049338517081,0.0036324542704861138,0.8865085590911148,0.0041934374488951645,0.9613333333333334,0.0032900543450964845,0.99476112907237,0.000518708763827115,0.9763307026546847,0.0032573244818091874,0.020652126206867332,0.002861440389157981,0.014431787889524731,0.007510617212759593
hef_gbdt_e5_finetuned_roberta_oof,link_lives_release2,30,3,0.9216800387613785,0.010183114639679981,0.8817589084658544,0.020812378033278726,0.9656410256410256,0.006412512423524383,0.9947986691663638,0.001374106252053326,0.9773577531232014,0.0053447151044494,0.02271297450110137,0.005719308432130918,0.030450397238475337,0.026205635428707463
hef_gbdt_e5_finetuned_roberta_oof,link_lives_release2,35,3,0.9273084871681926,0.008575344731917995,0.8929280816678578,0.017959271569400047,0.9646153846153847,0.0025185700836530653,0.9954151314572851,0.000743041431053524,0.9790823039908124,0.003975306646099711,0.02401361287679007,0.007445625230769184,0.025382723523555337,0.019976163424013857
hef_gbdt_e5_finetuned_roberta_oof,link_lives_release2,40,3,0.9242213526826767,0.005748709528614974,0.8864088609035656,0.009589587790735018,0.9654358974358974,0.001694637091472645,0.9958267907587728,0.0003313564368391766,0.9804232964750805,0.0018689180969424417,0.022649581809485096,0.0035349821029903106,0.02420407083855442,0.00835444946895189
hef_gbdt_e5_finetuned_roberta_oof,link_lives_release2,45,3,0.9278216396549178,0.0032439734739945388,0.8939176221532013,0.00425969444611101,0.9644102564102564,0.0041775203803931064,0.995330336247521,0.0007832006219356258,0.9790542458498726,0.003916283125799709,0.020486955675051044,0.0026964981495339385,0.022077397429875474,0.016780999888350953
hef_gbdt_e5_finetuned_roberta_oof,link_lives_release2,50,3,0.9196101284654538,0.007884611417286042,0.8868684124245801,0.020423929645162618,0.9551794871794872,0.008212176459932734,0.9949013289206027,0.001217462044889095,0.9768196258551997,0.004574271742119616,0.02632845288863452,0.004230751886022814,0.039921086928254065,0.022984573610049366
hef_gbdt_e5_finetuned_roberta_oof,link_lives_release2,55,3,0.9291712775950064,0.002619312860289321,0.892233563409236,0.00632695328383419,0.9693333333333334,0.0036708779832150427,0.9960665799424815,0.0002764600017733565,0.9820067204043506,0.0013523015703850582,0.01953292531627885,0.0021968288703001796,0.02555590045720399,0.012742158953996472
hef_gbdt_e5_finetuned_roberta_oof,link_lives_release2,60,3,0.9332413063549958,0.007163556532811339,0.9034181155537105,0.013753397621565898,0.9652307692307692,0.00846573322596776,0.9963860820436299,0.00047190868885163794,0.9829971186397605,0.0023454833323229207,0.019566095742380392,0.004308285917670819,0.023245828536985296,0.01706598703186439
hef_gbdt_e5_finetuned_roberta_oof,link_lives_release2,65,3,0.9349145588478048,0.002642904791290727,0.9125883468889046,0.007189218665771937,0.9584615384615385,0.009984603532054102,0.996216657420338,0.0002798784963355178,0.9829162281033273,0.0013699748351147913,0.019625437825897558,0.002934794331365944,0.019178456987936455,0.008879175062686687
hef_gbdt_e5_finetuned_roberta_oof,link_lives_release2,70,3,0.9327236448060149,0.007937536030010572,0.9001720689348796,0.013796109667797079,0.9677948717948718,0.004097432688295022,0.9964617712139473,0.000529721007786337,0.9830502719900894,0.0036949100948488692,0.018067491035909468,0.000726732084146643,0.014291938746401068,0.005516765954080561
hef_gbdt_e5_finetuned_roberta_oof,link_lives_release2,75,3,0.9339048682064304,0.011345628500014308,0.9044125658033866,0.02306284637769003,0.9656410256410256,0.0021611597441749363,0.9959963078453503,0.00091257418350031,0.9816357417474205,0.004418575008307641,0.01871639848836098,0.003416710119278793,0.029309793304102046,0.016940373971651556
hef_gbdt_e5_finetuned_roberta_oof,link_lives_release2,80,3,0.9337886747482614,0.006850100383864943,0.9035466149531031,0.01510389007474877,0.9662564102564103,0.0035662233129669166,0.9960632161919155,0.0005968368655957986,0.9822452557467224,0.0017342983938667322,0.023414766657316986,0.007361575467771893,0.04548487590091706,0.03259115633651634
hef_gbdt_e5_finetuned_roberta_oof,link_lives_release2,85,3,0.9355162466854765,0.003661321333186803,0.9073243148257573,0.0070646162355075676,0.9655384615384616,0.0011094003924504593,0.9967863492306417,0.0001104104533160486,0.9839800680430719,0.0007850292450715076,0.019198999907591427,0.0007379072806433659,0.019221981687748562,0.004985929128224827
hef_gbdt_e5_finetuned_roberta_oof,link_lives_release2,90,3,0.9368513232779553,0.0054713992217812315,0.911955073675505,0.01596395692676248,0.9633846153846154,0.010420734905769915,0.9966585745349734,0.0007317559267271476,0.9834583465673229,0.0033113554191365525,0.020131416380558886,0.004222413037374151,0.025736049899514973,0.013632255015456497
hef_gbdt_e5_finetuned_roberta_oof,link_lives_release2,95,3,0.9344042271761298,0.006106453486666676,0.9054429386760975,0.01136561764994762,0.9653333333333334,0.0020944182417089404,0.9963948150415447,0.0005811294414114974,0.9818952203347211,0.00334514447486127,0.017336956892805,0.0019602038157714814,0.015070539072762765,0.0042402508151120726
hef_gbdt_e5_finetuned_roberta_oof,link_lives_release2,100,3,0.9349343667690685,0.0023002195031451345,0.9040101589882313,0.007710887912491847,0.9681025641025641,0.004062626116992479,0.9967252086800706,0.0002233580437419631,0.9837471454739766,0.0015626630026032565,0.01810832599069273,0.0011388641363844752,0.01722668295975354,0.0054751921561522615
hef_gbdt_e5_finetuned_roberta_oof,walmart_amazon,1,3,0.331516854484607,0.017239097670392084,0.22719538180181717,0.011144154391084026,0.613126079447323,0.03819230464161651,0.7241365351974272,0.034068753814384366,0.20068254774281116,0.016910049302076385,0.08345080984633546,0.002262258160306277,0.04853620824138924,0.024677936968038567
hef_gbdt_e5_finetuned_roberta_oof,walmart_amazon,2,3,0.43255017983524774,0.015242653943660492,0.35257776004625396,0.022945207871100118,0.5751295336787565,0.1114892994370467,0.8315131618128759,0.01446781608957738,0.3212579749916814,0.03586368401711144,0.07766659063839972,0.0022542038094426698,0.05854916552110148,0.005621588957912377
hef_gbdt_e5_finetuned_roberta_oof,walmart_amazon,3,3,0.5471775810820463,0.056680680060437076,0.4899857708543898,0.08491877195645556,0.6286701208981001,0.058237358549524554,0.8985947643082604,0.021146470453450316,0.4993247620456317,0.08047079135831248,0.0727532747634726,0.014593695968801577,0.0582613818998654,0.01338632574404481
hef_gbdt_e5_finetuned_roberta_oof,walmart_amazon,4,3,0.5767440467442626,0.030039196374055062,0.6270491604130395,0.013582483124667706,0.5371329879101899,0.06436837704174168,0.9100471420701567,0.014692372937386936,0.6325506554072435,0.0729842766811813,0.06070212418667634,0.004535525958830426,0.06976324169513819,0.012190818108844786
hef_gbdt_e5_finetuned_roberta_oof,walmart_amazon,5,3,0.6066840797792153,0.03955225860028185,0.7708079186257555,0.14465723571272043,0.5302245250431779,0.14740302793334628,0.9045508010243583,0.0013075799924247493,0.6339923075373052,0.025795026062735146,0.05642231661625085,0.0012050632305526628,0.0730906358577576,0.013946133833822661
hef_gbdt_e5_finetuned_roberta_oof,walmart_amazon,10,3,0.7528951594087174,0.046421180958279844,0.7950392134789298,0.05859226651707507,0.7288428324697754,0.1236306056523197,0.9332464192126735,0.03265613227691689,0.8242181160985682,0.051400239879276825,0.033395200129728436,0.004407088680926064,0.019492790077550885,0.010479144640148937
hef_gbdt_e5_finetuned_roberta_oof,walmart_amazon,15,3,0.8491114200091174,0.02624739379924675,0.8926039629934327,0.042189007643308275,0.8100172711571675,0.016655700796188173,0.9577275400512179,0.004770007662289927,0.8904134240245449,0.01857057529832758,0.02417815502493373,0.0038698985954790945,0.014570998915808021,0.004539538133139826
hef_gbdt_e5_finetuned_roberta_oof,walmart_amazon,20,3,0.7428703990565007,0.005050057212337129,0.7948599490608842,0.08695537680395132,0.7063903281519862,0.0668239796965565,0.9435849190042285,0.019885647559915703,0.8248341115320414,0.031235161613338447,0.03259951378408388,0.0020790828468268763,0.014638193753512276,0.0052730828160151705
hef_gbdt_e5_finetuned_roberta_oof,walmart_amazon,25,3,0.8474577364821267,0.030772200907280965,0.8952169715726871,0.0439562536338035,0.8048359240069085,0.024486091327733748,0.9631559503603121,0.0022362208512568304,0.8983287313947093,0.009134831408492843,0.02451974266059946,0.00385426091532597,0.012825472404765398,0.007126718086930724
hef_gbdt_e5_finetuned_roberta_oof,walmart_amazon,30,3,0.8356093468565265,0.03401350158062484,0.905093509060569,0.018119414980034478,0.7789291882556131,0.06957940268906278,0.9623556704484545,0.001745400891327285,0.8915562567069467,0.01686460089332274,0.02388902413164714,0.003737036181006971,0.010856253707272756,0.004614421153042221
hef_gbdt_e5_finetuned_roberta_oof,walmart_amazon,35,3,0.8654147704999063,0.003744225638402597,0.9139096678960771,0.012539459167392457,0.8221070811744386,0.016655700796188173,0.9658243255315349,0.003987633837823579,0.9081931789553161,0.006947463191626523,0.02296970185684539,0.0010916671796051575,0.0174032892838655,0.000949046280470891
hef_gbdt_e5_finetuned_roberta_oof,walmart_amazon,40,3,0.8612982929020665,0.02228903674576061,0.9002996254681648,0.026032845473957365,0.8255613126079447,0.019616263716063127,0.9705962271454946,0.0033085862107994114,0.9115227197842778,0.008414197738838855,0.022102106984833586,0.0027446905598662065,0.008731295347591218,0.003593500027108443
hef_gbdt_e5_finetuned_roberta_oof,walmart_amazon,45,3,0.8629956815751032,0.008899073599636454,0.9025896810337039,0.018817151430842394,0.8272884283246977,0.023931617375735802,0.9716300771246501,0.003485281398971667,0.9168122251218781,0.010767440766885742,0.020518290953101783,0.0010945198729973946,0.009623916109297909,0.002732324958838225
hef_gbdt_e5_finetuned_roberta_oof,walmart_amazon,50,3,0.8670790253532773,0.014449557715750468,0.9227038307227918,0.013891010700131986,0.8186528497409327,0.036269430051813434,0.9741732922398905,0.010051158559869818,0.9190744441161388,0.01247797362858166,0.020167256504230874,0.0013251311270197762,0.010097319965481943,0.0024300510232986685
hef_gbdt_e5_finetuned_roberta_oof,walmart_amazon,55,3,0.8630469919446603,0.01028746936804051,0.8844997108155003,0.02314516827751388,0.842832469775475,0.0029914521719669835,0.971466764189149,0.003439088801415986,0.9166894307182999,0.008457131175684536,0.020387479215386754,0.001484410641945868,0.008820649251920496,0.0038917347406793048
hef_gbdt_e5_finetuned_roberta_oof,walmart_amazon,60,3,0.8766806491667996,0.0134061983649428,0.9096818507788601,0.028352955187360418,0.846286701208981,0.007914638505968664,0.9729151777738073,0.004807283084090469,0.9242179545726207,0.004181867153901795,0.01906290719531309,0.0004914579655384313,0.012748175733254255,0.0024365501693808995
hef_gbdt_e5_finetuned_roberta_oof,walmart_amazon,65,3,0.8809944862590579,0.005818737371344727,0.9150783701599583,0.02360577854178077,0.8497409326424871,0.010362694300518116,0.9762479713834793,0.00521359328890683,0.9325253838599906,0.005328166706594522,0.018223422346703502,0.0005087941396510332,0.01305530940755201,0.0025059759468329845
hef_gbdt_e5_finetuned_roberta_oof,walmart_amazon,70,3,0.8752849936548996,0.004738463659077796,0.9109147672446906,0.016759501065428825,0.842832469775475,0.02094016520376882,0.9766960350783158,0.0036872005691737553,0.9285251712338445,0.0051077475562285885,0.018864548315109395,0.0010350348860788925,0.011112691758583646,0.0031227303516160442
hef_gbdt_e5_finetuned_roberta_oof,walmart_amazon,75,3,0.8827857154750453,0.011975234991362885,0.9303485457494343,0.02092310268995791,0.8411053540587219,0.038888878235570676,0.974642758769579,0.0020566067893743665,0.9284239887260513,0.005793114314789829,0.01733948935947044,0.0009698425726772268,0.011212082643984466,0.0029755955009814986
hef_gbdt_e5_finetuned_roberta_oof,walmart_amazon,80,3,0.8509021357896837,0.0222622043582776,0.8749797636393071,0.07470623047170606,0.8324697754749568,0.03639258636563988,0.9758026993627539,0.003072132188798126,0.9221098262799657,0.004900365614564281,0.02072342049908262,0.0018702458502364283,0.010051764461652303,0.004865063996545476
hef_gbdt_e5_finetuned_roberta_oof,walmart_amazon,85,3,0.8607243743815771,0.02781216432040988,0.8798345786331437,0.035582542876415255,0.842832469775475,0.029462387062576822,0.9795784385980585,0.008261569156795873,0.9249314433844699,0.028147343079145792,0.020914469809640734,0.005063698653536475,0.01793324205594334,0.015085332287249655
hef_gbdt_e5_finetuned_roberta_oof,walmart_amazon,90,3,0.8718061653559535,0.01917692964649146,0.9200193807226125,0.023056096230008285,0.8290155440414508,0.031516904302063296,0.9749028497409327,0.005511085184100563,0.9298432756742003,0.0075913769666359964,0.018424601463354184,0.0006481362473015142,0.00965703394386341,0.002672257442657995
hef_gbdt_e5_finetuned_roberta_oof,walmart_amazon,95,3,0.8812956946882102,0.005613527433128535,0.9430160437504379,0.007984285029583068,0.8272884283246977,0.01303943771203928,0.9744868902983741,0.004606019485915701,0.9272498968022792,0.009687868225569272,0.01790124168082254,0.0007675599908380581,0.010127417405213843,0.005948563189029969
hef_gbdt_e5_finetuned_roberta_oof,walmart_amazon,100,3,0.8956777817053533,0.004221557546616227,0.9344671994671995,0.010316058345738845,0.8601036269430051,0.010362694300518116,0.9788167768447382,0.007207148327408689,0.9350055831207057,0.01107868327435445,0.01669901032052151,0.0007356557622888052,0.011869760370413429,0.002469505290070686
hef_gbdt_e5_finetuned_roberta_oof,wdc_80_medium_seen,1,3,0.3114026431035448,0.03882446089607006,0.20097676944580675,0.022715744480437058,0.6926666666666667,0.11479256654214742,0.6711576666666668,0.05727592317803202,0.19579310235563227,0.025577585755013472,0.1100015964544372,0.011510576245420415,0.09079587627651754,0.0233808770508574
hef_gbdt_e5_finetuned_roberta_oof,wdc_80_medium_seen,2,3,0.3282021407376086,0.034508080689852685,0.2174065205032257,0.03915101682460218,0.706,0.10678951259369993,0.7671225833333334,0.03377379690708217,0.27254281490056437,0.019076393501510018,0.10775456617945976,0.010583591075689871,0.08570377441087366,0.018802413631848314
hef_gbdt_e5_finetuned_roberta_oof,wdc_80_medium_seen,3,3,0.40852015237777656,0.0316040916815309,0.304956094284324,0.03370724992995718,0.6213333333333333,0.009865765724632504,0.824196,0.015920676161441803,0.33378022041451677,0.023637731192000373,0.09770307315488941,0.008815975039820104,0.06994183222485853,0.015555241091398466
hef_gbdt_e5_finetuned_roberta_oof,wdc_80_medium_seen,4,3,0.4247449512724233,0.020751164195394668,0.35182607458677706,0.0012536621383580269,0.5393333333333333,0.06585843403341236,0.8326144999999999,0.011323066821758222,0.3498975913837665,0.027017856645318444,0.0950711851614907,0.0013474220784506633,0.07655002427776895,0.007976197091756947
hef_gbdt_e5_finetuned_roberta_oof,wdc_80_medium_seen,5,3,0.4317956378177189,0.030077234486955342,0.3266303989986702,0.02924166491171242,0.638,0.025059928172283356,0.8418409166666666,0.010424390258947131,0.38054587592003264,0.03705428198683363,0.0965221530044253,0.011415074845435497,0.07896977801179897,0.025028596851610945
hef_gbdt_e5_finetuned_roberta_oof,wdc_80_medium_seen,10,3,0.44623882934390563,0.02580486709789189,0.34616815632632947,0.039246515222975585,0.634,0.024979991993593614,0.8491212499999999,0.004169335048901683,0.3690041595782343,0.01217297247851386,0.09396113388057231,0.0010720914285615713,0.08018421708190177,0.012819430744781701
hef_gbdt_e5_finetuned_roberta_oof,wdc_80_medium_seen,15,3,0.4685912840449875,0.029170020140896737,0.3683525444243952,0.03354983361139864,0.646,0.018000000000000016,0.8629737500000001,0.014689696076246761,0.43422688221914246,0.05502973038279536,0.08802995211495167,0.0052909433812421015,0.06555653996747828,0.002192720831510024
hef_gbdt_e5_finetuned_roberta_oof,wdc_80_medium_seen,20,3,0.46727889248917504,0.012112440720406945,0.3551340016639371,0.03275190593306429,0.6933333333333334,0.06363437226321426,0.8683441666666667,0.001713277092543235,0.44633125439924504,0.01474072972445029,0.09424479807362689,0.004696345814893735,0.08183922718697502,0.009549486966094261
hef_gbdt_e5_finetuned_roberta_oof,wdc_80_medium_seen,25,3,0.453126352221273,0.009500382003281195,0.33974362281766013,0.010056359748930474,0.6846666666666666,0.06789207121110191,0.8647283333333333,0.014454721794134665,0.44675307175439105,0.03824916259590868,0.09254215672387686,0.00862930030162526,0.08336693278102346,0.01843802513791867
hef_gbdt_e5_finetuned_roberta_oof,wdc_80_medium_seen,30,3,0.4774793692185379,0.050091109501653026,0.36823034375063096,0.07052167858154845,0.6953333333333334,0.035118845842842444,0.8757168333333334,0.016399981578368656,0.49159029726400916,0.049135941485735045,0.08663878033511062,0.00684343465803486,0.07838886177818219,0.00858711603932859
hef_gbdt_e5_finetuned_roberta_oof,wdc_80_medium_seen,35,3,0.4679880262854916,0.019953745590738627,0.3600187250682346,0.02073234165454821,0.6706666666666666,0.04163331998932265,0.8684899166666666,0.010472571094689758,0.4528472242009484,0.034631912439426635,0.09044324071453254,0.0021541565157748343,0.07940569176025995,0.0022832748052093823
hef_gbdt_e5_finetuned_roberta_oof,wdc_80_medium_seen,40,3,0.6645946707630264,0.01102766033295025,0.6031449160136871,0.03511028471315165,0.7426666666666667,0.03257811126098834,0.9271860833333334,0.0033863386785484575,0.6709704445728792,0.01040710635627587,0.058824669193976366,0.003459835219418982,0.028102938982919334,0.01193600985163336
hef_gbdt_e5_finetuned_roberta_oof,wdc_80_medium_seen,45,3,0.65106842065912,0.034110333959381886,0.6285576578110796,0.009391161441067273,0.6793333333333333,0.07990828075570976,0.9202458333333333,0.007948661720430213,0.6512867036040252,0.027328987405029873,0.059439888472397014,0.0032753959830288323,0.026904048121248428,0.00805994928567105
hef_gbdt_e5_finetuned_roberta_oof,wdc_80_medium_seen,50,3,0.683153910951739,0.016535706200866383,0.651546496758855,0.05273228283028561,0.7226666666666667,0.04605793453177565,0.9360840833333334,0.007640589838705691,0.6957216984115496,0.028564758783120904,0.05615637737747838,0.0036892394276713874,0.02748029413643298,0.013294754332953438
hef_gbdt_e5_finetuned_roberta_oof,wdc_80_medium_seen,55,3,0.6792247313520889,0.005419152390881933,0.6262915900262022,0.013865060832789251,0.7426666666666667,0.02402776172125349,0.94528475,0.003941012147913292,0.7286992723079803,0.01338679754394265,0.057568935580191,0.0011379884806548318,0.040083795200699254,0.0026694333121879254
hef_gbdt_e5_finetuned_roberta_oof,wdc_80_medium_seen,60,3,0.6940906002387258,0.018129498806441616,0.6329648156777877,0.06299966784595039,0.776,0.05106858133921482,0.9433908333333334,0.002156523770059951,0.7150226660474895,0.021723658715914366,0.05477166040337213,0.0014293437491075581,0.032658621368408886,0.003937290564085012
hef_gbdt_e5_finetuned_roberta_oof,wdc_80_medium_seen,65,3,0.7034854511658147,0.01589112933607936,0.6598430904682031,0.05126046983493931,0.76,0.06437390775772432,0.9504866666666667,0.004310729929006651,0.7607421944775934,0.031033538315334664,0.054617272647406435,0.003184907272468979,0.03920277529687376,0.005038483231388658
hef_gbdt_e5_finetuned_roberta_oof,wdc_80_medium_seen,70,3,0.7237228631885017,0.01498723506067768,0.6888181620872281,0.030937221886864725,0.7633333333333333,0.019629909152447292,0.9461828333333333,0.003403424363172041,0.7308200402274874,0.035754330887455284,0.05157652585320764,0.00485414319203087,0.030306376070473335,0.008858428180746248
hef_gbdt_e5_finetuned_roberta_oof,wdc_80_medium_seen,75,3,0.7092238103471609,0.013341428481783818,0.6637736160992888,0.025193741462190923,0.762,0.014000000000000012,0.9487065,0.004236462240183473,0.7485597501061683,0.016441987863256916,0.0508779131000284,0.0019253816483453326,0.028168003948416644,0.008008260912864771
hef_gbdt_e5_finetuned_roberta_oof,wdc_80_medium_seen,80,3,0.7294973795207996,0.004174761661879981,0.6686186564055323,0.008831937022120942,0.8026666666666668,0.005033222956847171,0.9595213333333333,0.004782656991237485,0.7811362805276829,0.02100441099841604,0.051597672713456014,0.0024923940303516402,0.03946063588666853,0.007735036557587552
hef_gbdt_e5_finetuned_roberta_oof,wdc_80_medium_seen,85,3,0.7161168365149015,0.009781545333528943,0.6594554996129748,0.021885501771861163,0.784,0.011135528725660053,0.9522954166666667,0.01013350458051568,0.7857906755509334,0.02713760416334421,0.05330993528653469,0.005014088512706522,0.050988438096099306,0.02101459540432187
hef_gbdt_e5_finetuned_roberta_oof,wdc_80_medium_seen,90,3,0.7372722173017183,0.005593812731625709,0.7089415785692068,0.005589468397375289,0.768,0.008717797887081356,0.95476825,0.009577377612765404,0.7702274643075318,0.012908297867461537,0.04994996684182378,0.0012133737115275556,0.03427051012626751,0.00446677879888014
hef_gbdt_e5_finetuned_roberta_oof,wdc_80_medium_seen,95,3,0.7340920473314027,0.011335553951474496,0.7082420052578847,0.030237441426683397,0.764,0.03857460304397185,0.9601626666666666,0.0072388459773180145,0.7975920397939116,0.020007422783038322,0.0470524507740632,0.0020800413471439433,0.031161529873730793,0.008779153692177384
hef_gbdt_e5_finetuned_roberta_oof,wdc_80_medium_seen,100,3,0.735684305113557,0.0033708156886984746,0.680642753626598,0.020482523723733038,0.8013333333333333,0.021197484127446153,0.95386075,0.0027640644438941568,0.7897142630770934,0.009184938719391423,0.049637754711894286,0.0019174661510713788,0.03712270441035055,0.007203564542879189
hef_gbdt_e5_finetuned_roberta_oof,wdc_80_medium_unseen,1,3,0.35625078725088294,0.028025594861928082,0.2310680355327169,0.014179075719023018,0.7833333333333333,0.1207034934595239,0.7430095833333332,0.05553598592373084,0.25040965745681043,0.027549254303859953,0.10958403304089166,0.012482260880336889,0.10988436983504608,0.005342316164854085
hef_gbdt_e5_finetuned_roberta_oof,wdc_80_medium_unseen,2,3,0.3818302533333805,0.045236505470246956,0.2620890343154403,0.052481990756579736,0.752,0.13420879255846094,0.8155725833333334,0.024786157720002356,0.3194012089213791,0.025384842703325628,0.10181927234524532,0.005244813789702207,0.08400416363240602,0.016597357231185914
hef_gbdt_e5_finetuned_roberta_oof,wdc_80_medium_unseen,3,3,0.43966693149447555,0.026531594927308826,0.3391651358584498,0.04305324628712987,0.638,0.062096698785040094,0.8511755833333333,0.014462289718292706,0.36454526415571537,0.02903601287244251,0.09554242149435689,0.009665282662622747,0.07418755498506185,0.010700276565942834
hef_gbdt_e5_finetuned_roberta_oof,wdc_80_medium_unseen,4,3,0.45267018356640426,0.027231831201126478,0.39466501389965564,0.020274701557233425,0.5406666666666666,0.09700171819784088,0.8611683333333334,0.008085902185027602,0.39843929099233727,0.028698187846378585,0.08723103326173436,0.0014704630759164255,0.06462272818129368,0.007215913145362169
hef_gbdt_e5_finetuned_roberta_oof,wdc_80_medium_unseen,5,3,0.4381922233783289,0.037474672892365196,0.3458707845186232,0.031276281301527264,0.6006666666666667,0.06625204399362584,0.8574725,0.01213693279570662,0.40472648191793326,0.03084598793985375,0.09004922879427227,0.004561178052729697,0.06017954302225944,0.01336960998513364
hef_gbdt_e5_finetuned_roberta_oof,wdc_80_medium_unseen,10,3,0.4919994881447843,0.03216084813703977,0.3860189587433338,0.0503605645786637,0.6893333333333334,0.04460194315647392,0.8791091666666666,0.007183540145417988,0.42541942954823697,0.031476958320877255,0.08485625457259251,0.002363314327854179,0.06666572392944854,0.007086750051492609
hef_gbdt_e5_finetuned_roberta_oof,wdc_80_medium_unseen,15,3,0.49737179861767733,0.010471788050799524,0.41870015309609165,0.03271923455327186,0.618,0.04529900661162454,0.8821928333333333,0.004590425813128054,0.4473296033298495,0.025621623953200636,0.08222763694458979,0.0031687122874437313,0.04167314756250542,0.005252970808532234
hef_gbdt_e5_finetuned_roberta_oof,wdc_80_medium_unseen,20,3,0.5013524647396894,0.004514675689295415,0.41037731522953935,0.029150770211047155,0.6533333333333333,0.07392789279651715,0.8794552499999999,0.0022446913345714825,0.4645837685442394,0.01460088583158773,0.08648396259745578,0.00240478186153923,0.06833488714028184,0.011907497576701712
hef_gbdt_e5_finetuned_roberta_oof,wdc_80_medium_unseen,25,3,0.48514468420209134,0.014583181413609207,0.3783078288468198,0.010519113339736156,0.6833333333333333,0.09159330397650986,0.8803965833333334,0.006622212887006371,0.4568785686898687,0.010551668656486215,0.08580661452073081,0.003222551343952539,0.06609761909895068,0.006609721791188737
hef_gbdt_e5_finetuned_roberta_oof,wdc_80_medium_unseen,30,3,0.5234223794908919,0.030576141608046156,0.4272892875124895,0.030267801174067993,0.676,0.03218695387886214,0.8906824166666666,0.013165400853974543,0.49298298123912176,0.05656986263771862,0.0807068375057945,0.005852798239003471,0.06050957238807988,0.008237226551044897
hef_gbdt_e5_finetuned_roberta_oof,wdc_80_medium_unseen,35,3,0.5041752499149884,0.015484112071632677,0.4166245781554749,0.02486303426485498,0.64,0.02088061301782112,0.8848846666666667,0.004479053571440429,0.46787553301851376,0.020827058171187775,0.08263509918330378,0.0015939907993152225,0.05942915829319062,0.004732760289520999
hef_gbdt_e5_finetuned_roberta_oof,wdc_80_medium_unseen,40,3,0.6390305295654446,0.027807386059341157,0.5775391314203455,0.01251119956376344,0.7166666666666667,0.057873425104561865,0.9309734166666667,0.011500504027903877,0.6668889325613119,0.05970725272658984,0.057940042100106,0.00574653220991286,0.02014615434223062,0.011953931216151388
hef_gbdt_e5_finetuned_roberta_oof,wdc_80_medium_unseen,45,3,0.675754583476813,0.01358321621349111,0.6075811685236309,0.03589677513812721,0.7633333333333333,0.022030282189144428,0.9366780833333334,0.004242941788527599,0.6527800090029248,0.024510880757641358,0.061540379103664195,0.003685850739921831,0.03995052393904191,0.0065989640124659325
hef_gbdt_e5_finetuned_roberta_oof,wdc_80_medium_unseen,50,3,0.6698806374288799,0.012634151534397543,0.6143120361506552,0.01245001129350412,0.7366666666666667,0.01847520861406804,0.9354053333333333,0.0018708999561263394,0.6754108878742802,0.016077450669788832,0.05546117205066917,0.0023392273085230085,0.015585797548693932,0.006106218747683942
hef_gbdt_e5_finetuned_roberta_oof,wdc_80_medium_unseen,55,3,0.6854969486219724,0.002269690317085942,0.6131684326403462,0.008275414967635165,0.7773333333333333,0.008082903768654767,0.9444323333333333,0.008121256184903546,0.6937185695159441,0.042376653976111595,0.05921992567833602,0.005650123383699346,0.04207472028391921,0.010503032865421206
hef_gbdt_e5_finetuned_roberta_oof,wdc_80_medium_unseen,60,3,0.6946510392738043,0.008007545036656814,0.6834095390947883,0.023783984319131403,0.708,0.03704051835490426,0.9483415,0.00017260069524778252,0.7306627367709716,0.018123432812981337,0.057619774429065795,0.005019457939880934,0.039148770491464105,0.015010403461739074
hef_gbdt_e5_finetuned_roberta_oof,wdc_80_medium_unseen,65,3,0.6882398316887158,0.002485675982105344,0.6048268584582981,0.018306548501367363,0.8,0.03504283093587044,0.9505028333333333,0.0035161683365325467,0.7278881947658445,0.033528437803503765,0.05868525124423964,0.003006455211756276,0.04672577452782632,0.004743457716608495
hef_gbdt_e5_finetuned_roberta_oof,wdc_80_medium_unseen,70,3,0.7111547019852974,0.011583728941510083,0.6533175715753489,0.02236444138555438,0.7806666666666667,0.0041633319989322695,0.9508996666666666,0.0046867638710878365,0.7221188747256472,0.020404985347504446,0.053409349833349704,0.0021199498174705434,0.035241754398039934,0.012008150753572727
hef_gbdt_e5_finetuned_roberta_oof,wdc_80_medium_unseen,75,3,0.7119403988979542,0.013467881040011658,0.6418834107173709,0.010822547621326574,0.7993333333333333,0.02203028218914439,0.95522425,0.002852459804712307,0.7557744932398501,0.014284199964085299,0.05009403034536083,0.002270154432209473,0.02984948618042959,0.004135610651663726
hef_gbdt_e5_finetuned_roberta_oof,wdc_80_medium_unseen,80,3,0.704943445322991,0.009658131091956118,0.6452558482392862,0.014608700189421014,0.7773333333333333,0.022030282189144428,0.9554123333333333,0.0035751341087899425,0.7469500154342851,0.027232700644751893,0.05471249108177779,0.004303979214434776,0.039799376677063514,0.010136918822168108
hef_gbdt_e5_finetuned_roberta_oof,wdc_80_medium_unseen,85,3,0.7067747505912971,0.007997093941823673,0.6496039801819116,0.012607467002111477,0.7753333333333333,0.017473789896108226,0.9542819166666666,0.0038785896062013708,0.7243473587109905,0.02361874787999658,0.06754885394467282,0.01332757455083116,0.07096761020167061,0.03400679628068508
hef_gbdt_e5_finetuned_roberta_oof,wdc_80_medium_unseen,90,3,0.6939239016034053,0.007939254122741608,0.6130099113031446,0.021952563636072838,0.8006666666666666,0.02444040370643112,0.9523544166666666,0.0017893315150729902,0.7309419946634189,0.028319354235720236,0.060522321050577345,0.0018769582129408192,0.059833635894798225,0.01765543637088091
hef_gbdt_e5_finetuned_roberta_oof,wdc_80_medium_unseen,95,3,0.7150610229939527,0.02006839330759869,0.639214477522797,0.018701143614645834,0.8113333333333334,0.02157158624981787,0.9568206666666667,0.0015482134125608677,0.7592665227436726,0.012919616734702774,0.052880023793043546,0.0038253055635269046,0.04040204622350008,0.007985902137376369
hef_gbdt_e5_finetuned_roberta_oof,wdc_80_medium_unseen,100,3,0.7227562116873985,0.0017056168434924903,0.6545810704904819,0.011918119452097318,0.8073333333333333,0.020132891827388633,0.9566097499999999,0.00418948282160223,0.7538828650086467,0.025440997931931924,0.0562191892064554,0.0017690938348365775,0.05040541712827038,0.002728258610087378
hef_gbdt_e5_official_ditto,abt_buy,1,3,0.4876154681151399,0.022278118786422774,0.37645786280396226,0.04410095931757877,0.7038834951456311,0.057232165643454326,0.8585235337534776,0.009398152356983526,0.3885573713550125,0.0413052211636612,0.08476508781728365,0.011762673855556453,0.051060828436162276,0.010615747662277094
hef_gbdt_e5_official_ditto,abt_buy,2,3,0.4794105349509047,0.030797800428965086,0.3767813746537151,0.046828498876872446,0.6682847896440129,0.04042069901875984,0.8654563863812714,0.011788933424777515,0.44464949177192453,0.031796900292070475,0.08517438335868566,0.014192820707285333,0.05673317353364913,0.02304174839219532
hef_gbdt_e5_official_ditto,abt_buy,3,3,0.530047905047905,0.01915730804879464,0.4293791174149983,0.014796381953798296,0.6974110032362459,0.07772045280597302,0.8835703741554535,0.011160676960000344,0.5101047595826042,0.009802833518611082,0.07194853034234959,0.0069449019288542755,0.04078370564158567,0.007634992281519608
hef_gbdt_e5_official_ditto,abt_buy,4,3,0.5562869664722379,0.037753161811675665,0.4728184561130683,0.07249778331151488,0.6974110032362459,0.10550112176506822,0.894711765930468,0.006120743404258733,0.5212846549601777,0.00586664192041719,0.07352580596943603,0.00783923047302938,0.04881681356379097,0.02472286926437729
hef_gbdt_e5_official_ditto,abt_buy,5,3,0.5732180892289858,0.030669440988352736,0.5020788211348027,0.020357560015091775,0.6682847896440129,0.049821373198513416,0.903714585817294,0.009573926058757948,0.5391021124548423,0.007009316691429667,0.06555830205014702,0.001334629257700507,0.021692759291345655,0.005664818128749809
hef_gbdt_e5_official_ditto,abt_buy,10,3,0.5757330780850892,0.08401201766884206,0.5039599906986341,0.11220707568794312,0.6828478964401294,0.026735779355757765,0.913065633339011,0.029602644881770192,0.5851895765744115,0.14539466416702235,0.0638991856279777,0.011452451775817793,0.023003657609787898,0.003398656056559328
hef_gbdt_e5_official_ditto,abt_buy,15,3,0.666985642513563,0.04825173831749916,0.6282983642331041,0.02014540341593139,0.7184466019417476,0.11290974125837872,0.9357960029523648,0.026649427138162072,0.7095310479189194,0.053338738243188535,0.05442770245992328,0.004697407560301538,0.03475541342059804,0.0063850620287960215
hef_gbdt_e5_official_ditto,abt_buy,20,3,0.6998994480305084,0.12354280250055363,0.6757543036758359,0.17934531987731664,0.7378640776699029,0.04780998932910728,0.9496735365922898,0.03621236750246473,0.7332005043754853,0.1575716303132593,0.05065172875229674,0.0188012790081608,0.03132817169620353,0.018726241129192838
hef_gbdt_e5_official_ditto,abt_buy,25,3,0.7820066527423223,0.04593633449301479,0.7629569579557108,0.0404797409359554,0.8025889967637541,0.05791433711382936,0.9700784458449252,0.010744949364170456,0.8448491080538516,0.04349475995427073,0.036389554660830215,0.006497321963885284,0.015408289464357182,0.005199398618749237
hef_gbdt_e5_official_ditto,abt_buy,30,3,0.7145722789614077,0.17230177449646833,0.6714921962743503,0.20609527811208223,0.7718446601941747,0.12018852818582468,0.9470618293306081,0.05269303036398777,0.747867567007108,0.23363680299824421,0.04854814696546308,0.02909713819345477,0.028627767630679264,0.02525291613364397
hef_gbdt_e5_official_ditto,abt_buy,35,3,0.8310622399105916,0.050914389387620995,0.8047260305324822,0.051012771171805346,0.8592233009708737,0.05114395025656673,0.9745169287836636,0.009126416047127528,0.877436071340601,0.036611560819493946,0.02949796797477702,0.008556707680076698,0.01587269310821783,0.0027589961439205965
hef_gbdt_e5_official_ditto,abt_buy,40,3,0.8335574056576045,0.02677549546542061,0.8060237982769868,0.0620980776654747,0.8656957928802589,0.01560461288186568,0.9812288271920362,0.006393720554777961,0.9040386733063636,0.01010135046338779,0.02624579233879014,0.000625434988803366,0.012406225103430042,0.002606708659222652
hef_gbdt_e5_official_ditto,abt_buy,45,3,0.8134673915069252,0.03789125408935972,0.7980115841691664,0.0525585835458326,0.8300970873786407,0.025686905932665916,0.9748765116675183,0.007334118399098746,0.875971728543945,0.03704604228530734,0.03102755447025694,0.00555062520290106,0.012577537996442886,0.005902782336334586
hef_gbdt_e5_official_ditto,abt_buy,50,3,0.8255974124096934,0.03874422788726884,0.8171049254382587,0.027211420333791113,0.8381877022653722,0.0829988259108878,0.9788607846477034,0.007076026802805634,0.8824429025153931,0.04058968887826275,0.028714329898972372,0.006096121123857962,0.013412961747245853,0.0025002851752160657
hef_gbdt_e5_official_ditto,abt_buy,55,3,0.843713589721255,0.008823050256633193,0.8390766969447172,0.04310772555900976,0.8511326860841424,0.041285924990851416,0.9751211226556142,0.0024077183704771274,0.9004163589285713,0.012544263977109456,0.026650518165710662,0.0017396576228847214,0.013520306919856643,0.0036384416005366196
hef_gbdt_e5_official_ditto,abt_buy,60,3,0.8410326192934888,0.04752998557683211,0.814352758492718,0.08828816695963827,0.8737864077669903,0.022245513082309952,0.9806610647438445,0.006668722278484966,0.9011918940931403,0.040684386430632206,0.025843211476664667,0.006715237400776865,0.014262892660900351,0.002074079834324268
hef_gbdt_e5_official_ditto,abt_buy,65,3,0.8524516998321098,0.027509344593500296,0.8293330335689797,0.057359210304470366,0.8786407766990292,0.009708737864077721,0.9818495808020591,0.007300605558823625,0.9108967692006278,0.021023130061363433,0.024235464153918685,0.0037857363322685677,0.00927602595865607,0.0016210099249668794
hef_gbdt_e5_official_ditto,abt_buy,70,3,0.8651532845329308,0.004012460214824365,0.8537325718989557,0.013010208257707276,0.8770226537216829,0.005605342419316817,0.9846287779859573,0.001116961992649958,0.9290331410540639,0.004288731267185626,0.022223899027198308,0.00030719972415384,0.01067465702772984,0.003340804852364048
hef_gbdt_e5_official_ditto,abt_buy,75,3,0.84121224290441,0.019422335049230327,0.8184312140387991,0.02446751580312322,0.8656957928802589,0.02491068659925677,0.9821121709343478,0.008441506100649535,0.9170578745495452,0.023257493349235207,0.02427024830725066,0.004121640202092331,0.011847508219844068,0.0028744256406672
hef_gbdt_e5_official_ditto,abt_buy,80,3,0.8524971521212136,0.007232288896101369,0.8340280594889478,0.0420794738033145,0.8754045307443366,0.052358219052956144,0.9859961392153523,0.0026674342231812333,0.9343081478450774,0.009857887177247579,0.021863759346006005,0.001151982880860508,0.012051898258603061,0.0010116020601855377
hef_gbdt_e5_official_ditto,abt_buy,85,3,0.8722077179812051,0.018817248177650604,0.8743732540034257,0.03667209404627959,0.8705501618122977,0.0056053424193167525,0.9891954806109124,0.000678934753520868,0.9412902391650948,0.0032780665228775993,0.02120520420400048,0.0017016229049477694,0.010825200676688667,0.0020648084042889227
hef_gbdt_e5_official_ditto,abt_buy,90,3,0.8661525312598436,0.0038307066102501904,0.8888326764779203,0.05059035496444595,0.8478964401294499,0.04510472448144455,0.9867039497340979,0.004086241288578493,0.9367790856802912,0.008491557612597086,0.02150406525472034,0.002038472629890858,0.012060479802803045,0.003329761771958601
hef_gbdt_e5_official_ditto,abt_buy,95,3,0.8859356951370714,0.010053230826534651,0.8683580136508231,0.018958020467314988,0.9045307443365697,0.014013356048291882,0.9897012623251765,0.0009837030587778947,0.9473454232427952,0.004467157433356065,0.018270644081644746,0.0012759184427001853,0.009205561712494164,0.0012122451755603816
hef_gbdt_e5_official_ditto,abt_buy,100,3,0.8838055783829218,0.01871747694390925,0.8640109101349411,0.01905198472890739,0.9045307443365697,0.018378344161165926,0.9903967713242112,0.0010018969706653991,0.9502369663330711,0.005175446257571623,0.018918218913922338,0.0017473021691447035,0.009896564326624904,0.00306903534208156
hef_gbdt_e5_official_ditto,amazon_google,1,3,0.37561532147701193,0.013844619619573905,0.24877700981528342,0.012692548612503666,0.7678062678062678,0.01500805377899251,0.8010648130852113,0.007910584118347355,0.30261739902304485,0.017145256443309144,0.08441255033347476,0.0008394932964922141,0.05736798196539065,0.015573540164942865
hef_gbdt_e5_official_ditto,amazon_google,2,3,0.5035287630133423,0.031890230377016625,0.4205397323919006,0.06570447990279266,0.6438746438746439,0.07231361906835931,0.8469224819394805,0.008506112476859923,0.3919024265264112,0.04949842966107002,0.07744092684409953,0.002806332319471121,0.04737322546008267,0.02721207565659184
hef_gbdt_e5_official_ditto,amazon_google,3,3,0.44044294534778744,0.03573229621732398,0.40774527137116234,0.029032072027674678,0.48717948717948717,0.08768497661830423,0.836583604189238,0.014237900644263916,0.3976098738249555,0.04496409454029808,0.08614859994344173,0.01257446039338283,0.05977309185776026,0.0236704206742423
hef_gbdt_e5_official_ditto,amazon_google,4,3,0.5061131330727249,0.047407911078048495,0.4542611795021734,0.07688834716081727,0.5783475783475783,0.008896008544727094,0.8547475539947614,0.04013556921390694,0.4364019129342772,0.10656225827937726,0.07891768594955456,0.004980227997313348,0.06287518607896418,0.01151704479449586
hef_gbdt_e5_official_ditto,amazon_google,5,3,0.5387083724324888,0.04273566899602115,0.4754066090893433,0.048543357819460974,0.6253561253561254,0.06108769698687056,0.88816626055577,0.026612182096076614,0.5236267185767105,0.05253358709484522,0.06523122700120779,0.00484980422239045,0.026752083216295592,0.008418526054448986
hef_gbdt_e5_official_ditto,amazon_google,10,3,0.6010923209841254,0.031969232809986925,0.5482706875071116,0.07798164091886296,0.6752136752136753,0.0475877295968378,0.9115677956134489,0.015370697824986467,0.5762634614130294,0.049590900554576406,0.0610479974609191,0.00699519493185387,0.030835297968081238,0.013301916060836435
hef_gbdt_e5_official_ditto,amazon_google,15,3,0.5895739577488818,0.05453687020095137,0.5261866348671904,0.074835274765305,0.6737891737891738,0.03235845211282208,0.9056314505561713,0.03104926296066608,0.5805316208386722,0.09294086528270082,0.059721578358436576,0.006541051373625111,0.017096321998789604,0.008646631185722528
hef_gbdt_e5_official_ditto,amazon_google,20,3,0.6238473856081055,0.05645617572097033,0.5841454960959818,0.07379445308325289,0.6709401709401709,0.03337713536712247,0.9214638948733169,0.010834367115215593,0.5738378495670359,0.06155945138519847,0.0586305299807629,0.006096238149538629,0.024699441316553154,0.007967166123931065
hef_gbdt_e5_official_ditto,amazon_google,25,3,0.5953887115871213,0.03139070689490794,0.6001603712272108,0.06942711788486203,0.6011396011396012,0.07660586700711544,0.9191517609438931,0.014581166164394586,0.594830001743352,0.025553765412474252,0.05848326369981437,0.0027702611713695743,0.024277892057541908,0.0031999384268055465
hef_gbdt_e5_official_ditto,amazon_google,30,3,0.582142745567841,0.02687963179732673,0.5801266675687016,0.0363855353834726,0.5854700854700855,0.03651283651845097,0.9130856956257636,0.012867449114923237,0.5904508925571601,0.022013099185750153,0.05896732087406039,0.0030760874246045186,0.01578425582192998,0.003968245054638019
hef_gbdt_e5_official_ditto,amazon_google,35,3,0.6488412001727594,0.037839484816716965,0.6384014677157203,0.05393455875208906,0.6623931623931624,0.04758772959683778,0.9238396782107321,0.002726041402460666,0.6488418491068582,0.05265748822778023,0.055288548418953136,0.005929219033022445,0.025899020515596578,0.013510025112037232
hef_gbdt_e5_official_ditto,amazon_google,40,3,0.6267516212424857,0.012091573373985962,0.6123134448296736,0.025393602341315824,0.6438746438746439,0.03854059617797348,0.9321642597504667,0.010334626795912162,0.6426010910253245,0.009534087745177567,0.05389898521129714,0.0013628766263047362,0.013924818321061197,0.0039941219253926364
hef_gbdt_e5_official_ditto,amazon_google,45,3,0.6533125388755481,0.009191593848608926,0.6538378273924996,0.06433197308552079,0.660968660968661,0.06415002990995845,0.9344047880959002,0.0026415993554521375,0.6705333402237114,0.017554564432171366,0.051622340684074466,0.0015079835804088892,0.016412411913049,0.0030722766225386084
hef_gbdt_e5_official_ditto,amazon_google,50,3,0.6391952828950901,0.053570959979461215,0.6713955598336937,0.07357737338259591,0.6153846153846154,0.07451109305197731,0.9341979275199285,0.01201072974271861,0.6820434154512819,0.03769857733407174,0.05054466646076284,0.004243384578810959,0.01216197370412831,0.00045628603958191937
hef_gbdt_e5_official_ditto,amazon_google,55,3,0.6164423723799294,0.032627050551898414,0.628689128233453,0.098655321977571,0.6196581196581197,0.08830759965714458,0.9246024333445412,0.01414114998197933,0.6562736438849684,0.04263399726587076,0.056232385806149685,0.007978477932151796,0.0235621151322399,0.01653796783131263
hef_gbdt_e5_official_ditto,amazon_google,60,3,0.6584966895975114,0.050355696317468404,0.6649459739659925,0.11628879308152368,0.6652421652421652,0.06197809093392334,0.9402982389869228,0.0036667777136908768,0.6940256627153196,0.021946504155634806,0.0500367360683953,0.005705975565253679,0.020223526607233533,0.006551544764193435
hef_gbdt_e5_official_ditto,amazon_google,65,3,0.6702994292371718,0.026227786927493377,0.639201705206882,0.010609178821677685,0.7051282051282052,0.04461669448252373,0.9387965972473015,0.010661677596202238,0.68425298850606,0.03405195713379627,0.05433998775504064,0.0016533189395820098,0.04070683181572993,0.021795933608426278
hef_gbdt_e5_official_ditto,amazon_google,70,3,0.6411942409172353,0.023177614405396688,0.6703471063140586,0.0990649217544726,0.6353276353276353,0.10981603345987484,0.9346943237181217,0.007190805016102217,0.675159440227533,0.028938525936506213,0.05988414586478438,0.005030934410210129,0.0465090186480678,0.00702734786690838
hef_gbdt_e5_official_ditto,amazon_google,75,3,0.6515101484458121,0.04829469035596943,0.7016606745420305,0.04085466560180195,0.6210826210826211,0.12830005981991682,0.9330117654546989,0.015072881477095698,0.7009531027505453,0.03080271891633005,0.055964550733461814,0.005547844477867968,0.04401779078808296,0.00784577907312732
hef_gbdt_e5_official_ditto,amazon_google,80,3,0.6561415482516142,0.0064731855954292365,0.6847093069581107,0.05873258302365139,0.6339031339031339,0.03558403417890825,0.9306733415524091,0.011024377341027784,0.665827720798089,0.013149017059430277,0.05469080506906756,0.003190130628328372,0.031163343971932673,0.008443023128838285
hef_gbdt_e5_official_ditto,amazon_google,85,3,0.6653838590858083,0.0442355585570791,0.6659951911799202,0.03925253501346096,0.6652421652421653,0.05377374953896543,0.9353923916818526,0.016474896311781936,0.6998652271778045,0.05440967428748006,0.05130159267027805,0.004462744121784907,0.028580605776264513,0.014581286926769384
hef_gbdt_e5_official_ditto,amazon_google,90,3,0.693375592778645,0.012401325222503635,0.7209631324616779,0.02401559406365681,0.6680911680911681,0.008896008544727076,0.9440891838900581,0.004305139517407941,0.7174690754932007,0.008724864461919597,0.05074141070347197,0.0033466579931439987,0.03842845553776571,0.020064387704325885
hef_gbdt_e5_official_ditto,amazon_google,95,3,0.6785006749552632,0.028363889444148874,0.7028438925299911,0.013902768626328213,0.6581196581196581,0.05982905982905984,0.9397112115664811,0.014653637555683842,0.7216906893035203,0.03489760949051138,0.05094427717291766,0.00789396593542131,0.03783856706040524,0.013522356930342918
hef_gbdt_e5_official_ditto,amazon_google,100,3,0.6682353024267593,0.003039681491144875,0.7095087351419362,0.02891404938526366,0.6324786324786325,0.018627773262994328,0.9412796160003543,0.007712527905689248,0.7070578657628401,0.012798690382032064,0.05318800987726662,0.0037774224832304044,0.040989157358907916,0.011666025942583296
hef_gbdt_e5_official_ditto,link_lives_release2,1,3,0.8385033922173302,0.011438071592595132,0.796801204336804,0.02650541154619603,0.8853333333333333,0.007218210588682209,0.9753663905521652,0.0007556884782731452,0.8900845796615956,0.008461016322428573,0.04582675038141131,0.0028966322621215624,0.03315319564158441,0.0060102703696296896
hef_gbdt_e5_official_ditto,link_lives_release2,2,3,0.8572866517774647,0.015054684884067327,0.803990166412571,0.030482472562107198,0.9191794871794872,0.0248761825365889,0.9820686332651019,0.0031576601691380188,0.9219868346956961,0.011628377616396976,0.04238659076207643,0.008858955251785015,0.033322053555949416,0.01665177726417877
hef_gbdt_e5_official_ditto,link_lives_release2,3,3,0.8800780549105928,0.0024283678585119567,0.8243491045732809,0.0021395701266392017,0.9438974358974359,0.004536070643588902,0.987683989184984,0.0007207894909185468,0.9422510270170072,0.00950635607174273,0.03155643922573115,0.0017647352432978477,0.020600500641709582,0.0072903206873493566
hef_gbdt_e5_official_ditto,link_lives_release2,4,3,0.8909226125397075,0.005629469882156598,0.8462113106992294,0.014311398198377952,0.9408205128205128,0.008439598595762389,0.9886189428576895,0.0014581792454226347,0.951704549835838,0.0054106853358935605,0.028422371432658973,0.0026272881911678465,0.014291037497400112,0.005292344383124639
hef_gbdt_e5_official_ditto,link_lives_release2,5,3,0.8957686145105374,0.003523868277631347,0.8489152071069036,0.010586056322591741,0.9482051282051283,0.005385347935517972,0.9904294281942877,0.00034657029825399825,0.9572785707988225,0.004702450666786717,0.02904465593315656,0.0032231564474880163,0.022891990619833165,0.008093042803299382
hef_gbdt_e5_official_ditto,link_lives_release2,10,3,0.9078068994443143,0.0019138290038539427,0.8697662440951965,0.002513625478906313,0.9493333333333334,0.002956622626748632,0.9923168111006957,0.00021176706341905562,0.9648481444274004,0.002210068658576564,0.025100821261230907,0.0020195814420906595,0.016273248034476235,0.0050287845315442675
hef_gbdt_e5_official_ditto,link_lives_release2,15,3,0.9154929899221982,0.0036809032511871407,0.8805052054044461,0.0050511552925223396,0.9534358974358974,0.009160415655969844,0.9933197029696657,0.0006508388068194942,0.9694748031956393,0.0024678197711565444,0.025728993440067956,0.0047291961081123,0.0255296000080057,0.012801483687257543
hef_gbdt_e5_official_ditto,link_lives_release2,20,3,0.9125122410044878,0.007030829629120835,0.8717332075335348,0.02397594357293331,0.9579487179487179,0.016780753509986337,0.9940021776697977,0.0007556680322687788,0.971461854157171,0.0036673459752723926,0.024052263953285018,0.0023141601448758175,0.019500573635173428,0.0041440802325190046
hef_gbdt_e5_official_ditto,link_lives_release2,25,3,0.9192648242896592,0.004846820212917616,0.8807015125340644,0.016779309000917036,0.9616410256410256,0.009535152445026833,0.9943958767751357,0.0001346262937327384,0.9735444083124096,0.002264060457765993,0.025405902057008156,0.006848283820768233,0.027728011252671166,0.020512158908014482
hef_gbdt_e5_official_ditto,link_lives_release2,30,3,0.9263345211322529,0.00533436047658725,0.889922635041773,0.015349620766279586,0.966051282051282,0.007132446625933852,0.9952006421415772,0.0005387772684902277,0.9778280984729403,0.002973092769590593,0.01936599275671228,0.00072186993022324,0.013650012184300831,0.006463180369379013
hef_gbdt_e5_official_ditto,link_lives_release2,35,3,0.9282316430632638,0.005651166055038443,0.8981033404044917,0.01966477737111484,0.9608205128205128,0.011138008207236033,0.995493820901804,0.0004580950644560123,0.9788698205382809,0.0021733300905945035,0.019296014574548236,0.001419912621983614,0.01577560266085329,0.0013886682876892867
hef_gbdt_e5_official_ditto,link_lives_release2,40,3,0.9291414145122503,0.004873862810146971,0.8997088354272813,0.010078357424045566,0.9606153846153846,0.001109400392450413,0.9955415574643378,0.0003540835620283845,0.9787582030350551,0.0020617816392867585,0.01986505334553501,0.002971899795744625,0.015811945660947943,0.008616592431442608
hef_gbdt_e5_official_ditto,link_lives_release2,45,3,0.9307451820444953,0.0034868706005556373,0.9013251227382074,0.002920030927210108,0.9621538461538461,0.00459482600709786,0.9951261326752499,0.0008600673746697093,0.9794430881177594,0.0012624571286098233,0.01855563529243499,0.0013891300256199234,0.012984055642658258,0.0012964047976065296
hef_gbdt_e5_official_ditto,link_lives_release2,50,3,0.934248031151524,0.001549661743878966,0.9056448281174232,0.0022607386787048657,0.9647179487179487,0.0007743419933611303,0.9960597695432314,0.00012359936705499047,0.9814108104879326,0.00010911953832298235,0.017754634039813585,0.0016185483674103927,0.01323328591782508,0.005687440458490524
hef_gbdt_e5_official_ditto,link_lives_release2,55,3,0.9316707432186031,0.0031142353284284957,0.902801475575069,0.011035993040710462,0.9625641025641025,0.006529556530214132,0.9958796925117492,0.0005341685995984784,0.9807116870572297,0.002133158395725119,0.019064642395307092,0.0007274496195755738,0.01687941249999151,0.0014514160912141771
hef_gbdt_e5_official_ditto,link_lives_release2,60,3,0.9384172141005179,0.008585752862373962,0.9136851006216608,0.01911299193049607,0.9647179487179487,0.0035662233129669244,0.9960274584074634,0.00022628403416146274,0.9815197274742868,0.001822398365934534,0.01648051233762565,0.0023541146141561908,0.010352470155757363,0.0037210255865200367
hef_gbdt_e5_official_ditto,link_lives_release2,65,3,0.9355729124446551,0.00782065745339658,0.9107631335505831,0.012121693506672877,0.9618461538461539,0.00808827041728918,0.9963520045402662,9.351427675897546e-05,0.9830786326671338,0.0011695712481164012,0.017699704493727857,0.001910902088597263,0.019838600196254864,0.004250764518294602
hef_gbdt_e5_official_ditto,link_lives_release2,70,3,0.9370810170045494,0.0031968131370448015,0.909715541629247,0.004138667696399475,0.9661538461538461,0.004023599024806742,0.9964328716545826,0.00021114042832788004,0.9827785626222852,0.0012670865336038594,0.017042354392224172,0.0005213213278188362,0.012516931908710248,0.0019097738985172509
hef_gbdt_e5_official_ditto,link_lives_release2,75,3,0.932596488378547,0.01319657182381536,0.9051568020720918,0.023221417394122163,0.961948717948718,0.004398314183054664,0.9955048909889745,0.00151369351752639,0.980637520568751,0.005860646653270556,0.021242693558428807,0.009244400002088853,0.030587171267201337,0.03781665554059654
hef_gbdt_e5_official_ditto,link_lives_release2,80,3,0.9342995082768012,0.0033476055912105775,0.9013916752665385,0.00781285854986305,0.9697435897435898,0.0032900543450965296,0.9962613363176657,0.0001837986783980066,0.9831418833978548,0.0011419902741795441,0.016096128915958508,0.0009416998798245418,0.0094829924848591,0.0035267755425410726
hef_gbdt_e5_official_ditto,link_lives_release2,85,3,0.9391169567997674,0.006513299297113179,0.9154563043867225,0.016494421418012405,0.9642051282051282,0.004868284835407551,0.9965779879989032,0.0006678635669924339,0.9836754683259042,0.0033266655361442886,0.01690055874653194,0.0010062853222808266,0.013415430784121793,0.003374439985330605
hef_gbdt_e5_official_ditto,link_lives_release2,90,3,0.9399707939350945,0.001969051756510899,0.9109842144977851,0.0017346647173560666,0.9708717948717949,0.0042672090385056,0.9968277122032407,0.0001648499601625574,0.9838330921058868,0.0007596448259158111,0.01579361786502629,0.0006090752271772248,0.011504287222238976,0.000927728858579622
hef_gbdt_e5_official_ditto,link_lives_release2,95,3,0.9394316635977747,0.0029259802025493847,0.9155722633635223,0.008204917763248916,0.9646153846153847,0.002935197542821362,0.996526371166759,0.0004051998252134579,0.9828358205444928,0.0021510409234645053,0.016600237756399325,0.0015458095959907355,0.010348073766524617,0.005365715347327606
hef_gbdt_e5_official_ditto,link_lives_release2,100,3,0.9404387549729307,0.0023781204733524324,0.9150300447705068,0.009480971542417794,0.9673846153846154,0.005547001962252281,0.9968360944783476,0.00031627504833199566,0.984380587214494,0.0005639573011668701,0.015694470834570796,0.0014359733270252857,0.007798094269758746,0.005361013527762033
hef_gbdt_e5_official_ditto,walmart_amazon,1,3,0.31871975037879435,0.004568452221791759,0.2168036185245606,0.015103100068361163,0.614853195164076,0.08519075962099154,0.7083812570722411,0.021519664943760758,0.18617151298845422,0.00983707940975429,0.08930912743791379,0.010098753571443526,0.0637805663067843,0.04476424128611596
hef_gbdt_e5_official_ditto,walmart_amazon,2,3,0.4231437635470496,0.02005867357014843,0.3251605085741628,0.02658454244212731,0.6321243523316062,0.15961576995595192,0.8319133017688047,0.015988056011094248,0.3019831836144091,0.022461250698277736,0.07856026942381202,0.002852186903133124,0.07163076810168553,0.013095162910601876
hef_gbdt_e5_official_ditto,walmart_amazon,3,3,0.5610783037639752,0.022760226213884002,0.5645562933680134,0.023390433038807272,0.5595854922279793,0.04487178257950456,0.908966764189149,0.0022691778894428517,0.5708040307465698,0.014529750913408697,0.06664952014687574,0.004294319909275302,0.06521598425599139,0.01746496337331456
hef_gbdt_e5_official_ditto,walmart_amazon,4,3,0.5737486513732302,0.029255484675415087,0.6575095152778583,0.15105326464745278,0.5302245250431779,0.07072744466128934,0.9034950829313322,0.008281914760701083,0.5948197384043291,0.03217848860370334,0.06619471100043668,0.012779127550546622,0.08211968879563017,0.026259907337184273
hef_gbdt_e5_official_ditto,walmart_amazon,5,3,0.5923772334357439,0.010929355004466344,0.6720864763869405,0.12291510396068919,0.5526770293609672,0.10946426167523884,0.9067976334048001,0.004414863879206294,0.6378399992935072,0.02446395140130805,0.055160506265025694,0.0018055433621193893,0.05812024815234153,0.007076908851164529
hef_gbdt_e5_official_ditto,walmart_amazon,10,3,0.7088278561962773,0.021556247052716193,0.8304891460866574,0.09437433196888897,0.6286701208981001,0.08049174575289149,0.9319310754273122,0.005301203965495066,0.7895087530094845,0.013040685480851551,0.03735305618330205,0.0014821188385753918,0.016937554437444907,0.0029340361093183292
hef_gbdt_e5_official_ditto,walmart_amazon,15,3,0.7518659997880623,0.019453164069400147,0.8625053436266251,0.04126533774270371,0.6683937823834197,0.04112566804763614,0.9425352495384431,0.007148793527466587,0.8187549163653295,0.013149915577920198,0.03332171330901223,0.0012054462035335771,0.012243292417348247,0.004544161101242774
hef_gbdt_e5_official_ditto,walmart_amazon,20,3,0.7598366855661285,0.0030560956503948504,0.8597459481937864,0.07240881968858147,0.6856649395509499,0.04897218265546743,0.944001809004824,0.0026438391927100934,0.8296087664888101,0.006846607960473296,0.032346367139780036,0.00012786523452876374,0.013576856474697436,0.0069796950680323065
hef_gbdt_e5_official_ditto,walmart_amazon,25,3,0.7691597249532254,0.01268046151559389,0.9122701838529177,0.005237946611543196,0.6649395509499136,0.016655700796188173,0.9435816620510988,0.008518885492352381,0.822188458934611,0.014149468408681688,0.033122164379285356,0.0016009349595783766,0.01779595361596546,0.0033012249886441437
hef_gbdt_e5_official_ditto,walmart_amazon,30,3,0.7984925781733302,0.015524718796758446,0.8876003343385672,0.056735999132386285,0.7271157167530224,0.01303943771203928,0.9559669242451313,0.003520031229931568,0.8661463910429287,0.0030673927542655918,0.027839500146087996,0.0011772994157360805,0.014363179212628847,0.004804039656665906
hef_gbdt_e5_official_ditto,walmart_amazon,35,3,0.8039475225539494,0.06120456834799774,0.847770444491756,0.06828683945282808,0.7651122625215889,0.06246335516416277,0.9558589795128343,0.010303192249420442,0.8644237660675652,0.039526818399398825,0.027173627931476697,0.005198663837426039,0.01093940521365494,0.002843610642136515
hef_gbdt_e5_official_ditto,walmart_amazon,40,3,0.8252207199784573,0.03197052186961637,0.8558349036483227,0.0700225408876344,0.7996545768566494,0.03449910942217297,0.9613595080697993,0.010151989341354896,0.885906692324081,0.020925146055066998,0.025277521325378742,0.0018533285706122658,0.01261768027384738,0.004333880291994142
hef_gbdt_e5_official_ditto,walmart_amazon,45,3,0.835838280538305,0.0026016572203308415,0.8981787485136076,0.029911853732265948,0.7823834196891192,0.01868161282623829,0.9655879637901257,0.00405221313970131,0.891292733832707,0.004588280722831026,0.023839840190699943,0.0013448443873810417,0.010277953479126942,0.0008610579849113299
hef_gbdt_e5_official_ditto,walmart_amazon,50,3,0.7893368455262303,0.049963013793811635,0.8881656804733727,0.05329715577952709,0.7150259067357513,0.08338589087788127,0.952825360312072,0.0070682196826094695,0.8601796909370667,0.03076286488300272,0.028020767197458423,0.005279190532293836,0.009618743985736193,0.001370478692135736
hef_gbdt_e5_official_ditto,walmart_amazon,55,3,0.8400951522786061,0.014786962431083161,0.9247606286517668,0.03994353680006633,0.770293609671848,0.01303943771203928,0.9611980562503722,0.007724103741025423,0.8903996924335748,0.016894401225503713,0.02320911391553292,0.003083724794123705,0.012549452764482149,0.0023578101351142515
hef_gbdt_e5_official_ditto,walmart_amazon,60,3,0.8552923732602152,0.022060693628065228,0.9028034142437984,0.020283346635488583,0.8134715025906736,0.040467614901070766,0.9744059317491512,0.0023783998503835164,0.9128930649377629,0.00820228681851466,0.021360484764975523,0.001083579032440253,0.010611754450094383,0.003876011782805584
hef_gbdt_e5_official_ditto,walmart_amazon,65,3,0.8514213900760579,0.014510276141510464,0.8900246145873818,0.02843451985785525,0.8169257340241797,0.029462387062576822,0.9696740441307844,0.003453118069011093,0.9036040434866014,0.01378862753022965,0.022303254077875936,0.002572963259273249,0.011387303481744684,0.0018063948471027254
hef_gbdt_e5_official_ditto,walmart_amazon,70,3,0.8366497484451354,0.022931142727403465,0.9206392452920772,0.02119369956477305,0.768566493955095,0.051117957122448175,0.968814208504556,0.006378791622253844,0.9000870269224759,0.015338043353759195,0.02323036921149505,0.0021691950001853106,0.010266955323484437,0.002222198571628737
hef_gbdt_e5_official_ditto,walmart_amazon,75,3,0.8508740803822771,0.005479820228752134,0.8820190718980827,0.0331082912504951,0.8238341968911916,0.040467614901070766,0.9730617406646418,0.003615330339746018,0.9149295597479563,0.008203367315617703,0.02136726151512448,0.0017963629609648781,0.01135380556010544,0.00510228792803209
hef_gbdt_e5_official_ditto,walmart_amazon,80,3,0.8646770618531827,0.011067852195052977,0.9120642807038869,0.016728378210858482,0.8221070811744386,0.013039437712039286,0.9714090695908523,0.004671921674098028,0.9139692852166579,0.006154090448639285,0.021196379872331934,0.0010458549311562406,0.012745465644482238,0.001846542766923623
hef_gbdt_e5_official_ditto,walmart_amazon,85,3,0.8456589387623871,0.017551182643223532,0.8716376917535384,0.0402663350842022,0.8221070811744386,0.019616263716063127,0.9717771052945029,0.005502344407885031,0.9061712266511162,0.01168971123252243,0.022648758863221218,0.0012345742993089756,0.012070849340224964,0.000505727300394642
hef_gbdt_e5_official_ditto,walmart_amazon,90,3,0.8523927355640895,0.013595030955426012,0.907555536903363,0.019680720046985286,0.8048359240069085,0.040245872876445765,0.9721474673932463,0.0053376872883312,0.9096940525047924,0.010959608173084535,0.02213294421807337,0.0014149713718945,0.010406321274413008,0.0006928427057602324
hef_gbdt_e5_official_ditto,walmart_amazon,95,3,0.8534516248902101,0.035703811494600016,0.9181164747202483,0.01769261765389026,0.7979274611398963,0.05103035130464304,0.9713648680840927,0.0060503740754659485,0.9122771761802024,0.01944616997684946,0.021268248745357963,0.003676619308387072,0.011499134768202439,0.0006765988928606807
hef_gbdt_e5_official_ditto,walmart_amazon,100,3,0.8662725908826868,0.01126947586999272,0.9156089423397116,0.018898073362265354,0.8221070811744386,0.010785834194125016,0.9749912527544518,0.0018571843263558597,0.9233105261826821,0.005154362716882866,0.019696516559932133,0.0013118695060298385,0.010396461213557702,0.0023430720074026903
hef_gbdt_e5_official_ditto,wdc_80_medium_seen,1,3,0.3113686038335737,0.03887590754620314,0.20334325742732026,0.019423106146740185,0.672,0.14895636945092344,0.6704255833333334,0.05841755819600251,0.19529763019816904,0.02618305769317127,0.10967867530860816,0.010952924034097141,0.08988699106672715,0.022763498741089294
hef_gbdt_e5_official_ditto,wdc_80_medium_seen,2,3,0.3211451464380749,0.028762884724929383,0.20639063621480624,0.030862810447879002,0.7566666666666667,0.11316065276116664,0.7678900000000001,0.029672103347462505,0.27494899709650317,0.027064290028162134,0.11378892313162904,0.008145249879148879,0.09662798075233846,0.012925042015991478
hef_gbdt_e5_official_ditto,wdc_80_medium_seen,3,3,0.4131816134828854,0.026456802596425674,0.32064329094423344,0.015063152921596532,0.5833333333333334,0.07015221545563144,0.824982,0.014103068469308411,0.33399410731342877,0.017579853556513494,0.09757675118435037,0.0024151024407699567,0.08045566161321283,0.010939913496954163
hef_gbdt_e5_official_ditto,wdc_80_medium_seen,4,3,0.4226802615912235,0.018520047974510397,0.34683079097203784,0.010136091700814809,0.5426666666666666,0.05029247790011277,0.8307951666666666,0.008121689919335371,0.3489000102928017,0.016403659613102216,0.09560227801235095,0.002000766982696026,0.08020445813016736,0.0003624074879606782
hef_gbdt_e5_official_ditto,wdc_80_medium_seen,5,3,0.4206706762380352,0.023663356445846502,0.33175324486665153,0.04126434196259602,0.5833333333333334,0.0405133722779693,0.8361023333333334,0.007249804102238424,0.3619626948317713,0.010273851851940399,0.10071058321088551,0.0048856708767929715,0.09388159688474822,0.004284272696867131
hef_gbdt_e5_official_ditto,wdc_80_medium_seen,10,3,0.42848245708050026,0.012859195381573315,0.33674062236757346,0.031227758623950143,0.5973333333333334,0.055075705472861,0.8411320833333333,0.009702864494356058,0.36754953134742646,0.013745373829220107,0.10584609730548712,0.005402447898325666,0.10431358273297021,0.013879781577686861
hef_gbdt_e5_official_ditto,wdc_80_medium_seen,15,3,0.4281477617458699,0.010514552286267565,0.3075837867186126,0.019495498135084645,0.71,0.052459508194416,0.8487415,0.0052248779112529535,0.38925755203767237,0.0019191668664849879,0.09537528555083144,0.00365705546780957,0.07613279301642376,0.010818993378209697
hef_gbdt_e5_official_ditto,wdc_80_medium_seen,20,3,0.4406827365821627,0.010124519114599882,0.32615818232456395,0.015140937239169344,0.682,0.04044749683231334,0.8518253333333334,0.0033876838818480684,0.38321678361946704,0.0059962919766979325,0.09549418177796688,0.001876633131572118,0.0750796791535862,0.005805024439764403
hef_gbdt_e5_official_ditto,wdc_80_medium_seen,25,3,0.43190029519494244,0.013365363836683452,0.3196107603047839,0.011602625273508122,0.666,0.016370705543744913,0.8520231666666667,0.0063251770248612645,0.40135781578614593,0.022437078373901145,0.09620508614072944,0.005721674530285113,0.07905825615081076,0.012163647964242139
hef_gbdt_e5_official_ditto,wdc_80_medium_seen,30,3,0.45566007460142816,0.013226280038488877,0.3483233943675521,0.02162930555744086,0.6626666666666666,0.04387862045841154,0.8648320833333333,0.0015668811843383163,0.4532782426104164,0.008886560922491946,0.0935093421924145,0.0014463521657776563,0.08435644307648087,0.007146405212485992
hef_gbdt_e5_official_ditto,wdc_80_medium_seen,35,3,0.4427494959809307,0.0013263635935001818,0.3337233113425415,0.018294901291763165,0.6639999999999999,0.06069596362197406,0.8567595,0.0006863160259675301,0.4207018049065031,0.009531864948311772,0.09571958052441609,0.0036446806599305165,0.08084650341512963,0.0059241667138035595
hef_gbdt_e5_official_ditto,wdc_80_medium_seen,40,3,0.5696006220812767,0.031862758225106425,0.477880768046973,0.023951749520131297,0.706,0.05632051136131488,0.9082146666666666,0.009965064884175737,0.5618728119759566,0.023008179499574205,0.07276622192928943,0.004355152949705272,0.043492433019343794,0.014874410660640183
hef_gbdt_e5_official_ditto,wdc_80_medium_seen,45,3,0.621056746555218,0.018790701109682978,0.5408143629602853,0.036012594875138686,0.7326666666666667,0.042910760111344294,0.9281177500000001,0.005771641333927444,0.6527865214261656,0.027278741150973788,0.0654549614726929,0.00032780796519302083,0.04225451455155767,0.009032958532004972
hef_gbdt_e5_official_ditto,wdc_80_medium_seen,50,3,0.5797436271635238,0.031627557916974955,0.4906116314260037,0.042714596839139196,0.7113333333333334,0.030550504633038898,0.9149147499999999,0.013316959900818201,0.602590103261671,0.062140380763707856,0.07545449738596026,0.012539733053394593,0.06418058200708321,0.03245181479480095
hef_gbdt_e5_official_ditto,wdc_80_medium_seen,55,3,0.6187710298834833,0.010976884749057513,0.5530522883788394,0.043713627537604334,0.708,0.049152822909778036,0.9240915000000001,0.002537650697495713,0.6371908178646436,0.0031420410205271797,0.06518909439379493,0.0037852742101638147,0.03645766379176549,0.014740003166465492
hef_gbdt_e5_official_ditto,wdc_80_medium_seen,60,3,0.6057064958230748,0.02707704042941496,0.5294637317615193,0.04867064848417805,0.7106666666666667,0.011015141094572214,0.9234042499999999,0.007456489639904289,0.6182770120497644,0.05324494379732641,0.07013017405679231,0.00662424889439831,0.05492921609559711,0.012401199571865125
hef_gbdt_e5_official_ditto,wdc_80_medium_seen,65,3,0.6742920605773888,0.01751108982589208,0.6443469360701959,0.04437180073309826,0.7093333333333333,0.022479620400116508,0.9382525833333333,0.007103914169022069,0.6958714995714306,0.034384535843220175,0.05887611031343389,0.003824158670988021,0.04124068712940977,0.013438853528912128
hef_gbdt_e5_official_ditto,wdc_80_medium_seen,70,3,0.6701697245884212,0.01855527053948558,0.6231772275335876,0.008450151409834442,0.726,0.04467661580737733,0.9445666666666666,0.005994063570177913,0.7262474371511422,0.02161548330192301,0.05701025857635406,0.0037350713621201303,0.033378632443292755,0.01086014822387106
hef_gbdt_e5_official_ditto,wdc_80_medium_seen,75,3,0.6510482651646804,0.007342699976440496,0.5937843268618699,0.011500702113052187,0.7206666666666667,0.007023769168568499,0.9376215833333333,0.0013024615477370534,0.6960335547856338,0.010507926608947834,0.057970242627434,0.0024860651830094526,0.027111214730676285,0.008864370687867263
hef_gbdt_e5_official_ditto,wdc_80_medium_seen,80,3,0.6927426208799532,0.012122683571348334,0.6515444090594368,0.008630563093342515,0.74,0.028000000000000025,0.9474114166666666,0.007195822930411366,0.7487959603326367,0.019211136676622904,0.05228424949470169,0.002743322701387786,0.027887865363741566,0.0035966206278073808
hef_gbdt_e5_official_ditto,wdc_80_medium_seen,85,3,0.6691931655982477,0.011632306330343506,0.610916600112235,0.03867508836894021,0.744,0.05047771785649589,0.9453861666666666,0.004738162779056217,0.7167826387671635,0.01409540989371847,0.056705010369307085,0.0027292828280613478,0.03498614527152655,0.005772155158174416
hef_gbdt_e5_official_ditto,wdc_80_medium_seen,90,3,0.7025634874750883,0.02485469395281753,0.651900746794959,0.031850683420520935,0.762,0.015099668870541512,0.9517464166666667,0.0054499760339687805,0.7589635536204772,0.01667833632484084,0.05126612422374602,0.0017942422469665023,0.031990249453285685,0.0007849552218071417
hef_gbdt_e5_official_ditto,wdc_80_medium_seen,95,3,0.695893730001154,0.013860412959142218,0.6756383529330823,0.015551846700936992,0.7186666666666667,0.03910669166949989,0.9478324166666666,0.008218074022898121,0.7472335454302017,0.029897228093696014,0.05483731961481095,0.007183787851796847,0.043440874164104616,0.022477235346305025
hef_gbdt_e5_official_ditto,wdc_80_medium_seen,100,3,0.719528558368494,0.014898255551284779,0.6738433385390087,0.058827815700244326,0.778,0.05106858133921482,0.9547293333333334,0.0066323480115140256,0.7876397293393532,0.0033312549923219027,0.04705377400693679,0.00226567120513475,0.02599631508529844,0.010853264202657514
hef_gbdt_e5_official_ditto,wdc_80_medium_unseen,1,3,0.3543387733073261,0.029291331866351494,0.23166560044446283,0.013794475791499571,0.7586666666666667,0.1233099076852032,0.7333196666666666,0.05443009243879553,0.24379791597384,0.03131029771876606,0.10733784536830372,0.012629521386307452,0.09507379941369072,0.016295566150397955
hef_gbdt_e5_official_ditto,wdc_80_medium_unseen,2,3,0.36611857568613987,0.04376880692932426,0.2375639952830391,0.042609382324621324,0.834,0.09699484522385711,0.8184577500000001,0.019304057991456063,0.3267374945345277,0.02013305752131531,0.10225040614218141,0.005152332607899384,0.07765962668758694,0.014677909008741257
hef_gbdt_e5_official_ditto,wdc_80_medium_unseen,3,3,0.4352681691642989,0.01846033523511464,0.33422667858056093,0.028589064073769176,0.6306666666666667,0.05277625728803946,0.8495413333333333,0.013845478797998806,0.3618197220926349,0.022746102183951636,0.09295970048774646,0.00526219434265493,0.07086778864227897,0.005866710747308387
hef_gbdt_e5_official_ditto,wdc_80_medium_unseen,4,3,0.4407833589016033,0.024422049433975974,0.3912667578412389,0.03173842254283031,0.5126666666666666,0.07505553499465133,0.8527935,0.00803622498829514,0.3945892377572203,0.025639808887222063,0.08788767574841924,0.0023085434848150307,0.0634316628388607,0.007027570254655681
hef_gbdt_e5_official_ditto,wdc_80_medium_unseen,5,3,0.435866433422603,0.02389955163340957,0.3553232593646515,0.05765812065095794,0.58,0.06009991680526687,0.8546530833333333,0.009130647246818436,0.3896456094326438,0.013205368500393666,0.09333819720634068,0.006532740178805065,0.07798944197903522,0.01117937851766256
hef_gbdt_e5_official_ditto,wdc_80_medium_unseen,10,3,0.46045062926120134,0.02807041219338706,0.35074016115728895,0.03620336371143017,0.6746666666666666,0.018147543451754906,0.86455075,0.008495724575484935,0.40661947004174037,0.017700973119664516,0.09317748154216815,0.004354540768601683,0.0798183371834616,0.0009676279757336682
hef_gbdt_e5_official_ditto,wdc_80_medium_unseen,15,3,0.4627776566103549,0.007366524209304319,0.3892077757967603,0.03764089499297664,0.5840000000000001,0.08600000000000002,0.8684445833333332,0.002134865691520914,0.42792136362944866,0.005924633874501699,0.08914753611146603,0.003408474727059959,0.059227920630299455,0.0064430398056628336
hef_gbdt_e5_official_ditto,wdc_80_medium_unseen,20,3,0.49120298770796883,0.009360563410981074,0.3845704939170176,0.0035298429398508014,0.68,0.027495454169735003,0.8790125833333333,0.007007375999319102,0.4454613220383927,0.018399117022423785,0.08471464564256638,0.0009757945813687247,0.05614789925895638,0.00580225662835782
hef_gbdt_e5_official_ditto,wdc_80_medium_unseen,25,3,0.4821806966593358,0.014104658238225567,0.386652083830969,0.019182268347200944,0.642,0.028000000000000025,0.8740641666666666,0.006259403652372438,0.4320347494175234,0.02677553402784602,0.08716222148057429,0.004127146546897997,0.06398937730584195,0.008520869308407286
hef_gbdt_e5_official_ditto,wdc_80_medium_unseen,30,3,0.5013804200939582,0.01072265894460504,0.3979130147340688,0.025230485692045675,0.6813333333333333,0.03511884584284244,0.8831709166666666,0.0034135699452089046,0.46355175513371993,0.012307249391597662,0.08495351334199552,0.000940632149104171,0.06607252193221702,0.006020312923548069
hef_gbdt_e5_official_ditto,wdc_80_medium_unseen,35,3,0.47239486417043397,0.007988335922206213,0.3653015257753217,0.02559396220747719,0.678,0.07701947805587885,0.8751110000000001,0.005330482394915123,0.4281858090715815,0.023697882120067557,0.0863849486181784,0.0009080681424068457,0.05518181779962632,0.0020567590327238297
hef_gbdt_e5_official_ditto,wdc_80_medium_unseen,40,3,0.6003231804261767,0.03643295839415237,0.5476633029740527,0.038241941014884095,0.6653333333333333,0.04657610259922285,0.9237993333333333,0.008119743135305,0.5943859068171223,0.04827069122606732,0.06786519915047087,0.004661509705638496,0.040478332081124314,0.006377290670308603
hef_gbdt_e5_official_ditto,wdc_80_medium_unseen,45,3,0.6281449629694231,0.01848750077349123,0.5765577398003991,0.02182549580078115,0.69,0.015099668870541453,0.9317735833333334,0.0038201536481970552,0.6366740803165508,0.024415065240031085,0.06437117131144471,0.004966760080679204,0.04036750557044395,0.015803613921910476
hef_gbdt_e5_official_ditto,wdc_80_medium_unseen,50,3,0.6505793508238844,0.022495506411065305,0.5837937621531794,0.0336232388288377,0.7353333333333333,0.005033222956847171,0.9386811666666667,0.0017564653663916564,0.6803218000926651,0.012944838158658005,0.061070615718473234,0.004395999735673474,0.03666681487603347,0.012345987671031261
hef_gbdt_e5_official_ditto,wdc_80_medium_unseen,55,3,0.681323820900842,0.01086593256766063,0.6429905556113734,0.011470508155757944,0.7253333333333333,0.03177000681985031,0.9434557499999999,0.004308821090217118,0.7047892794056175,0.02984478127648473,0.05498609428309748,0.0025610634788971747,0.02325421526541378,0.001600510344461387
hef_gbdt_e5_official_ditto,wdc_80_medium_unseen,60,3,0.6662687048340924,0.033830054269766596,0.6293203174480075,0.07078529842367196,0.712,0.01442220510185597,0.94292225,0.006100468204367582,0.7061701859907821,0.05417324249461872,0.05547763662012448,0.006289194779347546,0.02916858116220401,0.008634404807875634
hef_gbdt_e5_official_ditto,wdc_80_medium_unseen,65,3,0.6714929826899949,0.021136966088134135,0.6365926819933293,0.07769165151215085,0.7193333333333334,0.049003401242498794,0.9440315833333333,0.004395814773262557,0.7023979198452291,0.03665528976596281,0.056945795918464014,0.006959133013078875,0.03080350109832136,0.019827271048406
hef_gbdt_e5_official_ditto,wdc_80_medium_unseen,70,3,0.6814017813319331,0.01601706238796787,0.6238829973480928,0.02182304850621767,0.7513333333333333,0.02655811238272281,0.9475394166666666,0.003256923647528953,0.7193776891320424,0.02084657843184152,0.05650652400393673,0.006737105266959754,0.032686371250306843,0.016553035701572363
hef_gbdt_e5_official_ditto,wdc_80_medium_unseen,75,3,0.6878428968908022,0.006904001508358017,0.6183350502041337,0.01575611755948127,0.7753333333333333,0.00923760430703402,0.949501,0.0020693958810483826,0.7243193694717881,0.021476535630750918,0.05305403862718208,0.0033465403694554535,0.026256452091299454,0.010249838699511292
hef_gbdt_e5_official_ditto,wdc_80_medium_unseen,80,3,0.6815761990116403,0.011914178998648937,0.6196786810485663,0.029459634382981888,0.7593333333333333,0.03407834111768552,0.9514025,0.0022705272928331367,0.7195831830166752,0.030189647343229344,0.05679650528875972,0.0011171471801305426,0.03954938936657358,0.005912683628274996
hef_gbdt_e5_official_ditto,wdc_80_medium_unseen,85,3,0.6776719430370546,0.013513225781205996,0.625209789181869,0.03780928669359736,0.742,0.02306512518934161,0.9474554999999999,0.002446371943818027,0.7217738867288246,0.00872094524467738,0.057074759096201445,0.0017692358918199012,0.035487588693683486,0.003036963174495601
hef_gbdt_e5_official_ditto,wdc_80_medium_unseen,90,3,0.6908194280316592,0.026442739932384374,0.6182957227212275,0.02477048130822656,0.7826666666666667,0.029143323992525883,0.9559816666666667,0.004045830541536964,0.7382996733256316,0.0015892087506768314,0.05313048369152,0.001782755190620406,0.03594451003730187,0.005842635523079114
hef_gbdt_e5_official_ditto,wdc_80_medium_unseen,95,3,0.7073951770396603,0.012313978168695174,0.668833260137608,0.015794329929572623,0.7513333333333333,0.027300793639257716,0.95220125,0.005743242719709874,0.7323077131502342,0.02028645570361815,0.052120823256160395,0.0023063716529138135,0.028776674566718542,0.006358727385244462
hef_gbdt_e5_official_ditto,wdc_80_medium_unseen,100,3,0.7034980358313281,0.020220852086315445,0.6401515514000922,0.07425818439131063,0.7906666666666666,0.05518453889753301,0.954881,0.003408657323639371,0.7566025662441098,0.01630844537102111,0.05265057493886772,0.0005534081349792701,0.03729036250050375,0.0049417552865567765
hef_gbdt_e5_official_ditto_mixda,abt_buy,1,3,0.4925184359171586,0.015903618317031135,0.39217420224979355,0.02929279270317492,0.6666666666666667,0.04484273935453402,0.860230133045667,0.00888474155437207,0.3916746020421135,0.04066782313417493,0.07988507507353763,0.00448517804577073,0.04653478199908589,0.004700704600147216
hef_gbdt_e5_official_ditto_mixda,abt_buy,2,3,0.47506005780278365,0.027337091433091175,0.3924047901607509,0.060533204834038866,0.6213592233009708,0.08020733806727336,0.8634384640133235,0.009817932131387708,0.4337546552251415,0.024315053752081543,0.08442381642134006,0.011005295043619785,0.05784618070964817,0.019413266908575224
hef_gbdt_e5_official_ditto_mixda,abt_buy,3,3,0.5579393981601547,0.019762368075733856,0.4934935434935435,0.015546769552268587,0.6472491909385113,0.0778719056020451,0.8933822555309525,0.008200393826935562,0.515828673506018,0.022223261456621343,0.0702898828808041,0.004352860542099519,0.04274252363573589,0.014909532235442956
hef_gbdt_e5_official_ditto_mixda,abt_buy,4,3,0.5706576897976228,0.01920678641373255,0.491130903674431,0.012351872758366477,0.6812297734627832,0.03443980041066789,0.8899179583262363,0.007180879373835965,0.5185478301715959,0.02239837533221085,0.06916099066236116,0.004178431657105398,0.03758450866205024,0.01385540251827803
hef_gbdt_e5_official_ditto_mixda,abt_buy,5,3,0.557578295917248,0.04595033089875701,0.5036864122944412,0.01836146892249341,0.627831715210356,0.0898167578406338,0.8929067544805921,0.005219652578153611,0.5448747332281318,0.008257668503754428,0.06709584390386818,0.0036425118792647033,0.03118133382120541,0.01397182445468376
hef_gbdt_e5_official_ditto_mixda,abt_buy,10,3,0.5893120195209408,0.020086111701932897,0.5292558916958281,0.05306996672861345,0.6715210355987055,0.05099013351646842,0.912619466681807,0.002612752450293315,0.5916325796027155,0.029284227348320563,0.06302368556626645,0.0022336817884199053,0.017224199976371993,0.0055049771490612446
hef_gbdt_e5_official_ditto_mixda,abt_buy,15,3,0.6686094439868573,0.08047552586567598,0.6081374384578047,0.10011126914039091,0.7459546925566343,0.06146737835994359,0.9425050625484964,0.024768294407244745,0.7254605746470941,0.0823072453308206,0.051202472436953604,0.010008301297074702,0.023789154009715846,0.012869166822432474
hef_gbdt_e5_official_ditto_mixda,abt_buy,20,3,0.6470680266842153,0.03528545308841414,0.5794479625858713,0.03944388881620113,0.7362459546925566,0.06464396231533388,0.9374510304888435,0.007072869934511923,0.6936860638068508,0.030590466655708824,0.054879847389716734,0.0022901305646868767,0.020732950788136507,0.008370233287281812
hef_gbdt_e5_official_ditto_mixda,abt_buy,25,3,0.7471096507241086,0.09257466623747347,0.7106321337301363,0.1398504941893178,0.7961165048543689,0.03031552426406988,0.9565969265126137,0.017320516404942164,0.7963710460412805,0.08087618476047777,0.042111364229534445,0.011291581987961808,0.022871636898338932,0.00589770266314026
hef_gbdt_e5_official_ditto_mixda,abt_buy,30,3,0.6891640461940053,0.07039791827437551,0.7054144173778946,0.10383154634600317,0.6812297734627831,0.0784747938704346,0.9495292303033744,0.010748402058180341,0.7433782490702503,0.06740409316239249,0.04859189894637295,0.00639152647233732,0.017411443152290054,0.002823328463983373
hef_gbdt_e5_official_ditto_mixda,abt_buy,35,3,0.7661186730757089,0.11845916646043517,0.7377534904708818,0.09505409066420895,0.7977346278317152,0.14533410931541685,0.9615402448948693,0.02468838874439136,0.8291661970020052,0.1270479263007996,0.036154134876879906,0.016654972753791,0.018473769031118886,0.0029709884336172943
hef_gbdt_e5_official_ditto_mixda,abt_buy,40,3,0.8164781237309084,0.040029137848266096,0.7739610100387159,0.03775707765983798,0.8640776699029126,0.04449102616461985,0.9786743693105471,0.007534526744061599,0.8829005611604901,0.02385965869335573,0.029477435875215664,0.004788188541877503,0.012824888194526004,0.002914907689384961
hef_gbdt_e5_official_ditto_mixda,abt_buy,45,3,0.7466458764170467,0.06065979919576814,0.741833536361707,0.10315860071044347,0.7605177993527508,0.07847479387043453,0.9671374363632923,0.016490904733399963,0.8408173906159863,0.06905437901850787,0.037032880269397994,0.008734670680545287,0.015666883890970214,0.004798630109284878
hef_gbdt_e5_official_ditto_mixda,abt_buy,50,3,0.8601123776581588,0.02570714577845907,0.8873556043352998,0.03701755502181387,0.8349514563106796,0.025224040886925387,0.9828549934707318,0.003146652741232781,0.9108132842711275,0.01539741178904181,0.024934379791691743,0.0031289718575895865,0.012183863462293575,0.00421591894225603
hef_gbdt_e5_official_ditto_mixda,abt_buy,55,3,0.8639497879457767,0.005901822360666731,0.8372538089929394,0.0263898892741115,0.8932038834951457,0.01750267609448544,0.9844873105092828,0.004134265881953494,0.9142016569495304,0.013906838449175323,0.022231337566237755,0.0019977157544685976,0.01067755269437785,0.0030182469183382306
hef_gbdt_e5_official_ditto_mixda,abt_buy,60,3,0.8599326784113568,0.018403843898840613,0.8646984948857769,0.016025320716834525,0.8559870550161812,0.037706084782301155,0.9859857302371354,0.002816383010825669,0.9218732488021668,0.01683092013132059,0.023171657489610073,0.002655050150926529,0.01103483579889024,0.0008842576834660639
hef_gbdt_e5_official_ditto_mixda,abt_buy,65,3,0.8314389247879821,0.010017145364012449,0.8027057293281482,0.0031182584194570833,0.8624595469255664,0.020210349509379964,0.9768632071008158,0.0037693786278841703,0.8980029684042803,0.0167148140273944,0.028388178310546314,0.003906305647949067,0.01480780710597847,0.006688305969607278
hef_gbdt_e5_official_ditto_mixda,abt_buy,70,3,0.8740244262229032,0.02343824209539357,0.8593184262191573,0.04100741289152971,0.889967637540453,0.014830342054873323,0.9860245273377619,0.0048723564610763,0.935495749121781,0.0204449395433635,0.02113905521823938,0.00207990716511838,0.013582597829689912,0.0008432142001525138
hef_gbdt_e5_official_ditto_mixda,abt_buy,75,3,0.8493649284873183,0.04252078968185131,0.806929899930662,0.06265416123453213,0.8980582524271845,0.03183222584612625,0.9827736141864911,0.002766658600912055,0.912681365312345,0.019906811119246658,0.02402333972826972,0.004409996555772915,0.013102057099690218,0.0015248556844121627
hef_gbdt_e5_official_ditto_mixda,abt_buy,80,3,0.8877639643080819,0.0190578790728576,0.8608620169464763,0.04822675518373092,0.919093851132686,0.03953654279246159,0.9903698026079222,0.0010366916447486934,0.9455639728183123,0.008894621097076841,0.01927943558279268,0.0012079495201527599,0.011708647524658803,0.002169049257214866
hef_gbdt_e5_official_ditto_mixda,abt_buy,85,3,0.8529665032507786,0.07946363724497348,0.8288099927884874,0.07559685704038803,0.8786407766990292,0.08422015326649261,0.9841873426824883,0.012473818622079042,0.906964459194265,0.07627445156889569,0.024900402072295227,0.013003118416496495,0.01282013166517888,0.007699486693284078
hef_gbdt_e5_official_ditto_mixda,abt_buy,90,3,0.860595026205027,0.03235706977986322,0.8299758409240157,0.05251072975721501,0.8948220064724919,0.021889561906907298,0.9871572134219042,0.005753710959843294,0.9321625069664616,0.02462210114869571,0.022286148582914913,0.004145533482320346,0.01165227197359996,0.006896102111791293
hef_gbdt_e5_official_ditto_mixda,abt_buy,95,3,0.8713145507558242,0.032387045247273066,0.8760185782053189,0.02986278339998875,0.8673139158576052,0.04510472448144456,0.9866448078124113,0.0051433363273967764,0.9345258747371922,0.019558271121953134,0.021893593771499867,0.004948850854854705,0.016068864545201688,0.005575916475091188
hef_gbdt_e5_official_ditto_mixda,abt_buy,100,3,0.8796315560632484,0.020786599304610392,0.8598575819688373,0.043805162263057605,0.901294498381877,0.0056053424193167525,0.9889324173432503,0.002344797190683646,0.9472073706199061,0.010379916609991897,0.02125957469368498,0.006026412047325639,0.016372113734145315,0.010387664317160462
hef_gbdt_e5_official_ditto_mixda,amazon_google,1,3,0.3670818192930404,0.021986413547442178,0.2402718699317893,0.021290776080003525,0.7834757834757835,0.028454393668715362,0.7885763841324793,0.014088632342723537,0.2956968625616327,0.017618940891428445,0.08750022367529153,0.005044829099971045,0.06537806783867688,0.01831008354455834
hef_gbdt_e5_official_ditto_mixda,amazon_google,2,3,0.47191026557972804,0.042179548628047556,0.3659130534746039,0.042282749783372924,0.6666666666666666,0.036512836518451025,0.8413663037266729,0.014008314408263684,0.40027223076434676,0.03345492488796911,0.07822093921772603,0.004204886573098903,0.04493532992497056,0.020769412863237885
hef_gbdt_e5_official_ditto_mixda,amazon_google,3,3,0.4529285981852993,0.022938559107789143,0.3507939538362484,0.012145921915102933,0.650997150997151,0.11752784234947755,0.8475904548026938,0.018163690269270786,0.4404996414427195,0.04780128892013826,0.08766332972417001,0.009504473092254937,0.07424073330907177,0.015702316944873538
hef_gbdt_e5_official_ditto_mixda,amazon_google,4,3,0.5319137552511284,0.0011280067524689571,0.4926095296426308,0.02627988628665275,0.5811965811965812,0.04076663253918569,0.8765651181872649,0.010111473240178635,0.5062049379984825,0.006437656230101967,0.07404651398985694,0.009205329135907776,0.05942614613421597,0.024707162610456954
hef_gbdt_e5_official_ditto_mixda,amazon_google,5,3,0.5311184695390369,0.0195921136403139,0.5025689994028066,0.011131177798217156,0.5655270655270656,0.05222308484280163,0.8804290523571728,0.006688746659036003,0.5066378398938365,0.013047683789945006,0.07055781507717486,0.002959662906894374,0.04292257095656005,0.007678060524026954
hef_gbdt_e5_official_ditto_mixda,amazon_google,10,3,0.5915536697106663,0.022027577725896995,0.5372130210613357,0.09238155476048619,0.6809116809116809,0.09307348275737685,0.9078110968591785,0.010995120473640636,0.5782559023368001,0.0531998469601811,0.06005879562347234,0.0045485871292233965,0.021650711653912337,0.0031040808043521283
hef_gbdt_e5_official_ditto_mixda,amazon_google,15,3,0.6082507408578169,0.035912258185933896,0.5812953334393303,0.033261223314955214,0.6452991452991452,0.09707535633846623,0.9263541757470849,0.011029680381256677,0.6047540416781519,0.04761488686077281,0.05775434120659609,0.0022706482356503357,0.022304217112776355,0.010543414498636211
hef_gbdt_e5_official_ditto_mixda,amazon_google,20,3,0.6007115548003399,0.04278225063953595,0.5603890308250357,0.059558354188839535,0.6495726495726496,0.03337713536712247,0.9271228115327192,0.011094536509323355,0.579385524617402,0.05029677128230425,0.059129427994808026,0.004551257354209279,0.02304246451668363,0.002260260599889613
hef_gbdt_e5_official_ditto_mixda,amazon_google,25,3,0.5999621274236496,0.061935013476542934,0.5626640472861456,0.06940691925017373,0.6438746438746439,0.05738813982473987,0.9177075420397421,0.019849977337096182,0.5882072599294869,0.08832413850783706,0.06076164712570995,0.008846032950351983,0.026790751212843904,0.013840140209930431
hef_gbdt_e5_official_ditto_mixda,amazon_google,30,3,0.6151656373284778,0.03734827414356162,0.6275953641378753,0.04149673723525879,0.6068376068376069,0.06877554247620118,0.9235210852500799,0.015191326591811511,0.6260703687725827,0.006523621638323126,0.05576986834052726,0.0022926053418417564,0.018047611248635208,0.002284297233132515
hef_gbdt_e5_official_ditto_mixda,amazon_google,35,3,0.6105777792276303,0.029058925843687477,0.5692639313095172,0.04231167998499546,0.6595441595441596,0.021080695992804464,0.928671498486943,0.014059725339751566,0.6382627869213624,0.04501320508577436,0.05500127803079689,0.004187989340603495,0.017275078265933427,0.00462732394582035
hef_gbdt_e5_official_ditto_mixda,amazon_google,40,3,0.6365069006425246,0.01966657638459541,0.6258399194618387,0.06310130176739988,0.6524216524216524,0.034805674424132814,0.9353681772331602,0.006200825423283216,0.656839849938685,0.02276600704027992,0.053046106829586236,0.0033192901509076674,0.018703165366268728,0.002359950705114902
hef_gbdt_e5_official_ditto_mixda,amazon_google,45,3,0.6720690526612503,0.014022487732227156,0.6446174622237013,0.06817117416105152,0.7122507122507122,0.07479649910441641,0.9437930757746202,0.006724572631529104,0.7078210551564657,0.013600816139479766,0.04941166350853581,0.0023631521565538375,0.01952817459794557,0.01117561586563032
hef_gbdt_e5_official_ditto_mixda,amazon_google,50,3,0.6202600958247775,0.025482979157438745,0.6080194014014714,0.01792852546553956,0.6339031339031339,0.042806208550759894,0.9295248848430004,0.007910500187340616,0.6744672118040459,0.016376336019124492,0.05372465956345777,0.002334283597864342,0.021493621268684995,0.00909618805390851
hef_gbdt_e5_official_ditto_mixda,amazon_google,55,3,0.6351792969440029,0.02807763909598641,0.6986606136707556,0.031860211864202424,0.584045584045584,0.045695199237451405,0.9316277367515833,0.006255552416907499,0.6702950945243669,0.0498293020643804,0.053705654022642386,0.0016557882012698058,0.023792533492206707,0.003203244333618495
hef_gbdt_e5_official_ditto_mixda,amazon_google,60,3,0.682799983447532,0.015646462188482875,0.6608017066755614,0.0503522087119423,0.7094017094017094,0.02564102564102566,0.9465286166354646,0.00362361442578853,0.7160418282635201,0.03482457992482311,0.04742494811555923,0.0021406156328868512,0.016567636990251034,0.0035649718479864173
hef_gbdt_e5_official_ditto_mixda,amazon_google,65,3,0.6542637938737902,0.02907645588531577,0.712298195631529,0.03375319478087048,0.6054131054131054,0.03263942802675105,0.9313167540462344,0.006972038124700965,0.6780920837687846,0.0214644743910982,0.055138020009828405,0.0030750065897787024,0.03073177550084915,0.010836882760480743
hef_gbdt_e5_official_ditto_mixda,amazon_google,70,3,0.65288782729782,0.059679084849128455,0.6814686946877889,0.06410929509307187,0.6267806267806267,0.0569087873374307,0.9249109946050208,0.01347206758630307,0.6746846700817617,0.07308553757604697,0.05660375701091105,0.014153845060006689,0.032090553657521254,0.029751819279145237
hef_gbdt_e5_official_ditto_mixda,amazon_google,75,3,0.6173045079019547,0.06928797960076116,0.6261920361068647,0.04776288926194392,0.6096866096866097,0.08906267254894923,0.9212999284636002,0.0231997958481583,0.6475751425686411,0.06791236341147854,0.058535279001672366,0.005335516830397194,0.03679557912032781,0.009448750893227149
hef_gbdt_e5_official_ditto_mixda,amazon_google,80,3,0.6363828653948586,0.009713622871341965,0.7532498489276654,0.010550187239919583,0.5512820512820513,0.01958365681605059,0.9215271983606126,0.008586164892225398,0.6654338420693667,0.019897517294264658,0.05644957847950795,0.002154677489049684,0.03132980978071549,0.0059354772525935205
hef_gbdt_e5_official_ditto_mixda,amazon_google,85,3,0.6849965488371266,0.01576229650460436,0.7415695746897792,0.01900584844362237,0.6367521367521367,0.021367521367521347,0.9378311325858679,0.004529734903718586,0.7103686927286529,0.01976337131551109,0.049627053796996716,0.003504199125997875,0.021855761056480807,0.012234072884542155
hef_gbdt_e5_official_ditto_mixda,amazon_google,90,3,0.7002531632033834,0.029188894316551705,0.7083303497843879,0.05273366138281569,0.6937321937321937,0.021080695992804464,0.9470014902263567,0.005153196439009175,0.7232739483670596,0.01426550676715507,0.049895675386632095,0.003504743081098989,0.042828496170035035,0.013260751448192342
hef_gbdt_e5_official_ditto_mixda,amazon_google,95,3,0.6830121222278085,0.0442021372893995,0.7119040835707502,0.06037227337299427,0.6566951566951567,0.030318798652126444,0.9374094552579254,0.00845485101677464,0.7129114121447467,0.032598011464718295,0.04869175512916046,0.00374587218552975,0.01830329826750435,0.003863946695775702
hef_gbdt_e5_official_ditto_mixda,amazon_google,100,3,0.708254972239792,0.024769777137309868,0.7453797091667947,0.017045037636038735,0.6766381766381766,0.0534330465342195,0.9521186950764415,0.010394352760612308,0.7667002291543247,0.019827772748705848,0.04487911437700671,0.0041399774304461765,0.028586353138985925,0.009325660820721898
hef_gbdt_e5_official_ditto_mixda,link_lives_release2,1,3,0.8356856986747532,0.010662325679470695,0.7968112657527077,0.008126349774670954,0.8785641025641026,0.014047538337136985,0.973706384430458,0.005122498575815327,0.8902835956473031,0.015886395976426528,0.04734103109333156,0.006904052268858913,0.03229819747026111,0.015639765276468855
hef_gbdt_e5_official_ditto_mixda,link_lives_release2,2,3,0.857222739410956,0.017260788568850896,0.8035528776661073,0.020920194977981935,0.920923076923077,0.056714795665128485,0.981186941633348,0.00806219712817734,0.9182632531499862,0.024392887206957894,0.042212353617762655,0.010208790156972266,0.03647172988552217,0.015480571497061396
hef_gbdt_e5_official_ditto_mixda,link_lives_release2,3,3,0.8800919219840719,0.015835111323981816,0.8275084845295254,0.026076940705463753,0.9402051282051282,0.013574543991454633,0.9873461410925972,0.002255950004222678,0.9410168452220624,0.010056614316236386,0.03354721844993248,0.004977838271904434,0.024139850488737912,0.0044635500094354396
hef_gbdt_e5_official_ditto_mixda,link_lives_release2,4,3,0.8869501220138287,0.005746041650273171,0.8305228983601477,0.011035295976205534,0.9516923076923077,0.005037140167306117,0.9897323729905178,0.0003736194602040477,0.9521359344582033,0.004305198456011556,0.029128162668432028,0.0015934238463007513,0.017782793448269184,0.00501521383944502
hef_gbdt_e5_official_ditto_mixda,link_lives_release2,5,3,0.8977756631579327,0.003074162407354418,0.8535029340995255,0.009221466838128215,0.946974358974359,0.004629039629290984,0.9903006746631468,0.0011743861194789891,0.9562148861174724,0.005727513556836833,0.028624148895583398,0.0013252807988962168,0.02020013769334966,0.0011740721357220744
hef_gbdt_e5_official_ditto_mixda,link_lives_release2,10,3,0.9127033652595645,0.001813002239166622,0.8772306358407691,0.0023487624907386397,0.9511794871794872,0.004462422547242481,0.9931666985505583,0.0002326146389233369,0.9674845459876077,0.0016807183474764828,0.02479200578525336,0.0009853037040527112,0.0188416019768475,0.0022895796327952853
hef_gbdt_e5_official_ditto_mixda,link_lives_release2,15,3,0.9220816983695848,0.004292080392185609,0.8897024988164355,0.0067716236878272934,0.9569230769230769,0.0027348290514816885,0.9940911241622508,0.0001661958201240721,0.9723958838283359,0.002058486917279478,0.02330085112423395,0.004054490660173814,0.01939805499049867,0.00999519173108837
hef_gbdt_e5_official_ditto_mixda,link_lives_release2,20,3,0.9161492446581887,0.0030380980943958964,0.874121115701116,0.007343681477445711,0.9624615384615385,0.0022188007849008877,0.99420961108029,0.0006083635444560617,0.9725728795071094,0.0033504768916337085,0.022823877504369067,0.0008930145631518965,0.017663818450268348,0.004327851522131761
hef_gbdt_e5_official_ditto_mixda,link_lives_release2,25,3,0.9230309605136797,0.0020165727756706257,0.8835935095348904,0.0015170825163150672,0.9661538461538461,0.002664693550106007,0.9949745566544871,0.0007277855411609616,0.9768131146536465,0.0024627995099344734,0.022639177148812546,0.0022614266784126693,0.022850200035995718,0.00653724041223354
hef_gbdt_e5_official_ditto_mixda,link_lives_release2,30,3,0.9250255000189721,0.0072693881146512545,0.8965028583498104,0.019204801083014172,0.9556923076923077,0.007156740522838787,0.9946347700214897,0.00034967682319763434,0.9762196249379094,0.002453907666922581,0.022648178944841602,0.0017342405129226336,0.02109114117193693,0.0030747724331158773
hef_gbdt_e5_official_ditto_mixda,link_lives_release2,35,3,0.9333827668084985,0.0023665476928374446,0.9052455436635708,0.007949344575685623,0.9633846153846154,0.004646051960166628,0.9954084932310499,0.0004928618202663315,0.9784409688241815,0.0025379848578116586,0.019586827862700617,0.002076482312652555,0.017080519078554374,0.006671185576193041
hef_gbdt_e5_official_ditto_mixda,link_lives_release2,40,3,0.9279836050783766,0.012251040810298945,0.8950216518658759,0.02700989405471819,0.9638974358974359,0.00588918039793049,0.9951006670110126,0.0005077116806464212,0.9787345011237188,0.001779630785054629,0.01998205924429272,0.002034041014201459,0.016703938881365565,0.0050197716720627615
hef_gbdt_e5_official_ditto_mixda,link_lives_release2,45,3,0.9375689538135096,0.006309234298670472,0.9146550750268713,0.016557369446649803,0.9618461538461539,0.005698541285369875,0.9958730415319571,0.0004405309591177068,0.9815778965668054,0.00247172109887207,0.016524821917844913,0.0009072666846160031,0.009075323135013547,0.0020630807074673535
hef_gbdt_e5_official_ditto_mixda,link_lives_release2,50,3,0.9396294236914141,0.003267355197308815,0.915127035798678,0.009074588877802006,0.9655384615384616,0.003328201177351347,0.9963454460237599,0.0002604470167903721,0.9825925431608903,0.0005630624065153613,0.016512219413085758,0.0010628369243887055,0.011801018339871997,0.004331458210306255
hef_gbdt_e5_official_ditto_mixda,link_lives_release2,55,3,0.9345742980498688,0.007940024316241927,0.9003762300359774,0.018581918339027136,0.9716923076923077,0.004835764198615905,0.9962903857313208,0.00032175658174161384,0.9824370391091916,0.0008348887420690926,0.01952276035126158,0.003393513122586685,0.021984271448790303,0.013288180019536341
hef_gbdt_e5_official_ditto_mixda,link_lives_release2,60,3,0.9338270896076662,0.0058200532706704005,0.8967067348043983,0.013137007239742662,0.9742564102564103,0.002757811212256172,0.996255657796568,0.00047390897284650853,0.9818148580278726,0.0022867703254779116,0.016454683361762062,0.001527817345486965,0.009477572489608944,0.003620750403941908
hef_gbdt_e5_official_ditto_mixda,link_lives_release2,65,3,0.9369693275338409,0.008845931466681204,0.91250971467789,0.015523624500615158,0.9628717948717949,0.005012017117075138,0.996083079856395,0.0010122209052812832,0.9819625558374566,0.0034606872006602203,0.01786761900092328,0.0012849950749057753,0.014707084494654485,0.0024317085801905205
hef_gbdt_e5_official_ditto_mixda,link_lives_release2,70,3,0.9402472102647986,0.003175518070723048,0.9169811628643916,0.01056758244852943,0.9648205128205128,0.005524198157741601,0.9967987169922012,4.646567011502388e-05,0.9847780437367014,0.00040077552474482336,0.015885835563100276,0.0013587738014373863,0.009986238920997587,0.005382652125897933
hef_gbdt_e5_official_ditto_mixda,link_lives_release2,75,3,0.9393354218876707,0.007260053459194091,0.9145300929574736,0.02096605581606021,0.9658461538461539,0.00801773182818178,0.9964972771156556,0.00030929143483015935,0.9836353598363529,0.00029308521303562674,0.01632312643352951,0.0011658349512210877,0.012619854847905888,0.0021096263027761655
hef_gbdt_e5_official_ditto_mixda,link_lives_release2,80,3,0.9361531698970488,0.0020054049209708856,0.9014671461237694,0.005717509812993848,0.9736410256410256,0.0023500388179261045,0.9968522149739509,0.0001625937544414255,0.9847402640664669,0.0007424720095706409,0.015336245512238013,0.0006300467670911887,0.008932838799329212,0.00221536316332742
hef_gbdt_e5_official_ditto_mixda,link_lives_release2,85,3,0.9371523605835452,0.0046019097442115955,0.9125755614770893,0.011248249211904772,0.9631794871794872,0.005305648064154873,0.9956787219660883,0.0006246100169967708,0.9806645056356776,0.003904339494849656,0.016935910588571388,0.0023384202973185915,0.011171802672333723,0.0038335596728059683
hef_gbdt_e5_official_ditto_mixda,link_lives_release2,90,3,0.9396959388885239,0.0009056133286638353,0.9125606987604877,0.0035735418026713855,0.9685128205128205,0.003644996029521397,0.9968659696847958,0.00013900573497799084,0.9843676210512781,0.0009744340674433284,0.01733502548458461,0.001215152972512449,0.015458740280936545,0.0024802014155201045
hef_gbdt_e5_official_ditto_mixda,link_lives_release2,95,3,0.9353517905673762,0.006968303837420315,0.8981034500386406,0.012728149614543995,0.9758974358974359,0.0030820470156547202,0.9969390922018379,0.0003238902151854187,0.9840689691853919,0.0015528462121330272,0.017031067387854912,0.002705108075352733,0.014623223849653788,0.004045258461420859
hef_gbdt_e5_official_ditto_mixda,link_lives_release2,100,3,0.943057869786382,0.003205116233033658,0.9207164283102385,0.006035295640775038,0.9665641025641025,0.0075640591046122665,0.9958885434800631,0.0005984978895849602,0.9812705072966574,0.002525507151874626,0.016491501580011038,0.0017735536652942858,0.013565522003123887,0.006821070500895256
hef_gbdt_e5_official_ditto_mixda,walmart_amazon,1,3,0.2979263833764022,0.018499696443771453,0.19353582925011495,0.025398324498128653,0.6753022452504318,0.10648057092779517,0.6947113595080697,0.012435371265539102,0.179489740597606,0.012601775883962687,0.08850882576119289,0.00637292635862483,0.05622743887229388,0.038698665215518374
hef_gbdt_e5_official_ditto_mixda,walmart_amazon,2,3,0.43535109464582833,0.040697691807070405,0.334882280286855,0.043860814223019906,0.6632124352331606,0.1853010854118929,0.8421489748972664,0.009011372251631355,0.3172198774329153,0.006698875706435199,0.07900939071414456,0.0030743229655418713,0.07650839429023981,0.01359520557495787
hef_gbdt_e5_official_ditto_mixda,walmart_amazon,3,3,0.5378027291007759,0.01930468859121237,0.5054635478489782,0.03087008455664858,0.5785837651122625,0.05292419152347001,0.9018949883866357,0.007995609668277564,0.546423607183319,0.03484222349443145,0.07229428492251892,0.006702484635841275,0.07753024141165464,0.0192777865939386
hef_gbdt_e5_official_ditto_mixda,walmart_amazon,4,3,0.5735698094481815,0.006534236677459095,0.6293900510318421,0.09527503115238803,0.540587219343696,0.07496557656031333,0.9028409006312905,0.008073393423803745,0.5782947022519246,0.07378073258132599,0.062320825260472744,0.00846364392794515,0.057455444200093325,0.010453118439044824
hef_gbdt_e5_official_ditto_mixda,walmart_amazon,5,3,0.5805721448786233,0.021108172335626646,0.6843624273668301,0.14860647427720736,0.533678756476684,0.12564099122261285,0.8964428488475968,0.012583039988044279,0.6095928971081717,0.019151102885796592,0.05563897419082409,0.0018594624312012616,0.045029858036682364,0.010529558973600276
hef_gbdt_e5_official_ditto_mixda,walmart_amazon,10,3,0.7133746178385767,0.03472693914557955,0.8648674594326768,0.08071098841599249,0.618307426597582,0.10184126416445986,0.9322209442558513,0.006121484585112303,0.7958163997740485,0.020110762832544878,0.036899682453599765,0.002709331048645875,0.015700529547001678,0.005936460874722802
hef_gbdt_e5_official_ditto_mixda,walmart_amazon,15,3,0.7606945155135338,0.021437383721696596,0.8328648325358852,0.024823150122857737,0.7012089810017271,0.03957319252984315,0.9440027395628611,0.010068663460822335,0.8253678221232489,0.031073918935869898,0.032544298861417395,0.0031586965543538028,0.01312940734268184,0.0028809897267286417
hef_gbdt_e5_official_ditto_mixda,walmart_amazon,20,3,0.7691003618835962,0.018115147310163233,0.8570387349976987,0.04509061818081102,0.6994818652849741,0.03736322565247658,0.9451473259484247,0.005943687641085636,0.8275997759769234,0.019408553696151135,0.03180736977796451,0.0019806027737756713,0.012481221705508666,0.004947541489397416
hef_gbdt_e5_official_ditto_mixda,walmart_amazon,25,3,0.7658531029554926,0.025695713978697736,0.8411922295152093,0.03404867937171636,0.7029360967184801,0.019616263716063127,0.9449202697873861,0.012169589258814463,0.8311714222095308,0.029134361709406583,0.03179462188196383,0.0024406248377341,0.016655939630754332,0.0034188803480343652
hef_gbdt_e5_official_ditto_mixda,walmart_amazon,30,3,0.8121752855295175,0.04293147770653046,0.855182144050094,0.06350810330711214,0.773747841105354,0.026078875424078565,0.9599618098981597,0.008640881124071279,0.8771437233964112,0.023736528821950424,0.026166626675054833,0.003641744655738794,0.013899055060383029,0.00166365624104824
hef_gbdt_e5_official_ditto_mixda,walmart_amazon,35,3,0.7977260116918191,0.029534033965294238,0.8627715053160049,0.08108429698417083,0.7461139896373057,0.0411256680476361,0.9644280231969508,0.00687364567824456,0.8736502082189221,0.019208539849476073,0.027083431690143333,0.0024668320267158426,0.01142535185617155,0.002528857999426628
hef_gbdt_e5_official_ditto_mixda,walmart_amazon,40,3,0.7878682645109589,0.03766207382265738,0.8154485690558475,0.06441189154648584,0.7633851468048359,0.023363988356595332,0.9561260496694658,0.005464641282873034,0.8579784077961309,0.01781198112212532,0.02904962166626646,0.002514753150814654,0.011160500080978856,0.000627577591391925
hef_gbdt_e5_official_ditto_mixda,walmart_amazon,45,3,0.7914427030722295,0.02376574007527116,0.8548753959432205,0.04749800776889881,0.7426597582037997,0.07795014919790506,0.9574088239235304,0.0076172751626354005,0.85299586585556,0.027622596744121364,0.030278382251464245,0.00426517236292086,0.0178326191756915,0.00753540438253805
hef_gbdt_e5_official_ditto_mixda,walmart_amazon,50,3,0.7989664123914136,0.05605334630068806,0.8992452158452442,0.0841116202243516,0.7253886010362695,0.08654556004398994,0.9630652209517003,0.003517170743994293,0.8736410416752167,0.028661963939884627,0.026945173637698286,0.006198854260671721,0.017451984830515285,0.004228931556213135
hef_gbdt_e5_official_ditto_mixda,walmart_amazon,55,3,0.8150662022198424,0.0619832177538425,0.8868372917826547,0.04380571058666626,0.7547495682210709,0.07496557656031329,0.9623803302364362,0.012833165666705832,0.875768735749529,0.04847066902425866,0.025926980124786655,0.0060621821610994005,0.012802563127234105,0.001689122146930543
hef_gbdt_e5_official_ditto_mixda,walmart_amazon,60,3,0.8238882718940219,0.055632063096727066,0.870446082845678,0.09455610220159284,0.7841105354058722,0.02991452171966977,0.963261103418498,0.004170948054742005,0.8913807200902459,0.02428020807443901,0.025321596439842463,0.003519151057556223,0.01681592333874315,0.0046766664811668975
hef_gbdt_e5_official_ditto_mixda,walmart_amazon,65,3,0.8287679058796225,0.03403143024884095,0.8864873607328092,0.06149583920415984,0.7789291882556132,0.019616263716063127,0.970175614912751,0.00784539916024805,0.8944873976011812,0.028365827010386542,0.025846035727347543,0.006049003664977578,0.017414869720327783,0.009193063651404041
hef_gbdt_e5_official_ditto_mixda,walmart_amazon,70,3,0.8566933177798972,0.014656455535562397,0.914259286305438,0.01407560049905165,0.8065630397236615,0.03123167758208139,0.9691003551009469,0.0010410184203189883,0.9091831668311174,0.010727847629911112,0.021198185436916338,0.00187042506887122,0.01269094230626569,0.0026589442892885817
hef_gbdt_e5_official_ditto_mixda,walmart_amazon,75,3,0.8286642987526253,0.039895403602418354,0.9016124109332407,0.05560867632430679,0.7668393782383419,0.028848520014663308,0.9680362619855876,0.00697921673061826,0.8940387985597351,0.03203539945735662,0.02525859618158126,0.005825029500937426,0.018021527501081124,0.005039905512228563
hef_gbdt_e5_official_ditto_mixda,walmart_amazon,80,3,0.8631990466224857,0.015425278875865419,0.9026425345083546,0.029266717286608887,0.8272884283246977,0.005982904343933903,0.9712266802155917,0.002535239109999098,0.9155199629318579,0.007842929729421686,0.020386860748514833,0.0010908081623490203,0.01158867555995935,0.0015123197929645625
hef_gbdt_e5_official_ditto_mixda,walmart_amazon,85,3,0.8607413703161513,0.0016103269345009556,0.8973672949258321,0.016230661376003288,0.8272884283246977,0.01303943771203928,0.9757375603001608,0.0025956853927467096,0.9245725949693498,0.00545956207428396,0.02004000086285559,0.0011264526198532664,0.011774670299566806,0.0033462549124730263
hef_gbdt_e5_official_ditto_mixda,walmart_amazon,90,3,0.8700358895480846,0.0027176180059754933,0.9111560520458826,0.0031426427979971924,0.8324697754749568,0.0029914521719669835,0.972790017717825,0.005741257730446057,0.9196496207471463,0.004130177687922844,0.020003992249496973,0.0012942166831645284,0.011654495784904845,0.0038905012757510546
hef_gbdt_e5_official_ditto_mixda,walmart_amazon,95,3,0.8510108260596724,0.006932589055490585,0.9236608220298581,0.01887783666361966,0.7892918825561313,0.01582927701193728,0.9740183543267226,0.004223690914192827,0.913749529110945,0.007781056887821021,0.022770039529081278,0.0015457471890046332,0.014442793902573525,0.007669166066851747
hef_gbdt_e5_official_ditto_mixda,walmart_amazon,100,3,0.8563716234219554,0.014715113860762545,0.922937661612172,0.017627205446849602,0.7996545768566494,0.03526870096141992,0.9767197643082604,0.002885359736313662,0.9206811411473379,0.006722909449216016,0.020511455421138018,0.000894290244602383,0.010902663941063057,0.0016321764659651787
hef_gbdt_e5_official_ditto_mixda,wdc_80_medium_seen,1,3,0.2967616756440295,0.04614302559238327,0.19788712835774697,0.02329554777866745,0.6006666666666667,0.16762259195386922,0.6588584166666667,0.05925199663583778,0.19171458503973327,0.028329009675765432,0.11349511631908431,0.009628022719194607,0.10130197914011378,0.0043593376481728275
hef_gbdt_e5_official_ditto_mixda,wdc_80_medium_seen,2,3,0.32867956051800795,0.022562937301428346,0.22152160467588428,0.019524643152189335,0.6393333333333333,0.03360555509634286,0.768257,0.022487422194139944,0.2765552298983473,0.01870675063442476,0.11491620943017107,0.01720623246852231,0.0939893242235602,0.029803688280291254
hef_gbdt_e5_official_ditto_mixda,wdc_80_medium_seen,3,3,0.40701748905667934,0.024649896035787548,0.3203873236111986,0.012428301547790472,0.5626666666666666,0.08271235296697425,0.8195115833333334,0.016102760053274576,0.3296096161530106,0.024484960980001382,0.09988722823305615,0.00371111988567004,0.08228092706606996,0.007758943651532109
hef_gbdt_e5_official_ditto_mixda,wdc_80_medium_seen,4,3,0.4281494132897089,0.01282174315622005,0.35212443618283046,0.0032906232482834354,0.5466666666666666,0.0335459883344243,0.8342893333333334,0.009686500739861294,0.35794934010145957,0.027698836330779616,0.09321878058091522,0.0014890957586342786,0.0743670325810416,0.006173806156541548
hef_gbdt_e5_official_ditto_mixda,wdc_80_medium_seen,5,3,0.41655368458597763,0.017958172766145128,0.3028329585607721,0.015867887780979178,0.67,0.05502726596879041,0.8392556666666667,0.004148354224368125,0.366156323612398,0.004608227247495607,0.10200708060796562,0.0008531430482252694,0.09570304335367442,0.001879830524868079
hef_gbdt_e5_official_ditto_mixda,wdc_80_medium_seen,10,3,0.4153436529220762,0.00954824226654898,0.3066117244427291,0.015633260332143704,0.65,0.06630233781700312,0.8376990000000001,0.010199240054410976,0.3652987136891538,0.011343326231797794,0.09931189752292478,0.0019438215878918698,0.08342837560126429,0.012963849380147358
hef_gbdt_e5_official_ditto_mixda,wdc_80_medium_seen,15,3,0.437004350421226,0.0063692996871089515,0.33247884306692316,0.021220267563111093,0.65,0.0990353472251196,0.8500759166666666,0.010646056876648389,0.39507292495859425,0.024286590998975725,0.09661969844283629,0.004834462286099317,0.07846448664382752,0.010792858001882347
hef_gbdt_e5_official_ditto_mixda,wdc_80_medium_seen,20,3,0.44493521639102,0.013301958442271009,0.3439400080867881,0.010964653694174195,0.63,0.01907878402833893,0.8541100833333333,0.00809034492981191,0.3908559618151821,0.015319795565879488,0.0986189822512162,0.003401893927819857,0.08111008557755206,0.005867490164694069
hef_gbdt_e5_official_ditto_mixda,wdc_80_medium_seen,25,3,0.4460352024333067,0.006890612232802223,0.3351302486306188,0.012532363074873201,0.668,0.020297783130184398,0.8591019166666666,0.0026040727876411813,0.4361956456388098,0.0172013382240397,0.09528650961122781,0.0016431117528509114,0.08410236940680249,0.0063288968091617616
hef_gbdt_e5_official_ditto_mixda,wdc_80_medium_seen,30,3,0.4462566833288435,0.005018070566834355,0.33031104177727244,0.015918355217197575,0.692,0.048538644398046366,0.8592090833333333,0.010426070000044743,0.43247934265397103,0.029515301941028402,0.09382839562124011,0.00745265970925869,0.07973602683851608,0.01234344663013579
hef_gbdt_e5_official_ditto_mixda,wdc_80_medium_seen,35,3,0.47330759254212695,0.07212569838911025,0.37650306634568403,0.09614900023921391,0.662,0.04084115571332425,0.86707275,0.029623583657071288,0.4653115430213223,0.0773247852266474,0.0904314803616074,0.01034806974398163,0.07305804291001586,0.01185562090448665
hef_gbdt_e5_official_ditto_mixda,wdc_80_medium_seen,40,3,0.5748286158089863,0.09380777339685051,0.49309718137651815,0.11794120369276813,0.702,0.03364520768252143,0.9058538333333332,0.037750763735099876,0.5677177102798681,0.11704556975777482,0.07437832842689426,0.015315864840037148,0.05793930405907685,0.022790530113899265
hef_gbdt_e5_official_ditto_mixda,wdc_80_medium_seen,45,3,0.6008680541992243,0.049093155039304094,0.5355978217523081,0.09564124361137992,0.6960000000000001,0.03411744421846393,0.9206862499999999,0.017517785574595383,0.6173914456430551,0.0761338090293373,0.06886183249491823,0.008640052560033815,0.04084240014113378,0.014447134417264827
hef_gbdt_e5_official_ditto_mixda,wdc_80_medium_seen,50,3,0.6664756282491379,0.006607744462526075,0.6256149766788065,0.012707847189646656,0.7133333333333333,0.013316656236958798,0.9389885833333333,0.0011812691885566818,0.6895706604723116,0.020628308676237786,0.05856550084253178,0.0022083221300847867,0.0345023816434628,0.014636621159462961
hef_gbdt_e5_official_ditto_mixda,wdc_80_medium_seen,55,3,0.6563758643644063,0.027297939613419246,0.619636920503122,0.02141952556167837,0.6993333333333334,0.052814139520902276,0.9381425833333333,0.006549596134177545,0.696433635936187,0.03722098945838424,0.05709947893653177,0.00159275263556045,0.026366590674312226,0.008073210765474207
hef_gbdt_e5_official_ditto_mixda,wdc_80_medium_seen,60,3,0.6598849037367073,0.02436284155066423,0.612508150025833,0.011381495064319054,0.716,0.04651881339845202,0.9410895833333333,0.00940454897022349,0.7070982380588681,0.0506385612723018,0.05826829600899642,0.00561969297328078,0.034617811272209253,0.00635629964407787
hef_gbdt_e5_official_ditto_mixda,wdc_80_medium_seen,65,3,0.7024123155326134,0.02294465813564073,0.6642426948829953,0.04420610706635866,0.7493333333333333,0.05619015334854799,0.9545965000000001,0.006424607925780429,0.7531565359829577,0.020025431026595767,0.05016196331649979,0.003696525673636556,0.024360552654417812,0.006749185486158318
hef_gbdt_e5_official_ditto_mixda,wdc_80_medium_seen,70,3,0.6859599875780272,0.034488134992596085,0.6294843674438605,0.039185103325445066,0.7546666666666667,0.04318950489798808,0.9451763333333333,0.006917944371945502,0.7242868661751413,0.05314847058623632,0.055183342895869666,0.009397901072004923,0.035560615022025836,0.018821055614608163
hef_gbdt_e5_official_ditto_mixda,wdc_80_medium_seen,75,3,0.7070718180952007,0.018033912913561937,0.6669466653774936,0.02563074929267818,0.7566666666666666,0.06900241541666012,0.9547033333333333,0.005929643419576976,0.7656821256373195,0.015223206434268246,0.048585617573697976,0.002579036224688719,0.022654720739892047,0.004183035809059849
hef_gbdt_e5_official_ditto_mixda,wdc_80_medium_seen,80,3,0.6651099970935151,0.0185445740497499,0.6188746854261866,0.024088914591067517,0.7193333333333333,0.022479620400116508,0.94406875,0.0008315004509919901,0.7090971479642579,0.018680087447764532,0.059893065425493525,0.0013719607503700326,0.04804840013816748,0.0035729392786477475
hef_gbdt_e5_official_ditto_mixda,wdc_80_medium_seen,85,3,0.7119795090826775,0.03418996910540171,0.6565849797660128,0.048465877988508814,0.7793333333333333,0.03590728802532059,0.95259325,0.00715456257834816,0.7622991652098807,0.024866540016757466,0.051630432266726006,0.010044169905077931,0.03709005335671211,0.03415948560489938
hef_gbdt_e5_official_ditto_mixda,wdc_80_medium_seen,90,3,0.7037808672601654,0.013745617285900553,0.6521311795230469,0.062320121356293265,0.774,0.07501999733404421,0.9553455833333333,0.0029636688235755216,0.7672230409242223,0.04226941962947972,0.054743686563016716,0.011921429117236315,0.04316587193770004,0.029622878684317042
hef_gbdt_e5_official_ditto_mixda,wdc_80_medium_seen,95,3,0.6990834966665633,0.016233989921845153,0.6903928983922819,0.008527272374567841,0.7086666666666667,0.03477547028198659,0.9543008333333334,0.0016797235697677672,0.7628179746649707,0.005509780993782602,0.05237935722434385,0.0018280029707009456,0.03402791392304673,0.007172809711431934
hef_gbdt_e5_official_ditto_mixda,wdc_80_medium_seen,100,3,0.7098911742609205,0.031790393443591726,0.6664384486152458,0.043405372965194866,0.76,0.018330302779823376,0.9587374999999999,0.009203726409042129,0.7817256791659357,0.04969375135667835,0.052267294973097775,0.008629398593468118,0.040106818903170055,0.02363544042047939
hef_gbdt_e5_official_ditto_mixda,wdc_80_medium_unseen,1,3,0.35540253249019454,0.027685656670676993,0.2329954957649261,0.012185459852859777,0.756,0.12781236246936367,0.7341696666666666,0.05309881872881753,0.24476365158641972,0.030126006978946393,0.10675549252306554,0.011622309045413235,0.09484337027481768,0.01617634401642807
hef_gbdt_e5_official_ditto_mixda,wdc_80_medium_unseen,2,3,0.38800162910692443,0.015134275890287298,0.26520732097472116,0.012037470852065503,0.7253333333333334,0.05601190349678658,0.8215895,0.010932665168544293,0.3276708550622976,0.0038724769848743584,0.0961175836766609,0.0012703823170324778,0.06089829088491768,0.014231753653894707
hef_gbdt_e5_official_ditto_mixda,wdc_80_medium_unseen,3,3,0.43520058182020155,0.012470005417777362,0.3456940956060134,0.006815492601875565,0.5913333333333334,0.06646302230062467,0.84665675,0.009546839912374082,0.36564451692733524,0.02590518832811939,0.09341863617684283,0.0027535282191511346,0.07328818253603817,0.009839411837633948
hef_gbdt_e5_official_ditto_mixda,wdc_80_medium_unseen,4,3,0.4535283415721108,0.013927267591032928,0.4154928524019231,0.027937961203684258,0.5013333333333333,0.027153882472555093,0.8561665833333333,0.006654589301439508,0.3955072248990147,0.017536630677010005,0.08725193313172067,0.0013439884465074473,0.06215491233809276,0.011314768994054787
hef_gbdt_e5_official_ditto_mixda,wdc_80_medium_unseen,5,3,0.4347402781540156,0.02918190961691036,0.3335967326669738,0.035646925090001065,0.6326666666666667,0.06518691075157139,0.8574015,0.009882791758278558,0.40374150982702,0.02441871884709055,0.09302147990273954,0.0029575935657925297,0.07496019146301118,0.003761776445326354
hef_gbdt_e5_official_ditto_mixda,wdc_80_medium_unseen,10,3,0.46257321460868617,0.02593418922811923,0.3579394715557708,0.031525144482755764,0.6639999999999999,0.08430895563343198,0.866879,0.009724505575477974,0.40523906178108715,0.022824882954100074,0.08962971947777007,0.0013278998653729892,0.0674430571603426,0.013743664616114558
hef_gbdt_e5_official_ditto_mixda,wdc_80_medium_unseen,15,3,0.4718757403346331,0.013404306718389589,0.3795856792846912,0.028438403996915735,0.636,0.09933780750550117,0.8732262500000001,0.008595873006856233,0.4309207789367774,0.02821988974056266,0.08631970893850344,0.0027391571159112466,0.05883531751271375,0.009841318660265176
hef_gbdt_e5_official_ditto_mixda,wdc_80_medium_unseen,20,3,0.4830175154357964,0.020958795172999967,0.3802032470217541,0.038915060749573016,0.6713333333333333,0.05804595880277396,0.8754815833333333,0.005957673383614784,0.4484164539851796,0.016056218060119514,0.08797385599496868,0.002630420801558743,0.06696155498664941,0.0024996913431013104
hef_gbdt_e5_official_ditto_mixda,wdc_80_medium_unseen,25,3,0.4840829494770238,0.005654645172948138,0.38130205254429306,0.013263108781308819,0.6653333333333333,0.042394968254892376,0.8769581666666667,0.0021379279444905044,0.4480055463318233,0.006467488888067316,0.08314270246431774,0.004042536194596907,0.054510684750597,0.014437467607567969
hef_gbdt_e5_official_ditto_mixda,wdc_80_medium_unseen,30,3,0.4920824754871763,0.008115346918801591,0.39667106149431025,0.020750126110680212,0.6526666666666666,0.05658032638058331,0.8799320833333333,0.00925345611559986,0.44310061827727987,0.024251832909745908,0.08574644978176736,0.005417074814590495,0.05987212367509477,0.010517203576332797
hef_gbdt_e5_official_ditto_mixda,wdc_80_medium_unseen,35,3,0.5177698583882485,0.045595265001979156,0.43208099528099525,0.07241009187940606,0.656,0.021633307652783956,0.8899031666666666,0.016796164391635192,0.4833872364773798,0.06525925039193814,0.07989464210437922,0.005880502197780406,0.05213205571490617,0.007372398248952836
hef_gbdt_e5_official_ditto_mixda,wdc_80_medium_unseen,40,3,0.6125195222072014,0.0509106277727547,0.5472340274236894,0.055074923181468234,0.6966666666666667,0.04916638417997943,0.9256237500000001,0.013491583147003137,0.602766098079418,0.05096611028550966,0.06547370579976976,0.003971276834492843,0.03841011987583064,0.013928046377850835
hef_gbdt_e5_official_ditto_mixda,wdc_80_medium_unseen,45,3,0.6535888726743619,0.040200240098392064,0.5838002592239598,0.05802149880370686,0.7453333333333333,0.028095076674273994,0.9405058333333334,0.005591031402687106,0.670124770675537,0.039730600608471556,0.06186192937698372,0.005717030172386752,0.04063619578488641,0.006589893381807333
hef_gbdt_e5_official_ditto_mixda,wdc_80_medium_unseen,50,3,0.6616021793120147,0.017821386091069636,0.6168520481024827,0.01703003277601272,0.714,0.031749015732775054,0.9414321666666667,0.008566085775944154,0.7010624566796565,0.03163184119121032,0.05517982508845902,0.002866041262659969,0.02384568789693917,0.002353630387387819
hef_gbdt_e5_official_ditto_mixda,wdc_80_medium_unseen,55,3,0.6701578815793744,0.02383143682009747,0.6020112132395153,0.05712659259068794,0.7606666666666667,0.029143323992525883,0.9466348333333333,0.00539476434455978,0.7105532384108102,0.0264354576302987,0.05406870075925182,0.0037402861767294295,0.020465684015374554,0.009429962820760602
hef_gbdt_e5_official_ditto_mixda,wdc_80_medium_unseen,60,3,0.697318920363263,0.012692517437177031,0.665285084192053,0.027075659160265487,0.734,0.030199337741083025,0.9536685,0.003546044160399016,0.7370590224573367,0.01468128354863542,0.0530710031629461,0.0016720591401218421,0.03495728519031496,0.000585357939402039
hef_gbdt_e5_official_ditto_mixda,wdc_80_medium_unseen,65,3,0.6842128500022011,0.02101061568120172,0.6574406121396108,0.05667119916190084,0.7166666666666667,0.024193663082165428,0.9539878333333334,0.003923469680440181,0.741258659139497,0.0492136411022607,0.052992136422569044,0.00474019735741779,0.028265194655532073,0.011061239772497896
hef_gbdt_e5_official_ditto_mixda,wdc_80_medium_unseen,70,3,0.6822518893508566,0.01778369010865844,0.6019722503740547,0.010638749989140191,0.7886666666666666,0.049571497186723455,0.9523783333333333,0.005806848205639098,0.7112127507294304,0.03310237158197997,0.05576291268188048,0.0066296804178499055,0.03831468148666747,0.014200460720121618
hef_gbdt_e5_official_ditto_mixda,wdc_80_medium_unseen,75,3,0.6937812764991451,0.01744800621117218,0.6390111266463466,0.039431213762047064,0.7613333333333333,0.030746273486933907,0.9522880833333334,0.005689544716700256,0.7457647942481949,0.019016401927059272,0.053212403667958194,0.0031467592588557427,0.032456569956947845,0.004449720376141418
hef_gbdt_e5_official_ditto_mixda,wdc_80_medium_unseen,80,3,0.6721825487605693,0.007899227247508045,0.6042859723725188,0.007617431433452888,0.7573333333333333,0.01171893055416464,0.9477423333333332,0.001408814979276381,0.7006286803307189,0.015458179772894081,0.0616094021870918,0.004333782840432998,0.0522950373803432,0.006779799649396844
hef_gbdt_e5_official_ditto_mixda,wdc_80_medium_unseen,85,3,0.7184688233520952,0.006772286186537844,0.6586935081292603,0.006228010557823582,0.7906666666666666,0.025166114784235805,0.9572335833333333,0.001149460262833588,0.758919528929993,0.007338417127662065,0.0511050766753821,0.0019050093364791467,0.032726937714300026,0.0054269919337542934
hef_gbdt_e5_official_ditto_mixda,wdc_80_medium_unseen,90,3,0.6847107309771633,0.0407812352695242,0.5916877348851594,0.061184447609745715,0.8166666666666667,0.031390019645316104,0.9550535833333333,0.009851355523268462,0.7391808665006907,0.062375841536776895,0.06327108756593158,0.020491341295694167,0.05857385666195109,0.03727523276642601
hef_gbdt_e5_official_ditto_mixda,wdc_80_medium_unseen,95,3,0.7058114604620884,0.02130825077984491,0.6584399470441346,0.05162838557664175,0.764,0.028213471959331795,0.95796475,0.00901815824808475,0.7520342143414339,0.0388001792217124,0.054667897604721294,0.006996032979652113,0.03953428849517504,0.009781963990166901
hef_gbdt_e5_official_ditto_mixda,wdc_80_medium_unseen,100,3,0.7178518814485949,0.0236971904278065,0.6702059079616405,0.032553327013621826,0.7733333333333333,0.019218047073866117,0.9577328333333333,0.004834110992037033,0.7608416494378563,0.014592125757480865,0.052708121405999085,0.0029888054444439675,0.03580881255109313,0.005919727771344137
jina_finetuned,abt_buy,1,3,0.7767575508029622,0.004862567641035624,0.78348001111159,0.028533001932583655,0.7718446601941747,0.03500535218897075,0.973336929162172,0.0002619730524983018,0.8378279163559601,0.0005531914131704073,0.05223428470230934,0.0036643641590098103,0.09703665178693817,0.011168061014712096
jina_finetuned,abt_buy,2,3,0.7724396877956481,0.004288120074731778,0.7127792462720692,0.007500540345625065,0.8430420711974109,0.0028026712096583762,0.9746319006794225,0.0003176437240253955,0.8507360321613364,0.00238023761388776,0.050091060212457565,0.0011921334750141638,0.09470929109701069,0.0037919060516887443
jina_finetuned,abt_buy,3,3,0.8076202401250355,0.004724050949844946,0.8652798866282012,0.0146744327122351,0.7572815533980582,0.004854368932038833,0.9778156286076573,0.0005397408811422206,0.849337750558082,0.008989602343964648,0.0463696368032738,0.002619728662862647,0.062479959920009175,0.004666579289829884
jina_finetuned,abt_buy,4,3,0.8073135986681016,0.003302317209701032,0.7625951634572324,0.003817635492975299,0.8576051779935274,0.0028026712096583762,0.9774167754878026,0.0017883623395556843,0.8570063515872558,0.009362205499610098,0.0397272511243422,0.0029000542545552783,0.049400578763594535,0.008172762261285165
jina_finetuned,abt_buy,5,3,0.8100966537867925,0.01700876788240696,0.7785393716850265,0.02804846256338511,0.8446601941747572,0.009708737864077666,0.9653286398304284,0.010910475296334973,0.8618999706379749,0.00690658107491108,0.033165411200195574,0.0019440125168199635,0.028271739755121365,0.007932232935671647
jina_finetuned,abt_buy,10,3,0.834764193416101,0.003555072036905699,0.8402849002849002,0.018928601046179865,0.8300970873786407,0.025686905932665916,0.9661746058782338,0.0030908168242377004,0.9093872259948775,0.003529166291042177,0.028889873628550528,0.0009879510236150868,0.014082998558088217,0.0028508822375672184
jina_finetuned,abt_buy,15,3,0.8232213468562287,0.0014769668663050654,0.8009358152782016,0.023079916162295072,0.8478964401294498,0.028026712096583764,0.9626043263498553,0.005081621202301948,0.8638318541314313,0.0063861234629650244,0.03269486722374115,0.0005332263427818094,0.028359269570506117,0.005285794735380772
jina_finetuned,abt_buy,20,3,0.8488538739822437,0.0061723519254871075,0.8435213078942269,0.007464326620825858,0.8543689320388349,0.012843452966332958,0.9670073241355818,0.0037208726371804023,0.8799881485777921,0.008032799832322026,0.028795977525333815,0.00043763114398151834,0.016374830099531737,0.003190155183451268
jina_finetuned,abt_buy,25,3,0.8621474714704459,0.014074202368193003,0.8543189050228746,0.019698619430052675,0.8705501618122977,0.023946033312214846,0.9747151725051572,0.00600593825729434,0.8878666750339269,0.004938456609724265,0.02602657977596059,0.0024616857610742604,0.01703145642986517,0.003736919992715332
jina_finetuned,abt_buy,30,3,0.8705169487396665,0.006611463695999806,0.8874719118416597,0.004983413994222651,0.8543689320388349,0.01681602725795026,0.9776419879255853,0.00546875393666534,0.9017719702653982,0.012979997448641666,0.024254792115273684,0.0016947670982975466,0.013307085660303747,0.00033974638747967176
jina_finetuned,abt_buy,35,3,0.8835598188116174,0.009230220130929234,0.8650927119051259,0.002194049552034308,0.9029126213592233,0.01681602725795026,0.9738786691648216,0.0042703207623122,0.8931757862810887,0.013532716618804935,0.023029197165179566,0.0018998665569157848,0.013391001503308617,0.003109131682697755
jina_finetuned,abt_buy,40,3,0.8750322263074576,0.012095066189379233,0.8693470096751789,0.0378336534437178,0.8818770226537217,0.01560461288186568,0.9801585949771948,0.006991127801271256,0.9189912482988867,0.012104186017732357,0.025035365265180968,0.003131046413765534,0.02069768040906314,0.0059282371219886
jina_finetuned,abt_buy,45,3,0.8910777749619343,0.0030603065076275056,0.9091227505046601,0.003927539486042177,0.8737864077669903,0.008408013628975192,0.974452109237495,0.0033073953568969676,0.9220465958475959,0.017311605037344018,0.020721453627609753,0.0003098275941162452,0.014892543430317637,0.001638732313890781
jina_finetuned,abt_buy,50,3,0.8840525815903599,0.0056933154836876915,0.8636099393871005,0.0241235494789932,0.9061488673139159,0.017047983418855557,0.9736217566570147,0.010400682536263875,0.9197792664454021,0.013917040783561117,0.02067347479866256,0.0014396981183556667,0.01323395683282692,0.0027919877488868385
jina_finetuned,abt_buy,55,3,0.8650031555803032,0.011999136482316389,0.8645635899285207,0.018198351124786065,0.8656957928802589,0.017047983418855616,0.9766195423834667,0.0067719253140771825,0.9202586828134444,0.0029014645126341334,0.025349063325902896,0.002217971621744671,0.018389819028123658,0.0026901197545819654
jina_finetuned,abt_buy,60,3,0.8946457120572939,0.010509675879133623,0.9029761127248577,0.01274517208445292,0.8867313915857605,0.02021034950937998,0.9866632600919776,0.004190969816407577,0.939833535800433,0.011016968802734884,0.02099609527795679,0.0037284413732080177,0.013862201586970378,0.004591624577123416
jina_finetuned,abt_buy,65,3,0.8789250655105144,0.008799223163089079,0.9018114881737822,0.019281099131260433,0.8576051779935275,0.019618698467608692,0.9805986108745435,0.005250357401971848,0.9261402779834391,0.018191111472046134,0.02256619272457709,0.0028050208781550986,0.015793651594503643,0.0035836953526526996
jina_finetuned,abt_buy,70,3,0.8942466924971025,0.013445927220087864,0.9127326887807321,0.012927522075276652,0.8770226537216829,0.029660684109746583,0.9851804538314503,0.005872522501157122,0.9339952447862122,0.010294550575290065,0.022231294774899744,0.003913742096137297,0.018014241681222284,0.0018867058322108179
jina_finetuned,abt_buy,75,3,0.9027490340686635,0.0015251376208078396,0.9285328065933219,0.015828526214393835,0.8786407766990292,0.01284345296633302,0.9775691250780674,0.005457959653272931,0.9323939330959254,0.0025716971239662886,0.020391465326878286,0.002867767367198718,0.015651810774004456,0.00445505630221591
jina_finetuned,abt_buy,80,3,0.8781046628785143,0.012706904092440668,0.8996224791653099,0.02286006328831771,0.8592233009708737,0.04449102616461985,0.9723291508166316,0.0011500390095653256,0.9315675753600294,0.011145409160770775,0.021892604145289495,0.002414014368073631,0.015341601916021751,0.0007935590650319151
jina_finetuned,abt_buy,85,3,0.8883641111693613,0.0018907477594214694,0.8953607204225597,0.0182534983065181,0.8818770226537217,0.01483034205487331,0.9680898578701339,0.01247643982228387,0.9298302758362813,0.007997694047330665,0.020581529503012324,0.0014842329332830462,0.014144673650334451,0.001974653495118189
jina_finetuned,abt_buy,90,3,0.9005924411223935,0.0053431447075806705,0.9067745908306141,0.009737651835477352,0.894822006472492,0.02021034950937992,0.985162947822631,0.008096425392813734,0.9225568731871565,0.018252591460079383,0.020793760008430168,0.000696058838318436,0.019301009725905028,0.0008361254079018537
jina_finetuned,abt_buy,95,3,0.8970669698825039,0.005066621511105776,0.9133214018478549,0.015863224644166465,0.8818770226537217,0.0218895619069073,0.9766649633793221,0.002708358921084243,0.9232818828648016,0.016469512458159818,0.02014340641253541,0.0013507800269521738,0.013480273977478757,0.0041842102155395956
jina_finetuned,abt_buy,100,3,0.8901291876209975,0.01700075898211826,0.9001403305412846,0.04925617476178178,0.8818770226537217,0.019618698467608685,0.9800980336493877,0.008066868277335269,0.9362309754641136,0.021044110858971343,0.02151321318759501,0.002738077415230829,0.016047780948111667,0.002465889732898326
jina_finetuned,amazon_google,1,3,0.5973129729119274,0.01149829874550933,0.5051506183036226,0.014492405918515156,0.7307692307692307,0.004273504273504314,0.9279979908925999,0.002114072164471168,0.6335831215139596,0.0068031191368247475,0.07969488651905005,0.02009393001180972,0.11298590524842443,0.055665696292110364
jina_finetuned,amazon_google,2,3,0.5977532793493956,0.00816381747140074,0.5128580932028103,0.0095358416295436,0.7165242165242165,0.013737394246428725,0.9283027470254279,0.0027905988537372836,0.6428114153891178,0.010262620139397556,0.09294888974635163,0.007798174070967246,0.15880306565834282,0.020271209117222654
jina_finetuned,amazon_google,3,3,0.6022867671521751,0.0036069626065512463,0.5009930639899522,0.00542629185676676,0.7549857549857549,0.004934617685381399,0.9353484597535108,0.00035894718964721165,0.6386754689847813,0.0018579560826868524,0.08589865933076955,0.002845665758006135,0.14046032789963017,0.006738747142489321
jina_finetuned,amazon_google,4,3,0.6198313546858,0.009350435756523286,0.5407773742687283,0.01828028766255371,0.7264957264957265,0.008547008547008572,0.9385516853948132,0.0016241604387594636,0.648165814676012,0.008624443160051166,0.09048172600035558,0.01218471311133594,0.14838877458722136,0.037685930395535756
jina_finetuned,amazon_google,5,3,0.630505874971341,0.01823549945969588,0.532292422195359,0.022206249456890093,0.7735042735042735,0.011306629534464084,0.9402470427239733,0.005461690727136831,0.6513318580351014,0.008733734026405236,0.08019225668151722,0.014933298573265048,0.11958579192708255,0.04469469179032599
jina_finetuned,amazon_google,10,3,0.6685240496544401,0.013337625465621703,0.581792520469848,0.04283490028180024,0.7905982905982906,0.04337133147475309,0.9341425802086316,0.005402889920086455,0.612965410447238,0.011796007606466218,0.06607062658133563,0.0007561742210837256,0.06889607202029363,0.0012820558298843666
jina_finetuned,amazon_google,15,3,0.6849964083037249,0.00516719185298273,0.6095323883657954,0.01106147565458351,0.782051282051282,0.011306629534464022,0.9186269992486603,0.01847957406786733,0.6537923517444963,0.00870511042200785,0.06758774230884346,0.006881424959866326,0.06521680427051518,0.02070832355808808
jina_finetuned,amazon_google,20,3,0.6712250665863255,0.008794014790981606,0.6264773943252764,0.019317399725377816,0.7250712250712251,0.04448004272363528,0.9070953869399717,0.017577996015598837,0.632203897816538,0.020320153376129763,0.06290082600277883,0.003046642833223419,0.05075469078245093,0.01181473036470085
jina_finetuned,amazon_google,25,3,0.6803716197885266,0.0027295170362192436,0.6033329810511879,0.02407416306384118,0.782051282051282,0.03498014005073695,0.9323012443459262,0.02248397330696806,0.6626784117850929,0.013351258760206498,0.0629240585003748,0.007972883045293954,0.058782534072965464,0.023261940230907975
jina_finetuned,amazon_google,30,3,0.6831275720164609,0.00734273721152075,0.5815815815815816,0.00625124924764601,0.8276353276353277,0.008896008544727094,0.9353111003183854,0.011807528283302265,0.6780840370549481,0.02000167841198599,0.06400920168424686,0.0065489653179483485,0.06161115096178247,0.01995699727618989
jina_finetuned,amazon_google,35,3,0.7061485687681515,0.004087985429225724,0.6232917997441334,0.00873333203870108,0.8148148148148148,0.01927029808898677,0.9205921747203923,0.007188749610308888,0.6829374876271938,0.016950168180618796,0.055415669645397084,0.0020714471928674617,0.03514979272129873,0.0029710453187369048
jina_finetuned,amazon_google,40,3,0.7164615937286869,0.006345808828647204,0.6240176798615166,0.018347975772580113,0.8418803418803419,0.018627773262994328,0.9363374470222455,0.004140747192365933,0.6976169504913865,0.0031491971636365876,0.05315724196390107,0.0025956182755666924,0.03976497923632289,0.005382488689248633
jina_finetuned,amazon_google,45,3,0.7184997665029231,0.007985631747660845,0.6292958160174964,0.01689943176242763,0.8376068376068376,0.008547008547008517,0.9244318944416079,0.005206761757708854,0.6709906075483123,0.03163425533928769,0.05364250623362684,0.0019321008386900553,0.03643109739018459,0.0025698000125718963
jina_finetuned,amazon_google,50,3,0.7205067309113574,0.009947060289111277,0.6354373672149702,0.006233148584522334,0.8319088319088319,0.01617922605641104,0.9334621542003767,0.0032334395747015032,0.6710389205459611,0.028656544141744466,0.053315594423889355,0.004449857653269007,0.037345590556197725,0.007470260366760059
jina_finetuned,amazon_google,55,3,0.7392332747361345,0.012097286806946168,0.655382890739691,0.027557089574933257,0.849002849002849,0.021080695992804502,0.9369597583536389,0.007579020313681736,0.709278081104139,0.027619107465596558,0.05005000089395347,0.0017478503243893602,0.03313309681141644,0.00376142410348111
jina_finetuned,amazon_google,60,3,0.7333700026543065,0.004021860004349743,0.6485752307285587,0.012755255919602347,0.8447293447293447,0.032075014954979206,0.9342366706378362,0.012315178316504624,0.685358773172849,0.01761889679520798,0.05297824691312741,0.0030016687911155735,0.04643147024252241,0.010016001581211931
jina_finetuned,amazon_google,65,3,0.7651312090698714,0.004257266258569984,0.6950173126327477,0.013718397043237211,0.8518518518518519,0.028454393668715362,0.9443828705606269,0.00616931941388266,0.7437442062703695,0.008430525827311791,0.046318605826828764,0.000722616056768667,0.03110105939061078,0.0012195650541332562
jina_finetuned,amazon_google,70,3,0.7539336998559265,0.0028396342362212415,0.6815104583620963,0.017017149166127104,0.8447293447293447,0.030318798652126444,0.9388723538796389,0.002185494514260537,0.6994628664709222,0.014630334683178389,0.049461087459514066,0.0018401975116821337,0.03867097794852565,0.0065519265461362
jina_finetuned,amazon_google,75,3,0.7571964801535853,0.0032486780628494037,0.6813289816025794,0.01601010650261435,0.8532763532763533,0.03235845211282208,0.9498169387678858,0.003659298186683339,0.7338879462643807,0.011994906460876677,0.046718883224831045,0.000444904034181856,0.03610139821826229,0.00011300283965816957
jina_finetuned,amazon_google,80,3,0.7573883593415075,0.01588791034462019,0.6755566972491492,0.03405889595123908,0.8632478632478633,0.01709401709401709,0.9577281450763725,0.012152740525841994,0.7379048752142039,0.015372184310470377,0.04832692513116206,0.002685099270201862,0.03767147635533888,0.005138615129644377
jina_finetuned,amazon_google,85,3,0.7453150802958141,0.014705646872265858,0.6766007295464627,0.011800178522419038,0.8304843304843305,0.038540596177973487,0.9505229629076156,0.011933804772293962,0.7042935754934856,0.028488946241254965,0.05452231257180493,0.008243308821004089,0.05042887288530895,0.024981621361628865
jina_finetuned,amazon_google,90,3,0.7533993521476369,0.006719197712141904,0.6990315947693141,0.021982930475846492,0.8176638176638177,0.01500805377899251,0.9542066723951134,0.0069880376906075545,0.7282416193951081,0.007669115201015519,0.04984668656680878,0.002046579418398433,0.039346924404594585,0.006456958398745507
jina_finetuned,amazon_google,95,3,0.7623116232138789,0.002595609341321193,0.6781567462500458,0.002911069421396432,0.8703703703703703,0.008896008544727031,0.959061323437234,0.004012718969997428,0.739102727916694,0.028201251131659045,0.048581398716460604,0.0021665452409747724,0.038397803984805544,0.0053971563173253355
jina_finetuned,amazon_google,100,3,0.7506843589887501,0.007202496088847696,0.6676761427799872,0.014112358515493431,0.8575498575498576,0.009869235370762862,0.9595075611345646,0.005223498845097199,0.7324515250911504,0.05413982888418751,0.04883301719685293,0.003205595821399716,0.03863109341970271,0.008625473528173193
jina_finetuned,link_lives_release2,1,3,0.8519987140040512,0.0027605784049589306,0.781953336083786,0.010092216486147635,0.9359999999999999,0.009388397724549162,0.966010508930678,0.009109810884364584,0.8060946733538213,0.06021005401517151,0.0506354470458661,0.0030275055483949876,0.04887129120805324,0.007584073075956974
jina_finetuned,link_lives_release2,2,3,0.8663548242802,0.005534530691624568,0.8067432751097333,0.005190181936483948,0.9354871794871795,0.006841110213600937,0.9753803971457541,0.0106031923263843,0.8379487080877182,0.082851187961669,0.05200302394341747,0.00114739151512167,0.05572137608482717,0.003357076653177925
jina_finetuned,link_lives_release2,3,3,0.8747933385623391,0.005174217957168616,0.8231571668192394,0.02048485191564721,0.9339487179487179,0.01742020409892278,0.9762286298216415,0.006854565747045635,0.8986830425072226,0.014721707637232836,0.043078206807684684,0.00252208402688504,0.03835296231097324,0.007555510653574983
jina_finetuned,link_lives_release2,4,3,0.8692543290966895,0.0024991461121214088,0.8089707105491026,0.005084929070802146,0.9392820512820512,0.0051148544163247475,0.9757064003724039,0.00622019964199944,0.8738896633515588,0.011523859309698141,0.044980162945215854,0.0008288141550715026,0.04197971779094393,0.0030428993320495866
jina_finetuned,link_lives_release2,5,3,0.8680499399521823,0.010979039176036686,0.8143552255730309,0.03762378890254322,0.930974358974359,0.02291498738692213,0.9768533309101576,0.011780457689032388,0.8708567862492466,0.056018163104702465,0.045689412555678134,0.005197281731702459,0.04344498241130269,0.007420303576898959
jina_finetuned,link_lives_release2,10,3,0.9009307976939566,0.004738197969971526,0.8691587219940563,0.018072525633241996,0.9354871794871795,0.012813947036677523,0.9889539086462737,0.0005867093401820207,0.9415004250907552,0.0019075792558960814,0.030753944815292138,0.0025595853398411067,0.021424281253468794,0.005070538899333605
jina_finetuned,link_lives_release2,15,3,0.9070854824173148,0.002814859454275712,0.8791283981679135,0.01142279097259579,0.937025641025641,0.00815432993243113,0.9872768924683872,0.006082180035564751,0.9443813293915327,0.005153887291239751,0.029146865392102594,0.002019142855399538,0.02153935772098674,0.005078879193674084
jina_finetuned,link_lives_release2,20,3,0.9105333359422036,0.004904001255674243,0.8966438380666797,0.006518857040905393,0.924923076923077,0.009553338274621567,0.9884241673521703,0.0008077318181366596,0.9406107883152455,0.009723217718460467,0.028522181456238343,0.0011455661672420913,0.024396826305417764,0.0020160071990482672
jina_finetuned,link_lives_release2,25,3,0.9116267998802493,0.003459911859252951,0.8970061490496005,0.00680021622844575,0.9267692307692308,0.0050839112744179545,0.9922097131087432,0.00044404270458138495,0.9551454399565776,0.005609228815249852,0.02831550565932096,0.00229523775612274,0.024490606273959967,0.0028808357727891183
jina_finetuned,link_lives_release2,30,3,0.9125604092322825,0.0006711655226153403,0.8874050095634232,0.007580516420530994,0.9392820512820513,0.008450809048252086,0.9923456405154988,0.0006949423931665318,0.9563249566182859,0.0032404329673105304,0.02805516656817805,0.0033228994465743676,0.024522244244448176,0.006467609342806949
jina_finetuned,link_lives_release2,35,3,0.9162552337324387,0.0035848312361119027,0.8947059751054687,0.011453339567494659,0.938974358974359,0.005077700018250855,0.9925666213915405,0.0005679501980842006,0.9562895769546683,0.006734225679843041,0.028926928178519072,0.0021956896786560097,0.025609332851015274,0.002096560331674926
jina_finetuned,link_lives_release2,40,3,0.9200027537187884,0.0007458078006147511,0.8982831305983107,0.010752986844718882,0.942974358974359,0.010757502771448046,0.9936473258980099,0.0006683282896708019,0.9644458939330843,0.002481906020085945,0.027069522540635216,0.0005842154959125128,0.024090542317493364,0.0007815365744138167
jina_finetuned,link_lives_release2,45,3,0.914955690577074,0.0025764743333026256,0.8945622934192821,0.0017731682741171774,0.9363076923076923,0.004532590726971175,0.9926020188880174,0.0007234562002756792,0.9579704382047053,0.0036913802410079226,0.02886846236489676,0.0015425894521599707,0.024549127249744184,0.0019167722288470656
jina_finetuned,link_lives_release2,50,3,0.9176324329080019,0.0026790236451219606,0.9087790300525733,0.013956306533220659,0.9270769230769231,0.019627296533928723,0.9935317850515563,0.00025437910209222893,0.964860691467044,0.003239616235225565,0.02850271939224329,0.0017934526864996196,0.025270802744577294,0.002133536517675969
jina_finetuned,link_lives_release2,55,3,0.9207655796490531,0.0028053904731347866,0.8993839536419992,0.00891452720118532,0.9432820512820513,0.007551532362748659,0.9936185347438767,0.0005815239500432435,0.9648761604991142,0.0011139252845580644,0.02756119780285573,0.0036574273427312657,0.025564269651963102,0.003478868100894676
jina_finetuned,link_lives_release2,60,3,0.9170293716421235,0.004270310726809413,0.8944146794466526,0.005507435001502107,0.9408205128205128,0.002924426139360662,0.9933317805878114,0.0009637185032368531,0.964963664591922,0.0055219479843497355,0.0288206832962371,0.0024762945564586226,0.026665052809034875,0.0032089001895004065
jina_finetuned,link_lives_release2,65,3,0.9229738856525933,0.002710761724605423,0.8975141472154351,0.005854412305420334,0.9499487179487179,0.004015748092400375,0.9941626333543767,0.00014846731058595892,0.9689588097488059,0.004898555163833637,0.027588920941411195,0.0023157682527783015,0.027094900068161145,0.0035823140446839805
jina_finetuned,link_lives_release2,70,3,0.9277182597334498,0.00382665210635316,0.9091453901450098,0.005672025618293939,0.9470769230769231,0.003256309305925658,0.9949852792072389,0.0004121931807250947,0.9725041407676892,0.0013206002625332526,0.026990336698696656,0.00198884616211645,0.02564326850419738,0.0017426835255810863
jina_finetuned,link_lives_release2,75,3,0.9295381247146509,0.008950703464787952,0.9063778539866267,0.0201004069929447,0.9541538461538461,0.006620749166569196,0.994943680293842,0.0005756200931753561,0.9746716634534651,0.0042442494215835045,0.025407816099340303,0.006394546643369615,0.02441350361221425,0.00665440807314879
jina_finetuned,link_lives_release2,80,3,0.9287257826183359,0.002224576587759297,0.9039653975569908,0.006697646706382802,0.954974358974359,0.009559942726343442,0.9951070087170559,0.00037869405565522165,0.9719329665557751,0.0007617295794732628,0.025395207827296037,0.000634906958934612,0.024475233775920778,0.0008940592726918674
jina_finetuned,link_lives_release2,85,3,0.9278708126188892,0.004754130323349774,0.9108816314390468,0.0071735210951309305,0.9456410256410256,0.013557096731781177,0.9940558031871138,0.0008182554737414575,0.9669755008626867,0.006021306489015292,0.023602568227187835,0.00020442426671189848,0.02027295571339972,0.0027283919065022168
jina_finetuned,link_lives_release2,90,3,0.927591442113782,0.005604607303142389,0.9000310686161986,0.009544596638905924,0.9569230769230769,0.0017131582654861827,0.9949752931723834,0.0004231672832942898,0.9724085509406747,0.005076877710752758,0.02814692237392639,0.0005852275993136392,0.027095627916658042,0.0005107146211349643
jina_finetuned,link_lives_release2,95,3,0.9313676964300477,0.0013974490058655058,0.9061996555033637,0.011381566492290208,0.9581538461538461,0.010515696917313891,0.9955443791887463,0.0006050850577248752,0.9739071185779747,0.0056114769974139785,0.025471827651342815,0.0025431156917855406,0.025049383504342822,0.002661705314046514
jina_finetuned,link_lives_release2,100,3,0.9279034259622719,0.002361891107164987,0.9024882288801847,0.009023330619813842,0.9548717948717949,0.005515622424512315,0.9941662936251346,0.0014591774112711782,0.9629961474508184,0.01429769491178606,0.02433758787275401,0.0016329280476155656,0.022702037507254497,0.0019776366146232994
jina_finetuned,walmart_amazon,1,3,0.7734101006400668,0.007337426664612924,0.8179568665117798,0.02148063410365421,0.7340241796200345,0.019616263716063127,0.9791485207849443,0.0014568429207290198,0.8643891220988259,0.007530847587788678,0.04603855625604074,0.011476676655099206,0.09927513649026898,0.03617254954124706
jina_finetuned,walmart_amazon,2,3,0.7543413211044341,0.007590318477358388,0.7458953210913996,0.02086719591723618,0.7633851468048359,0.010785834194125016,0.9751592184801382,0.0007344521787806896,0.8484765153993775,0.005103327309595928,0.05969871560917447,0.002529724277235006,0.13174581422015758,0.006357099777665847
jina_finetuned,walmart_amazon,3,3,0.7789250230874596,0.007087082211235626,0.7880166064916904,0.042477238542365826,0.772020725388601,0.026923069547702787,0.9775460998451551,0.0004029023475595319,0.8647624540274983,0.0026623882470460897,0.04886020880444126,0.009189997855949188,0.1048912178250953,0.026488274006012665
jina_finetuned,walmart_amazon,4,3,0.7841285471614593,0.002992731690685864,0.7814310601315377,0.017337066921135767,0.7875647668393783,0.02374391551790593,0.9778275936513608,0.0005538014668400751,0.8637034260752848,0.008366310851188065,0.055145540277873224,0.012717015410644444,0.11838580536148832,0.03226434082462141
jina_finetuned,walmart_amazon,5,3,0.8067433337762302,0.010866137715029782,0.8408130485179666,0.000769535515551379,0.7754749568221071,0.01961626371606309,0.9730649976177714,0.007996696808237532,0.8448625670046755,0.020406782421260455,0.032386698308062026,0.0030141866704136563,0.03827096940752599,0.006776956272642823
jina_finetuned,walmart_amazon,10,3,0.8285252643948297,0.0059960447986673665,0.8676997578692494,0.008028102168575375,0.7927461139896373,0.00518134715025903,0.9597533648978619,0.010738573392604107,0.8661517619634006,0.016837975122101344,0.026849691599007873,0.00024984771750462904,0.020996626343866575,0.009977306437942831
jina_finetuned,walmart_amazon,15,3,0.8342865892207997,0.010075171655153266,0.8394884420539473,0.0319055800742755,0.8307426597582038,0.03526870096141992,0.9641944531296528,0.012994437120057706,0.8590558968274558,0.012442933428966081,0.029767966964536194,0.002674389556249987,0.03739159585878057,0.008766929588373973
jina_finetuned,walmart_amazon,20,3,0.8491528278295862,0.0078028971993342544,0.8385679411361675,0.015165566093161059,0.8601036269430051,0.0,0.9509986748853553,0.015194901669008979,0.846884676834334,0.03378301047697803,0.0262261288044209,0.001684512034304891,0.025524784850687807,0.007838201098322818
jina_finetuned,walmart_amazon,25,3,0.8460444775225955,0.00571461317231575,0.8620827665731862,0.005140808586332601,0.8307426597582038,0.014957260859834853,0.9607867495979989,0.014378090052488116,0.8777747387654804,0.015544727987855654,0.025111291445884348,0.0009290221697568385,0.020301452621984854,0.004797035545091018
jina_finetuned,walmart_amazon,30,3,0.8418029453795328,0.008463412737921895,0.8426687719881437,0.010107771957032843,0.841105354058722,0.015829277011937266,0.9451510481805729,0.019883382712520267,0.8635874660459789,0.02699454291981331,0.025908160482901683,0.0023045574661286596,0.02197062658282078,0.015014244296679418
jina_finetuned,walmart_amazon,35,3,0.843634277158202,0.01040010992471859,0.8448258818482169,0.023111769236094704,0.842832469775475,0.013039437712039338,0.968995202042761,0.01517750117239317,0.8435566179360859,0.03210441989770301,0.028885363899264067,0.003226835611050584,0.026176441675383855,0.009941421591164658
jina_finetuned,walmart_amazon,40,3,0.8491893392186847,0.005730719932298348,0.847504757722149,0.014420917026368659,0.8514680483592401,0.024486091327733685,0.9744799111130963,0.008935538866057075,0.840614602025524,0.011042185704796809,0.03366836508957102,0.004095174029894634,0.038761940745814696,0.0162030421407512
jina_finetuned,walmart_amazon,45,3,0.8537387297583671,0.003786545256432389,0.8569545435217076,0.028134396700673032,0.8514680483592401,0.020940165203768835,0.9741146670835567,0.005758109609008001,0.855081111823567,0.012948433595317143,0.02762711973409602,0.00373951770082394,0.025712146423075292,0.013507502580668445
jina_finetuned,walmart_amazon,50,3,0.8530317687294061,0.00809972971214793,0.869650451887294,0.01613365368769149,0.8376511226252159,0.025558978561224105,0.9707009149246619,0.006573860600454254,0.8894498932133718,0.005586951593443102,0.024573814476276556,0.0021493997581626977,0.01853937873011084,0.0077323263552289126
jina_finetuned,walmart_amazon,55,3,0.8541300411327212,0.0039905690057718745,0.8589445933242817,0.01277094193787997,0.8497409326424871,0.01868161282623829,0.9540978984277292,0.010240068129389485,0.8414100520709002,0.026374153264566654,0.02642322629618501,0.0009893673178940964,0.016879551353398786,0.0031546073566367213
jina_finetuned,walmart_amazon,60,3,0.8599028610623767,0.007250756685067762,0.8667490979221102,0.011835360309444445,0.8531951640759932,0.0029914521719669835,0.9705952965874576,0.015319934107407545,0.8515794136585245,0.0240272068642781,0.029371079387279404,0.00845186194714084,0.028276573579345692,0.024638896146613343
jina_finetuned,walmart_amazon,65,3,0.8559191919191919,0.003522493913266924,0.8660523504273504,0.016285618278940844,0.846286701208981,0.010785834194125078,0.9652687823834196,0.008288392167236897,0.8932532843066291,0.009354375935466341,0.024075029530943568,0.000516505949065614,0.018646086760838572,0.0034376879038034904
jina_finetuned,walmart_amazon,70,3,0.8598963576393523,0.0050295303300854,0.8778077327949603,0.008804667467811354,0.842832469775475,0.011965808687867934,0.9674425659579536,0.00832611554126508,0.8714880807481636,0.024494498569412344,0.024150269794503756,0.0023884562326122235,0.01694542227189595,0.008610116757891374
jina_finetuned,walmart_amazon,75,3,0.862080335971868,0.006741296459659227,0.8559414079021922,0.02043808131757722,0.8687392055267703,0.014957260859834917,0.9696893983383955,0.005855041312612976,0.8588562618684056,0.038000611217303595,0.027389291420592505,0.002811132031261715,0.023345929908208468,0.009397935206690479
jina_finetuned,walmart_amazon,80,3,0.8569449577964275,0.013349876436862283,0.8817176410886649,0.011128621718132814,0.8341968911917098,0.03235750258237513,0.9776577668096004,0.004601627746760351,0.8713377313579052,0.03728887450743633,0.024543058057151724,0.0008873088776402608,0.023660560938791323,0.008415040952402286
jina_finetuned,walmart_amazon,85,3,0.8524568603397643,0.009789115824335143,0.8730374011112966,0.026585567334562712,0.8341968911917098,0.036269430051813475,0.9808346919480674,0.001406886273385098,0.8704863508606844,0.010297548038418706,0.028257580903388452,0.00655772957356763,0.033704103103835675,0.018930685881028315
jina_finetuned,walmart_amazon,90,3,0.855955889878348,0.012465679075386746,0.8452707022142908,0.01681549096374483,0.8670120898100172,0.011965808687867934,0.9802535584539336,0.0012142870509268499,0.8948563125731538,0.005562482451817751,0.026311936025052895,0.0048768282014028585,0.02800236525062829,0.018119249833300426
jina_finetuned,walmart_amazon,95,3,0.8588204773091036,0.01147333403759362,0.8775169906748854,0.006647961305538583,0.8411053540587219,0.02157166838825005,0.9734097693704961,0.01332290029088123,0.8740970593200683,0.021558935283218054,0.024600564970300973,0.0004743925157767445,0.0217500538807632,0.011806386522102683
jina_finetuned,walmart_amazon,100,3,0.8609370869105453,0.005269081044962563,0.8784231248317779,0.01972573087233105,0.844559585492228,0.015544041450777202,0.9717384871359657,0.012393926315859885,0.8548335971616349,0.04821167124073841,0.023334661594773893,0.0023235323046616827,0.022503228946291223,0.010645627335934342
jina_finetuned,wdc_80_medium_seen,1,3,0.6014209569891324,0.003861993717607323,0.5008938313834971,0.012514948305183248,0.7533333333333333,0.02343786110832928,0.9218519166666668,0.0011249927870139666,0.5672664486026296,0.004469900127045898,0.0756663225882547,0.0036856379899841353,0.060177193766459816,0.0034930908911155714
jina_finetuned,wdc_80_medium_seen,2,3,0.6058253211951709,0.006198437447391792,0.5182464341151072,0.011781585878931994,0.7293333333333333,0.009018499505645797,0.9211883333333333,0.005074633517145292,0.5871731721686522,0.015684792963192848,0.07558327239875239,0.0014143719115567574,0.05987930517733373,0.005119519986276862
jina_finetuned,wdc_80_medium_seen,3,3,0.6239878916965662,0.01287451248923882,0.5331769728716294,0.027095851132526647,0.754,0.024979991993593614,0.9064940833333334,0.02771015428201956,0.6026215239310424,0.026345416892457497,0.0734734585426359,0.0037280804348142163,0.05350250429190972,0.011329152883590465
jina_finetuned,wdc_80_medium_seen,4,3,0.6232747094760497,0.0019682004535927894,0.5665731046327405,0.011821178674482317,0.6933333333333334,0.023180451534284902,0.8875968333333333,0.015225766594685358,0.5879539713608707,0.008096906172051156,0.07216467950898388,0.0011983619622657545,0.04924995638650877,0.0009252890294643004
jina_finetuned,wdc_80_medium_seen,5,3,0.6295928213454587,0.013306482126950023,0.5463715817054714,0.02628173150359319,0.744,0.015099668870541512,0.9144376666666667,0.009397249166422764,0.6184880581215655,0.012469838336607855,0.0687307210252002,0.0033332648783645424,0.043896586713829525,0.008160963904171556
jina_finetuned,wdc_80_medium_seen,10,3,0.6570860603592339,0.001169500884330305,0.5863454052221703,0.017479181485653222,0.7486666666666667,0.03126233090051564,0.8933423333333332,0.009534437769650314,0.6110200765215947,0.0030647706222323473,0.06959686044613546,0.0005868057316662567,0.055570519981974806,0.0013849340308795088
jina_finetuned,wdc_80_medium_seen,15,3,0.6579409240533325,0.008521990473305987,0.5905130853204533,0.01073055869262837,0.7433333333333333,0.025324559884296795,0.8972359166666667,0.03534722077505998,0.6172996839532561,0.007557561854802143,0.0721543913082899,0.004785846651038483,0.05728166285522835,0.006720685376960398
jina_finetuned,wdc_80_medium_seen,20,3,0.6826729804404783,0.01565095715971921,0.6128102299441691,0.051593393554153405,0.776,0.041904653679513966,0.9188875,0.024801963958273533,0.6892826907683505,0.03095455284920399,0.05984769768148603,0.00250072110780098,0.04137458278832061,0.003912814982905736
jina_finetuned,wdc_80_medium_seen,25,3,0.6829254459802544,0.006451945991767832,0.6022720832212357,0.010470197328341032,0.7893333333333333,0.029005746557076093,0.9227104166666666,0.011515660929613869,0.6824070287354658,0.025106011389856717,0.06838639403756291,0.00945205863854649,0.05332288276618002,0.014889180423219782
jina_finetuned,wdc_80_medium_seen,30,3,0.6920627953063693,0.004644867580939082,0.6362158723923499,0.01885294557360162,0.7593333333333333,0.015143755588800743,0.9094761666666666,0.015915402214390893,0.6851408925496385,0.016157664603623778,0.06332144865817489,0.003243054550332811,0.04978820385649386,0.009429455027476708
jina_finetuned,wdc_80_medium_seen,35,3,0.7030362389053507,0.01047012139146616,0.6522778286488617,0.019639948744067198,0.7626666666666667,0.00461880215351701,0.9209545,0.008606770115002542,0.6793799862541475,0.008579073205050917,0.06458291856575,0.004093294704975515,0.05703035832203372,0.004481044129521576
jina_finetuned,wdc_80_medium_seen,40,3,0.7183233940836105,0.0007898364492886722,0.6638845730216608,0.025719758143120365,0.7846666666666666,0.03859188170241678,0.9319976666666667,0.01686830915195209,0.7233583903416269,0.015018142709948964,0.05805542350271151,0.004070076447644464,0.052176914608002535,0.003880763789911826
jina_finetuned,wdc_80_medium_seen,45,3,0.7058308724006398,0.010858930758534632,0.6403802304270386,0.024324959518543875,0.7873333333333333,0.02369247419188917,0.9292207499999999,0.010160139550591864,0.7170148063228112,0.011296847045876518,0.05874405267039658,0.0009778545141734306,0.0468367157821302,0.007251584187465867
jina_finetuned,wdc_80_medium_seen,50,3,0.7177518367596912,0.007846293850941561,0.6727032245926288,0.023089479265201693,0.77,0.013856406460551031,0.9250495,0.046093816862324395,0.7305653449244858,0.04002566120907125,0.05334097199849466,0.0025153013016194683,0.03821151682851767,0.011044669951914263
jina_finetuned,wdc_80_medium_seen,55,3,0.7225729371848892,0.0019302509438299815,0.6672110068229028,0.0312722813735834,0.7906666666666666,0.04006661120351123,0.9293106666666666,0.014161843282067172,0.7333857148385123,0.011737849411629522,0.05663897078155513,0.0012535091099109123,0.05089501081676119,0.0009800939670891345
jina_finetuned,wdc_80_medium_seen,60,3,0.7257361431122954,0.0029208791026169943,0.6603857805626385,0.015733163257407045,0.806,0.015874507866387517,0.93973575,0.005060819517380528,0.7462254835565999,0.011265889472414211,0.05827747289321107,0.003541888686334498,0.051508722020623586,0.003213945718407686
jina_finetuned,wdc_80_medium_seen,65,3,0.7400670888413347,0.003628097735202302,0.6936619311619312,0.010951522689142238,0.7933333333333333,0.010066445913694343,0.9414351666666666,0.012217710652300293,0.7556602388416777,0.014673860730801826,0.05518406151634223,0.0015371082810889797,0.04866376843396574,0.003256228732109619
jina_finetuned,wdc_80_medium_seen,70,3,0.7403484875054422,0.006134832306613857,0.7051363231911748,0.008674008394449243,0.7793333333333333,0.008326663997864539,0.9385870833333333,0.014178590507198961,0.7458785188182046,0.021116269725326164,0.055968140372070624,0.0021649554892477934,0.05078022158870266,0.0004935602375249169
jina_finetuned,wdc_80_medium_seen,75,3,0.7388285346442185,0.0058335043624056305,0.6825658281523591,0.026885761153440834,0.8066666666666666,0.025794056162870765,0.9338398333333333,0.012555590610693388,0.7335252829239023,0.017892054785495062,0.055341394083742425,0.004373734717682821,0.0508686162031911,0.005191965883589047
jina_finetuned,wdc_80_medium_seen,80,3,0.7490400519918523,0.0034007235409044072,0.7073140122070022,0.019393168178911794,0.7966666666666666,0.017009801096230723,0.9408095833333333,0.009640863921134528,0.7544115725002725,0.020867175033965468,0.05386538812865092,0.0023511571199512932,0.04941200336732867,0.003113655570543839
jina_finetuned,wdc_80_medium_seen,85,3,0.7497375043968605,0.005791715337305859,0.6987488828705767,0.021091386171232754,0.8099999999999999,0.030199337741082966,0.9419384166666667,0.001460750927034844,0.7580377741224654,0.005437241285714628,0.05474963623000419,0.0042455686688286755,0.050832243089840086,0.0044066060149571115
jina_finetuned,wdc_80_medium_seen,90,3,0.7465273671602047,0.01408943942872498,0.6840719056952472,0.047881722099688336,0.8253333333333334,0.03585154575932997,0.9407034166666668,0.014017128275197249,0.7643891077564552,0.01947654880436049,0.05247402925697464,0.0023389195250382525,0.04858729410883798,0.00282505193849904
jina_finetuned,wdc_80_medium_seen,95,3,0.7363936397227288,0.01653470958975656,0.6657869112109502,0.030159488714441515,0.8246666666666667,0.01205542754668337,0.9457872500000001,0.0034016434171588276,0.7613791531428674,0.020273492750504274,0.053849850825608676,0.002720336536503688,0.04831045227877243,0.005430138497826939
jina_finetuned,wdc_80_medium_seen,100,3,0.7551561940255137,0.009276990876658052,0.7363430332351193,0.01345681310459371,0.776,0.03487119154832535,0.9495230833333334,0.004169916683320384,0.7513391239429822,0.01770427493686641,0.053273732307860845,0.0040694450801015344,0.048792961538717566,0.003358583766280524
jina_finetuned,wdc_80_medium_unseen,1,3,0.6616044956597015,0.0008305796037581344,0.5576159405215526,0.0031824817365199306,0.8133333333333334,0.0070237691685684405,0.9471938333333333,0.0005318570257441099,0.6492615631070953,0.0005502724511097071,0.06532556117116327,0.0023091104331967216,0.06285202766851418,0.0038366022865630664
jina_finetuned,wdc_80_medium_unseen,2,3,0.668848421404368,0.014338067787788933,0.5750846637639091,0.018168084037485578,0.7993333333333333,0.0061101009266077925,0.9461310833333333,0.0024841922018703907,0.689180188273173,0.014304676757422306,0.061809503325881435,0.0011772325990577948,0.053978321483565704,0.010828116174794
jina_finetuned,wdc_80_medium_unseen,3,3,0.6837067238133522,0.008025756915622144,0.5980785647535849,0.01827398697835775,0.7986666666666667,0.016165807537309534,0.9210983333333334,0.01737586379927148,0.689368933091368,0.02035246293552836,0.05885955476539366,0.002020152460138956,0.03657648440119293,0.004284015865511334
jina_finetuned,wdc_80_medium_unseen,4,3,0.6926918716663032,0.006585389306016943,0.6324240929441935,0.014502267954600662,0.7666666666666667,0.030088757590391382,0.90891675,0.011275260249213786,0.6848187167577492,0.004826426397094785,0.05960217425600301,0.001762783414094757,0.03737900780624262,0.0031967323984830815
jina_finetuned,wdc_80_medium_unseen,5,3,0.6818161847550155,0.011038128449205495,0.5941154206416467,0.02218122639468332,0.8006666666666667,0.011015141094572214,0.9367726666666666,0.009940033659190179,0.7038743825377617,0.015391281937965193,0.05734764713864808,0.001979798753404921,0.038046048895766335,0.0064174152608605425
jina_finetuned,wdc_80_medium_unseen,10,3,0.7055805020055309,0.006219084095322076,0.6405285036462557,0.015493374930541263,0.786,0.021166010488516743,0.9156440833333334,0.011868629094521946,0.6905718122587866,0.013927315205139425,0.05785044584842873,0.0006032360044381496,0.04391833336037342,0.0033762405580816442
jina_finetuned,wdc_80_medium_unseen,15,3,0.7195035950711022,0.008676611025246058,0.6644754574862884,0.033858783301507885,0.7866666666666667,0.030022213997860567,0.9208374166666667,0.012319720305097485,0.6923981550415811,0.005547654383083962,0.05874742250828119,0.0020878979997099255,0.04659153800988915,0.0024273896419123565
jina_finetuned,wdc_80_medium_unseen,20,3,0.7376941912283256,0.017887595325578952,0.6824582954376979,0.05465138953233663,0.8073333333333333,0.03743438704364386,0.9254991666666667,0.041020141170476636,0.7276706910743922,0.04805517620526096,0.051642334914527535,0.004143015873964284,0.03556284887288456,0.011398813438245873
jina_finetuned,wdc_80_medium_unseen,25,3,0.73694155402204,0.012146923137147181,0.6793631255049831,0.026117647802434633,0.806,0.014422205101855923,0.9280971666666668,0.015925226641506,0.7312240578733356,0.03248708664825255,0.05353563849576815,0.0021689439426145025,0.04217570858559123,0.004310596620406235
jina_finetuned,wdc_80_medium_unseen,30,3,0.7403393591211747,0.0007733586614582329,0.6766063673376868,0.002036966596938654,0.8173333333333332,0.0011547005383792525,0.9278515,0.015705039591242625,0.7420523651202946,0.0314355856040849,0.05454038532252696,0.004309248158716261,0.04111554891388449,0.01116387200701434
jina_finetuned,wdc_80_medium_unseen,35,3,0.7324784763559445,0.004851966297716909,0.6593723239717882,0.019615787877014443,0.8246666666666667,0.0190087699058443,0.9531142499999999,0.007241647089060567,0.7188592124602068,0.027151418552771343,0.06065762260872369,0.00882423875160443,0.052061932376758366,0.008528015873073967
jina_finetuned,wdc_80_medium_unseen,40,3,0.7331206573225634,0.009128905527879646,0.6543215363253536,0.023092038895517523,0.8346666666666667,0.025006665778014702,0.94132225,0.02048177096987703,0.7456786040573826,0.014323345302135948,0.05596808617870639,0.0035936388460798257,0.05011104297534459,0.002994153599634052
jina_finetuned,wdc_80_medium_unseen,45,3,0.7362681649005524,0.009403412276224456,0.6609649980341377,0.02585300208979483,0.832,0.016370705543744913,0.9454818333333334,0.012755324675731792,0.7647148473195741,0.02044539398935354,0.05286549333192281,0.0037162317772076138,0.04117819557673539,0.009313728713342328
jina_finetuned,wdc_80_medium_unseen,50,3,0.738457585735038,0.009172647720972902,0.6801465305076259,0.02585714005703228,0.8086666666666666,0.016289055630494105,0.9403574166666667,0.0427616898317973,0.7571139421617629,0.044595272625364266,0.0485617460985959,0.0041711814203915015,0.03156067787748934,0.013797813805246785
jina_finetuned,wdc_80_medium_unseen,55,3,0.7334995238317058,0.008729698262614756,0.6718416105289367,0.03366379280238227,0.81,0.033045423283716575,0.9356895833333333,0.021597971557436466,0.7318830210803898,0.0292208512979846,0.05559690662572644,0.004057757181698315,0.04978748987280522,0.003042848909802202
jina_finetuned,wdc_80_medium_unseen,60,3,0.7356599050156236,0.019228044059538003,0.6736096558751021,0.058648264070559813,0.816,0.04199999999999998,0.9443504166666666,0.020541816059463636,0.7465455801172202,0.026164393775892057,0.05855450117056434,0.009762815824202116,0.05698265988355572,0.01597826900950941
jina_finetuned,wdc_80_medium_unseen,65,3,0.7446723381168545,0.013955726279457717,0.6876257636682516,0.041220789294490016,0.8146666666666667,0.0289367125522809,0.94604375,0.018189326940887672,0.7546306324618862,0.04055924356188927,0.0503652343347262,0.004145936212698206,0.042244511550844265,0.009479987404097657
jina_finetuned,wdc_80_medium_unseen,70,3,0.7524136902488683,0.0015554514705359347,0.7093245439315813,0.00905054411856438,0.8013333333333333,0.01404753833713694,0.9447109166666666,0.013138139595119,0.7570739631059635,0.01740546554260429,0.052999076040235446,0.001753702783532676,0.048427201378952574,0.0020672528559955035
jina_finetuned,wdc_80_medium_unseen,75,3,0.7517788414309025,0.010787532405999844,0.6930706442003386,0.030947860728674614,0.8226666666666667,0.018147543451754896,0.9465181666666667,0.010009247774974438,0.7449504652421212,0.031600395913562465,0.05349352081470647,0.0021519537236763617,0.04897035486496019,0.0027905123662321884
jina_finetuned,wdc_80_medium_unseen,80,3,0.7565111998111376,0.004055728551305729,0.704324124249612,0.006290358021938943,0.8173333333333334,0.018147543451754886,0.9603209166666666,0.004566927648412384,0.7811599089271597,0.019057231606602842,0.052236046760636944,0.006246175010304567,0.04575455750711262,0.009780282111100344
jina_finetuned,wdc_80_medium_unseen,85,3,0.7486226373301104,0.00910265214990931,0.7019846372581662,0.02970986194077419,0.8033333333333333,0.0241108550933668,0.9474825833333334,0.00878106423053794,0.7579210056321246,0.021292300213055417,0.05300216506260507,0.002504282873083355,0.0493502404995918,0.002938441369554436
jina_finetuned,wdc_80_medium_unseen,90,3,0.7454887564760626,0.004843382092002132,0.6758001587841863,0.029173799363651904,0.8333333333333334,0.03407834111768546,0.9479393333333334,0.007455846951945362,0.7406249391566923,0.00878549686812281,0.05617333967833761,0.0016812634770214739,0.052336293080286984,0.0017052652960694039
jina_finetuned,wdc_80_medium_unseen,95,3,0.7421606756413746,0.007056841259682742,0.657931506487473,0.03314333218785729,0.854,0.038314488121336004,0.9541088333333333,0.0037393572503618246,0.7612971812886107,0.019887719045739802,0.05506763619433177,0.004576969285766169,0.04974432201726639,0.0062768769826492725
jina_finetuned,wdc_80_medium_unseen,100,3,0.7526516156640328,0.0016681749288812117,0.698638490433981,0.02575451251960818,0.8173333333333334,0.030550504633038898,0.9600325,0.011992734248285435,0.7869864828737522,0.030565753493789493,0.053582253665646555,0.002723912715321421,0.0486598221157781,0.0053214906019396335
joint_neural_hef_bert_finetuned,abt_buy,1,3,0.1966674309010362,0.03101112065370284,0.14760932605472118,0.015267565543571433,0.2993527508090615,0.0790730855849231,0.5894542856602131,0.018292012640462894,0.1535912638336666,0.013934196126807656,0.22143601666432458,0.012397084139349247,0.3544297817272699,0.018102395682465282
joint_neural_hef_bert_finetuned,abt_buy,2,3,0.2074070726605089,0.031384889867856626,0.15305770243919845,0.01421977006535786,0.3268608414239482,0.0857910429890716,0.5967334733814039,0.019126213555013653,0.15668660102182558,0.01156001237855693,0.20880478795655802,0.017164181424007875,0.33670421998245315,0.02509221236868569
joint_neural_hef_bert_finetuned,abt_buy,3,3,0.23820236964850316,0.016472935853122074,0.16144407567404442,0.0160748299959568,0.46601941747572817,0.08108394703150516,0.6148441492079714,0.026099517727389117,0.15885178678561696,0.007752078363575728,0.2157234894126204,0.004140288329540182,0.34765993333476736,0.006274515462514229
joint_neural_hef_bert_finetuned,abt_buy,4,3,0.2750651136542915,0.03250903076735492,0.1922382422346504,0.050731051931072614,0.551779935275081,0.1460619300504435,0.6762575938227445,0.05491540051524364,0.18430144390450254,0.04490085108486135,0.18881443750673663,0.023465376028042887,0.28906199130733223,0.06625593290062132
joint_neural_hef_bert_finetuned,abt_buy,5,3,0.3301517722473605,0.07157129996578641,0.27471746988356904,0.10229749929061488,0.4546925566343042,0.06146737835994363,0.7492836730445315,0.07469462119956513,0.27707790527612547,0.10562383878775994,0.14946008931659382,0.03681689230754455,0.21506425794719528,0.08709354801619536
joint_neural_hef_bert_finetuned,abt_buy,10,3,0.6408276043125499,0.0270245303587528,0.5754144659624413,0.029849209257284594,0.7249190938511327,0.04764541056419239,0.9409049187153429,0.008654907975836072,0.6591323019492294,0.03641472463528987,0.0668037663164724,0.0027007332477189494,0.0463812138322059,0.0032997473533466913
joint_neural_hef_bert_finetuned,abt_buy,15,3,0.6910073785007439,0.023115390046669872,0.6332657068023522,0.060104475848298554,0.7653721682847896,0.033043006240553605,0.9559198697931452,0.005539235673778196,0.7156296643126207,0.030393368908609286,0.06272499078399359,0.006354335255304468,0.052111670520450216,0.009325138307683762
joint_neural_hef_bert_finetuned,abt_buy,20,3,0.7447630210267066,0.009843267526156387,0.689989793437265,0.017408976409656697,0.8106796116504854,0.04314657484133779,0.965313026363103,0.0038400999258849074,0.7691498537725989,0.020709022059659733,0.05127814505776216,0.0026165599268331897,0.04292227813851531,0.0005275163503500619
joint_neural_hef_bert_finetuned,abt_buy,25,3,0.683111663409986,0.09618625861790486,0.6362650326706435,0.10089747974699387,0.7378640776699029,0.0883175019352439,0.9514421166184068,0.03025311806360094,0.7099330952363783,0.11005275635478554,0.06720310226859452,0.023927672905822893,0.07046117089483331,0.04447057165334466
joint_neural_hef_bert_finetuned,abt_buy,30,3,0.6870131650229235,0.08107607092373911,0.6377504396372321,0.11514261467669716,0.7491909385113269,0.03675668832233185,0.9540509850678476,0.016060387192758263,0.7180155933024398,0.09914300383574445,0.07538968143770339,0.02946855585403358,0.0981179651179336,0.05610436926111766
joint_neural_hef_bert_finetuned,abt_buy,35,3,0.723239086328518,0.01684860328320881,0.6925962320954656,0.01464425167183304,0.7588996763754046,0.05369145638523318,0.9659583830125476,0.006087228522400907,0.7732740950125317,0.026223837823683194,0.06321225309390344,0.015315476351142762,0.0727433919391051,0.036154254100569064
joint_neural_hef_bert_finetuned,abt_buy,40,3,0.775221878854199,0.01711124545982062,0.758424840897068,0.011462048297194516,0.7928802588996764,0.024433121149743515,0.9744724540585553,0.002315986006066527,0.8287755089201195,0.00877280116526602,0.045738340728306986,0.0046051029642394095,0.03317645112186718,0.005608316765019462
joint_neural_hef_bert_finetuned,abt_buy,45,3,0.7783271764464377,0.013533022646562372,0.7344621058906773,0.028729255868920632,0.8284789644012944,0.011210684838633505,0.9758767198470827,0.002308543222651402,0.8337419521622561,0.019650840653131236,0.05135859397372819,0.004477039135496897,0.04860722052634006,0.013429262807848678
joint_neural_hef_bert_finetuned,abt_buy,50,3,0.7722604769272984,0.03850374891410447,0.7477392345182665,0.05031214306205302,0.7993527508090614,0.03511736960228268,0.9734074263328224,0.004422811847522291,0.830318422900012,0.024563933961846137,0.05507778167741748,0.009525975279091835,0.05535263817414846,0.016741121918320116
joint_neural_hef_bert_finetuned,abt_buy,55,3,0.78637077522711,0.006053632049666681,0.7532673784569172,0.034157888461175914,0.8252427184466019,0.044491026164619786,0.9789421639319442,0.002389667196717669,0.8570305532430033,0.016967734460636034,0.04538176978799171,0.007730941459874125,0.03966018550038641,0.012542801747728895
joint_neural_hef_bert_finetuned,abt_buy,60,3,0.7768548549157697,0.013730847501502028,0.7526195388264354,0.039474555170204824,0.8042071197411003,0.019618698467608633,0.9770444179488634,0.00172863289930203,0.8453847751708841,0.003796021278967165,0.046548749943870225,0.0035431474641226036,0.03804133317489034,0.008432299603212606
joint_neural_hef_bert_finetuned,abt_buy,65,3,0.8210718878665502,0.020316479980112528,0.8244290125155201,0.013594231302761477,0.8187702265372168,0.04404743556251195,0.9821135903404683,0.0028227135838294532,0.8812400554728651,0.027417107601335124,0.037099484244189546,0.0044881684491794305,0.03257509391461518,0.004184871457456827
joint_neural_hef_bert_finetuned,abt_buy,70,3,0.8219541320846357,0.009244101254732722,0.822023525322315,0.005654549674585601,0.8220064724919094,0.017047983418855557,0.9827650977497682,0.0010113757503150882,0.9057930219529778,0.000750711538136005,0.034487835105765995,0.001524321678433085,0.030131855702802,0.0009089684207582712
joint_neural_hef_bert_finetuned,abt_buy,75,3,0.8091723703346544,0.015314618850991895,0.8066735154298605,0.03128940412673731,0.8122977346278317,0.015604612881865616,0.9820591797725166,0.002995261835394355,0.8947845860897422,0.0043346479357488955,0.03882518368313778,0.002742167674526081,0.03202194563860415,0.002743988333082486
joint_neural_hef_bert_finetuned,abt_buy,80,3,0.8184913154343159,0.016994634663463737,0.8142140090929603,0.034147869166658136,0.8236245954692556,0.019618698467608633,0.9818462688544446,0.002137111578563284,0.911062520273073,0.009734609107347128,0.03483916166103182,0.003690298047690639,0.03191861482122839,0.003030669950004909
joint_neural_hef_bert_finetuned,abt_buy,85,3,0.8187621880863234,0.018580222439618908,0.8139957372124569,0.042954994179864626,0.8268608414239482,0.05190619719205642,0.9825625958099131,0.003099166246082873,0.8989375489494891,0.019333912572346554,0.03560505423543829,0.0034675632883591884,0.028547038324420303,0.00033641674242097124
joint_neural_hef_bert_finetuned,abt_buy,90,3,0.8296917760332394,0.009182523008505224,0.8358696712515853,0.012883511274717261,0.8236245954692556,0.0056053424193167525,0.9852485853252333,0.000456762889988088,0.9058463765388324,0.0012265012794600032,0.033790715212194046,0.0030766359686689513,0.0292239287038288,0.0020207763719039483
joint_neural_hef_bert_finetuned,abt_buy,95,3,0.8241205025153145,0.016310519690055526,0.8144358262767143,0.045669266919560886,0.8365695792880259,0.03707585513718316,0.9852466927837393,0.000882182314611369,0.9173624283378868,0.01054747951563379,0.03318142951369197,0.003948402607560325,0.028910618648609464,0.0016628108035204939
joint_neural_hef_bert_finetuned,abt_buy,100,3,0.8406180957420756,0.015495980083174186,0.807431127246283,0.035623619465311535,0.8786407766990292,0.03883495145631072,0.9860292586914968,0.00130865344218786,0.9236093523878028,0.0162039951341966,0.02934284081664319,0.00388843040824202,0.023762427572367215,0.00174847137930258
joint_neural_hef_bert_finetuned,amazon_google,1,3,0.30237921197209455,0.04019891889785055,0.2319837780364096,0.03250695490701353,0.43447293447293445,0.05343304653421953,0.7294640719847131,0.0250768855010145,0.22127917019735813,0.021959884395130694,0.22576019746401105,0.01785168801927241,0.3716088887355515,0.02333025831014539
joint_neural_hef_bert_finetuned,amazon_google,2,3,0.3584556257936306,0.051359212508490945,0.32715301941286096,0.0155806339513946,0.4045584045584046,0.1059220025357339,0.7796931406693427,0.025072443467811553,0.3254986860809091,0.031199948439622708,0.19553846234714695,0.029271844641479375,0.33417337500549954,0.042044703163355276
joint_neural_hef_bert_finetuned,amazon_google,3,3,0.3611063637094006,0.02627746601039759,0.35048750710303195,0.02814942982115578,0.3732193732193732,0.03207501495497919,0.766256889010653,0.016736744146597815,0.3223435844448446,0.015177126723079123,0.1733278125906649,0.03526789761171827,0.2917161374105792,0.06327094140943312
joint_neural_hef_bert_finetuned,amazon_google,4,3,0.43266776394482526,0.09992919258664994,0.3916891102831894,0.11231904629689798,0.4857549857549857,0.07998800650351255,0.8105734811660018,0.06490014320873283,0.3838814891275656,0.09281642405837345,0.149255081156187,0.06929203084342526,0.24333560477922195,0.13161033506498043
joint_neural_hef_bert_finetuned,amazon_google,5,3,0.5850375508793145,0.014400873796376048,0.5451051378002464,0.06386224841659244,0.6424501424501424,0.06788462995694505,0.9125000518881043,0.004251032883398609,0.5960334900915478,0.033760098370844094,0.06478522172587471,0.0032897369176060555,0.05226934942625206,0.01243643078492964
joint_neural_hef_bert_finetuned,amazon_google,10,3,0.6071687842509441,0.04459539575285836,0.5499232186732187,0.0653776888144261,0.6866096866096866,0.07430656043159534,0.9286002388236483,0.008300627244701143,0.6439803756859751,0.031062391336219984,0.07893537419420722,0.01710774873553732,0.11973236219017622,0.07513655861494468
joint_neural_hef_bert_finetuned,amazon_google,15,3,0.63066136636266,0.01561314747055146,0.6299846204066335,0.050525945186210834,0.6396011396011396,0.07430656043159527,0.9381196304460024,0.002784405671002076,0.6710842241136322,0.013796240968223666,0.070149110085404,0.009267214264550714,0.10040665780040982,0.05108621973039304
joint_neural_hef_bert_finetuned,amazon_google,20,3,0.6499819928663052,0.019807947255760704,0.6291576161202186,0.01247898807107998,0.6723646723646723,0.028454393668715314,0.9409641363259624,0.004880278253601369,0.7006286815702748,0.0159466203568891,0.06093591359161108,0.006243993625701885,0.0542248327826326,0.020924788435831152
joint_neural_hef_bert_finetuned,amazon_google,25,3,0.6725519907637002,0.021873577263591144,0.6385770631691284,0.027495713090006597,0.7150997150997151,0.07052361136459584,0.9454185571232682,0.003464440046813396,0.7005944433668726,0.029525093373985786,0.05973972092682804,0.002016655946913779,0.04805661418468035,0.008703578283441257
joint_neural_hef_bert_finetuned,amazon_google,30,3,0.6844283972914679,0.016868445283684176,0.6601216826613466,0.01543029146468664,0.7108262108262108,0.024300173944774878,0.9514631753582701,0.0010346989352882892,0.7546474602770246,0.0039024972564566797,0.0586671959983119,0.011448248835011113,0.05317261949157728,0.016057102817967822
joint_neural_hef_bert_finetuned,amazon_google,35,3,0.6773135016656963,0.029341405802928922,0.6445342057521392,0.022918361306828124,0.7136752136752137,0.03700963264036069,0.9520948265484448,0.004660563651308175,0.7399484142884339,0.027797562783304728,0.06834252329438031,0.02612616747353593,0.08512982934483748,0.0595334000844317
joint_neural_hef_bert_finetuned,amazon_google,40,3,0.6856217424034508,0.004429515826012187,0.6673152838692886,0.011868352038305226,0.7051282051282051,0.007401926528072163,0.951064674716933,0.005890189904036765,0.7362787964843629,0.02658624228744886,0.054413065373600945,0.0032964652781400905,0.035128302139605494,0.008795927690166353
joint_neural_hef_bert_finetuned,amazon_google,45,3,0.7016639792963973,0.008519246354113476,0.7074675385685025,0.024815988326284146,0.6965811965811965,0.014803853056144262,0.9569629684976941,0.00147667710617374,0.7535045387320828,0.02465551862924725,0.05224736835290632,0.0026836652116813513,0.04207203088927733,0.008102500817753398
joint_neural_hef_bert_finetuned,amazon_google,50,3,0.6867568869048122,0.006317121780823378,0.636112954085765,0.03474841604896497,0.7492877492877493,0.0410642031492865,0.9545404858663722,0.004769590490190277,0.751453253453639,0.009635725940353976,0.057355975903912275,0.0023265280934542886,0.051945658658565756,0.0030163613846485504
joint_neural_hef_bert_finetuned,amazon_google,55,3,0.7021589150245646,0.00862883593422012,0.6570855470201236,0.05165034353017446,0.7592592592592593,0.047651648671446487,0.9558722805444516,0.0010984622226324259,0.7648044008339262,0.010352122869779327,0.052177743181929956,0.0038828892476420775,0.03433796891854349,0.010656204666080372
joint_neural_hef_bert_finetuned,amazon_google,60,3,0.7216105439332321,0.014715706927767486,0.6820194799992964,0.014596813023793094,0.7663817663817664,0.0235366262704534,0.9626218851570965,0.0048928592815481375,0.7802008404366222,0.021989363914386894,0.05600640043535298,0.006701801712802862,0.05340007248472748,0.015446372988769776
joint_neural_hef_bert_finetuned,amazon_google,65,3,0.7224010554729721,0.01983701922085826,0.67793111174601,0.012108224208130723,0.774928774928775,0.054448760266713365,0.9633002356411778,0.0022853647318247837,0.7832112126770648,0.009972549585404299,0.05081118807204802,0.0028974573863204014,0.0404689114934265,0.00894924171812954
joint_neural_hef_bert_finetuned,amazon_google,70,3,0.7295514009799724,0.0019749497560728815,0.7065477177276747,0.021514571215307865,0.7549857549857549,0.021080695992804502,0.9616086834396694,0.0056094681321530206,0.7881196615744658,0.018357789531075867,0.05007916358682267,0.0032591336465419827,0.040920490056238684,0.003445006444583835
joint_neural_hef_bert_finetuned,amazon_google,75,3,0.7292030040542903,0.012191411555939917,0.6832211769172141,0.020204988105588826,0.782051282051282,0.004273504273504258,0.964921220020783,0.003463314556734122,0.7876207262155822,0.009515410700950798,0.05023853143006292,0.0015452141090375436,0.04218333625527233,0.005109431406115246
joint_neural_hef_bert_finetuned,amazon_google,80,3,0.71859550867127,0.0009124465617771012,0.6730392554473054,0.03715655638102822,0.7749287749287749,0.052745038693941974,0.9651616349042285,0.002285769018060181,0.7850552389277227,0.005777755267120927,0.05298679139720869,0.006662133111057962,0.044882198319082495,0.010420636756262735
joint_neural_hef_bert_finetuned,amazon_google,85,3,0.7307318279553072,0.005833064061393174,0.6813038272892287,0.016016699020248725,0.7891737891737891,0.0345423237976699,0.962908653413753,0.0008382197376772721,0.7891628347377136,0.00912944051123558,0.05054361071269739,0.002578719956283574,0.03686773768316254,0.0027173313284666067
joint_neural_hef_bert_finetuned,amazon_google,90,3,0.7210210088008525,0.010330095802107479,0.694956280322134,0.011476658336957263,0.7492877492877492,0.01617922605641104,0.9652591845403891,0.0027449812244225375,0.7793679970780658,0.0056937580843747695,0.05260808702366793,0.003908799244993706,0.04422878919973231,0.004767521731204222
joint_neural_hef_bert_finetuned,amazon_google,95,3,0.723515252647726,0.01092100082612236,0.6617210960513041,0.022079970973712306,0.8005698005698005,0.0495308793467627,0.9675830797734635,0.003773951968835285,0.7913020417890247,0.01656064926366089,0.05258812659687382,0.003207414848554108,0.045882742878660614,0.004557584398992332
joint_neural_hef_bert_finetuned,amazon_google,100,3,0.7342664821547469,0.0017875432224475174,0.6692985918076714,0.04207758771854784,0.8190883190883191,0.06300098116095722,0.9713062242202603,0.00238728328172038,0.8055987694521921,0.013205966738551109,0.04990799985210134,0.0005950483639362503,0.040631490533084035,0.003087023231556206
joint_neural_hef_bert_finetuned,link_lives_release2,1,3,0.7562177163088537,0.009221156824275139,0.7811258087304069,0.010719033258276079,0.733025641025641,0.016062992369601563,0.9333120061982285,0.003121351338956973,0.807696367408607,0.014282123114215383,0.09175205497889366,0.025704750905698265,0.1313992976399999,0.08486496638284916
joint_neural_hef_bert_finetuned,link_lives_release2,2,3,0.7737890691921409,0.0029429326380063805,0.7893041156678607,0.011269514881218884,0.7591794871794872,0.015873265330997408,0.9507240704251397,0.0005261839617863232,0.8399176077681381,0.0021699472060456872,0.06416428403924025,0.0017605731896981783,0.05820303315608334,0.0033872046297787574
joint_neural_hef_bert_finetuned,link_lives_release2,3,3,0.792920780939417,0.00442833706183357,0.822732419294701,0.02381470183969124,0.7657435897435897,0.014251613286302967,0.9593831423488225,0.00284345997723507,0.858721285189396,0.008300309618886902,0.05873997993943987,0.003720159361631343,0.04204170624449826,0.010127307595003207
joint_neural_hef_bert_finetuned,link_lives_release2,4,3,0.7970981987084959,0.005073467534378823,0.824928082773172,0.020482278898494473,0.7717948717948718,0.022931507656334026,0.9623130806853761,0.0027099373424043405,0.8665262915434746,0.0033809545951718695,0.058635490604805586,0.0004126153317886172,0.039916747625221814,0.006246833844263421
joint_neural_hef_bert_finetuned,link_lives_release2,5,3,0.8064453107745285,0.006171243433995432,0.818431330142718,0.0142483003074302,0.795076923076923,0.014471355096990591,0.9641698199835479,0.0007196648417381638,0.8717811499571931,0.004523705978100616,0.05776472512323016,0.0024327525895257883,0.04606940774281091,0.004812206511613043
joint_neural_hef_bert_finetuned,link_lives_release2,10,3,0.8283110310854978,0.009234719415052094,0.8357944930833764,0.008709334641288131,0.821025641025641,0.013242689919042601,0.9710795630631492,0.005645920160701365,0.8908525117228531,0.011377582577545004,0.048543685896904956,0.003983508572154544,0.03765816675192686,0.019374211391313994
joint_neural_hef_bert_finetuned,link_lives_release2,15,3,0.8524671495529726,0.0005256764832186944,0.8813456362334866,0.009542738969807453,0.8255384615384616,0.008432116680642926,0.9789895070112679,0.002490482609270955,0.919395052866422,0.006587574278915517,0.04548027247618933,0.003945933912321238,0.038770443285835274,0.006250019070933296
joint_neural_hef_bert_finetuned,link_lives_release2,20,3,0.851937729576463,0.006408697370741633,0.8607413841792756,0.01342049321977463,0.8433846153846154,0.0008140773264813987,0.979613187815252,0.0011178820172808733,0.9194272752071838,0.004579197884988846,0.046088254507191465,0.0019581315586415663,0.03828909776154922,0.0021517970934555853
joint_neural_hef_bert_finetuned,link_lives_release2,25,3,0.8682467575087637,0.009189604537668853,0.8927883604827082,0.023100529256665274,0.8453333333333333,0.009741430260020754,0.9833758218073065,0.0025102295670419578,0.9356440461834413,0.014327292573727904,0.04064888008797586,0.00919249047423927,0.038421431274274415,0.016740225797421317
joint_neural_hef_bert_finetuned,link_lives_release2,30,3,0.8797911841889041,0.011721855114629195,0.8950117885690173,0.006913154848006082,0.8651282051282051,0.016780753509986337,0.9855268111644634,0.0019857972450473102,0.9449880914194939,0.008635261584959359,0.03560192884719049,0.0027923281178433585,0.030766730497633513,0.0005712773684219176
joint_neural_hef_bert_finetuned,link_lives_release2,35,3,0.8805867026716995,0.010727945475683877,0.9017619651782323,0.015241708385774926,0.8607179487179487,0.0208876019019654,0.9864213169322594,0.0019213801884155942,0.9476968008998194,0.007914699576326872,0.035117880098727,0.004673052203870099,0.02969327493983495,0.0045846653892499785
joint_neural_hef_bert_finetuned,link_lives_release2,40,3,0.8957927622761366,0.0057573367761742916,0.916317838030516,0.005164867808945527,0.8763076923076923,0.015007690336316595,0.9900196213469031,0.0009322515080149663,0.9590959367029007,0.003160799144236313,0.031610639811067,0.00016468134812836955,0.0284927098595608,0.0012489309836149903
joint_neural_hef_bert_finetuned,link_lives_release2,45,3,0.8965235633876525,0.01526659108065029,0.9087086898126686,0.015945884571779215,0.8847179487179487,0.017049411888958754,0.9893596502974766,0.0030186755293343877,0.9580327346550717,0.011776283206162728,0.03093433631806516,0.003213623930712849,0.027273867523992985,0.0011358093975226264
joint_neural_hef_bert_finetuned,link_lives_release2,50,3,0.8930172048121375,0.004734265672647108,0.9174339700158182,0.013925300389837844,0.8702564102564102,0.019543508332659162,0.9899550182057021,0.0005638173017429606,0.960049394290885,0.002302899276058797,0.029406044486492474,0.0012565667968361298,0.0236401111171142,0.004410716246635272
joint_neural_hef_bert_finetuned,link_lives_release2,55,3,0.8988150274970406,0.013177794321050998,0.9188473566434293,0.004985913531215548,0.8798974358974359,0.025531664217438528,0.9908585566799941,0.0017494103152042955,0.9621131421536998,0.007240208414974046,0.02996043028724261,0.0036919961103343284,0.025055840399227966,0.0024566826489949315
joint_neural_hef_bert_finetuned,link_lives_release2,60,3,0.9011952983580154,0.0025305189253839308,0.9247335325471789,0.00695593392380779,0.8788717948717949,0.0056092344262052675,0.9914621346903117,0.0004148559911191412,0.9644747548073159,0.001739905257216876,0.028984912756316254,0.0018093516081607792,0.024549869570341797,0.001370760853669643
joint_neural_hef_bert_finetuned,link_lives_release2,65,3,0.9044258829531413,0.00547149192728051,0.9145737833278956,0.005217149234918236,0.8945641025641026,0.01087566452661461,0.9914611813619523,0.001523080749304055,0.9650804693340169,0.005464347484051449,0.027998725432482337,0.0012740219630368703,0.024814658379369785,0.0014809860048033798
joint_neural_hef_bert_finetuned,link_lives_release2,70,3,0.9066631268843705,0.007052654246347708,0.9025291984434493,0.007231930669649315,0.910974358974359,0.015401016898212072,0.9923498332472468,0.001084343662809738,0.9668489695186679,0.003838338902831717,0.028015647664247523,0.001526434320185881,0.024579856799378644,0.0019249370526997138
joint_neural_hef_bert_finetuned,link_lives_release2,75,3,0.9151633644759428,0.009379329187224695,0.9027122695808033,0.02319502850012666,0.9283076923076923,0.00896541679035909,0.9932311358955228,0.0011326818453499179,0.970550002224559,0.0046641592979153575,0.025585857257098266,0.0013951444845970776,0.02367538456638391,0.0005290495293664974
joint_neural_hef_bert_finetuned,link_lives_release2,80,3,0.9130868512184344,0.0060852805918147216,0.9148160321970671,0.009828367782002152,0.9113846153846153,0.00240315374643283,0.9927053513923695,0.0008895292321594996,0.9696441008621639,0.003077184047963203,0.026272724418102876,0.0021706601565231426,0.023459597940239447,0.0016366905925091816
joint_neural_hef_bert_finetuned,link_lives_release2,85,3,0.9152804550014398,0.005098159391349335,0.9125875081792565,0.01255642378271436,0.9182564102564102,0.016192140202556642,0.9930388951593877,0.000739537703796984,0.9702962791565735,0.0014606967942646873,0.024900898106871558,0.0013008789210913053,0.02213890657011102,0.0027020918727688223
joint_neural_hef_bert_finetuned,link_lives_release2,90,3,0.9158075292610749,0.006200501797316357,0.8951368203865335,0.010909059408273232,0.9375384615384615,0.007850677429029574,0.9934143789974429,0.0009050859174059112,0.9711797279774184,0.0029809527735381366,0.028705857933411693,0.002096942347721145,0.02797348815511982,0.0031021185348084576
joint_neural_hef_bert_finetuned,link_lives_release2,95,3,0.9168812949749301,0.004457317157505873,0.914107281892415,0.007781395851809912,0.9196923076923077,0.002442231979444217,0.9937349428321823,0.00023870931062662282,0.9724431464656346,0.002117352454800223,0.02528771613746291,0.0021851061863812755,0.023438847301826195,0.002553947406650907
joint_neural_hef_bert_finetuned,link_lives_release2,100,3,0.9189306704414335,0.007435303747526987,0.9087659701976475,0.009482944717202698,0.9293333333333333,0.0054028993604372955,0.9938678603995689,0.0008974673722499653,0.9725200879479778,0.003039889806017102,0.026466992132842267,0.003976939387183217,0.024632078263877432,0.00299950710541236
joint_neural_hef_bert_finetuned,walmart_amazon,1,3,0.18152356507850737,0.005624894800852609,0.11654873307049658,0.021041959189015184,0.5664939550949913,0.32292445616625953,0.5755119930319814,0.01333154545343171,0.12171305395800529,0.01821634843941297,0.2400837450860733,0.00891355082679041,0.3937460329254526,0.011547316360649535
joint_neural_hef_bert_finetuned,walmart_amazon,2,3,0.16108230591977588,0.01589947177951291,0.10869392566736134,0.012070389829677017,0.3177892918825561,0.06181530282615987,0.5378411425763802,0.015348244008205898,0.10963206128906168,0.005375271583435733,0.20961449826285974,0.009977834763054765,0.3415181204417246,0.032151836574914945
joint_neural_hef_bert_finetuned,walmart_amazon,3,3,0.2011887170877514,0.01127379345980582,0.13453626913961536,0.007424271332042775,0.39896373056994816,0.025906735751295346,0.600401628848788,0.012633345146759525,0.1314115529041654,0.0066240197251638076,0.2145061970871861,0.032396634608072974,0.3460328306597346,0.06712723920253956
joint_neural_hef_bert_finetuned,walmart_amazon,4,3,0.20896781534361802,0.014627279658507098,0.1604621945796497,0.026752651141685548,0.3333333333333333,0.12481921564873681,0.6467983220177476,0.011132929499074526,0.15648112579376125,0.02050835615642994,0.21484373635280712,0.028091362121427408,0.356954283213565,0.04618036824639323
joint_neural_hef_bert_finetuned,walmart_amazon,5,3,0.25449220580375315,0.026557634928559788,0.18055928748212868,0.03140871814870634,0.4473229706390328,0.053929170970625225,0.6820385548805907,0.046865378708695365,0.18879294311345704,0.039048659079898795,0.14187606518063714,0.037873919548278914,0.19468028953943445,0.08855810523722829
joint_neural_hef_bert_finetuned,walmart_amazon,10,3,0.4785024810340407,0.03985639765512636,0.4145099254060951,0.016131456256519017,0.5699481865284974,0.0871637504728535,0.8658623853552498,0.011385534269186185,0.5114808586200102,0.03256797899584486,0.1127249546998954,0.036831713673704546,0.15669341671745846,0.1050838707782982
joint_neural_hef_bert_finetuned,walmart_amazon,15,3,0.5597411280319076,0.12131882722555914,0.5228951816272681,0.17681775376789638,0.6200345423143351,0.03923252743212621,0.8985268335715562,0.04465592818309486,0.6095280168100966,0.13093793066702852,0.10448727507104288,0.04130288431647762,0.1453240634565947,0.0945698193641273
joint_neural_hef_bert_finetuned,walmart_amazon,20,3,0.6513868905175197,0.051679873785700735,0.6250383307650917,0.06195094138146274,0.6804835924006909,0.040245872876445765,0.9249639874039663,0.01639388433209776,0.706088307117744,0.05575508408600774,0.055572916254579885,0.007628124862578513,0.04177399965082523,0.00908112195191797
joint_neural_hef_bert_finetuned,walmart_amazon,25,3,0.6462215096017913,0.039743716025889435,0.632255894693091,0.05775557715178476,0.6649395509499136,0.05683759126737246,0.9325429173366684,0.007877212149075271,0.6983262124843933,0.051146467970481335,0.07143191251725761,0.023605711760255263,0.0818407781093668,0.06686975655346249
joint_neural_hef_bert_finetuned,walmart_amazon,30,3,0.7146399356820604,0.09232227718301339,0.7262436812795386,0.08599820575393756,0.7098445595854922,0.1322005266546432,0.9422700404978859,0.01896003758454619,0.770885108262228,0.097124693192085,0.050844736311408296,0.013095890695223433,0.04909541461270103,0.01894111056537478
joint_neural_hef_bert_finetuned,walmart_amazon,35,3,0.7505394165817578,0.023910211728649,0.7901384525187535,0.022180799695989486,0.7150259067357513,0.031088082901554404,0.9522726088380681,0.004109587591803794,0.8018265129101462,0.03626996972150179,0.04646221854770247,0.012596497798828038,0.04971547981174016,0.030948472676689872
joint_neural_hef_bert_finetuned,walmart_amazon,40,3,0.7900380779637746,0.019087892691571132,0.7835825805536171,0.014838406284790563,0.7979274611398963,0.045169937238763454,0.956246556935263,0.0028174494100541925,0.8429777912211607,0.03529576473060091,0.03697148525026426,0.0044453681152581016,0.028538215354543133,0.0062780434104876305
joint_neural_hef_bert_finetuned,walmart_amazon,45,3,0.7766170317677855,0.020116518189766,0.7713257229103705,0.03462779343505798,0.7823834196891192,0.005181347150259086,0.9583137916145554,0.0038625334379048873,0.8303800964517909,0.034002423694937244,0.050795761873218735,0.008907925621182627,0.04901507111668965,0.019242029567945195
joint_neural_hef_bert_finetuned,walmart_amazon,50,3,0.8096159462651609,0.007991166375863652,0.8204435217978225,0.05644785779637795,0.8031088082901554,0.04426944945760378,0.9669968286582097,0.005162439520780448,0.8828224376045581,0.018151624234522813,0.03488721570581488,0.003448504465307567,0.030754055358558574,0.001979957687488043
joint_neural_hef_bert_finetuned,walmart_amazon,55,3,0.8148412690474006,0.020770120005330846,0.8082675624326997,0.014734391806852239,0.8221070811744386,0.03675957971294088,0.9626813657614197,0.002580213134969222,0.871135525980726,0.014771935690744595,0.036657851301636464,0.005548981858373227,0.033856600833170714,0.0042749687203307235
joint_neural_hef_bert_finetuned,walmart_amazon,60,3,0.8125426925229929,0.017158538454660237,0.8085821899381221,0.019137408465234037,0.8186528497409327,0.05258493038907881,0.9614660569650407,0.006530447246612904,0.8710228974165148,0.02289347611896138,0.032276625243226165,0.003436654967744199,0.023884825652633546,0.0035682023965808935
joint_neural_hef_bert_finetuned,walmart_amazon,65,3,0.8210961671100601,0.02336776152685709,0.7900025848927178,0.031657622052298474,0.854922279792746,0.013708556015878693,0.965103143052826,0.0014295268334746098,0.8744893329714343,0.012888352284303812,0.03321309968761914,0.0052805921041005534,0.02866790307534149,0.002772557639876941
joint_neural_hef_bert_finetuned,walmart_amazon,70,3,0.8390730064106783,0.029271183015727602,0.8571158951646388,0.04466106595597697,0.8221070811744386,0.016655700796188173,0.9676440317729736,0.004692524617570994,0.8868867250236152,0.014614917372116587,0.03092944103360361,0.004347495029213452,0.02807700970985934,0.0007269032135751321
joint_neural_hef_bert_finetuned,walmart_amazon,75,3,0.822416684515149,0.01702405721828651,0.8418063843895046,0.05127321174065185,0.8065630397236615,0.03675957971294089,0.9690994245429099,0.003945366545233103,0.8862408740624799,0.01595032829176154,0.03445115655701198,0.007794689851864932,0.02793846140510041,0.009802697923700223
joint_neural_hef_bert_finetuned,walmart_amazon,80,3,0.8316250876235508,0.012299799567521107,0.8732430335441496,0.01105581736416084,0.7944732297063903,0.031231677582081382,0.9686178607587398,0.005197167803210236,0.8899693661439316,0.009670574393070225,0.030756436194974198,0.002878270699052391,0.02206531044600127,0.006391303903664356
joint_neural_hef_bert_finetuned,walmart_amazon,85,3,0.8445867708785642,0.01241572477643975,0.8559097857227851,0.03234703270643348,0.8341968911917098,0.010362694300518116,0.9711438605502948,0.0018586910884728345,0.8973659503784784,0.012355820302634735,0.02931578115243728,0.003217987773869501,0.027715688218991466,0.003634992668795324
joint_neural_hef_bert_finetuned,walmart_amazon,90,3,0.8413362518818173,0.016133717685528747,0.8507905609786353,0.030552169549126228,0.8324697754749568,0.010785834194125033,0.9698810932940266,0.002015306588921539,0.8919539319882719,0.012021797419719694,0.03138016766970008,0.0036221227926741036,0.027709543134718156,0.0018683417959317137
joint_neural_hef_bert_finetuned,walmart_amazon,95,3,0.8346945657627425,0.0218274679510589,0.8393214838176981,0.04156403380976707,0.8307426597582037,0.0029914521719669835,0.9718962167232446,0.004520478807556813,0.8851404451325124,0.02569068812549263,0.041282874245918234,0.018414935520405573,0.041364351141733015,0.02670211812046784
joint_neural_hef_bert_finetuned,walmart_amazon,100,3,0.8333219816971487,0.010103021226752964,0.8562642648212636,0.014208737029145286,0.8117443868739205,0.014957260859834853,0.9695544674230242,0.0006990487059965025,0.885265396926368,0.010629468815404417,0.030076077689110768,0.0026398723589100654,0.023657637080657944,0.0012961148982974053
joint_neural_hef_bert_finetuned,wdc_80_medium_seen,1,3,0.20372796700961665,0.0005701319167852367,0.11585651335587573,0.0011858575157551242,0.848,0.07302054505411475,0.5276024166666667,0.001524518475891143,0.12178405211014694,0.0009022921413883425,0.21661796471180628,0.009695392500606779,0.33991632280747097,0.012227486098414538
joint_neural_hef_bert_finetuned,wdc_80_medium_seen,2,3,0.2059629389667782,0.0067834646886846305,0.11958582271949487,0.007030869526285942,0.758,0.1011731189595339,0.55143575,0.019482436293685148,0.13103086241427114,0.007844205678234994,0.23690456176544952,0.008016866994159155,0.37140804881078227,0.011552353715759672
joint_neural_hef_bert_finetuned,wdc_80_medium_seen,3,3,0.20811653588263296,0.0026550532933334163,0.12101798670003161,0.0022305021144868467,0.7493333333333334,0.08203251387915242,0.56832575,0.0084948754000573,0.14102183170225957,0.005890163805297489,0.21226276515108683,0.008582118960203089,0.3236060411455455,0.020746231386069725
joint_neural_hef_bert_finetuned,wdc_80_medium_seen,4,3,0.2172036755094159,0.024289518374969177,0.13460263999388536,0.0192596881300808,0.582,0.10615083607772478,0.5874095,0.0405527203688297,0.15144183723718904,0.021019552205304555,0.20767880706761924,0.016711319688960072,0.3249084626083021,0.027840322527270367
joint_neural_hef_bert_finetuned,wdc_80_medium_seen,5,3,0.21247068349998924,0.0100087278761327,0.13083948236032752,0.009155089225185285,0.5760000000000001,0.0818535277187245,0.5748213333333333,0.02356156870352291,0.14518647821675484,0.012225711612415386,0.2092156721034158,0.020500054031517286,0.32270699912751166,0.039623352028689704
joint_neural_hef_bert_finetuned,wdc_80_medium_seen,10,3,0.30745184236980727,0.03968050615129185,0.20830474758452527,0.037703667655942116,0.602,0.06102458520956944,0.718236,0.05484834254503509,0.21499142854132378,0.039622520223939445,0.16403698823140633,0.028490865777050806,0.20213050172133024,0.09550040511700464
joint_neural_hef_bert_finetuned,wdc_80_medium_seen,15,3,0.36694646156311445,0.044096954034069616,0.2597338549159165,0.047290054768212596,0.6426666666666666,0.03931072796748149,0.7881468333333332,0.029489167632298974,0.2801429207307344,0.04444671033497107,0.1431454082285909,0.020889787694947363,0.14823312858505933,0.07911931026735644
joint_neural_hef_bert_finetuned,wdc_80_medium_seen,20,3,0.37969485024996336,0.03708726936485515,0.2788575522030699,0.050790719552513956,0.618,0.06878953408767935,0.7985218333333334,0.02116605399031274,0.2967823741759377,0.03637098141780903,0.1462678363419688,0.013597946509896524,0.14491738028424206,0.04977214233744779
joint_neural_hef_bert_finetuned,wdc_80_medium_seen,25,3,0.4339347552257107,0.07056001110685574,0.330172142154225,0.067728973621779,0.6373333333333333,0.05974389787529216,0.8271436666666666,0.04052667728356015,0.3674564925369073,0.09396555944578017,0.13499373032607925,0.017287413759290746,0.12126455289435882,0.020905912376182178
joint_neural_hef_bert_finetuned,wdc_80_medium_seen,30,3,0.4507294936538467,0.06725353405829226,0.3639618615837247,0.10242312083675999,0.6493333333333333,0.1262114627652074,0.8433826666666666,0.03271945013322862,0.39931201280360995,0.0875172135578436,0.1128417381071479,0.01682020639221674,0.08537861107420866,0.01548889033039927
joint_neural_hef_bert_finetuned,wdc_80_medium_seen,35,3,0.5433906683850954,0.04834327322536704,0.4597928409910205,0.0610659471023918,0.6686666666666666,0.03601851375797357,0.89265175,0.01601781737823535,0.5220869782985985,0.061007046179054024,0.10334637122542721,0.020452283164518522,0.0876742011812619,0.021376141757955505
joint_neural_hef_bert_finetuned,wdc_80_medium_seen,40,3,0.5000168181113771,0.043090438014481355,0.402099841151843,0.06222096119021205,0.6706666666666666,0.027227437142216163,0.8726874166666666,0.01986871121627761,0.4653051823661174,0.06780731420865974,0.10442796633874099,0.013146053551823014,0.0835755213783295,0.013001108761646535
joint_neural_hef_bert_finetuned,wdc_80_medium_seen,45,3,0.522885769738447,0.014011893434244214,0.42904018929757864,0.02647523515815356,0.672,0.028354893757515633,0.883613,0.006336022229088166,0.49773524281030573,0.02498485086185821,0.09888857043076331,0.0048483353218722195,0.07712282445640475,0.0030017331128358456
joint_neural_hef_bert_finetuned,wdc_80_medium_seen,50,3,0.5656696153197754,0.0328162202976746,0.5007503833262974,0.04965116288549639,0.6526666666666667,0.016653327995729078,0.89884875,0.012795115945645105,0.5542745374674534,0.043286919361554745,0.09060101908831564,0.008912801358185453,0.07470655335289324,0.004096580830046909
joint_neural_hef_bert_finetuned,wdc_80_medium_seen,55,3,0.5878644477242774,0.038738367800389854,0.5458011851655931,0.05761351981868818,0.6413333333333333,0.05064911976859359,0.9103932499999999,0.0018267834436516374,0.6107355484327018,0.05146079140855712,0.08687635418937306,0.009020542666293787,0.07663526807602977,0.0051045762607137895
joint_neural_hef_bert_finetuned,wdc_80_medium_seen,60,3,0.601229210735532,0.018419425041254156,0.5317624117487344,0.019103274006099787,0.6920000000000001,0.02599999999999996,0.9153632500000001,0.004878091808022881,0.6188187889505548,0.026662654564431586,0.08117254326625435,0.0034950242099808216,0.06902549492210772,0.005136619627580552
joint_neural_hef_bert_finetuned,wdc_80_medium_seen,65,3,0.5669350593434982,0.029316934861293636,0.49542504223004175,0.037807605871844605,0.6686666666666666,0.07046512139586034,0.9083748333333332,0.007785268887189014,0.5866057596065587,0.058715099867533205,0.08871706975466827,0.006332892011049983,0.07335548102210655,0.003635260707026172
joint_neural_hef_bert_finetuned,wdc_80_medium_seen,70,3,0.6054526146989279,0.06332685458850286,0.572634264171401,0.115186967086512,0.6553333333333333,0.0440605643782888,0.9185978333333333,0.016701576075204224,0.6374959813792952,0.08623702282629443,0.07856764035152679,0.01141314851652814,0.06951995490909622,0.0035549347772121987
joint_neural_hef_bert_finetuned,wdc_80_medium_seen,75,3,0.6079957934286632,0.026301445492816898,0.5525154053622866,0.026883349186693505,0.6773333333333333,0.0467047463683653,0.922755,0.009021253103782247,0.6507829600110365,0.03262335198434671,0.07755187129235919,0.002672714798103185,0.06571145982143503,0.0042115934803820775
joint_neural_hef_bert_finetuned,wdc_80_medium_seen,80,3,0.6223183492920334,0.04523807207576373,0.5802506996988924,0.09628362416324522,0.682,0.03104834939252002,0.9266340833333333,0.008586993279567237,0.6688283813081102,0.06578619780363469,0.0750998350093902,0.007079045129852765,0.06625843269820325,0.003049526978168202
joint_neural_hef_bert_finetuned,wdc_80_medium_seen,85,3,0.5940325672894802,0.01623397126216794,0.5238635233775273,0.04321840510684739,0.69,0.02986636904613612,0.9216410833333333,0.0033562497796400044,0.6179078353125554,0.02944214255743573,0.07862989100769342,0.0023279531214565555,0.06363126385784536,0.002299317553226173
joint_neural_hef_bert_finetuned,wdc_80_medium_seen,90,3,0.6546610744420958,0.011289351665121069,0.6467567391451352,0.033427145395647125,0.664,0.016000000000000014,0.9371410833333332,0.007992805488896464,0.7123772117908257,0.011305092923806916,0.07069395320122801,0.002762174372833773,0.06479866315433928,0.006114652179792254
joint_neural_hef_bert_finetuned,wdc_80_medium_seen,95,3,0.6408743355168797,0.023645474986369968,0.6075098623983958,0.06084284691518202,0.684,0.04331281565541541,0.9342333333333334,0.006513195693807505,0.6830147736302937,0.03943097998115017,0.07151808130385817,0.0064245490578247145,0.05913932565070206,0.004493551026982655
joint_neural_hef_bert_finetuned,wdc_80_medium_seen,100,3,0.6677098924824151,0.005783525815220527,0.6351200071150828,0.04077333338977908,0.7093333333333334,0.06004442799572108,0.9371949166666667,0.004909136923465627,0.7183488841550161,0.014380043757850553,0.068511466547835,0.004156597358002395,0.061620226262258014,0.0026169494276619605
joint_neural_hef_bert_finetuned,wdc_80_medium_unseen,1,3,0.20151038594253334,0.0007108112501144087,0.1131620267091302,0.0005085775799797694,0.92,0.0366606055596467,0.5140130833333333,0.005254317702693044,0.1209617990475994,0.0012839484869048557,0.2381075347181041,0.014815563958740171,0.3696431065290063,0.017841880656375632
joint_neural_hef_bert_finetuned,wdc_80_medium_unseen,2,3,0.2052378251395661,0.003878180195579173,0.11788117513178509,0.003332191632294745,0.7953333333333333,0.040414518843273774,0.5670858333333333,0.0120719078709968,0.14306628746821756,0.001032381577951042,0.2341240789983098,0.010623577862830079,0.36735349341012813,0.015094451232582138
joint_neural_hef_bert_finetuned,wdc_80_medium_unseen,3,3,0.21139146811853524,0.010785802877680271,0.1206404498662732,0.008700742975578275,0.8666666666666667,0.07684616667949895,0.5685411666666668,0.042088711539833776,0.14574795206975608,0.017244363488954254,0.2493218998253722,0.002773414806794439,0.3832423963027972,0.0007227741207091833
joint_neural_hef_bert_finetuned,wdc_80_medium_unseen,4,3,0.22466543295363403,0.020490293899367802,0.13185081073097768,0.0140501196250527,0.7633333333333333,0.013316656236958798,0.6207959166666667,0.044158415305248847,0.1756336196222106,0.022043842945995994,0.2227587875249958,0.03542041656241477,0.3415223881337378,0.062413680103468774
joint_neural_hef_bert_finetuned,wdc_80_medium_unseen,5,3,0.2365010422846112,0.045418391065970384,0.14166534851539958,0.03384184218128809,0.7473333333333333,0.0564387573687917,0.6221015833333333,0.07445777931583662,0.17979447258143136,0.04196252449057261,0.22359223706531225,0.039761610412296325,0.3325673068552106,0.08524582086911249
joint_neural_hef_bert_finetuned,wdc_80_medium_unseen,10,3,0.3283810255969571,0.06361725811566186,0.20915606723749247,0.05287810476832388,0.8013333333333333,0.04734272207354929,0.7537658333333334,0.05015032250727144,0.2529143516652635,0.04311680950976335,0.17741430856709925,0.04478263964035949,0.23650946259084676,0.12024167187936423
joint_neural_hef_bert_finetuned,wdc_80_medium_unseen,15,3,0.36382931147062425,0.010909747278939088,0.23974791952948554,0.012826777103416967,0.758,0.036055512754639925,0.7933935,0.007920603113873293,0.2794111962034835,0.0194241827436888,0.16041559844302053,0.012736476981541539,0.19675379865037068,0.059377914776626184
joint_neural_hef_bert_finetuned,wdc_80_medium_unseen,20,3,0.39885584864432894,0.0433947281286118,0.2924247552731721,0.057880874415490655,0.6626666666666667,0.103079257531927,0.8157089166666667,0.03051184173945146,0.3282336089107721,0.047045805791114025,0.14691852854248852,0.014385536309930856,0.16082622891388557,0.05457283778965235
joint_neural_hef_bert_finetuned,wdc_80_medium_unseen,25,3,0.4238376988873388,0.020885131750814512,0.3038225296871745,0.006977294790333859,0.7033333333333334,0.08010826008180016,0.8304464166666666,0.01934348335411263,0.3391096567899866,0.03601250659843325,0.14992618920751963,0.008360379613864035,0.15075872333251214,0.02584687900128904
joint_neural_hef_bert_finetuned,wdc_80_medium_unseen,30,3,0.4456082782518558,0.04721321254339821,0.31760305205388595,0.04576239727046627,0.7533333333333333,0.03419551627528579,0.84938375,0.025677353632383954,0.39313049139320844,0.05536718173571168,0.13190807431192383,0.004043554277591365,0.12888272468414572,0.021230320999184066
joint_neural_hef_bert_finetuned,wdc_80_medium_unseen,35,3,0.5078904601293818,0.051895176514837174,0.386926625235336,0.04900400196643732,0.7406666666666667,0.0450037035513005,0.8828476666666667,0.024810529345337083,0.48121897795381674,0.08334416968569379,0.1191793198605944,0.010823547962787968,0.11077524320122407,0.019756842724389847
joint_neural_hef_bert_finetuned,wdc_80_medium_unseen,40,3,0.5039861247000685,0.06716957731347202,0.38459171079400706,0.07871728940521827,0.7486666666666667,0.029005746557076148,0.8773605833333333,0.02244398861796478,0.4639238866181787,0.08442517254049679,0.11868561385114573,0.013096983233279524,0.11225279062268911,0.012561695870701509
joint_neural_hef_bert_finetuned,wdc_80_medium_unseen,45,3,0.5139090741520457,0.03643957662890822,0.411791374353933,0.049944515942009556,0.6886666666666666,0.01553490693030801,0.8829098333333333,0.01357246235335846,0.4912926290032339,0.05173129437298546,0.11164457435478646,0.004584469739722618,0.09507476420486692,0.007604569081430487
joint_neural_hef_bert_finetuned,wdc_80_medium_unseen,50,3,0.5419868137133863,0.05473123051159064,0.4379639867683888,0.07009443601506612,0.72,0.024248711305964305,0.895576,0.013829686088718662,0.5354856195698044,0.059104148788940415,0.11280058399229989,0.010844154924579925,0.09977239697133364,0.008037236762144457
joint_neural_hef_bert_finetuned,wdc_80_medium_unseen,55,3,0.5640234752476487,0.01881905715239912,0.48965770554605,0.02900543361408756,0.666,0.008000000000000007,0.905455,0.008541917949149368,0.5667315483931739,0.014096317448307282,0.10963978409863855,0.008133331531730958,0.10800084936473932,0.021331770413219986
joint_neural_hef_bert_finetuned,wdc_80_medium_unseen,60,3,0.5481331006675259,0.014698588466631423,0.43552431036264033,0.013639826292087305,0.7393333333333333,0.014468356276140484,0.8996826666666666,0.003918042610262522,0.554327758693138,0.015498760592618312,0.10646741537283566,0.0056638687809961955,0.09598519171977898,0.008417781636817867
joint_neural_hef_bert_finetuned,wdc_80_medium_unseen,65,3,0.5637552507474013,0.06893237426068635,0.4914705966581224,0.11226227207579421,0.6813333333333333,0.0692916541391049,0.8992138333333333,0.01079267794135596,0.5625562017260334,0.06094132362172436,0.10525092563528558,0.010877773187728784,0.09324691662702847,0.006147163400926437
joint_neural_hef_bert_finetuned,wdc_80_medium_unseen,70,3,0.5761339121934798,0.022726021908308393,0.45788198344580033,0.027598282202036927,0.778,0.014000000000000012,0.90980775,0.00614442989116964,0.6141018477028043,0.034626328717942516,0.0953707720367573,0.00816615238373827,0.08743305949194151,0.009266536316170354
joint_neural_hef_bert_finetuned,wdc_80_medium_unseen,75,3,0.5481289700183988,0.031983730758950266,0.4271073568647951,0.04428443726250954,0.7706666666666667,0.029143323992525883,0.9042395,0.004360128431307966,0.5712878522627749,0.01729616208532313,0.10297701983545642,0.0077800152727331914,0.08843913942240869,0.009324456616514053
joint_neural_hef_bert_finetuned,wdc_80_medium_unseen,80,3,0.6184509930818805,0.017839737984225994,0.523068720881879,0.02708374902258536,0.7573333333333333,0.0061101009266077925,0.92170975,0.004938263858634986,0.6448736815089569,0.018711307393558668,0.08601602989690983,0.01081642298323725,0.07803065334770966,0.008403504425158527
joint_neural_hef_bert_finetuned,wdc_80_medium_unseen,85,3,0.6058626547981184,0.034153289118464575,0.5078687637214158,0.060125407956871255,0.7573333333333333,0.02369247419188917,0.9150901666666666,0.004696712482772753,0.6524060814770078,0.03706134085109324,0.08741570659034834,0.0012333683713135993,0.07888529027485358,0.005615334527722031
joint_neural_hef_bert_finetuned,wdc_80_medium_unseen,90,3,0.601389877288128,0.0322503852805228,0.5095088665740839,0.052388085726067166,0.738,0.022715633383201116,0.918914,0.0032719587692237213,0.6354901293235307,0.03142596371563106,0.09096681773546231,0.008371953409119663,0.08168360313659326,0.005183644628121154
joint_neural_hef_bert_finetuned,wdc_80_medium_unseen,95,3,0.6091326453470345,0.0166495524524548,0.5077916790647741,0.028225732173631682,0.7626666666666667,0.016165807537309534,0.9221975,0.0030453592563112705,0.6609104903133035,0.022813955906410617,0.0877459341290182,0.0019633238148961114,0.07956242726331887,0.003199195094650195
joint_neural_hef_bert_finetuned,wdc_80_medium_unseen,100,3,0.6142664216829755,0.0015670710292490398,0.5282307518126093,0.023692561348783957,0.7366666666666667,0.04085747585611887,0.92365425,0.003644518521012011,0.6615745071108532,0.023387328720244894,0.09157781872049857,0.005492928904401508,0.08500613090132053,0.0075742460784316385
joint_neural_hef_bge_finetuned,abt_buy,1,3,0.2157527446416197,0.022308825459087016,0.16191208406288918,0.011568649945121712,0.33171521035598706,0.08551592402410234,0.5924071235261833,0.04752432168001132,0.14545337202064754,0.015536707611514215,0.2091826216866843,0.015268950276953278,0.3370247353062749,0.021539408539173934
joint_neural_hef_bge_finetuned,abt_buy,2,3,0.21826169535688345,0.015287376277766884,0.1580253216859261,0.007179898982866644,0.3656957928802589,0.09952442922124131,0.5980961032570639,0.0161892870889716,0.14657801514488628,0.0051414137513888045,0.20251100425307508,0.004175818704279218,0.3278707572794989,0.005933718763427515
joint_neural_hef_bge_finetuned,abt_buy,3,3,0.24702951258969963,0.029978068310923717,0.17880442075045103,0.04113627662235783,0.4368932038834951,0.12621359223300968,0.645500482598081,0.03980633119775729,0.16886381785382776,0.028783130113711128,0.19107891248030243,0.023197001630011965,0.2936675641296863,0.051109363513756355
joint_neural_hef_bge_finetuned,abt_buy,4,3,0.26782580860528077,0.05812687933175336,0.1883429509899943,0.04935132452164723,0.49190938511326865,0.14403112499335707,0.6634782073846969,0.06466592005594698,0.18778458849812332,0.06337657499592401,0.19219194814513782,0.03473381256039823,0.2914756924657977,0.08715076064829051
joint_neural_hef_bge_finetuned,abt_buy,5,3,0.2774109332199801,0.0892185251035738,0.22211898777974293,0.08259029780608483,0.3883495145631068,0.13670027029445364,0.6939306194288309,0.06376350284183802,0.21701701729841433,0.07183023861737897,0.1793572272290705,0.039429667776851134,0.2609487541412666,0.0904150150116582
joint_neural_hef_bge_finetuned,abt_buy,10,3,0.5447697456411865,0.03127436131916852,0.45753958436417613,0.02063550873628384,0.6763754045307443,0.07741665834243164,0.8942935142603002,0.014272586211972636,0.5459204572577554,0.04202150320748934,0.09782140194359801,0.011940037974970796,0.09397388738207388,0.04481476720054632
joint_neural_hef_bge_finetuned,abt_buy,15,3,0.6295477509124621,0.01143023621674663,0.568920417983526,0.048077914893617374,0.7119741100323624,0.06069579072333671,0.9279963663203316,0.004391943702944814,0.644180735422256,0.014589412241523384,0.08222726774414821,0.0018277384746065064,0.06883814525933096,0.005435094745926171
joint_neural_hef_bge_finetuned,abt_buy,20,3,0.538615660892924,0.20419908559809416,0.464030131826742,0.21501083249690606,0.6601941747572816,0.155567187951088,0.8663529779140408,0.12240581988544866,0.5243786472031056,0.24263711896570192,0.10294628935556688,0.05831542122723516,0.12886511305218762,0.1171146755931512
joint_neural_hef_bge_finetuned,abt_buy,25,3,0.5137084705600259,0.1588013025017593,0.4795032461979394,0.1541930347937078,0.5550161812297735,0.1651436999634055,0.8619348397963625,0.0726175344853249,0.5051173033613358,0.18002536003127018,0.1327781086056663,0.060846839827162866,0.18722556567868825,0.11918557875559747
joint_neural_hef_bge_finetuned,abt_buy,30,3,0.6827014525733862,0.04983650336951652,0.6199400323195409,0.061173965655058414,0.7605177993527508,0.031584500478872374,0.936738488616363,0.016926319133865362,0.6815382046122823,0.07172498973125246,0.07947735169736045,0.027010479862423387,0.08727927131253627,0.0598055223168903
joint_neural_hef_bge_finetuned,abt_buy,35,3,0.7429391821826403,0.04010343500311803,0.690638006072569,0.04036007447593085,0.8042071197411003,0.04484273935453402,0.9598284411135715,0.009135289116761298,0.7810513884055988,0.0411656822031711,0.05165368634781102,0.00865163720673837,0.04303243647234886,0.008260566244614988
joint_neural_hef_bge_finetuned,abt_buy,40,3,0.704699528412643,0.08302833220011409,0.6605574340863146,0.11284725483331039,0.7605177993527508,0.05325075298350915,0.9483861352410151,0.019067704688432704,0.740037176247989,0.10500744994236137,0.08327786336805289,0.039684233615154565,0.09496215766745575,0.07184556351927705
joint_neural_hef_bge_finetuned,abt_buy,45,3,0.6943132755048913,0.022125322803850468,0.6326446495986803,0.023489857722074254,0.7702265372168284,0.03675668832233185,0.9447373152406366,0.0011802618656685012,0.7050268071716055,0.013318485382839317,0.08902135423194799,0.012964411542263304,0.10438704404334434,0.026183906322897302
joint_neural_hef_bge_finetuned,abt_buy,50,3,0.7454945278488966,0.03144725462684992,0.7127149212511356,0.055956316337116375,0.7831715210355987,0.007415171027436631,0.9595038702473552,0.007841589413299235,0.7824036306563562,0.03956109012435792,0.064463081213585,0.014436199380707634,0.0570326981385204,0.02196878099289037
joint_neural_hef_bge_finetuned,abt_buy,55,3,0.7343364149031656,0.012268585450906063,0.6852684024310106,0.020288773109923313,0.7912621359223301,0.009708737864077666,0.9555389958174832,0.0020819515571427,0.7497647089957312,0.007347701337663445,0.07817399022972907,0.007921117511711191,0.08254975536057212,0.012240766006037249
joint_neural_hef_bge_finetuned,abt_buy,60,3,0.7656947205094642,0.014386448411730509,0.7074169402531596,0.02316274403663743,0.8349514563106796,0.01681602725795026,0.9674870834043037,0.004182984538960183,0.7589820349356005,0.06367896111121038,0.06342125056851616,0.003706257702326789,0.06070699777819343,0.006782510061694542
joint_neural_hef_bge_finetuned,abt_buy,65,3,0.7686032610751712,0.017706633411502717,0.7156875820878839,0.0205902810096148,0.8300970873786407,0.01681602725795026,0.9683950301860368,0.008105375986231402,0.8013996563046574,0.05601603242752715,0.05719085944694681,0.009547418559535973,0.0511120523612641,0.008843523182939584
joint_neural_hef_bge_finetuned,abt_buy,70,3,0.7547251446920202,0.026094294223771793,0.6968109560208264,0.029766899897843493,0.8236245954692556,0.029660684109746524,0.97032968072825,0.006121127359230449,0.8158944119059859,0.04098360682251558,0.0643602196278155,0.02131508388023611,0.07112800371424435,0.029105188154936276
joint_neural_hef_bge_finetuned,abt_buy,75,3,0.7934622558979947,0.009352175214051106,0.737028140483425,0.042966661058684165,0.8624595469255664,0.03770608478230114,0.9782428698499215,0.0031124622491788224,0.8822354018544142,0.005189674752904499,0.04053735405776843,0.0025680343564419288,0.03743843090219087,0.0036508524635016724
joint_neural_hef_bge_finetuned,abt_buy,80,3,0.776679040862344,0.03941238007400251,0.7177707618670116,0.0755217695492099,0.8511326860841424,0.034439800410667944,0.9741010427903632,0.005611530560101755,0.8139582129116262,0.07652001663400222,0.052694594281572915,0.017196642828831682,0.049076649142535685,0.01832900751569456
joint_neural_hef_bge_finetuned,abt_buy,85,3,0.796901181107201,0.009889293889227314,0.7294841853923396,0.022593803120751366,0.8786407766990291,0.01284345296633302,0.9769346505422132,0.0009430274050660805,0.8652915486589471,0.016691642275247526,0.043488705438346736,0.0016565109969439674,0.03821886189621546,0.0033593296652535544
joint_neural_hef_bge_finetuned,abt_buy,90,3,0.7811990661204352,0.02632299746047301,0.7191268418705242,0.07701635536954786,0.8624595469255664,0.04241211139832092,0.9741317965896402,0.0031478220875317173,0.8326886559362513,0.01257962586378624,0.047264009214349006,0.00019675444478029364,0.04122458520476954,0.0022128710465577433
joint_neural_hef_bge_finetuned,abt_buy,95,3,0.7918358591190456,0.007687213686780242,0.7441046149750151,0.011884451075912269,0.8462783171521036,0.012216560574871757,0.9779712901455364,0.001781785163526033,0.8660080513168376,0.002405629693638027,0.04624275626341282,0.007479487093881079,0.03843318510007647,0.008880383079078503
joint_neural_hef_bge_finetuned,abt_buy,100,3,0.8086750728209705,0.0025955906073003984,0.7523039215686275,0.022019954862559865,0.8754045307443366,0.029260746472532607,0.9785925168909329,0.002401122118285777,0.8863118601918256,0.003634720808689871,0.03954079460786756,0.0008148435966859274,0.033994729985363424,0.002792984037796878
joint_neural_hef_bge_finetuned,amazon_google,1,3,0.2420552209636391,0.01355151911333905,0.15507511037620314,0.003237626105051219,0.584045584045584,0.18213018099568917,0.6569964536210287,0.02974254690598541,0.16903350797692065,0.027129432879909706,0.23118559967019175,0.006307263393081273,0.376554238482571,0.00740671837080015
joint_neural_hef_bge_finetuned,amazon_google,2,3,0.3138433067262339,0.03348684730510408,0.2341011336102583,0.05526051892556036,0.537037037037037,0.16060266487252362,0.7287040842164689,0.03379369449017652,0.22845357850982062,0.04933847371554689,0.20114137410553645,0.017348382829650986,0.33754341996613757,0.022817438271313713
joint_neural_hef_bge_finetuned,amazon_google,3,3,0.2876877759328678,0.010306468589479681,0.210486251116003,0.026679670144031442,0.48717948717948717,0.1407015182320883,0.7291368310066708,0.019808932677612377,0.22588886228144398,0.018338429842692835,0.19542945244410417,0.005088536986614972,0.3300753562087184,0.006058870839036873
joint_neural_hef_bge_finetuned,amazon_google,4,3,0.34974568862932154,0.046896680164195015,0.2579274938596039,0.033947249986916506,0.5441595441595442,0.08212840629857306,0.7765113621111679,0.028119775881813466,0.2807485626917446,0.03452848732282076,0.1688252671047496,0.047104703371340755,0.28271575290279205,0.08698014014124138
joint_neural_hef_bge_finetuned,amazon_google,5,3,0.3861928566212174,0.06285424991067791,0.3327502188157926,0.11071480907634584,0.5085470085470085,0.10049552150687903,0.797795862511744,0.05006943437193899,0.3219592076866058,0.07234327952289281,0.14864286993225817,0.045197742127933226,0.2531790719040606,0.0746607484781197
joint_neural_hef_bge_finetuned,amazon_google,10,3,0.4607944831825429,0.07828180243304388,0.4283240664568338,0.08658143213497774,0.5028490028490028,0.08803142196854917,0.840370398044026,0.04663782897638393,0.4093493719294245,0.09241956492746205,0.12246898343275614,0.034010081923483766,0.19861557900359733,0.07774769727128564
joint_neural_hef_bge_finetuned,amazon_google,15,3,0.564543588090271,0.027603207612550383,0.4986164162634751,0.06645749139908394,0.660968660968661,0.047266837672470245,0.912762259775373,0.019391228297566003,0.5613006108794355,0.03942429600388596,0.095763760157279,0.007671056939613229,0.1462110706872676,0.03402540554182858
joint_neural_hef_bge_finetuned,amazon_google,20,3,0.6100176384085512,0.00897772235264486,0.566061720878618,0.0413429380029735,0.6652421652421653,0.036345728838099924,0.9301755616714334,0.009841863950009978,0.6160716493348044,0.01602533432607982,0.07825300051686017,0.011682263703461543,0.08574645335756666,0.04815326885115732
joint_neural_hef_bge_finetuned,amazon_google,25,3,0.5897226239067651,0.0432202319763969,0.5436291237123432,0.03621426057385077,0.6467236467236467,0.06868697123214357,0.9284698267214051,0.008648092724406134,0.6017701435479902,0.019964446874106916,0.0884175925748775,0.010811306859889777,0.10486456632507452,0.035633819802423
joint_neural_hef_bge_finetuned,amazon_google,30,3,0.6348255268512252,0.004885900478471059,0.5916269841269841,0.03496036250289872,0.688034188034188,0.03798373682613496,0.9420849193797227,0.004767827833750832,0.6604246516159653,0.02446567769182053,0.07305953783272554,0.00637120548571906,0.06477042599328686,0.020082945735790357
joint_neural_hef_bge_finetuned,amazon_google,35,3,0.632791329316605,0.014723514945796311,0.5776575276575276,0.02240283945064615,0.7008547008547008,0.032264249723379275,0.9437391121461058,0.0018773894408112308,0.6715072546882355,0.03534399801069092,0.09104475749194671,0.03446390151521989,0.09750136082672717,0.07124399642000638
joint_neural_hef_bge_finetuned,amazon_google,40,3,0.65789652878708,0.005761867585263923,0.6098251763039088,0.0453892916674403,0.7222222222222222,0.07451109305197735,0.9417386527634222,0.006521216555663693,0.6954798128853208,0.016928701833367987,0.06426145132955216,0.001805548697250741,0.05343931703675966,0.0010260886750556577
joint_neural_hef_bge_finetuned,amazon_google,45,3,0.6507360987360987,0.01558130407340615,0.5913781157480194,0.021832655425933815,0.725071225071225,0.04194425032574209,0.9445350756666929,0.0074134593230741576,0.6792961994292774,0.027205787750352567,0.07332031879359772,0.012465852872032095,0.06342752827533149,0.024407290732709006
joint_neural_hef_bge_finetuned,amazon_google,50,3,0.6318636886651466,0.035900720050278945,0.5725837126866766,0.026785374800790834,0.7051282051282051,0.050383872318596555,0.9437764715812312,0.003784867053672731,0.674557004281342,0.03409899727903197,0.07707578416818772,0.018702419189403793,0.08594565496508258,0.03833284629235045
joint_neural_hef_bge_finetuned,amazon_google,55,3,0.665591448609925,0.02565401264588295,0.606087661489224,0.020857957785584625,0.7407407407407407,0.064007526890772,0.9537279181523961,0.0066966270696581145,0.7091002228910428,0.011355007855168046,0.06581454743670258,0.001172166388712912,0.056484968706584746,0.0014078649311818415
joint_neural_hef_bge_finetuned,amazon_google,60,3,0.6843153105445574,0.0157844348759496,0.6274869910129346,0.021844013981056683,0.7535612535612536,0.03263942802675099,0.9543357008145741,0.007248814554884654,0.7182305596083944,0.041109218848001415,0.07155421311052863,0.023614268850422632,0.0713534983615079,0.041220940985395485
joint_neural_hef_bge_finetuned,amazon_google,65,3,0.7077748383303939,0.005717716307873953,0.6238539152649581,0.037122903246826926,0.8219373219373219,0.046093133012431405,0.9580118000467686,0.003286511809482053,0.7336790590085752,0.0037949863674619127,0.056748164661178074,0.001518819448382329,0.045822264184822756,0.005869794501496375
joint_neural_hef_bge_finetuned,amazon_google,70,3,0.7031730777625332,0.002872595616673456,0.6485592185592185,0.022526618803124943,0.7692307692307693,0.028023241556846174,0.9569190365693523,0.003642802187993555,0.7369534823790167,0.019031926572592377,0.05848177531481929,0.00341430764039556,0.04704967179296527,0.0076820963075831025
joint_neural_hef_bge_finetuned,amazon_google,75,3,0.6960661065259734,0.017162219232272288,0.6699571497082005,0.0320146607921059,0.7250712250712251,0.015008053778992505,0.960361985252709,0.0032486028405344816,0.7461679277855524,0.015032790629427601,0.060194128399577024,0.008168847425491213,0.057781417769547656,0.01869881618686426
joint_neural_hef_bge_finetuned,amazon_google,80,3,0.7006153047116185,0.007439661126311777,0.669758169315234,0.017213056650065325,0.7350427350427351,0.01958365681605059,0.9635212789656694,0.002577177274337644,0.7449746779465143,0.016404809316998052,0.06579191584058283,0.008791553435965292,0.06517067490286231,0.01628776677866549
joint_neural_hef_bge_finetuned,amazon_google,85,3,0.7061982985568597,0.01341811072858802,0.6301315615264987,0.02279279176745645,0.8048433048433048,0.038540596177973487,0.9636074132188751,0.002400263693549093,0.7415588666788138,0.024989704933978084,0.0565671933010992,0.007346767897416572,0.04544743037800751,0.006481452791512842
joint_neural_hef_bge_finetuned,amazon_google,90,3,0.6972942760458491,0.006507414812139697,0.6232099667301421,0.018511203035638323,0.792022792022792,0.013737394246428725,0.962497007785983,0.0018726095039254922,0.7397450387176236,0.011455072806097165,0.06293203755617058,0.0033959971966438947,0.0557686947628318,0.003086993015991201
joint_neural_hef_bge_finetuned,amazon_google,95,3,0.7007737468626334,0.016045579709977234,0.6481852140945584,0.06132354577190141,0.7692307692307693,0.04700854700854701,0.9622731970959265,0.004632270868619374,0.7390677224483879,0.021628650575942942,0.07464799690735943,0.023787075108257495,0.07895028454490273,0.04527808905407592
joint_neural_hef_bge_finetuned,amazon_google,100,3,0.712700221085882,0.00966487098688642,0.6357133873480046,0.03384552507026629,0.8133903133903134,0.030915291188334356,0.9647420331004595,0.003399695450127065,0.7538598284143818,0.021894564155260643,0.06002732335118006,0.006613515361917732,0.056843228429744895,0.014261436906418214
joint_neural_hef_bge_finetuned,link_lives_release2,1,3,0.7005303409365538,0.06806242627444217,0.6669913003480916,0.12005111672847964,0.7474871794871795,0.007322387384041686,0.9125780708970215,0.026126882990163306,0.7439328338770762,0.04971899762899047,0.12766954867001565,0.07974263510074779,0.1801642238987035,0.15277159718867367
joint_neural_hef_bge_finetuned,link_lives_release2,2,3,0.747944923013062,0.010545831407812898,0.7326294467977505,0.021475073052322706,0.7650256410256411,0.03095380537286397,0.9384435368163296,0.004741839873816058,0.7794030335997819,0.02344301534071435,0.09294878701607621,0.007308526151515581,0.11431934206502874,0.024632371204978326
joint_neural_hef_bge_finetuned,link_lives_release2,3,3,0.7674156123152138,0.008312823385789554,0.7711687603011328,0.01801100716413377,0.764102564102564,0.01691561607099031,0.9454594691969723,0.008883216190628448,0.8007475625260815,0.0417338819519276,0.08243985333223715,0.012622558640557061,0.08057190200249635,0.04132078094979256
joint_neural_hef_bge_finetuned,link_lives_release2,4,3,0.7871065872259155,0.005855690260199607,0.7974385603597139,0.0034063925644288,0.7771282051282051,0.012616635335123536,0.9523021732060529,0.008953036444125064,0.8356471588283246,0.024963994125782443,0.07215824328620184,0.008316788687783832,0.0605836377599979,0.01686064706699279
joint_neural_hef_bge_finetuned,link_lives_release2,5,3,0.7802006413913964,0.0074770952040267916,0.7858603613545202,0.004200181785794723,0.7746666666666667,0.01203282820599998,0.9532861802460161,0.006562662768702443,0.833963378869027,0.01265303889841695,0.06961348968817722,0.0033173463312905866,0.0643623174023948,0.008831636474027741
joint_neural_hef_bge_finetuned,link_lives_release2,10,3,0.8174514921815111,0.006698418426994435,0.8189337785818037,0.01410475953296576,0.8164102564102564,0.020792200024385202,0.967772540317181,0.005490017891858107,0.880025216221553,0.020739660588344113,0.06169453331597901,0.007190328149780611,0.05179188981681998,0.013130116766885969
joint_neural_hef_bge_finetuned,link_lives_release2,15,3,0.8388677112002101,0.00038140636890789,0.8341422584692951,0.012793637189126872,0.8438974358974359,0.012169739689186575,0.9741821654263833,0.004605101686948247,0.9044984238381505,0.00990521994847756,0.05624239495640983,0.005437207120624298,0.05261267744969868,0.00619683491331044
joint_neural_hef_bge_finetuned,link_lives_release2,20,3,0.8409125455243394,0.004420548351475692,0.8445129540127246,0.012205261666591872,0.8374358974358974,0.003231990001351563,0.975693474642741,0.0016949066321326498,0.9039408465927253,0.005913040885149912,0.057808948509097964,0.010684881405999951,0.05700051186391674,0.021261064888082826
joint_neural_hef_bge_finetuned,link_lives_release2,25,3,0.8417119005915937,0.01620691257193779,0.8424841357597953,0.02302841160268568,0.841025641025641,0.010317255418416084,0.9760640387963193,0.004251397065182837,0.9083876857040311,0.014019111011018905,0.06403118717749232,0.016613590503723137,0.07473933284049672,0.03536573251233727
joint_neural_hef_bge_finetuned,link_lives_release2,30,3,0.8404086744496664,0.022387257382260006,0.8486525371218296,0.03313418814617476,0.8325128205128205,0.012784359280350056,0.9750999496234513,0.005443003278085949,0.9097364546434077,0.020647458477187776,0.054064094934397997,0.007483015502456396,0.05491192659382414,0.01700830244306202
joint_neural_hef_bge_finetuned,link_lives_release2,35,3,0.8563263809229448,0.005332077903246156,0.8772323959536902,0.019215516989835677,0.8372307692307692,0.02812146098707067,0.9815542089925328,0.0009704825462924524,0.9288010408849056,0.0014903970640603077,0.049220729305433926,0.011175803220896365,0.044797550357014326,0.014915064691766382
joint_neural_hef_bge_finetuned,link_lives_release2,40,3,0.8623472483762231,0.006491678062581249,0.8802997884361842,0.03056982877245368,0.8467692307692307,0.036506625806977146,0.9846210631364821,0.002225839338793306,0.9383670704030473,0.0071995299249879244,0.048893539421983837,0.010344170444615252,0.050243720559796784,0.018391934395366905
joint_neural_hef_bge_finetuned,link_lives_release2,45,3,0.8605140093516058,0.004826419957150403,0.8755728050652006,0.019011413961477472,0.8462564102564103,0.009258079258581933,0.9837054406672662,0.001469934662402002,0.9343577335029402,0.005462307856668086,0.05654088457553912,0.01128508728892229,0.05681097047798233,0.013664947171673898
joint_neural_hef_bge_finetuned,link_lives_release2,50,3,0.8595307544149925,0.004859351851992174,0.8812814014049699,0.007207841817076753,0.838974358974359,0.013490591359418751,0.9836616481421256,0.0009873341030017854,0.933923616346261,0.0029592548075615408,0.05463289361499085,0.006407273303538345,0.05535210180984767,0.005668867506113296
joint_neural_hef_bge_finetuned,link_lives_release2,55,3,0.8685727790370324,0.004232690387160018,0.8691080709856416,0.02886215556745426,0.8695384615384616,0.03393415134077959,0.9852892793602817,0.0012206057257665268,0.9398954951404883,0.002694383451376707,0.04613381165887736,0.006133666163081461,0.04321163720267993,0.008086973624920564
joint_neural_hef_bge_finetuned,link_lives_release2,60,3,0.8782788182496734,0.004633366834118234,0.879821219935299,0.013821608214973581,0.877025641025641,0.015178101114819214,0.9861109144937794,3.773474494972848e-05,0.9429829008798798,0.00045044072511794115,0.051847097331144926,0.011065680201575657,0.051794456281177154,0.014345767707038434
joint_neural_hef_bge_finetuned,link_lives_release2,65,3,0.8783337493042201,0.007500088465647074,0.8635088947664049,0.008983578719653355,0.8937435897435898,0.010845153618182316,0.986269077726551,0.0015850812445147187,0.9422437665508302,0.005739652760056873,0.04950499383608847,0.002182237402313304,0.04923608685116492,0.002793047696871283
joint_neural_hef_bge_finetuned,link_lives_release2,70,3,0.8823544825285955,0.0043889435250449235,0.874221481617785,0.008339209888402465,0.8906666666666666,0.0010805798720874707,0.986949033599245,0.0014495516640190484,0.9451226284188194,0.004689201056922576,0.056581873970768796,0.014400528247848352,0.05998950745205091,0.020771484783164748
joint_neural_hef_bge_finetuned,link_lives_release2,75,3,0.8738931844622209,0.004009594727524246,0.8522369860435013,0.002298998083925492,0.8967179487179487,0.009035542354558775,0.9864200288230381,0.0006187835769144265,0.9441554870648888,0.0037758470757519313,0.05314665757429843,0.01480550696762134,0.054623325075409,0.02248849875958906
joint_neural_hef_bge_finetuned,link_lives_release2,80,3,0.8900172455033711,0.002609691087105637,0.8851014305093915,0.012531579197767758,0.8952820512820513,0.015644976382086832,0.9882492140620716,0.001071176419041539,0.9513253655990422,0.0033920219846592507,0.04636610578419287,0.005550419030751976,0.0459969691207688,0.005905708598403335
joint_neural_hef_bge_finetuned,link_lives_release2,85,3,0.8839271722167956,0.007369030836951416,0.8609379929919604,0.011805577492616319,0.9083076923076923,0.011397082570739812,0.9876449441713058,0.0015912853202206356,0.9493954956218827,0.005860069152604544,0.042884806149678226,0.0039397013171628475,0.041303057963372296,0.0052697311700600335
joint_neural_hef_bge_finetuned,link_lives_release2,90,3,0.8878978596916346,0.0037989927989609345,0.8745038837742728,0.009659342997886263,0.9019487179487179,0.015846402786194976,0.9885140161587563,0.0013119510676795794,0.9507365670065763,0.003387956779427296,0.04951716828052286,0.013515543916636655,0.05187300716836821,0.018114062105890113
joint_neural_hef_bge_finetuned,link_lives_release2,95,3,0.8878219553138328,0.00404315128553654,0.8574375690365333,0.01347560916730779,0.9206153846153846,0.007326695938332714,0.988737554122906,0.0011424441903155197,0.9504686174013904,0.005214709335689416,0.048886310110128006,0.004154984717050377,0.04896507437463776,0.004597606978335549
joint_neural_hef_bge_finetuned,link_lives_release2,100,3,0.8919732037108794,0.006193377084807949,0.8661195211048837,0.02672226393550157,0.9203076923076923,0.02145919479896945,0.9896176675020246,0.00021310112635454623,0.9553352146576136,0.0004420003658496753,0.04343662524861738,0.007391830973343696,0.04321583115283433,0.008298718760456639
joint_neural_hef_bge_finetuned,walmart_amazon,1,3,0.19887995515127083,0.010497770416967808,0.11341652673558998,0.007946522202539429,0.8169257340241796,0.06682397969655644,0.5946791621999881,0.042103000154927565,0.11804629736965767,0.01892963290730661,0.24553901182834464,0.012130693079910153,0.400849558186372,0.014716555275717184
joint_neural_hef_bge_finetuned,walmart_amazon,2,3,0.19726485103924413,0.009859864536557688,0.11763982986496009,0.014112230605919922,0.6683937823834197,0.1724696059802408,0.5788043073670418,0.04111803245360311,0.11470881328979944,0.017808609954169562,0.22616526507445436,0.013171659597867442,0.37299911583296086,0.02240284552708801
joint_neural_hef_bge_finetuned,walmart_amazon,3,3,0.1892861731684012,0.03491268890357377,0.12404828358775727,0.009559736960411477,0.46459412780656306,0.23208348394239878,0.6100375573223751,0.029162201453332297,0.12925207313414255,0.016092750383965463,0.24140516577837648,0.015202928382601018,0.3958295635552994,0.019694333516061962
joint_neural_hef_bge_finetuned,walmart_amazon,4,3,0.19124730434714524,0.04987293956604552,0.12482113226334715,0.0189397904401348,0.48704663212435234,0.276656768377461,0.6219635891251265,0.04552772506627318,0.134270939332422,0.02262569521436836,0.23370631366100608,0.018862909484510405,0.38616898852246395,0.024949727450711234
joint_neural_hef_bge_finetuned,walmart_amazon,5,3,0.21033298313995868,0.023391040900086556,0.15733184013438792,0.03718175264710509,0.3471502590673575,0.09595989211115097,0.6337812109165625,0.04351844625104541,0.14532684337341648,0.027290217445968504,0.21514396224426283,0.01693741243660749,0.36039003652490326,0.02341540167926256
joint_neural_hef_bge_finetuned,walmart_amazon,10,3,0.3373889452135608,0.058598377603479405,0.2945191495990877,0.08832491805783473,0.42141623488773744,0.060719847430904826,0.7649791927222918,0.05013403183822346,0.27316299795849946,0.07893682108498797,0.12550472786906536,0.03158348497224808,0.1631954398381336,0.08632493730340512
joint_neural_hef_bge_finetuned,walmart_amazon,15,3,0.39922633097298715,0.03198651520101418,0.30561241398473216,0.04440825231943641,0.5872193436960277,0.06181530282615985,0.8238523427729141,0.005473070331056863,0.3570859292471763,0.03982640450674906,0.11430713465917934,0.01259197943935119,0.15982188943580183,0.049174546342894095
joint_neural_hef_bge_finetuned,walmart_amazon,20,3,0.5144541154958444,0.0651556316251157,0.4652965046463198,0.11065793758783622,0.5906735751295337,0.023743915517905882,0.8614199012864033,0.02082825375238194,0.48665005695724894,0.0632821116640502,0.0967663003363296,0.016940483860664494,0.09377519189141788,0.04677714320617222
joint_neural_hef_bge_finetuned,walmart_amazon,25,3,0.5066209817260238,0.0802157661193207,0.4591745411630446,0.12257768316524995,0.5820379965457686,0.005982904343933903,0.8613194010184027,0.03458030807391426,0.4413529666698524,0.09874821860868274,0.1107212460112202,0.02500442867771387,0.13103759612485694,0.07450879787083255
joint_neural_hef_bge_finetuned,walmart_amazon,30,3,0.5384792800464829,0.008937336622912783,0.5210207701897115,0.046397079711861855,0.5613126079447323,0.03290597389163669,0.8774236384074802,0.01073223814623539,0.5612016978381056,0.025366243080253235,0.08938113725891986,0.016963177139816214,0.0762891383792848,0.023245706790654623
joint_neural_hef_bge_finetuned,walmart_amazon,35,3,0.5843893732034258,0.06533605842768409,0.5430129757615137,0.07501529846923724,0.6338514680483592,0.05491576198820254,0.9005963946459413,0.025280806955228885,0.5689014061549484,0.07743306603754259,0.10255754363606208,0.03551672660776547,0.10700579417003729,0.05833845340566227
joint_neural_hef_bge_finetuned,walmart_amazon,40,3,0.582486523777471,0.06425161058416796,0.5717847301954629,0.06283719481342269,0.5941278065630397,0.06880339995524036,0.8987850634268357,0.018633549685308035,0.5522484684508673,0.07705389728997215,0.09679917644509471,0.03201580026285946,0.10472299888003113,0.05402139332925683
joint_neural_hef_bge_finetuned,walmart_amazon,45,3,0.5967697301899846,0.029420705220592945,0.5594046059757765,0.011077895786285177,0.6442141623488774,0.07846505486425251,0.904173459740337,0.017866057401522386,0.5926152417223114,0.046922835589253406,0.09366876406085695,0.0037360794522689144,0.10159124904094778,0.005800319724922047
joint_neural_hef_bge_finetuned,walmart_amazon,50,3,0.6431014159686708,0.04063928260241509,0.6428596266272575,0.06989229367383926,0.6459412780656304,0.02991452171966977,0.9212915401107736,0.004227418519566766,0.6529342559859702,0.05061511324716773,0.07307719459385503,0.018107856759821704,0.0694892809559487,0.019233037207105546
joint_neural_hef_bge_finetuned,walmart_amazon,55,3,0.6661518586621943,0.019211310537513196,0.6761687296001021,0.04857815446168347,0.6597582037996546,0.04406684221821441,0.9260252888452147,0.010066930743048609,0.6800946865164612,0.06571679868464403,0.07121327353160714,0.02195639422299627,0.06915765432443192,0.030922184435599423
joint_neural_hef_bge_finetuned,walmart_amazon,60,3,0.6448626669049343,0.02547033947221102,0.6274527921586746,0.07353514132005184,0.6701208981001727,0.047014361273976506,0.9227413495324877,0.011951077665545179,0.6521985913633684,0.042952829530730555,0.07899507721119818,0.016705056403799927,0.07315810865883043,0.020473183517632703
joint_neural_hef_bge_finetuned,walmart_amazon,65,3,0.7016529965004374,0.03580364870418715,0.6976014208434258,0.024461909355572208,0.7063903281519862,0.051899755444962774,0.937852216217021,0.008454836847097377,0.7178882398109441,0.05652737349408782,0.06686014854120112,0.014562969690126697,0.061381922098426946,0.011646201601792876
joint_neural_hef_bge_finetuned,walmart_amazon,70,3,0.7021808760583184,0.05629793325185046,0.7210929814531539,0.06798588991076158,0.687392055267703,0.074426464339949,0.9397705616103865,0.013074841860756293,0.7289961869239154,0.07175686391283288,0.05719854567611083,0.016575811476393254,0.048775311896431424,0.01129634797664155
joint_neural_hef_bge_finetuned,walmart_amazon,75,3,0.6964642547492482,0.05625977958221526,0.7397237920647951,0.05850618866353109,0.6580310880829016,0.05458887954845976,0.940922127181228,0.010021853666204623,0.7155726497320538,0.09260282916283091,0.06262517067677999,0.025540256351588894,0.05692371835012327,0.027706822828440024
joint_neural_hef_bge_finetuned,walmart_amazon,80,3,0.7329806626038597,0.029395418295534034,0.7443499794382163,0.0050365104658130185,0.7236614853195165,0.06005298324944289,0.9491222046036567,0.008142427876309935,0.7668199281378608,0.05322333761311769,0.04955130083219323,0.009369111741805032,0.04680505797133784,0.0073798792801201656
joint_neural_hef_bge_finetuned,walmart_amazon,85,3,0.7230291786798376,0.011260298801312907,0.7153896883981129,0.030655907626896545,0.7340241796200345,0.05215775084815718,0.9430121605324282,0.0015548941901422893,0.7321894545118309,0.03076872511680645,0.0608676071634451,0.010031578232452303,0.05314982262045649,0.009264713213711572
joint_neural_hef_bge_finetuned,walmart_amazon,90,3,0.7222850710567047,0.022990211674196234,0.7124470032867889,0.05162782395805967,0.7357512953367875,0.042411154258406455,0.9501821102078495,0.007935870780125767,0.7541078352545587,0.005750005587918857,0.0542499229737716,0.006793901275150852,0.04757405853567714,0.014813465282528197
joint_neural_hef_bge_finetuned,walmart_amazon,95,3,0.6903935894351834,0.02034473077543035,0.6927885978616821,0.0556864577527969,0.6925734024179621,0.04786323475147154,0.9458317513846703,0.010784253622361807,0.7321371142706613,0.0676072148487173,0.0647405261799325,0.01259468154253307,0.05802676103840144,0.010264775902591868
joint_neural_hef_bge_finetuned,walmart_amazon,100,3,0.7366474051837378,0.025936717321774314,0.7262220995618726,0.010348489506626308,0.7478411053540587,0.042199625985736115,0.9563089043237449,0.005845367788275923,0.7759147089161554,0.022735116934703706,0.04722105650886722,0.0020852601833066427,0.04308192243383904,0.00018359328548670105
joint_neural_hef_bge_finetuned,wdc_80_medium_seen,1,3,0.20055650399337932,0.0031315554849740256,0.11369422398956,0.0016877748195716733,0.8506666666666667,0.037859388972001855,0.52925625,0.009645969248862456,0.12354022519181611,0.00446880538316874,0.22520889736533686,0.02105094473990674,0.353301882273621,0.0319398305355275
joint_neural_hef_bge_finetuned,wdc_80_medium_seen,2,3,0.20537993426106135,0.005682206084444089,0.12399378143126856,0.005219649927428822,0.6046666666666667,0.07234178138070231,0.5557225833333334,0.014192859437788873,0.13803057124089269,0.007260490654469402,0.24195951265200463,0.022637438572360877,0.37759637720275807,0.030153863075532847
joint_neural_hef_bge_finetuned,wdc_80_medium_seen,3,3,0.21269957770395814,0.003983836508998666,0.12461924317984856,0.0028340374455783682,0.7266666666666667,0.03257811126098834,0.5681755833333333,0.010397696963550793,0.14041250642539543,0.0031409978471523036,0.22132192109037532,0.004412387570791557,0.34696131868715635,0.008146134655460865
joint_neural_hef_bge_finetuned,wdc_80_medium_seen,4,3,0.21865013589043572,0.015142986794790054,0.13502769914169122,0.018831173147927812,0.612,0.116258333034669,0.5780395833333333,0.03228998252199643,0.1441936961720546,0.01757692215168491,0.22981970646401315,0.0071264775608077405,0.36043404404763824,0.012525584724384637
joint_neural_hef_bge_finetuned,wdc_80_medium_seen,5,3,0.215014578938588,0.010903476049621084,0.13075009489188752,0.008176623874944859,0.6073333333333333,0.030088757590391382,0.5726114999999999,0.02217440768233728,0.1453511157989492,0.015086419720996237,0.2349902599884521,0.010951424294261448,0.3686311546210889,0.015346709472158175
joint_neural_hef_bge_finetuned,wdc_80_medium_seen,10,3,0.2778246563350628,0.03232015164107846,0.1785792822016942,0.022321383367957245,0.628,0.06657326790837295,0.6762949166666666,0.04482907317267258,0.1862851402074884,0.025287345822938193,0.2426063018656676,0.019960027999965515,0.34834469434480975,0.0709923766568256
joint_neural_hef_bge_finetuned,wdc_80_medium_seen,15,3,0.3141931111955063,0.00610023492636823,0.21606451557709927,0.008938624684169151,0.5793333333333334,0.045796651988254895,0.7329856666666666,0.004301163188119446,0.22868285021170712,0.001926631661844418,0.23945689724834104,0.05217320169800456,0.28930993793518456,0.08935609976876728
joint_neural_hef_bge_finetuned,wdc_80_medium_seen,20,3,0.32669366648196374,0.030118880680395428,0.22466698833558407,0.030802257659462103,0.6106666666666667,0.07223111056416984,0.7414961666666666,0.03212322238791331,0.24031285394472826,0.03644666367475465,0.2134276008001976,0.022278280709559256,0.26015180552060957,0.07979125188444477
joint_neural_hef_bge_finetuned,wdc_80_medium_seen,25,3,0.37454688331446295,0.020881688767821944,0.27094251559197635,0.026771121983423955,0.614,0.05257375771237971,0.7908975,0.01956582362980151,0.2951651999418641,0.02450266199516454,0.2055469172756775,0.011153189813250308,0.1983814714671699,0.01281523988712025
joint_neural_hef_bge_finetuned,wdc_80_medium_seen,30,3,0.33791506551699185,0.011232638905219687,0.23279038280168055,0.014264472665733774,0.6206666666666667,0.04473626418615369,0.76456275,0.013412348598865944,0.2646131021444927,0.021560504480662764,0.22791353986647145,0.01670624552597011,0.2639480167987446,0.030761611922310354
joint_neural_hef_bge_finetuned,wdc_80_medium_seen,35,3,0.37617990274070423,0.03011870222610874,0.27872707791442203,0.04768595118764405,0.5986666666666667,0.06252466180103122,0.7982229166666667,0.022168260940945164,0.3076437291292122,0.027850627609969824,0.18693986621399392,0.024433120930252905,0.1918140324180325,0.05949827138176321
joint_neural_hef_bge_finetuned,wdc_80_medium_seen,40,3,0.4166855579503486,0.03620493260641933,0.3345562831751974,0.02843260130996765,0.5526666666666666,0.052548390397169464,0.8274899166666667,0.01433401368758369,0.3695404510473451,0.027277041432162953,0.16279890088297833,0.01134714709720783,0.15153796146127085,0.00625705097725915
joint_neural_hef_bge_finetuned,wdc_80_medium_seen,45,3,0.4292734479047768,0.02229143497690205,0.3398740397028465,0.013768333944930381,0.5833333333333334,0.04822171018673366,0.8319211666666666,0.016581931494350482,0.3699685127681851,0.01902040454110751,0.17713500911517072,0.028257831321992062,0.1732596446024599,0.03663763102779406
joint_neural_hef_bge_finetuned,wdc_80_medium_seen,50,3,0.43482257447457195,0.04593618918084456,0.33347353588261797,0.04953672169987017,0.63,0.022271057451320107,0.8378559166666667,0.03006556176231092,0.3855211570945212,0.055808499048983315,0.16900484273935437,0.02838787978258737,0.16618418865161086,0.03893528392409395
joint_neural_hef_bge_finetuned,wdc_80_medium_seen,55,3,0.44970338373461793,0.05175888243559685,0.36761281854853733,0.07669914964858646,0.594,0.05574943945906543,0.8462591666666667,0.021423648650984724,0.4081951883025457,0.06840073015656505,0.16023734904071033,0.03788300535497619,0.16049397685571953,0.04808926524657997
joint_neural_hef_bge_finetuned,wdc_80_medium_seen,60,3,0.4535473370168207,0.016703421655338137,0.3840803428731402,0.04606488797545037,0.5646666666666667,0.05852634734316957,0.8541345,0.010758925872850888,0.43081792517058265,0.047236903597438464,0.14016422339979373,0.01607901212428615,0.1285409728163784,0.018585568588769166
joint_neural_hef_bge_finetuned,wdc_80_medium_seen,65,3,0.4434364445007713,0.00913770328846239,0.36421875099451395,0.02089010811495477,0.5686666666666667,0.020526405757787494,0.8433769166666667,0.0073920329465805784,0.3866752835576026,0.011966482511511884,0.1658626832516017,0.011039914460675083,0.16086556917028846,0.014407879362710766
joint_neural_hef_bge_finetuned,wdc_80_medium_seen,70,3,0.46000196315350095,0.0063326571116368675,0.37938448153501914,0.012107420811069643,0.5846666666666667,0.009865765724632504,0.8534350833333334,0.007491206813380165,0.4211728140847416,0.016541506884768034,0.1471939290258472,0.00642146816903518,0.13618122138490005,0.011916897658428488
joint_neural_hef_bge_finetuned,wdc_80_medium_seen,75,3,0.5347088563350088,0.020319603529273714,0.45306474290493404,0.0120679608861808,0.6553333333333333,0.06404165311212175,0.8890410833333333,0.01041100313470478,0.5271251157451762,0.016463790615985376,0.11376438116281687,0.007190331483943761,0.10719305601329715,0.005493944164018637
joint_neural_hef_bge_finetuned,wdc_80_medium_seen,80,3,0.4950913788749275,0.053799378042696716,0.42500223344026433,0.05601026124112725,0.594,0.049112116631234694,0.8734224166666666,0.020394207082424985,0.4656671004306136,0.07906186541345049,0.13059117047156804,0.014519493393426544,0.12207485347268757,0.011401242982760932
joint_neural_hef_bge_finetuned,wdc_80_medium_seen,85,3,0.549594548388039,0.05488226535639976,0.4781237229517912,0.07326311798151003,0.652,0.038314488121336004,0.8942726666666666,0.02123549146525307,0.5320897040866892,0.07641156970787424,0.11415608723027998,0.021578224953467184,0.10610063399179596,0.017908250943694762
joint_neural_hef_bge_finetuned,wdc_80_medium_seen,90,3,0.521821716759338,0.03319304308706297,0.45330813807004283,0.04064486348649078,0.616,0.02645751311064593,0.88788725,0.015295820816075913,0.5077620474314599,0.052384168107976484,0.12476226602669514,0.02071909653709468,0.11909333695473011,0.02096578782179806
joint_neural_hef_bge_finetuned,wdc_80_medium_seen,95,3,0.5619184864223192,0.053644270093600704,0.5315683419486772,0.07384448335888073,0.5986666666666667,0.03407834111768552,0.9032430833333333,0.02070688505264209,0.5596827378020419,0.07583575524408433,0.10643055358456405,0.021883522104511464,0.09819843341034182,0.020317030675792245
joint_neural_hef_bge_finetuned,wdc_80_medium_seen,100,3,0.5608807897528171,0.015825016236963915,0.5381149155568661,0.02387714591969991,0.5886666666666667,0.04940985056983407,0.9076719166666667,0.007894758903591165,0.5750391471239044,0.022755968932979678,0.10816130904485022,0.003321181411189498,0.10065949012128705,0.004247033084277106
joint_neural_hef_bge_finetuned,wdc_80_medium_unseen,1,3,0.2020499232198265,0.002356347766981779,0.11353002184775679,0.0012884896986038142,0.9173333333333333,0.019425069712444638,0.5257618333333334,0.012073593490375342,0.1271150932075583,0.005291058993659688,0.24266591863451845,0.005835556676215705,0.3756008109229583,0.004745047047717593
joint_neural_hef_bge_finetuned,wdc_80_medium_unseen,2,3,0.2020552343302875,0.003034751840278954,0.11484035765083621,0.001200621786387072,0.8446666666666667,0.08438799282678386,0.5457220833333334,0.009614252871171703,0.13370998957509742,0.004004734703582626,0.25197541682324065,0.020219883155365884,0.3910399349177325,0.025554796621592542
joint_neural_hef_bge_finetuned,wdc_80_medium_unseen,3,3,0.20741389423761147,0.004902690868813809,0.11776287891071417,0.003743979451454396,0.8713333333333333,0.03384277372399218,0.570527,0.02607458911828718,0.14453645690996664,0.011368372513058691,0.24690750137317805,0.0045549714105790375,0.3820025548636913,0.004447866690921637
joint_neural_hef_bge_finetuned,wdc_80_medium_unseen,4,3,0.22256646049495687,0.011139860775112458,0.12902110643943304,0.008730123348411441,0.8206666666666667,0.07854510381515409,0.6158148333333333,0.03193252758682488,0.16409517464693898,0.013816235412190708,0.2443148428635077,0.005535154083137395,0.38020102036330433,0.009567802797693035
joint_neural_hef_bge_finetuned,wdc_80_medium_unseen,5,3,0.22470367759213297,0.011099317690663432,0.1300640189451945,0.007916087393204476,0.8286666666666667,0.023860706890897667,0.6214655,0.018879595659070644,0.16487327166855767,0.0071976546779933875,0.24762383495212792,0.014107628435180705,0.3806817577889672,0.007532866215688101
joint_neural_hef_bge_finetuned,wdc_80_medium_unseen,10,3,0.27812952589817247,0.04442435438137928,0.17423846724020545,0.03882594325064435,0.7433333333333333,0.12002222016499,0.7021884166666668,0.041522575239510785,0.21126328198069508,0.02692238808712644,0.24389212235422136,0.0022917234464664006,0.35919332869185344,0.030304999961316054
joint_neural_hef_bge_finetuned,wdc_80_medium_unseen,15,3,0.3455496985961609,0.011864351327923489,0.2353697438658925,0.008171165566369076,0.65,0.028000000000000025,0.7593649166666666,0.013074151992895546,0.25423676569740505,0.017868181271205423,0.23066547537770965,0.054382254776488705,0.2941040381104858,0.11917605607825935
joint_neural_hef_bge_finetuned,wdc_80_medium_unseen,20,3,0.3368328186645491,0.015421190109175966,0.2268063446369183,0.017809659849453846,0.6626666666666666,0.06463229326995394,0.7562660833333333,0.016385297781726003,0.24897749880644157,0.018498998619221614,0.25324387335069765,0.029303841915279513,0.3657803851956571,0.04576484736433471
joint_neural_hef_bge_finetuned,wdc_80_medium_unseen,25,3,0.36536398188980396,0.034473288719387526,0.2512080314745821,0.03291307140348239,0.6846666666666666,0.09411340676722599,0.79001625,0.028446822640015485,0.3000558475308809,0.04979843929556914,0.21140873430506468,0.03458709542155662,0.25048388808427585,0.08596674850804642
joint_neural_hef_bge_finetuned,wdc_80_medium_unseen,30,3,0.36763025621425993,0.00763171410394869,0.25549654865785937,0.011123231523055502,0.6573333333333333,0.027006172134038817,0.7924858333333333,0.004287808446145151,0.29614456015083906,0.003171436055806319,0.21721211720033967,0.017767041319237634,0.26527008149276177,0.035558209921719375
joint_neural_hef_bge_finetuned,wdc_80_medium_unseen,35,3,0.4051799068801362,0.01869436590478413,0.2910090883828691,0.018713056912834706,0.668,0.012489995996796807,0.8135325,0.008555142064863646,0.3328579528480835,0.01941987669919317,0.21115884275901728,0.020891547411846192,0.2247117569234774,0.049383578450417874
joint_neural_hef_bge_finetuned,wdc_80_medium_unseen,40,3,0.4076957328087854,0.02943845421142002,0.2997123802043184,0.03218079858652502,0.6413333333333333,0.02802379940931163,0.8126439166666666,0.012655834398937617,0.3380230983897424,0.027950158240032847,0.19072479152209162,0.010852036841588218,0.20098440121645453,0.025150742568083855
joint_neural_hef_bge_finetuned,wdc_80_medium_unseen,45,3,0.40894669833326197,0.019143668346665536,0.30268483925593953,0.03543838557682697,0.6466666666666666,0.08092795149596543,0.8198701666666667,0.0033235458881793294,0.34900942503616983,0.016516897184023993,0.191979710927773,0.0069242015020151496,0.2027260008493645,0.004923194545625538
joint_neural_hef_bge_finetuned,wdc_80_medium_unseen,50,3,0.44374019047048163,0.03516661247543115,0.34669341400711906,0.04905839970026345,0.626,0.03174901573277512,0.8401163333333334,0.02082462075635072,0.3947959672803689,0.05194237949953338,0.17332976154173932,0.024746028909468476,0.17370506729692636,0.03825293670070406
joint_neural_hef_bge_finetuned,wdc_80_medium_unseen,55,3,0.42912910222071515,0.004722821788890243,0.3205055494489439,0.010604358315856542,0.6513333333333333,0.03743438704364386,0.8288329166666667,0.006541635318927018,0.3604994016901222,0.007981931463034832,0.1908252435289045,0.006092463278400117,0.19789692215511093,0.010038684486004595
joint_neural_hef_bge_finetuned,wdc_80_medium_unseen,60,3,0.46416451391702074,0.016020223295560933,0.36560426401434903,0.0332360096700282,0.6433333333333333,0.057002923901615196,0.8482118333333334,0.01246147288228136,0.4010299908071941,0.02704393784511642,0.16631313929368136,0.0049381448864851945,0.1644986526997829,0.00718730960216714
joint_neural_hef_bge_finetuned,wdc_80_medium_unseen,65,3,0.4853200338341354,0.033225420865486535,0.39562145063675586,0.04637774340426648,0.6333333333333333,0.030746273486933907,0.8574338333333333,0.023959955520009485,0.4200426149095282,0.07054145970111565,0.1662580149103441,0.023855671862434865,0.1656808893363233,0.02799535997700495
joint_neural_hef_bge_finetuned,wdc_80_medium_unseen,70,3,0.4876007952306291,0.03262476474258976,0.3861561510866275,0.0314676964443451,0.662,0.03218695387886214,0.86205275,0.01989357660307715,0.4260160963773772,0.054677911939705656,0.1645854793375288,0.03551955849271779,0.16610283505406093,0.048082542587791065
joint_neural_hef_bge_finetuned,wdc_80_medium_unseen,75,3,0.4892156564664771,0.026308435331431804,0.40881607526051544,0.03760790747662547,0.6113333333333333,0.0041633319989322695,0.8620813333333334,0.01662057572959905,0.4321103846065089,0.04905436066678167,0.14542028036258123,0.019924585358955926,0.1379628251010069,0.022735901123248612
joint_neural_hef_bge_finetuned,wdc_80_medium_unseen,80,3,0.5047576728257614,0.04725150215859361,0.3945331127785996,0.053749372096195513,0.7046666666666667,0.02003330560175558,0.8707009166666667,0.02509333714521319,0.44967613406977025,0.059117389559088615,0.14425428831459708,0.02781370627415152,0.14063052068226453,0.030866444970609284
joint_neural_hef_bge_finetuned,wdc_80_medium_unseen,85,3,0.5158866674847744,0.015845663658642622,0.4150467159853801,0.0350520091183503,0.6873333333333334,0.04401514890731749,0.8855901666666667,0.007554257182763483,0.4976949567062761,0.018333428044540974,0.12717314052738588,0.005668833040793728,0.12121744353127561,0.0046806064514097355
joint_neural_hef_bge_finetuned,wdc_80_medium_unseen,90,3,0.49916388716750665,0.03254403662531608,0.3948292104592366,0.022159251540708,0.6786666666666666,0.05507570547286102,0.8755156666666666,0.01331284797980254,0.4737848126006961,0.05634494370748998,0.14567273827369343,0.021819070031534566,0.14238604227126644,0.02204126440759021
joint_neural_hef_bge_finetuned,wdc_80_medium_unseen,95,3,0.5150572684151409,0.03064412001874068,0.4174197812714486,0.028139856010686207,0.6739999999999999,0.05031898250163648,0.8800230833333333,0.01741679238969774,0.47984192525670155,0.04838431338472901,0.13961241095299345,0.01177565827459446,0.13681365205867527,0.008955432605779337
joint_neural_hef_bge_finetuned,wdc_80_medium_unseen,100,3,0.5140219628288623,0.021710203879843876,0.4454226419981153,0.04837924139830071,0.6133333333333333,0.030615900008546783,0.8756704999999999,0.012578792348135009,0.4742056703753735,0.040483475124040345,0.14061973565819613,0.009904262431537263,0.13346018990862218,0.007780239121695534
joint_neural_hef_e5_finetuned,abt_buy,1,3,0.24659438630931707,0.01826447939004955,0.19654001184972597,0.04188338534368568,0.35275080906148865,0.07073622328282975,0.6329912564582978,0.019941046442469888,0.16481608690764968,0.011611573832452739,0.21636687173106492,0.015498950777405752,0.34886316893908736,0.021038292069459123
joint_neural_hef_e5_finetuned,abt_buy,2,3,0.2423033403084554,0.013805573267941264,0.189533593738055,0.019167579021387007,0.3414239482200647,0.039536542792461556,0.6511757414031303,0.02149961365787797,0.17277716901864815,0.008252593861116719,0.20895120032045705,0.013276605993027072,0.3375784013609589,0.021231987705744207
joint_neural_hef_e5_finetuned,abt_buy,3,3,0.33217030236340744,0.01629354775889574,0.25756707475905183,0.013202815966038403,0.4854368932038835,0.12126209705627955,0.7518982191184541,0.011678303689839013,0.25267400207514024,0.014747888940700782,0.17442302453833486,0.0019715364737101708,0.27312730551906655,0.005177322273149852
joint_neural_hef_e5_finetuned,abt_buy,4,3,0.344484056549252,0.084649244218775,0.2670749780753472,0.07096341777897472,0.4967637540453074,0.1333258709068901,0.750002838812241,0.08236872967288081,0.26395284254048057,0.08716665797459153,0.21163445348006957,0.034534094962392195,0.3067105371769448,0.07933029060799765
joint_neural_hef_e5_finetuned,abt_buy,5,3,0.4734596014996173,0.032444905878355274,0.39889820267407095,0.05832851049718504,0.5922330097087378,0.044491026164619835,0.8369972936656637,0.013497218728986599,0.4153158413544131,0.04266362965362744,0.15421688034016023,0.02690018347762261,0.21679395089598685,0.05486773968304242
joint_neural_hef_e5_finetuned,abt_buy,10,3,0.5705291321522397,0.01738424442094469,0.47033282130056325,0.03902196601096075,0.7313915857605178,0.04886624229948703,0.8992912432105074,0.00959180763620722,0.5653684205713957,0.013389172076046013,0.08928083713177941,0.008327790709166583,0.0671017082944699,0.012698648523520418
joint_neural_hef_e5_finetuned,abt_buy,15,3,0.6116077193141094,0.016345026283332502,0.584978459244604,0.032119653609997224,0.6472491909385113,0.07618936807115571,0.9247194307235186,0.003045558139663079,0.6034007760201305,0.010529188309470645,0.09598014070367365,0.017001886014439447,0.08045977852148474,0.023716450126503807
joint_neural_hef_e5_finetuned,abt_buy,20,3,0.6531811695749269,0.05434751926405178,0.5966363781284871,0.04581321108857299,0.7216828478964401,0.06626406223120797,0.9354023543216186,0.02625753644232563,0.6638043600502632,0.07805742180432015,0.07515287775075528,0.017708824973780193,0.07178858850717093,0.029939677682861418
joint_neural_hef_e5_finetuned,abt_buy,25,3,0.6808915947402926,0.03106372694694622,0.608708685164423,0.018761778047710072,0.7734627831715211,0.05668051743733653,0.9443630651602037,0.015871803131923237,0.6834616339882578,0.06766411239931444,0.08339645192928795,0.024453683298619997,0.07908055924913518,0.04051045432285059
joint_neural_hef_e5_finetuned,abt_buy,30,3,0.6483915454957792,0.07698786547002667,0.56609246240773,0.08462470185112282,0.7605177993527508,0.058319810003042365,0.9365516001438332,0.02545621699128651,0.6507956801567747,0.11703766765877902,0.10525032191888876,0.048783613706532586,0.13643896901265834,0.09125646157955165
joint_neural_hef_e5_finetuned,abt_buy,35,3,0.7635252537389783,0.015195250921266572,0.7062489694392697,0.010963624905401958,0.8317152103559871,0.03770608478230109,0.9679323037907607,0.006310917983944812,0.815359077720044,0.02946051942557857,0.05684451954138494,0.012455272352235355,0.053335405964593595,0.01914896201510854
joint_neural_hef_e5_finetuned,abt_buy,40,3,0.747871111355283,0.042715393608114854,0.7048133609145837,0.05986084599771836,0.7977346278317152,0.023946033312214784,0.9644448229527433,0.010503908093820402,0.7648741469373405,0.08390624945065372,0.06478621601288354,0.019838164541845296,0.07034216331305546,0.03309118990126087
joint_neural_hef_e5_finetuned,abt_buy,45,3,0.7484283342500152,0.026741393562841068,0.6999338265032022,0.02311570522484061,0.8042071197411003,0.03232198115766694,0.9604137095705824,0.003517742665546212,0.7504807541784567,0.04079544797330438,0.07375329973938866,0.017367824970490237,0.08421437381867193,0.03208182127005994
joint_neural_hef_e5_finetuned,abt_buy,50,3,0.7760157874170327,0.023966799323196793,0.7293431862611665,0.041996861426790544,0.8300970873786407,0.004854368932038833,0.970462158632828,0.008413757832887121,0.8183277494713241,0.05561601560942693,0.0648034515853119,0.030410421083277996,0.07068673517902058,0.04867703535659572
joint_neural_hef_e5_finetuned,abt_buy,55,3,0.7576189938478175,0.021384658289452768,0.6916416067218419,0.03333599076128877,0.8381877022653721,0.012216560574871757,0.9685928007721569,0.00728036686601602,0.7974782293212627,0.04376934376037894,0.07018704587700299,0.022331316331626397,0.08091585538265791,0.037947476711592716
joint_neural_hef_e5_finetuned,abt_buy,60,3,0.7781159135325801,0.03067496955181139,0.7300563317552575,0.03612359326232209,0.8333333333333333,0.029660684109746524,0.9762661102594674,0.006360453219950126,0.8433402799932558,0.045846814938105725,0.05228323930292456,0.01142388016014576,0.05163122880115889,0.014715008388118636
joint_neural_hef_e5_finetuned,abt_buy,65,3,0.7853331901027679,0.021791391723833518,0.7532292117444956,0.01651527747641074,0.8203883495145631,0.029126213592232997,0.9776363103011034,0.002829192357982483,0.848321545189029,0.02749638757153185,0.05550520004319759,0.004121895118027281,0.05320738096998209,0.009135012313304288
joint_neural_hef_e5_finetuned,abt_buy,70,3,0.7837666014853057,0.020806597522929987,0.747332125239102,0.052200411751526385,0.8284789644012945,0.053471558711515585,0.9781633831071747,0.003659440488587231,0.8470107936339968,0.03540361151824483,0.05441581354163735,0.014768816740625428,0.0603231844501087,0.02557602719921756
joint_neural_hef_e5_finetuned,abt_buy,75,3,0.8044477293840749,0.02089130977748172,0.7550996178678727,0.04579444717167515,0.8624595469255663,0.015604612881865616,0.9810050341603739,0.004907802349685549,0.8870901395190801,0.03921240221825759,0.04815071382883132,0.013231766518470587,0.04610147534688709,0.013052306021478121
joint_neural_hef_e5_finetuned,abt_buy,80,3,0.7856145800973386,0.010353929301789086,0.7345191423265562,0.018184983893857625,0.8446601941747572,0.012843452966332958,0.9779523647305968,0.0035593767233102025,0.8528101559001485,0.02486669768365488,0.05777381207223889,0.018108657810162864,0.06361104483462944,0.03041581336963022
joint_neural_hef_e5_finetuned,abt_buy,85,3,0.8133049195038444,0.020323685389664916,0.7792434522245663,0.03994486341643725,0.8527508090614887,0.0435091574749151,0.9800918828895323,0.003116608068592599,0.8793249677058526,0.028878679275438728,0.0411562870565632,0.0046511445291155945,0.03670266513924876,0.002966217850862841
joint_neural_hef_e5_finetuned,abt_buy,90,3,0.7922838310564464,0.02868190703118549,0.7238174584721899,0.03334709377112725,0.8754045307443366,0.026735779355757824,0.9802305115539659,0.005308506022184262,0.8513345489480095,0.038791847106179674,0.060969478046473256,0.011064127812577608,0.0791477554692597,0.025674301707274118
joint_neural_hef_e5_finetuned,abt_buy,95,3,0.818121982040789,0.011838423743253399,0.7851656714670413,0.02490710589486045,0.8543689320388349,0.004854368932038833,0.9844040386835482,0.0015778614972707691,0.8940502889807942,0.019335503296072764,0.04157619037846808,0.008114147315762129,0.040882439732440747,0.012772330208777024
joint_neural_hef_e5_finetuned,abt_buy,100,3,0.8163303968930568,0.022578810971400794,0.7987501463528861,0.018274143183256538,0.8349514563106796,0.0318322258461262,0.9823951058876965,0.00199678660873833,0.8831971424074412,0.03474061613260317,0.0415000202651478,0.008152197511961057,0.038372223726148076,0.010811564320334466
joint_neural_hef_e5_finetuned,amazon_google,1,3,0.2864489266993296,0.015570298477021677,0.1924847682523641,0.022264910438147028,0.5897435897435898,0.13567955441356877,0.7136824780098213,0.018707917035332696,0.2106208206806087,0.0078307818261611,0.24607070650194998,0.004982179360729977,0.39587082448160255,0.006484015737714798
joint_neural_hef_e5_finetuned,amazon_google,2,3,0.3403810419887591,0.03516366016242409,0.26263536346169225,0.020723063428621572,0.49002849002849,0.0913903984749028,0.7690526200725327,0.031772504468897164,0.27482447204493504,0.039193481745503814,0.22189209734718185,0.014367585445207333,0.36743904526089144,0.017040432101545135
joint_neural_hef_e5_finetuned,amazon_google,3,3,0.3234939410169472,0.02168766981704198,0.2567036029368331,0.028980191536012088,0.4415954415954416,0.03583973112652172,0.7543644814164484,0.010424063912426887,0.25666532107867696,0.02389145976885182,0.19063334757920183,0.03461121775152801,0.31783052997319466,0.05833092773236955
joint_neural_hef_e5_finetuned,amazon_google,4,3,0.38289746972213956,0.09333203560577084,0.3220776183996955,0.0566269472591771,0.47863247863247865,0.1702443101456589,0.7888835617101766,0.05816858598719329,0.3191100106207462,0.09140135464467244,0.2034195725358286,0.03441261917764488,0.3435714879696115,0.047226046241128646
joint_neural_hef_e5_finetuned,amazon_google,5,3,0.47909274246869615,0.08231693540762022,0.42748098111283617,0.09893334983491954,0.5555555555555556,0.07596747365227001,0.8654569128099968,0.053326754372495816,0.4338665279677702,0.09627686836510566,0.12542971383761925,0.07678659560192654,0.19395260680274642,0.14678829423578926
joint_neural_hef_e5_finetuned,amazon_google,10,3,0.5470733268932055,0.0753682664198484,0.46792135812167235,0.07535975141351081,0.6638176638176638,0.10259377538479107,0.9024178472940008,0.04358201927404414,0.5322736160477045,0.08005949329220974,0.0954897841704835,0.01713933407725898,0.1270827588145037,0.06328298632816885
joint_neural_hef_e5_finetuned,amazon_google,15,3,0.6107798012140617,0.018016601621806343,0.5584525477077078,0.023631643227008448,0.6780626780626781,0.06415002990995841,0.9311756184024276,0.005264713840297462,0.6265519696200159,0.028883157733782357,0.08108569395001818,0.007323812731318189,0.09441845737376549,0.03083921127976361
joint_neural_hef_e5_finetuned,amazon_google,20,3,0.5976592033353844,0.024875083421924907,0.544841371316565,0.09011603205365608,0.6851851851851852,0.09635149044493363,0.9351578574502324,0.010032941968875697,0.6428968950376734,0.036325911351551735,0.07571176623823386,0.0027923130386883635,0.08710354776524451,0.023851113990553077
joint_neural_hef_e5_finetuned,amazon_google,25,3,0.6174970464062336,0.04690314300676213,0.6010127800803935,0.04329707733290538,0.6353276353276354,0.05411230744507861,0.940437299106556,0.0063572390938458016,0.6520116278126648,0.031603201120586635,0.07425605109789789,0.008175322500889808,0.06875462478671457,0.014994296352089735
joint_neural_hef_e5_finetuned,amazon_google,30,3,0.6517006950104453,0.0141314893471187,0.5800529985312595,0.021428714960183223,0.7450142450142451,0.034805674424132786,0.9481457958874181,0.0035934397536744765,0.6646791861340292,0.03629563919897585,0.07982316757004439,0.012053445900252186,0.07700935379807937,0.02264553178347074
joint_neural_hef_e5_finetuned,amazon_google,35,3,0.6801190801190801,0.007335165378452517,0.6262474453043391,0.018646828897397216,0.7450142450142451,0.023536626270453456,0.9536393624543212,0.0009942049656547526,0.7034327627827455,0.015954514376916647,0.0705895630440165,0.009029787201117866,0.07546858745887725,0.027828718225519286
joint_neural_hef_e5_finetuned,amazon_google,40,3,0.6891292271208651,0.0033722971584895633,0.5971612602594547,0.004997189442297544,0.8148148148148149,0.01617922605641104,0.9541378341766881,0.0022069279779761432,0.6861017141189959,0.03224364223247766,0.06948685065434604,0.012801721536508315,0.06869814782661321,0.02243201055337893
joint_neural_hef_e5_finetuned,amazon_google,45,3,0.6792957446719343,0.02100912958598461,0.6125491211654004,0.052118106324395314,0.7663817663817664,0.027474788492857387,0.945246288616857,0.0054702480562238195,0.6607759361113303,0.07719360144381353,0.0722874089862849,0.019696418700636726,0.06907614237809076,0.02505426119217583
joint_neural_hef_e5_finetuned,amazon_google,50,3,0.6778040359980005,0.014191950346314113,0.6575962835991982,0.014940218869616297,0.7008547008547009,0.042089135905111576,0.9543066434761432,0.0017611083529698068,0.7048616052939747,0.025545129571084926,0.0651445221761138,0.00247877750259776,0.054046944931362306,0.003975192018275326
joint_neural_hef_e5_finetuned,amazon_google,55,3,0.6946934210032165,0.018309192527671016,0.6451765037130891,0.05330624017181744,0.7592592592592592,0.06168272106726768,0.9603035246551516,0.005199813263831001,0.7272858063542146,0.023106545070340552,0.07325897598809732,0.024194678390679927,0.07918685144220326,0.04514508171206296
joint_neural_hef_e5_finetuned,amazon_google,60,3,0.7304536113708003,0.015437430380192652,0.6630454917958517,0.0365291295409734,0.8148148148148148,0.01779201708945417,0.9593726520632786,0.001970853921385818,0.7402543356483983,0.026795551504568037,0.05236710130891527,0.0023739322939273044,0.043934910839632295,0.005196985341308947
joint_neural_hef_e5_finetuned,amazon_google,65,3,0.7155063267720033,0.014649361447828805,0.6839636387175858,0.04486983358622027,0.7535612535612536,0.04301899963117238,0.9603702873494033,0.0028418038659163585,0.7535182774715252,0.006049288347341379,0.05314252383552083,0.005535383062173185,0.040724731873512936,0.013212439688941199
joint_neural_hef_e5_finetuned,amazon_google,70,3,0.7281353247425041,0.009705428346390405,0.670046658488849,0.010007671981013917,0.7977207977207977,0.02504044990206115,0.9641809497321882,6.915992043326348e-05,0.7296641651719635,0.005122469765981238,0.06103009780324589,0.012589631217726655,0.05684946135501767,0.019475435618203907
joint_neural_hef_e5_finetuned,amazon_google,75,3,0.7216675516162794,0.027107031840741962,0.6798913486644039,0.018430055942038382,0.7692307692307693,0.040766632539185735,0.9623669416044356,0.0031354013513037356,0.7428998023788822,0.03761313426517607,0.06169339037345764,0.018451171622448994,0.06441604606963604,0.03386771607683256
joint_neural_hef_e5_finetuned,amazon_google,80,3,0.7352978198130422,0.014157352182430355,0.6797858728599593,0.04908403773667777,0.8048433048433048,0.038540596177973487,0.9666944095064541,0.0028118230928283463,0.7616114703083324,0.017271781467590612,0.056079925031265035,0.003519329872006812,0.04680659224669543,0.0039247409346092575
joint_neural_hef_e5_finetuned,amazon_google,85,3,0.7027113817569313,0.023130206330518918,0.6908015665282506,0.028151935098065475,0.7150997150997151,0.01779201708945417,0.963267719095791,0.002677205013534832,0.7398999578311336,0.021461893300819535,0.0663745435621186,0.006954747292698548,0.07347297220098116,0.019988951186444923
joint_neural_hef_e5_finetuned,amazon_google,90,3,0.7258892254911882,0.007427577511873002,0.6840066264592745,0.008484542851256422,0.7735042735042734,0.018627773262994328,0.9655168954586149,0.00037357465247220793,0.7327239971986245,0.007196456621060688,0.06525416389815444,0.017915608139371573,0.06561756572989537,0.03805233939707578
joint_neural_hef_e5_finetuned,amazon_google,95,3,0.7425806148458083,0.019480301312457118,0.6733086580566902,0.02958927882891918,0.8333333333333334,0.07798413500382331,0.9679608251730641,0.001913667148245894,0.7623112641756195,0.02690206716608076,0.05162846266302928,0.0040052393881750015,0.04624152923622096,0.003396661836870549
joint_neural_hef_e5_finetuned,amazon_google,100,3,0.730147063766754,0.018593640244805223,0.6492194896090421,0.027209774111292922,0.8376068376068376,0.06207623524074338,0.9654985616617477,0.0019678629072584415,0.7333327027911338,0.010353829402393513,0.0584509240703723,0.005092879255185086,0.05447186482061626,0.01618571077435919
joint_neural_hef_e5_finetuned,link_lives_release2,1,3,0.7171190399464618,0.03286150725675774,0.7113475154508748,0.04226661625035823,0.7237948717948718,0.0357431115003138,0.915367072867446,0.012960713279519897,0.7339937955330429,0.028009788858987854,0.09721008373645998,0.026634029375324216,0.11897596524257818,0.07657808783142438
joint_neural_hef_e5_finetuned,link_lives_release2,2,3,0.7506801373883297,0.007522652325174346,0.7454451219418432,0.01470177190573986,0.7567179487179487,0.026972409015996936,0.9343624210076585,0.0041245033036809925,0.7684628752439577,0.012922377184760218,0.10020249488433458,0.031661285539212054,0.13095454968932616,0.049627453885154695
joint_neural_hef_e5_finetuned,link_lives_release2,3,3,0.7608839741487965,0.003415767702762447,0.7434815242907684,0.026472819450734007,0.7808205128205128,0.034934031942665915,0.9437079052920884,0.002241577669546681,0.8057154238663926,0.00647182987300984,0.07789592296068687,0.010010412979260381,0.06980527103820593,0.030787883286493987
joint_neural_hef_e5_finetuned,link_lives_release2,4,3,0.7791484012005677,0.006597270337315948,0.7502464366566594,0.018540709009367058,0.8107692307692308,0.01222665629926497,0.9511963123090953,0.0025750043591917854,0.8184262305143299,0.007780945191128916,0.07815182106140826,0.006615494723829849,0.07427253191924893,0.019174869112602144
joint_neural_hef_e5_finetuned,link_lives_release2,5,3,0.7869328516119051,0.018518775840512997,0.7650494593334052,0.03275539752180772,0.8105641025641026,0.004926281008624746,0.95375781952442,0.00525635582440876,0.8238379105845611,0.03721965025920319,0.10210609051798353,0.05693361056361051,0.11288843484056105,0.10804662516970011
joint_neural_hef_e5_finetuned,link_lives_release2,10,3,0.8211181269603436,0.008492044705983836,0.8180110037199724,0.010845669016962444,0.8248205128205128,0.027303827823342033,0.9685988751363036,0.001502246637851804,0.8831610544800207,0.01149405428286516,0.06257546448620531,0.01713815529684708,0.05944536825457691,0.037208516550930014
joint_neural_hef_e5_finetuned,link_lives_release2,15,3,0.8348733842667657,0.012357223261515187,0.8207996976263333,0.028484898232128485,0.850051282051282,0.013553604584709458,0.9741506705182408,0.0016529961872256943,0.9014475338574457,0.008223645333701733,0.05430398933935644,0.012588843561955975,0.04910146853642435,0.022894648420441942
joint_neural_hef_e5_finetuned,link_lives_release2,20,3,0.8526455763179291,0.0021649247400059696,0.8480845168449095,0.014851427024319802,0.8576410256410256,0.01665332799572906,0.9797213602943521,0.0008768208016150657,0.9233235863892627,0.005208185159418464,0.04795541304435985,0.0032307136436181333,0.04212960296259167,0.005359179978324007
joint_neural_hef_e5_finetuned,link_lives_release2,25,3,0.8619043595150944,0.01019689243693011,0.8625246881099462,0.023010327108468277,0.8615384615384616,0.0027348290514816885,0.9812019461927445,0.0022258486579461796,0.927732469713809,0.010003590827200056,0.045578531927749986,0.00382347611631269,0.040086403817341056,0.0004491285017830646
joint_neural_hef_e5_finetuned,link_lives_release2,30,3,0.8589348486720463,0.013770080109275835,0.8552322679657148,0.025093836412807775,0.8629743589743589,0.011356861527179695,0.9817947888967535,0.0021830169441755215,0.9272875179736592,0.011719637608604443,0.04836072418470197,0.008045564634062335,0.044931780142345216,0.01248272833046789
joint_neural_hef_e5_finetuned,link_lives_release2,35,3,0.8566273984737213,0.006486351832154715,0.8989749312017351,0.010619680380309048,0.8182564102564103,0.013959648809042224,0.9829666717680894,0.0006016410303677662,0.9355397197471764,0.0021794993026525407,0.043755021243779786,0.005426702142527219,0.038266527447960545,0.006292370268653587
joint_neural_hef_e5_finetuned,link_lives_release2,40,3,0.8638233957470782,0.008926317099211368,0.8983706551074024,0.008626259775952423,0.8322051282051282,0.02323093903826546,0.9844088120699661,0.0010676605317381136,0.9388114106343739,0.004349792152104383,0.03945837438574119,0.001493784540054326,0.03339100229099451,0.003603408138337339
joint_neural_hef_e5_finetuned,link_lives_release2,45,3,0.8616486266974476,0.017852952751217763,0.8758590743418656,0.03500205404575169,0.8483076923076923,0.004362291347310126,0.9830508994445827,0.005516287184067422,0.9324192084930958,0.01516612030395028,0.05613150236021199,0.028194909068279997,0.05975952832089578,0.042741859220306634
joint_neural_hef_e5_finetuned,link_lives_release2,50,3,0.8692076558465207,0.002447262961862278,0.9009700388505741,0.013301380120998952,0.8398974358974359,0.015174982006429649,0.9852245295531791,0.00034439040069220227,0.9413896913627514,0.0027356407764930965,0.04140506137722353,0.003997559527326484,0.03789818957194106,0.005739598652213203
joint_neural_hef_e5_finetuned,link_lives_release2,55,3,0.8723695091974643,0.008229342535764328,0.8975729691237749,0.014221541823709882,0.8488205128205129,0.017395730506138844,0.9857968581613197,0.0013716695013908098,0.9420946002188697,0.004568989924064864,0.04704776464209756,0.004880434458629327,0.04608052512989467,0.006589557204898055
joint_neural_hef_e5_finetuned,link_lives_release2,60,3,0.8695954078861198,0.002897772688589582,0.8928680019509464,0.023969132274854674,0.8481025641025641,0.016701580787127756,0.9858735995000605,0.0014541999279394941,0.9434020540663391,0.007281392431349528,0.03712961396295414,0.002828502050645608,0.03173375971995605,0.005022934837161156
joint_neural_hef_e5_finetuned,link_lives_release2,65,3,0.8822824551345163,0.0016461682514486674,0.9017701700029318,0.018625731855076447,0.8641025641025641,0.01803699901129157,0.9878469892041143,0.0009051282777852258,0.9506348973750613,0.0047220471041383065,0.03959800232073968,0.005130138313232806,0.03808794721691061,0.0067677306409864016
joint_neural_hef_e5_finetuned,link_lives_release2,70,3,0.8848845402419373,0.007988027963132648,0.8824131253934028,0.014708921799362428,0.8874871794871795,0.008025600065431694,0.9874275342911254,0.0017996024296517423,0.9484401871903448,0.006226851672064666,0.05101769551642645,0.024748210395710353,0.049193366936634404,0.027350241151246103
joint_neural_hef_e5_finetuned,link_lives_release2,75,3,0.8803546575096372,0.0075358565951443085,0.8771216793938956,0.011623721603177317,0.8841025641025642,0.025175047914062564,0.9871958531810558,0.0012561393011957989,0.9464313904666701,0.0061903048588552115,0.04347061413366356,0.0030562623473714906,0.04256721847292581,0.003440096427635457
joint_neural_hef_e5_finetuned,link_lives_release2,80,3,0.8857152538012854,0.002740586634660352,0.8812241891147691,0.006913080285606105,0.8903589743589744,0.01041770606254191,0.988208823548167,0.0008583846477035784,0.9481717167759628,0.008984082400814547,0.03823406870644638,0.0008604578504637537,0.036021049035104245,0.00149575502531114
joint_neural_hef_e5_finetuned,link_lives_release2,85,3,0.889235107370064,0.010312121118422972,0.8818923187178433,0.02799606090857051,0.8973333333333333,0.01570235977692853,0.9888308368246195,0.0016162495698814055,0.954161915747911,0.005271694722063801,0.03927229816665441,0.007009251476492671,0.03795164208541496,0.007493790841741747
joint_neural_hef_e5_finetuned,link_lives_release2,90,3,0.8941019074824502,0.005748408929088264,0.8847267521385942,0.004734944964638953,0.9036923076923077,0.008000000000000028,0.9901810239830632,0.0010073614788687277,0.9598302946665366,0.0032801094136212933,0.04036303156121825,0.003921952730441707,0.03961950203911071,0.004039593599603906
joint_neural_hef_e5_finetuned,link_lives_release2,95,3,0.8814776207474341,0.007652505106828773,0.8624501394482152,0.017020817314049023,0.9015384615384615,0.005698541285369857,0.9874388084352025,0.0019521355837214716,0.9468833805946273,0.005842029038119133,0.04885399243374386,0.008778358963113558,0.04784596379207469,0.008804451068705746
joint_neural_hef_e5_finetuned,link_lives_release2,100,3,0.8977396274612182,0.00910859635952161,0.8912241800863921,0.0036412012918990203,0.9044102564102564,0.015404090237830561,0.9901677730377059,0.002345193557227355,0.9588711622273293,0.00912852849308975,0.04374425782826691,0.009301371643311263,0.04363654314165567,0.010811232655667738
joint_neural_hef_e5_finetuned,walmart_amazon,1,3,0.20244958436864913,0.004972018780052888,0.125570322609615,0.009596016183400086,0.5595854922279793,0.1684535565493146,0.6109634625692335,0.0027541149133270054,0.13994664085483352,0.005424856268859097,0.24806850697925584,0.002567108314797108,0.40436548014491563,0.003259199288788147
joint_neural_hef_e5_finetuned,walmart_amazon,2,3,0.1803505911655467,0.0176984292168153,0.1263315195028223,0.009588053892725188,0.37823834196891193,0.19872340840171093,0.5999382109463403,0.017942908944208164,0.12953801803420684,0.014745981650651314,0.226049149574161,0.003249746170718379,0.375881610623371,0.0038483514680001532
joint_neural_hef_e5_finetuned,walmart_amazon,3,3,0.20259884715524015,0.006115452774522104,0.1528516954072185,0.008613971298252893,0.307426597582038,0.05189975544496277,0.6042229654279079,0.026295680492706926,0.13389229731487123,0.005006423507561609,0.22998393573047854,0.0070390264768469294,0.38145580979426813,0.008510292241837513
joint_neural_hef_e5_finetuned,walmart_amazon,4,3,0.20534762392806064,0.007274508163052158,0.14165655983244396,0.011517221598575005,0.37823834196891193,0.033976365410891204,0.6336267382824132,0.030321127117403198,0.15494297238514143,0.015803480845129687,0.23055693401760063,0.023243446033228178,0.38160426792273083,0.03101998623515904
joint_neural_hef_e5_finetuned,walmart_amazon,5,3,0.212168020575964,0.011041358991852544,0.17046052137330028,0.013340336889260722,0.2815198618307427,0.0029914521719669835,0.6551598512596034,0.021397910131365175,0.15565818968845663,0.011723968621373294,0.20170475695155055,0.037919539590997024,0.33497646245308493,0.06692824275632833
joint_neural_hef_e5_finetuned,walmart_amazon,10,3,0.3878481587285199,0.055493661369167994,0.32924009324009323,0.0637031868214997,0.4749568221070812,0.03165855402387454,0.817870250431779,0.02508183626391844,0.31918688709673837,0.03530040292418202,0.14730698246645604,0.044588032425021434,0.18155286532202658,0.13836985959926507
joint_neural_hef_e5_finetuned,walmart_amazon,15,3,0.469009990541091,0.01290956413645654,0.3883285622216217,0.0246403126999323,0.5958549222797928,0.04241115425840652,0.8701364384193914,0.017662951516559874,0.42867326661818356,0.03567545281560641,0.12984306209916757,0.018154460572775855,0.14053799984005483,0.028030929251869112
joint_neural_hef_e5_finetuned,walmart_amazon,20,3,0.5055549542142086,0.027952861733461145,0.4822036541889483,0.08248478282900464,0.542314335060449,0.03888887823557062,0.8902658045977011,0.011077793904317613,0.4863943455556342,0.04433639782468877,0.12788965747150313,0.012631587281110196,0.13541389982259544,0.026456595363573598
joint_neural_hef_e5_finetuned,walmart_amazon,25,3,0.5233112704872863,0.03153587478741799,0.49464556249897873,0.04299022867312429,0.5561312607944733,0.018196293182819942,0.8958793959561668,0.008058422806121773,0.5221071892328847,0.05338095117783888,0.12254462742000066,0.016697671261546008,0.11842427020494034,0.030935541579302388
joint_neural_hef_e5_finetuned,walmart_amazon,30,3,0.5089351961480779,0.00565059233246179,0.40352382144188614,0.006365979841113803,0.689119170984456,0.013708556015878757,0.8945952258650468,0.002504386997552284,0.46793137450350947,0.0101011098355266,0.1472679770421778,0.016481714987230167,0.18399506629092707,0.014885982497339578
joint_neural_hef_e5_finetuned,walmart_amazon,35,3,0.5368812936673847,0.03945821311586664,0.4784020862968231,0.0691501216709616,0.6200345423143351,0.03675957971294089,0.9036532777976297,0.014827383462483785,0.5592792844744677,0.07676491519117566,0.11195410542475398,0.022594505018610773,0.11607792717620563,0.03796566370149573
joint_neural_hef_e5_finetuned,walmart_amazon,40,3,0.5636936310391781,0.04477239616496337,0.4993648345395136,0.09529230457620821,0.6614853195164077,0.03675957971294089,0.9124172733905068,0.007865232207753868,0.596833616338186,0.009459253314262317,0.1035477164391742,0.022395610921081846,0.10547946892604196,0.03428485685388966
joint_neural_hef_e5_finetuned,walmart_amazon,45,3,0.6212513917311567,0.024746437730183198,0.6132955449738993,0.0069734392199936185,0.6303972366148531,0.047014361273976506,0.9312536291763445,0.004194830355739721,0.6654803415482908,0.019058055549799894,0.08918752606353764,0.0043155787561428675,0.0897290970292594,0.021305191818047325
joint_neural_hef_e5_finetuned,walmart_amazon,50,3,0.593427644737669,0.025008426028359124,0.5381614389509126,0.04291691550105744,0.6632124352331606,0.005181347150259086,0.9257954410100648,0.006865997666152815,0.6338044739689531,0.02723645224583586,0.10522539127398059,0.0209424127396028,0.11136242462023949,0.045866066376653886
joint_neural_hef_e5_finetuned,walmart_amazon,55,3,0.6113459731856719,0.031530222841774105,0.5912264792292375,0.026519772193192383,0.6373056994818653,0.07253886010362696,0.9309093227026384,0.0065890543035072935,0.6516984385493637,0.05080867923307635,0.08996915002257472,0.02995032631183099,0.08375071993496737,0.044103217174688805
joint_neural_hef_e5_finetuned,walmart_amazon,60,3,0.6496189866431955,0.060174897204165384,0.6256227494697381,0.08131242666615714,0.6770293609671848,0.03526870096141988,0.9368583802334585,0.01602328173112894,0.6649672588056451,0.10752468473969953,0.0844622041727879,0.030429346839065164,0.08973477069876801,0.042088776304318246
joint_neural_hef_e5_finetuned,walmart_amazon,65,3,0.6206914688453312,0.028960101584178805,0.6339245269064722,0.011929222639555362,0.6096718480138169,0.053929170970625225,0.9313494766541599,0.004296193795755382,0.6848731411811542,0.02646454267965221,0.07571626929974393,0.013392831334744046,0.06524411094232081,0.01744072037388581
joint_neural_hef_e5_finetuned,walmart_amazon,70,3,0.6389261487643375,0.016102244292015136,0.6114551332912878,0.014609318011790122,0.6701208981001727,0.038888878235570655,0.9294069367518314,0.0088967700803595,0.6689345472327788,0.02048659626506453,0.08885522633429306,0.02592834625580144,0.09170415091893601,0.04637549640421935
joint_neural_hef_e5_finetuned,walmart_amazon,75,3,0.6247442903180609,0.015462819705697373,0.6325127392584333,0.02750417834230787,0.618307426597582,0.028536634960031608,0.9279143216604133,0.013908596245831215,0.6797672172959064,0.01789655302513442,0.07094866262998455,0.012494990473337185,0.053768145764219004,0.01983206197554993
joint_neural_hef_e5_finetuned,walmart_amazon,80,3,0.6784665566214204,0.047284829250183395,0.6795352830397696,0.06912199081123364,0.6787564766839378,0.033976365410891204,0.9451826871538325,0.01203409897958646,0.7296527792330354,0.08504081040637802,0.06918772427454623,0.018595449932182113,0.06278567465182577,0.013129134929333694
joint_neural_hef_e5_finetuned,walmart_amazon,85,3,0.6801844007196555,0.0526290299306824,0.669457735247209,0.0745507416747465,0.692573402417962,0.03449910942217301,0.9459150363289857,0.012301802707255408,0.754739041271127,0.07374402580098927,0.07165611241701311,0.023623309233860728,0.0695616951372526,0.02503220144426935
joint_neural_hef_e5_finetuned,walmart_amazon,90,3,0.688047868255819,0.024510663107706214,0.6778414955669976,0.042528332108948824,0.6994818652849741,0.013708556015878693,0.950568757072241,0.009541459124210028,0.7417797530384233,0.04802981000864371,0.06469636929974912,0.009041324075286114,0.05873144682375883,0.006255926529453548
joint_neural_hef_e5_finetuned,walmart_amazon,95,3,0.6884678338517967,0.0299769723576267,0.6780982905982906,0.039276009471543416,0.6994818652849741,0.022584968619381744,0.9472973802930141,0.006904413991233637,0.7416196819284953,0.05014278434500887,0.06650354027774084,0.013818563112027536,0.05847951810425492,0.009170245956219646
joint_neural_hef_e5_finetuned,walmart_amazon,100,3,0.6936792257766485,0.03700103277795461,0.7111711113171204,0.02998155624202341,0.6787564766839378,0.058390816940853095,0.9516309890715263,0.007018640197719588,0.7459801124399407,0.04084812932681237,0.06638379407544949,0.010281992861414256,0.060643782700624545,0.007716247565083719
joint_neural_hef_e5_finetuned,wdc_80_medium_seen,1,3,0.2006034912696631,0.0011172835338906916,0.1124710943933749,0.002096420480841852,0.9346666666666666,0.09000740710260093,0.5090968333333333,0.026271832932740578,0.11764096469249065,0.009875833785369359,0.24054099557537925,0.004499657073008169,0.37604751233259837,0.006314028256143424
joint_neural_hef_e5_finetuned,wdc_80_medium_seen,2,3,0.20288832252382005,0.002154105019499233,0.11678338611908252,0.0005780111372168277,0.778,0.08464041587799533,0.5526990833333333,0.0161065615440054,0.1343777646217773,0.005481999388762222,0.241771971039314,0.029079183145803007,0.3768626766359365,0.03830251989819067
joint_neural_hef_e5_finetuned,wdc_80_medium_seen,3,3,0.2080116769302494,0.0036082469311883203,0.11897870124718998,0.0007124179472848062,0.8306666666666667,0.08124858973135063,0.5671259166666667,0.012993082294853457,0.13986945154163744,0.005054686561880925,0.2235378679315504,0.015329177285234434,0.35123201745086247,0.025269621994813436
joint_neural_hef_e5_finetuned,wdc_80_medium_seen,4,3,0.2189227812064454,0.00822543336148479,0.1311784817827412,0.005664484173348001,0.664,0.05102940328869228,0.5882585,0.012330052838491807,0.14750110460279364,0.004400553569585853,0.23244687565914532,0.009823102735680078,0.3633737898248213,0.01787332501253122
joint_neural_hef_e5_finetuned,wdc_80_medium_seen,5,3,0.2334113489596525,0.01173571525625932,0.15314166743144894,0.0035162971427426396,0.5033333333333333,0.11321366230863365,0.60525375,0.020871267426775968,0.15923096285740335,0.011686094547818788,0.22968440270933246,0.0011068447543091952,0.3615768360870856,0.0012793611979698197
joint_neural_hef_e5_finetuned,wdc_80_medium_seen,10,3,0.3089431324722546,0.019834280716190388,0.19793947392150135,0.01139829975466309,0.7073333333333334,0.0890468041724875,0.7288244166666666,0.03052092005630451,0.22867465577595922,0.018620633101734577,0.2551356289347473,0.029654064394755184,0.332573020786047,0.05561086565520651
joint_neural_hef_e5_finetuned,wdc_80_medium_seen,15,3,0.35399580637941513,0.010726942435391448,0.25033393787290537,0.01442675439757235,0.6066666666666667,0.0221208800307161,0.77225025,0.009642136018538649,0.27178188992817226,0.02888770789331546,0.23390248310910877,0.011210170427828483,0.2608713474811779,0.04181352900871816
joint_neural_hef_e5_finetuned,wdc_80_medium_seen,20,3,0.35461189980821856,0.036897319568738866,0.25342856623509274,0.048977151254969015,0.6306666666666667,0.12175932544710213,0.781497,0.029519634699848446,0.28033806635348174,0.03665456276608323,0.2220922273446344,0.0478655707109907,0.24049856670311204,0.1073505341114281
joint_neural_hef_e5_finetuned,wdc_80_medium_seen,25,3,0.40814202467591937,0.026224957495333597,0.32815566194952134,0.01763714577300931,0.5399999999999999,0.045033320996790784,0.8173461666666667,0.013407854231133885,0.33858577200224643,0.0028452073626679094,0.19549728462810378,0.012837217329024386,0.18734086356305138,0.01781387991688068
joint_neural_hef_e5_finetuned,wdc_80_medium_seen,30,3,0.37105852560586405,0.007216353707750453,0.26366081138644054,0.011342489918834145,0.6286666666666667,0.034019602192461564,0.7946242499999999,0.0036428571976540305,0.2952240214978989,0.011433712382681054,0.23020093200983258,0.01574794727718503,0.2684821797424444,0.02262029505497306
joint_neural_hef_e5_finetuned,wdc_80_medium_seen,35,3,0.4096689483075846,0.028995783732175543,0.33703244971159735,0.0163049083306383,0.5253333333333333,0.07203702751594719,0.8278423333333333,0.023504587986089707,0.3526604701243675,0.04377373204571266,0.19313314838286955,0.03834653314024192,0.20753455706947932,0.05915482040571261
joint_neural_hef_e5_finetuned,wdc_80_medium_seen,40,3,0.438822736011891,0.022507854002601246,0.3638640826867619,0.03404579707194426,0.5633333333333334,0.08787111774259694,0.8424091666666667,0.012345395260818279,0.3818490363556724,0.031896917729319144,0.18657118397744388,0.03133362331941312,0.19254316103030686,0.05023832003740776
joint_neural_hef_e5_finetuned,wdc_80_medium_seen,45,3,0.48411272444146375,0.06215061246248964,0.38736261475188527,0.07236669396247898,0.6546666666666666,0.030550504633038898,0.8652283333333334,0.027660839805957377,0.4293880422563989,0.0697794442737363,0.16654560426103587,0.03423648142969106,0.1681751354734448,0.04601952370066663
joint_neural_hef_e5_finetuned,wdc_80_medium_seen,50,3,0.46822383504122533,0.051880896772568956,0.37706524474735803,0.04253708515524863,0.6186666666666667,0.07259017380701968,0.8570816666666666,0.025995729247000107,0.4294869406759035,0.08967018857923659,0.18113094300222027,0.05332763955386483,0.18930612040073094,0.06465552680320842
joint_neural_hef_e5_finetuned,wdc_80_medium_seen,55,3,0.5243977673627004,0.05156697679144092,0.48297425895001583,0.0894508344922038,0.5846666666666667,0.03971565602295059,0.8837874166666666,0.020508069395565567,0.4961653128636537,0.09114815677893846,0.14055992371332762,0.05022530934347159,0.14111435297393687,0.06388172841160092
joint_neural_hef_e5_finetuned,wdc_80_medium_seen,60,3,0.5112942525161486,0.060837350335517786,0.4390627443348713,0.09371658149350828,0.6253333333333333,0.038017539811688705,0.8821273333333333,0.027512441629121753,0.4825281928582538,0.09222426400126629,0.14545087456651803,0.03568214268579623,0.1369084194811337,0.04171943589419486
joint_neural_hef_e5_finetuned,wdc_80_medium_seen,65,3,0.508503357043114,0.04061791399796613,0.4156161912679182,0.034543957396589796,0.656,0.05827520913733387,0.8799190833333332,0.01758541313193501,0.4683443438691355,0.055572086528512206,0.15280313141852542,0.032912708124148336,0.15645457916974126,0.04195447028678013
joint_neural_hef_e5_finetuned,wdc_80_medium_seen,70,3,0.522291542811503,0.029119154498064632,0.44942420251085496,0.054174352397661794,0.6286666666666667,0.017925772879665017,0.8885549166666666,0.010569111269204873,0.49534849336431214,0.04489504236945166,0.14769597239719545,0.02725491326437541,0.14444220968708393,0.03238381117790762
joint_neural_hef_e5_finetuned,wdc_80_medium_seen,75,3,0.5694264516663106,0.025107567673538802,0.5111510787340585,0.033014578677991624,0.6433333333333333,0.014468356276140484,0.9068703333333333,0.008692770395324682,0.5704689453104331,0.029154166952130883,0.10930568711494092,0.0072255694793498,0.10193252140321526,0.011202146581222724
joint_neural_hef_e5_finetuned,wdc_80_medium_seen,80,3,0.5531327374569626,0.009172344636957245,0.4648751885447118,0.031707366752657035,0.6873333333333334,0.04277070648625449,0.90354675,0.005141943558859764,0.5504614370889895,0.012547120826897719,0.12277561445517905,0.0031394074682914008,0.11674590736363703,0.0034174549878381944
joint_neural_hef_e5_finetuned,wdc_80_medium_seen,85,3,0.5995910325898888,0.013835137148196073,0.5383901594733578,0.016289093603082484,0.6766666666666666,0.014047538337136945,0.9164514166666666,0.005142023959087769,0.5741765881317493,0.007939516808007422,0.10510177219059909,0.008836658082506475,0.10081596334239779,0.007536757947775706
joint_neural_hef_e5_finetuned,wdc_80_medium_seen,90,3,0.5429635348601146,0.022121430416359396,0.5052691663854634,0.07367390476679847,0.5986666666666667,0.05974389787529212,0.9037560833333333,0.008410127541888603,0.5442627633104465,0.03504716383655843,0.1286188834934317,0.019443351133706772,0.12370630902143334,0.02082464173848544
joint_neural_hef_e5_finetuned,wdc_80_medium_seen,95,3,0.5883938291384494,0.03729516393511949,0.5151313299471648,0.05337232256426696,0.6886666666666666,0.012220201853215524,0.9181235,0.012892378085035384,0.6154550426615166,0.05857058390189077,0.10812742788946397,0.02753743799681301,0.10295836916141625,0.029272226659511805
joint_neural_hef_e5_finetuned,wdc_80_medium_seen,100,3,0.587834371178268,0.029064774317520962,0.5058096776846777,0.03277921273641646,0.702,0.021071307505705444,0.9178854999999999,0.010669234189364322,0.5920972935875395,0.05131435362267602,0.11688798156829205,0.024653658590240244,0.11089227796133813,0.02710755899967791
joint_neural_hef_e5_finetuned,wdc_80_medium_unseen,1,3,0.20087578320350258,0.0008066290101147602,0.1122494227326449,0.0010539657378650785,0.9573333333333334,0.05832095106677644,0.50718575,0.007686529113488136,0.11940273538454073,0.0020997746937658963,0.2445494590260955,0.010971702236996037,0.379165678942645,0.012984910569861716
joint_neural_hef_e5_finetuned,wdc_80_medium_unseen,2,3,0.2012821611076636,0.0014155123204567315,0.11279399965131877,0.0015101940571452617,0.9373333333333334,0.06027713773341708,0.5336501666666666,0.005571044731092516,0.13058637434645134,0.004059468531860134,0.24276204593116313,0.0034122135625307155,0.37941832170221546,0.004447156583843831
joint_neural_hef_e5_finetuned,wdc_80_medium_unseen,3,3,0.20058200523547992,0.0031334974263324757,0.1134439574851574,0.0013068199287297264,0.8686666666666667,0.07606137872358959,0.5415735833333333,0.014654485900939406,0.13095613854791757,0.005222605438815314,0.24831101057679905,0.0031783357188546915,0.385861955024578,0.004157870099905988
joint_neural_hef_e5_finetuned,wdc_80_medium_unseen,4,3,0.2091208185001134,0.0011506926713810138,0.11887698808469623,0.0005285845884445199,0.8686666666666667,0.025794056162870827,0.5882975,0.02359220142732546,0.15275082612295585,0.011457855812433854,0.25003172199685475,0.009787608303105377,0.38788194150615624,0.010640870096242639
joint_neural_hef_e5_finetuned,wdc_80_medium_unseen,5,3,0.2421514570224746,0.012901233001498948,0.14789633030613386,0.013548791759324975,0.6846666666666666,0.08848352012286433,0.6334730833333333,0.025384966400329053,0.18062939735553404,0.018609768608192072,0.2513621244115853,0.011709187422553868,0.3919650265442,0.014271828196597688
joint_neural_hef_e5_finetuned,wdc_80_medium_unseen,10,3,0.32291176290867246,0.021840764987071437,0.21125607371124655,0.025387820270743003,0.7026666666666667,0.0790527250215534,0.749171,0.018492601250229827,0.25910785483096327,0.01049390929103392,0.236390246364598,0.01681950309374995,0.3204404025144047,0.0664936039357284
joint_neural_hef_e5_finetuned,wdc_80_medium_unseen,15,3,0.3459090823642364,0.03344765324877143,0.23587700875716278,0.03891405076871028,0.6773333333333333,0.09962596716385412,0.7739415000000001,0.021740360589523385,0.28332441558547805,0.028338673782710357,0.21633191660886378,0.0063752693126939795,0.2809451987428797,0.03783482494430084
joint_neural_hef_e5_finetuned,wdc_80_medium_unseen,20,3,0.39441063119396025,0.003968233292339574,0.28451922494873877,0.009090419768492588,0.646,0.05047771785649583,0.8089007500000001,0.0067203901858448,0.31018202186590227,0.008377286499916356,0.22340192843028603,0.010461855648479233,0.2144587443570296,0.012603401370144504
joint_neural_hef_e5_finetuned,wdc_80_medium_unseen,25,3,0.37313969645718903,0.004323471741226512,0.28152707670516414,0.011776920136440093,0.5573333333333333,0.0496521231503078,0.7890603333333334,0.0010199828838433024,0.29324291116600715,0.0040229079671937305,0.22272252555108352,0.010028113553145486,0.27684929880141107,0.007596219508063934
joint_neural_hef_e5_finetuned,wdc_80_medium_unseen,30,3,0.4395868871999863,0.04533212519750756,0.3294007629383363,0.04119511900599129,0.662,0.038157568056677804,0.8355865,0.02678661864275711,0.375584364347329,0.04977775485337571,0.20908786902431364,0.021744696192359768,0.22128656564480453,0.05048684561896375
joint_neural_hef_e5_finetuned,wdc_80_medium_unseen,35,3,0.4390362172557596,0.031352019921453624,0.3288444398008949,0.03856394614488541,0.668,0.037999999999999985,0.8339125,0.015988091273272654,0.35858992209332535,0.03154949506159329,0.20908613297486037,0.002427092101301082,0.22773534906269224,0.013373341153626678
joint_neural_hef_e5_finetuned,wdc_80_medium_unseen,40,3,0.47375199917622907,0.04471416843886116,0.3669984922362074,0.04915005561094319,0.6726666666666666,0.03523256069793013,0.8516310833333333,0.02344827234085344,0.40753788347729164,0.06720851558910947,0.1661290377659172,0.0422327052432317,0.16692089255371445,0.054335017517444704
joint_neural_hef_e5_finetuned,wdc_80_medium_unseen,45,3,0.4388748081659462,0.014411783313042282,0.33489915300987017,0.008690030734436326,0.6393333333333333,0.05783885660465064,0.83574425,0.005071557064896266,0.3646830985124755,0.0197296953251308,0.1975950802931873,0.010445221872592511,0.2091886000880213,0.013431648785780485
joint_neural_hef_e5_finetuned,wdc_80_medium_unseen,50,3,0.49372271696841924,0.01318967657587115,0.3838028114122739,0.014689283534095056,0.6926666666666667,0.021939310229205738,0.8651231666666667,0.00901858332948327,0.4302889857102738,0.03180447568818011,0.1614852991803466,0.014920255766909482,0.15602851304687834,0.017646895621077234
joint_neural_hef_e5_finetuned,wdc_80_medium_unseen,55,3,0.48028957184690674,0.008469925286742962,0.37412106927740746,0.021429457168563357,0.6746666666666666,0.04387862045841154,0.856613,0.004583281445918386,0.3897324642891568,0.013958017762736932,0.20336417111138128,0.01661568194163951,0.2156058708680449,0.027506480016503135
joint_neural_hef_e5_finetuned,wdc_80_medium_unseen,60,3,0.4914588426030343,0.02149792363164348,0.3824496196002551,0.022683745516932134,0.688,0.013999999999999957,0.8671898333333333,0.013424378999448391,0.4165993147207034,0.04725516682918445,0.1790551565968486,0.04059563169563796,0.1855262624407532,0.05666053580532
joint_neural_hef_e5_finetuned,wdc_80_medium_unseen,65,3,0.48592316762563964,0.008463390213407826,0.38170466250093454,0.009091937348603934,0.6713333333333333,0.05281413952090229,0.8637246666666667,0.004918608519778026,0.4183559670417949,0.006107384652372206,0.19025082402876048,0.008089979953477882,0.19857825548898567,0.01359488174780468
joint_neural_hef_e5_finetuned,wdc_80_medium_unseen,70,3,0.5387760641280802,0.01558519609365792,0.4280579282438548,0.02942273890033631,0.7306666666666667,0.03300505011863086,0.8911249166666666,0.004297845458288767,0.48070683401479036,0.022873388567866165,0.13318522890948856,0.009015552152612582,0.1288434208444561,0.008895954677417854
joint_neural_hef_e5_finetuned,wdc_80_medium_unseen,75,3,0.5068808265903558,0.02317522545945846,0.3929843532630589,0.024384775037124627,0.7153333333333334,0.031895663237081796,0.8742404166666666,0.0068647988423429455,0.42810060333784083,0.017908191268446488,0.1663801078022704,0.03677417855973434,0.1695948714248974,0.0488589905077823
joint_neural_hef_e5_finetuned,wdc_80_medium_unseen,80,3,0.5316219441299759,0.0268936368125083,0.4325406789824112,0.026631864433739626,0.6900000000000001,0.02599999999999996,0.8864655833333334,0.013986186869401993,0.47903129823885987,0.05814522379332582,0.152434253163377,0.019119309864501385,0.14891710261828092,0.018411700323958738
joint_neural_hef_e5_finetuned,wdc_80_medium_unseen,85,3,0.5358947343186155,0.01940599416574993,0.4296061598969699,0.008829271392744777,0.7126666666666667,0.045003703551300435,0.8911210833333333,0.013757542227659455,0.46930069657859147,0.04479406007799435,0.15501216817541308,0.02253301684582283,0.15429449029337547,0.023544580461040295
joint_neural_hef_e5_finetuned,wdc_80_medium_unseen,90,3,0.531438542317548,0.03674827938536916,0.41688263054665375,0.0480638205307877,0.738,0.010583005244258372,0.8920216666666667,0.012493352958506981,0.4909731632739488,0.03196278146317982,0.1560621989827551,0.02322478881242706,0.15645508439994107,0.024154735492084335
joint_neural_hef_e5_finetuned,wdc_80_medium_unseen,95,3,0.5609461692094156,0.011817957836044913,0.46630714911063287,0.004405518916280653,0.7046666666666667,0.03817503547258775,0.8998495833333334,0.006749051629364926,0.531807620126344,0.04304892385399156,0.13439662265110883,0.023795546553300663,0.13505700706440474,0.027421813598016716
joint_neural_hef_e5_finetuned,wdc_80_medium_unseen,100,3,0.5248671860636827,0.023578326483870742,0.40198147906807563,0.03644313425624056,0.762,0.036386810797320535,0.89257425,0.010007737718885244,0.48693112977000846,0.039222019888707424,0.16622321167445495,0.01853510932547308,0.16806872295633096,0.020798333964295194
joint_neural_hef_gte_finetuned,abt_buy,1,3,0.37986215690372205,0.02223624755764578,0.2870433013981343,0.02853355843870448,0.5663430420711973,0.03953654279246152,0.7911802835027157,0.008439425737109893,0.3341408159691792,0.00549509046978401,0.12401954517992245,0.01765549699409148,0.19766199933954762,0.04037658170900718
joint_neural_hef_gte_finetuned,abt_buy,2,3,0.5371924659165872,0.011285933168142293,0.47433402912856787,0.040745872773640016,0.6310679611650486,0.08629314968267564,0.8653499309222356,0.0038800556957174644,0.46645455179997286,0.016756317289398096,0.08435091842764966,0.004388103025403276,0.10882904507652723,0.02619984803843
joint_neural_hef_gte_finetuned,abt_buy,3,3,0.598870542048831,0.005239630492910799,0.538304395755822,0.02388862634790335,0.6779935275080906,0.04764541056419239,0.8898853119854653,0.002124319448231464,0.5831673578380363,0.006377451977685824,0.07466692966817857,0.0032605911655621315,0.042205000818605294,0.009930715913712009
joint_neural_hef_gte_finetuned,abt_buy,4,3,0.6255683464823467,0.009699468066520407,0.5455337379718912,0.024955475620645005,0.7346278317152104,0.021889561906907246,0.9097309752266319,0.007907324907586298,0.6110722588040524,0.008795552846622055,0.07322105961831743,0.001086966470766862,0.058745864314229984,0.003493497591130428
joint_neural_hef_gte_finetuned,abt_buy,5,3,0.6628688751952642,0.01976165062164882,0.5959067572292269,0.02338862158978526,0.7475728155339806,0.03031552426406988,0.9255862147277578,0.007555246785857328,0.6298339006334058,0.05896686688999415,0.06911570973461315,0.008308052724990285,0.05455958707696871,0.0064465774919253895
joint_neural_hef_gte_finetuned,abt_buy,10,3,0.7460741294468762,0.013136283818445454,0.6912757800706008,0.01599034107589926,0.8106796116504854,0.022245513082309893,0.9609166524726054,0.0019249036302186016,0.7504410396067382,0.00874394458366297,0.05621439668965143,0.0028219089716624204,0.050315035644723595,0.001943682959571171
joint_neural_hef_gte_finetuned,abt_buy,15,3,0.7691095282246765,0.003598219558090842,0.6941738680294491,0.008833503951102797,0.8624595469255663,0.015604612881865616,0.964147220802816,0.004850613731435864,0.7670116562485422,0.002588611515725801,0.04902212972218922,0.002999312769535634,0.04401987802974326,0.005525269278687457
joint_neural_hef_gte_finetuned,abt_buy,20,3,0.7490581421502475,0.004693220865269343,0.6869378561076261,0.003789203399981888,0.8236245954692556,0.012216560574871757,0.958733132723935,0.004810436727545731,0.7609317181747174,0.027591362698887543,0.051672823535422706,0.00127482235585282,0.04466416005346705,0.005457561603698009
joint_neural_hef_gte_finetuned,abt_buy,25,3,0.7895931947588667,0.021036822556744154,0.7470117111885405,0.026171752957519858,0.8381877022653721,0.03443980041066789,0.965285111376067,0.015213139729558432,0.7951617780396882,0.027396783027779596,0.04363148070922265,0.0035916724787498438,0.036369789945559214,0.0034123321669483884
joint_neural_hef_gte_finetuned,abt_buy,30,3,0.7946268621864037,0.011766531420438688,0.725689522106966,0.024761983112527093,0.8786407766990291,0.008408013628975192,0.9783602074225478,0.002112328281344496,0.82747785924483,0.01714886255332439,0.041228514889334315,0.0015240812682937117,0.037758638850859165,0.002569102559161241
joint_neural_hef_gte_finetuned,abt_buy,35,3,0.8104147813836895,0.018326377880408615,0.7494413538241113,0.03700361425607498,0.883495145631068,0.019417475728155387,0.9758696228164803,0.003933830820947759,0.8282470519539291,0.01968022584105485,0.03948729583713415,0.004958785721240772,0.03347424811703201,0.0033842122782656906
joint_neural_hef_gte_finetuned,abt_buy,40,3,0.800782238653085,0.024874214837274138,0.7480749271820282,0.026050255104137922,0.8624595469255664,0.041285924990851416,0.974112398039327,0.011643234692516144,0.8408262685768056,0.03201281999160029,0.04098416092474883,0.0029580582068286735,0.03135930439329095,0.005825656160703981
joint_neural_hef_gte_finetuned,abt_buy,45,3,0.8087046078730546,0.0023324444226747783,0.7324636037058044,0.010094107141868022,0.9029126213592233,0.012843452966332958,0.9774674009727663,0.0023077825211249158,0.849546799142501,0.004736807408378587,0.0391607802515352,0.0008826063676623158,0.033141487498966,0.0005462756058184172
joint_neural_hef_gte_finetuned,abt_buy,50,3,0.808965440442438,0.025527579613258407,0.7389873898623341,0.04162568996462441,0.894822006472492,0.017047983418855557,0.9808053710327599,0.0015024056750440544,0.8702023703020778,0.005851790567499149,0.035619510760607626,0.00347893955013185,0.03264266461899203,0.0033167392222342297
joint_neural_hef_gte_finetuned,abt_buy,55,3,0.8082315527861343,0.009234020074901931,0.7077321104624859,0.025903834817072605,0.9433656957928803,0.024433121149743515,0.9817506955089991,0.0031784439601230726,0.8520346321522121,0.015028339121913493,0.04098717237605612,0.004803901467873014,0.04308986978334159,0.011971500141648965
joint_neural_hef_gte_finetuned,abt_buy,60,3,0.8199841517919322,0.03169535531400315,0.7621421791165633,0.07155870730295771,0.8915857605177994,0.02021034950937998,0.981282291489241,0.0010868304704350223,0.8547429396848394,0.014557884934963999,0.036991503986871295,0.007716425082558789,0.033609303226913204,0.00774547456400635
joint_neural_hef_gte_finetuned,abt_buy,65,3,0.8385223296974685,0.019203254307177064,0.8139342139923609,0.06650164388292337,0.8689320388349514,0.033980582524271885,0.9835486099282728,0.0021849899716849253,0.8882257471824545,0.019488982621167408,0.03044624303282414,0.003090352832329153,0.026503160016389405,0.0024756791280102102
joint_neural_hef_gte_finetuned,abt_buy,70,3,0.841253476727584,0.009230797621715865,0.8005568446256293,0.022922863639463772,0.8867313915857605,0.007415171027436631,0.9839450973712599,0.0011117239630743046,0.8566871671306914,0.029677429566272357,0.03598918233640484,0.00541216599444395,0.03251820855986887,0.004333752951766822
joint_neural_hef_gte_finetuned,abt_buy,75,3,0.8463388683726926,0.008435565599554004,0.824896536497602,0.008859125661916514,0.8689320388349514,0.00840801362897513,0.984753212589186,0.0015224772190004375,0.8849335836390458,0.00881373829747165,0.03196897510333389,0.002178090706257802,0.02907130955395824,0.0034801496765509065
joint_neural_hef_gte_finetuned,abt_buy,80,3,0.8244105212373173,0.009648539313968111,0.7498577673972932,0.03441053218353889,0.9174757281553398,0.029527973448049596,0.9830939268343458,0.0006603539407444356,0.8702713440497994,0.013543878273155079,0.03650362039679992,0.003329631036491633,0.033785930606690086,0.005538564266997308
joint_neural_hef_gte_finetuned,abt_buy,85,3,0.85078644308305,0.009160952305038564,0.8149301966140561,0.04826368728482506,0.8932038834951457,0.03973472219355562,0.9868941501542422,0.0014395537753430882,0.9132876588171471,0.013301437692726136,0.03038377891154575,0.0004990920694226111,0.028940830582874097,0.0011967333259375664
joint_neural_hef_gte_finetuned,abt_buy,90,3,0.831290022656853,0.005828933196834321,0.7579560581587185,0.014319806684619688,0.9207119741100324,0.015604612881865616,0.9848748083801738,0.0029390081367919605,0.8868698640020318,0.04228588799652426,0.032479728165336605,0.003974246434201852,0.02954152539253477,0.005509958479507021
joint_neural_hef_gte_finetuned,abt_buy,95,3,0.8604772306171167,0.004893785049706834,0.8392162016550021,0.016639213303929527,0.883495145631068,0.02427184466019422,0.9856379757376181,0.0004665515442958258,0.8857775754231899,0.02847459158108196,0.03177039899589189,0.005985647470922835,0.029833051711113487,0.004629657267854403
joint_neural_hef_gte_finetuned,abt_buy,100,3,0.8666213759595717,0.007684446102227264,0.8457987048630252,0.04761069627084522,0.8915857605177994,0.03953654279246159,0.9864829955146766,0.0007062839914712807,0.8942255075343167,0.010491201340870417,0.0263999659238489,0.0008585392204570825,0.024326020966455475,0.0017486587428877912
joint_neural_hef_gte_finetuned,amazon_google,1,3,0.3545224495410963,0.059522837141421495,0.2917720200903994,0.08341143131986492,0.47863247863247865,0.06634262690709414,0.7854264302783001,0.03764174944797461,0.28702600136309575,0.06067336127633032,0.20915545269211594,0.015865416220329515,0.3540663659433966,0.01972500223537865
joint_neural_hef_gte_finetuned,amazon_google,2,3,0.43621636700943134,0.05754905540575174,0.368914245628573,0.07629427634909537,0.5427350427350427,0.007401926528072163,0.8286090943934556,0.027064735672274035,0.3619917739247026,0.06539364790269836,0.1730109344652563,0.034366244158619705,0.3034870007743772,0.05141523705851543
joint_neural_hef_gte_finetuned,amazon_google,3,3,0.45736059546170604,0.09174911036781529,0.35186185230126027,0.05970970513985443,0.6566951566951567,0.16902416234981418,0.851615242096058,0.05974655626583373,0.36755843044766134,0.08660760187135745,0.11721440433455517,0.034131842655619284,0.19580669241002485,0.06648211304708423
joint_neural_hef_gte_finetuned,amazon_google,4,3,0.5433025079871676,0.01398167133308605,0.48524199265321905,0.023934066388339722,0.6225071225071225,0.06652589418139951,0.9039364391477067,0.010144304983537286,0.4976370940926808,0.012640837065262788,0.09577285441702307,0.015865482099556356,0.1687652377766706,0.03359877792997096
joint_neural_hef_gte_finetuned,amazon_google,5,3,0.5223074580309124,0.05205611290939019,0.475563521567239,0.09562397447062741,0.5954415954415954,0.04803337692332583,0.902287089271062,0.033327930560944075,0.46281972650432435,0.07233963326633086,0.10147209485627436,0.020973308532359625,0.18306329753128034,0.04438599521566411
joint_neural_hef_gte_finetuned,amazon_google,10,3,0.6324908424908424,0.031482381762980245,0.5907729494572059,0.011996747521986716,0.6837606837606838,0.07290052183432474,0.9276302771931718,0.013158823479060942,0.574828262989077,0.02607044370384089,0.07180756167895656,0.004200822022244971,0.05588540019573616,0.008995613904944867
joint_neural_hef_gte_finetuned,amazon_google,15,3,0.6302504243956235,0.009369931051660427,0.598963877345193,0.014055776286857202,0.6652421652421653,0.013737394246428702,0.9337496142984244,0.005133419194857914,0.5970569778151883,0.025075570866719243,0.07426223414321267,0.0010435110313731805,0.05739858167048049,0.001023499557636442
joint_neural_hef_gte_finetuned,amazon_google,20,3,0.6430310022294553,0.01777482639523264,0.628642533871004,0.018930977920605184,0.6581196581196581,0.01709401709401709,0.9382867101419797,0.017085212570800538,0.6351806542590501,0.05065245833904253,0.0690815869581497,0.005586900954423409,0.05538347999862206,0.004098202446168475
joint_neural_hef_gte_finetuned,amazon_google,25,3,0.664972855489196,0.007662660014857265,0.6328191444460883,0.03814031014761289,0.7037037037037037,0.038776802247339634,0.9409458025290953,0.012467547999544748,0.6627817265313659,0.03792168099072828,0.062114537170344514,0.004645076708019019,0.045065739151757295,0.008169647146679528
joint_neural_hef_gte_finetuned,amazon_google,30,3,0.6907119719508575,0.0019451869925298153,0.6508636552739375,0.028336530264948687,0.7378917378917379,0.034805674424132814,0.9525043966520411,0.00459084651165708,0.6788494443828269,0.041248886965601264,0.06127179834762468,0.006109911230450284,0.052916867072526935,0.015657206041730886
joint_neural_hef_gte_finetuned,amazon_google,35,3,0.6829357406047821,0.008975126560092394,0.6224815125151072,0.006297452186156607,0.7564102564102564,0.01282051282051283,0.9460415602960528,0.013206119264633593,0.6772908528806021,0.018782570200865906,0.06922888953029473,0.006716803423762719,0.060876407783610094,0.020848081643046173
joint_neural_hef_gte_finetuned,amazon_google,40,3,0.70356119934864,0.0037931492754133783,0.6560315208730563,0.012651502388575462,0.7592592592592593,0.025040449902061213,0.9520256424093239,0.004247787307594188,0.7003148947539447,0.05047302595631053,0.06353686286605104,0.00609741462579559,0.056656739570785715,0.009214843958957615
joint_neural_hef_gte_finetuned,amazon_google,45,3,0.7050358997916818,0.008796791712409664,0.6592633207418804,0.005330268987877003,0.7578347578347578,0.019270298088986716,0.9581695398839642,0.0018249660278335665,0.7348434912399348,0.02194550671012302,0.0563805559642935,0.006177660177322891,0.05577106176052417,0.009164649776264137
joint_neural_hef_gte_finetuned,amazon_google,50,3,0.7060337041761011,0.020896318239502883,0.6531679157925335,0.009366585432780213,0.7706552706552706,0.06048681978792638,0.9590751602650583,0.004949993020791249,0.7101513561301921,0.006817755348132925,0.05986179813104236,0.0022281128360236457,0.05074181425715046,0.003462104013095281
joint_neural_hef_gte_finetuned,amazon_google,55,3,0.716986636551854,0.022409962710065953,0.666000775310124,0.040408442356617384,0.7777777777777778,0.01709401709401709,0.9605145362794708,0.004760496277063565,0.7328089971044539,0.05727473408835808,0.055953025940663516,0.006267706531641221,0.044997598974102965,0.003275017792515887
joint_neural_hef_gte_finetuned,amazon_google,60,3,0.7345036700050703,0.008393390587197909,0.6735408833771448,0.012788357539085235,0.8076923076923077,0.004273504273504258,0.9596009597223778,0.003679109417291837,0.739654811521313,0.0196094048829482,0.05170268470871905,0.0013016490787798886,0.044548414717337,0.002487644095434261
joint_neural_hef_gte_finetuned,amazon_google,65,3,0.7236913304364324,0.013230503765113632,0.6760213374967473,0.049546213610309774,0.7834757834757835,0.04726683767247025,0.9587358120626698,0.008742621285416145,0.7445832911520889,0.06410652741207037,0.05464196723562534,0.01115468368632086,0.05462487542344031,0.01582500911173949
joint_neural_hef_gte_finetuned,amazon_google,70,3,0.7321053909143523,0.014448934799763962,0.7061364480204437,0.024860963689996053,0.7621082621082621,0.045695199237451405,0.9643826214977259,0.0052687380782367186,0.7628654090213319,0.015382874746133729,0.04913952343374586,0.0027715707566334305,0.044296668525173936,0.0061358962236536555
joint_neural_hef_gte_finetuned,amazon_google,75,3,0.7468195305269425,0.011462732459339977,0.6934630792796223,0.04043822496071735,0.811965811965812,0.03651283651845097,0.967657106802323,0.0028324010425837993,0.7562435971696629,0.04165541650978062,0.05061413847006894,0.0025475323469418866,0.04543384003861841,0.004615589264722286
joint_neural_hef_gte_finetuned,amazon_google,80,3,0.7488220188170024,0.007384371820614467,0.6823537909665194,0.03046962634828363,0.8319088319088319,0.03583973112652172,0.9665982435530761,0.005841542906501397,0.7802852764036231,0.019378647585445222,0.049648311821539316,0.003223824627962974,0.04461103432596296,0.0072379090058003895
joint_neural_hef_gte_finetuned,amazon_google,85,3,0.7566108383737885,0.008313157398918376,0.7255244163503182,0.006954510492232042,0.7905982905982906,0.015408338784034149,0.9704614858815928,0.007801609166734467,0.796005287347126,0.02798322155108089,0.046777909031351296,0.0003798130178704154,0.04212070714307591,0.00040396269533324574
joint_neural_hef_gte_finetuned,amazon_google,90,3,0.7523921735023793,0.00840615536123337,0.7005226495939254,0.03533220309195665,0.8148148148148148,0.03091529118833433,0.9671029418479637,0.00787058272330432,0.7874212604145796,0.017255178035950895,0.0470149357788027,0.0028052672664640303,0.04250369781300548,0.005148554326699529
joint_neural_hef_gte_finetuned,amazon_google,95,3,0.7624649031507738,0.011332211362946338,0.7010808885211616,0.022078430865138422,0.8361823361823362,0.013737394246428725,0.9707856135733746,0.0022821163018715636,0.8063684223171305,0.015666593135132006,0.04667015533060764,0.0032937702488960493,0.04231371890401436,0.004206383204736973
joint_neural_hef_gte_finetuned,amazon_google,100,3,0.7544413302208169,0.02045640157350239,0.7182151719261703,0.01631197080062538,0.7977207977207977,0.06815312657496118,0.9737470406484491,0.0008741261291019618,0.796868555076525,0.018760826725807474,0.04888676395694385,0.003973724952896565,0.043966184454937704,0.0027913309576774797
joint_neural_hef_gte_finetuned,link_lives_release2,1,3,0.7698145113337619,0.012988129631123821,0.7541149848982496,0.00879643023196226,0.7862564102564102,0.018903262505010423,0.9235744488869334,0.005384938035845398,0.7377747365437564,0.07280690175970563,0.09316965677521023,0.025683468684599395,0.09828389267548945,0.0534073120635663
joint_neural_hef_gte_finetuned,link_lives_release2,2,3,0.8005046217886687,0.011107271338193371,0.7891453974302735,0.017941741270090197,0.8124102564102564,0.012724977379534506,0.9382077968868568,0.019297352876951224,0.8193915193916472,0.0333430586207652,0.07190603225412279,0.008607347010870486,0.07466010782142356,0.024718821725238385
joint_neural_hef_gte_finetuned,link_lives_release2,3,3,0.7994654698641489,0.012821748598545676,0.7707327210243439,0.016137757253251214,0.8305641025641025,0.014891587183248534,0.956076489455997,0.0015940371486393176,0.8496519467150041,0.004032716121251995,0.06355656326910462,0.0009380622532089574,0.06030926613444066,0.01414554910414369
joint_neural_hef_gte_finetuned,link_lives_release2,4,3,0.8170355304576628,0.0013978697550388565,0.8005234724807659,0.020202786520624613,0.835076923076923,0.024167071342595596,0.9620828343504294,0.0037422270577633673,0.8674595957313148,0.01952874329176097,0.06347547859817261,0.005082151317228182,0.05198080935858916,0.005012594443433962
joint_neural_hef_gte_finetuned,link_lives_release2,5,3,0.8254332715680228,0.0052000790794805565,0.7953194245779115,0.019453924738336504,0.8585641025641025,0.020410771801249516,0.9641019487434559,0.005242948612380335,0.8623650329979193,0.023386335659719447,0.060690774839596284,0.005611391536867525,0.047661934424218885,0.006663170846596829
joint_neural_hef_gte_finetuned,link_lives_release2,10,3,0.8581460925550526,0.007646944674799553,0.8432462887114902,0.005235004039774076,0.8738461538461538,0.020984073983541563,0.979758294594405,0.002904839008275791,0.9186894767157809,0.012809737269183651,0.05526327685388182,0.004269799427193424,0.05223102839675828,0.004347386390395054
joint_neural_hef_gte_finetuned,link_lives_release2,15,3,0.8690584850188321,0.0073936318735987475,0.8487115975126933,0.021383955157122228,0.8907692307692308,0.00908083357746076,0.9835123071821655,0.002332965501296764,0.938418537735459,0.006143923736898389,0.04634963560053261,0.00823774262969287,0.04396887406733803,0.009332323397296635
joint_neural_hef_gte_finetuned,link_lives_release2,20,3,0.871330774258452,0.009758334185039389,0.857773924410441,0.04406128064353909,0.8872820512820513,0.02620688438091475,0.9846717585241583,0.0026473743121665696,0.9421300741687989,0.0075833850282820345,0.04343482229983365,0.004315183092220143,0.04118564500052439,0.004595474038223485
joint_neural_hef_gte_finetuned,link_lives_release2,25,3,0.8812161287354056,0.005525750165929922,0.859306376790775,0.007163454171340204,0.9043076923076923,0.007384615384615378,0.9873765136877546,0.0017478544636681983,0.9474891487714918,0.007178638738522406,0.03965101500697019,0.004030688376184083,0.036761673278809345,0.006189656295007869
joint_neural_hef_gte_finetuned,link_lives_release2,30,3,0.8999461233272384,0.008377472529868105,0.8851959371880092,0.018770351227962362,0.9153846153846154,0.004070386632407056,0.9897778553619141,0.0004902834805662581,0.9593468679303113,0.00322088276808767,0.03398271192684203,0.000995702184125649,0.032593164969139894,0.0009437170223984229
joint_neural_hef_gte_finetuned,link_lives_release2,35,3,0.8955860048425134,0.005039485752535624,0.8667153698386298,0.0020627029798532047,0.9264615384615384,0.008499216810420393,0.9894865768816279,0.0005966223930705868,0.957859955823237,0.003538253974686668,0.03409672130248354,0.0032149468783756853,0.03253673302131734,0.0032914746097028286
joint_neural_hef_gte_finetuned,link_lives_release2,40,3,0.9045857742108264,0.0009634595717365718,0.8845670922919392,0.010688079864807735,0.9257435897435897,0.012887619244183057,0.9906270254242152,0.0004948815463754849,0.9639293210461888,0.001981932391081001,0.030720750490487822,0.0006683301236899016,0.029412729880950953,0.0009031183180856213
joint_neural_hef_gte_finetuned,link_lives_release2,45,3,0.9022606659296067,0.0009008708219822464,0.8751252820997403,0.005154323266168679,0.9311794871794872,0.005937212569602619,0.991110197106218,0.00030217808069322565,0.9627394085029894,0.0021523277385554107,0.03191062096556586,0.0016439927738088479,0.029908005696668082,0.002581491683130809
joint_neural_hef_gte_finetuned,link_lives_release2,50,3,0.8978567003297919,0.0032000466628725266,0.8574297020369902,0.016696565122564604,0.9426666666666667,0.013847293400400137,0.9908806841007786,0.0003900252047346351,0.9621394342671128,0.0012047339846309939,0.037336619228608994,0.010086424779496981,0.03773434912436452,0.014563983966646928
joint_neural_hef_gte_finetuned,link_lives_release2,55,3,0.9049825759539992,0.003067329648203521,0.8734959115258438,0.0033463468905422034,0.9388717948717948,0.008617215922582572,0.9915515243688583,0.0005119831588813878,0.9638147484454963,0.002707899597796247,0.03279460940206391,0.002210057416100444,0.031949725038313836,0.0012791801532146298
joint_neural_hef_gte_finetuned,link_lives_release2,60,3,0.9033435906410614,0.009436341999461487,0.8622276922424286,0.017415192588241552,0.9487179487179487,0.0014540971157700707,0.9917485476887367,0.0010268962260248347,0.964448657670008,0.003137082389998082,0.030995021316470944,0.0041646821232007416,0.029417496619254684,0.005342443986069443
joint_neural_hef_gte_finetuned,link_lives_release2,65,3,0.9067586464858635,0.01109387700555081,0.8688882644572449,0.018630808144572093,0.9482051282051283,0.0022680353217944824,0.9928454460237599,0.0009939641385186939,0.969208606149425,0.004320725553135767,0.03995156013798683,0.01785888377243385,0.04195540670266439,0.023352408216522114
joint_neural_hef_gte_finetuned,link_lives_release2,70,3,0.9162694098169437,0.009331071954731174,0.8832711472822122,0.01868068367075662,0.9520000000000001,0.0025185700836530653,0.9935531823312227,0.0008085739733516578,0.9726213702247519,0.0037454199966115076,0.026368148488903696,0.0017691262692843695,0.02492452262151957,0.001979733447360884
joint_neural_hef_gte_finetuned,link_lives_release2,75,3,0.9121672939668255,0.015082853732214893,0.8805744667931775,0.022975549445988366,0.9462564102564103,0.007393157452693422,0.992668484048489,0.0018625145354466918,0.9677815712317924,0.009106979180552081,0.03033808142693684,0.008107916314497188,0.03080695907823765,0.011103604690158019
joint_neural_hef_gte_finetuned,link_lives_release2,80,3,0.9222654013802131,0.0007639051473887924,0.9053593059962276,0.010827119430121422,0.94,0.01143440256988433,0.9937007218513063,0.0001520350708375539,0.9733853647052892,0.0014594743894726615,0.02677018397405738,0.003601863895054806,0.028283722707318062,0.007242772725416641
joint_neural_hef_gte_finetuned,link_lives_release2,85,3,0.9208528206627681,0.0069999120411510666,0.8919274159349158,0.013285216063302017,0.9517948717948718,0.002309401076758505,0.9944560990696281,0.0003701859901325774,0.9759977146435551,0.0019171946994105185,0.02556209462956909,0.0006820587129079647,0.024721575472129647,0.0008983699805117461
joint_neural_hef_gte_finetuned,link_lives_release2,90,3,0.9191278435009489,0.004283621100209424,0.8924309258196237,0.010222171990917909,0.9475897435897436,0.009211946621223347,0.9941934618891843,0.0005802739137297558,0.9732608345948772,0.002873835372715561,0.03164589147678898,0.010230808250698702,0.03221910493359983,0.01290227452333763
joint_neural_hef_gte_finetuned,link_lives_release2,95,3,0.9240352059550797,0.0024122949918721852,0.9044544929700724,0.002715590337737619,0.9445128205128205,0.006841110213600937,0.9945639750285361,0.00026497342380008324,0.9758459378474775,0.0009030350933109557,0.024344032722122242,0.0012472664514279078,0.02232464033790622,0.0005540387551936923
joint_neural_hef_gte_finetuned,link_lives_release2,100,3,0.925979894048556,0.002524382442964481,0.9136656007091952,0.017759794279744327,0.9390769230769231,0.017239009018869454,0.9944002799405683,0.0002582683662691556,0.9756941287471138,0.000992267159543414,0.024412851224114445,0.0017223861949906129,0.02316304595855434,0.000616712700128758
joint_neural_hef_gte_finetuned,walmart_amazon,1,3,0.24416533434146778,0.04276824687055268,0.15446938100056604,0.0489295053355736,0.7219343696027634,0.20830905833678368,0.6796754027455184,0.04461157208369181,0.17365077587497546,0.04901301206969821,0.21499827993023002,0.028848225897152566,0.36212178039583753,0.037010466710600265
joint_neural_hef_gte_finetuned,walmart_amazon,2,3,0.3857351408301017,0.014022562187859303,0.2992021510711342,0.030740771663726258,0.5509499136442142,0.049245517890788446,0.8003329536656543,0.021839294420893218,0.3158124404080495,0.021633775136263907,0.133494932141476,0.026600198468251672,0.23902214112219933,0.05199992032092732
joint_neural_hef_gte_finetuned,walmart_amazon,3,3,0.4736750239923845,0.10937537616121056,0.4128789704418269,0.13911823285280878,0.5682210708117444,0.06246335516416278,0.8516420627121672,0.05929468975083667,0.40565790440381494,0.1058366130253429,0.13862242280141543,0.05009515839764928,0.25121306444845376,0.09311352771729571
joint_neural_hef_gte_finetuned,walmart_amazon,4,3,0.5748755274714643,0.03511546055829935,0.5048245448838669,0.05192080815622022,0.6701208981001727,0.010785834194125016,0.9113731872729438,0.003494966475228209,0.5372073203601929,0.06435101242874548,0.08993335921099346,0.026476440419218098,0.16349943395875538,0.07439724427637293
joint_neural_hef_gte_finetuned,walmart_amazon,5,3,0.5648707472462262,0.02359622376233303,0.5343552720937786,0.028380416035276874,0.5993091537132987,0.019616263716063127,0.906655723304151,0.00883299169839122,0.5347663429419599,0.03291402038503261,0.1012826361099971,0.006665903234558676,0.20157306456742335,0.01190179230727513
joint_neural_hef_gte_finetuned,walmart_amazon,10,3,0.6966357115212899,0.011131307874790188,0.6595931985701404,0.02750886480010677,0.7392055267702936,0.021571668388250094,0.9374651040736108,0.014848205049331589,0.6919901532033853,0.018836489464871785,0.05855058164893855,0.007435746181073979,0.06821973557651106,0.006797461630584542
joint_neural_hef_gte_finetuned,walmart_amazon,15,3,0.7073412343302686,0.033568642451529226,0.6883411909318645,0.019555596051954897,0.7288428324697754,0.060719847430904805,0.9381420850455602,0.015410125741118894,0.7238968066421154,0.03695397531877534,0.05774021802203628,0.013081471098098787,0.0791356530559722,0.03581399346054782
joint_neural_hef_gte_finetuned,walmart_amazon,20,3,0.7530056843083002,0.006924775061908996,0.753531281365005,0.017797963055746515,0.7530224525043178,0.01961626371606309,0.931329004377345,0.015438132754915795,0.7700636290837483,0.004619038046044646,0.0448945389055522,0.0038902331898423652,0.038895296120456474,0.018181952900503884
joint_neural_hef_gte_finetuned,walmart_amazon,25,3,0.7645573380867499,0.0190339640243903,0.7738542518563069,0.036734817514441895,0.7564766839378239,0.023743915517905882,0.9429391117265201,0.020062098121706128,0.776537443242377,0.017256883638372657,0.0454399797574196,0.010267903357785522,0.041587193761665114,0.01896672912439925
joint_neural_hef_gte_finetuned,walmart_amazon,30,3,0.7735667075553594,0.017932155898553466,0.7770864440967533,0.01702430317733395,0.770293609671848,0.024486091327733685,0.9530524164731105,0.010146599748810829,0.78394358265635,0.016104738803215165,0.04524706425995885,0.004473494824729555,0.03655778526632885,0.012517367582739651
joint_neural_hef_gte_finetuned,walmart_amazon,35,3,0.7857610216045442,0.010909710208517576,0.8023993046898806,0.009497075693383794,0.770293609671848,0.026588608494543475,0.957345080697993,0.005349131953528491,0.8010003529904668,0.025990349960060728,0.040446479305090995,0.0059913103682311215,0.03427825046946239,0.009528576457622898
joint_neural_hef_gte_finetuned,walmart_amazon,40,3,0.7926695492032989,0.007766449930328187,0.8368935309222141,0.0030428702973124603,0.7530224525043178,0.01582927701193728,0.9502374784110535,0.01049040912710145,0.8133009973235332,0.011949820239636883,0.039707820337569116,0.0008320413299518813,0.02989604029664626,0.0066091020342838366
joint_neural_hef_gte_finetuned,walmart_amazon,45,3,0.7932552098273776,0.01281937888043891,0.8119694267125284,0.012346418097379967,0.7754749568221071,0.016655700796188173,0.9627567409624203,0.005584567062094777,0.8192617025531094,0.02229937561293919,0.03788559712043361,0.006429837058188574,0.03444292508029339,0.006348413977340382
joint_neural_hef_gte_finetuned,walmart_amazon,50,3,0.7916858740388152,0.006321375359365744,0.8035549922977356,0.02411057003619899,0.7806563039723662,0.010785834194125078,0.9652594768030491,0.011853180211408644,0.8301377909662142,0.04342781923605534,0.037003545853460156,0.0015718657935668758,0.02778795621954347,0.001412869679900085
joint_neural_hef_gte_finetuned,walmart_amazon,55,3,0.7968569308576902,0.004784004783943888,0.8281899134565514,0.02804409890656544,0.768566493955095,0.016655700796188173,0.9593415929664701,0.010875382263048511,0.8174320279447882,0.013740162066367878,0.03854253519455281,0.0027345980767518596,0.04146004263412378,0.013287750284902913
joint_neural_hef_gte_finetuned,walmart_amazon,60,3,0.7912911984053339,0.009343930347693673,0.8115368366089061,0.025428052171767523,0.7737478411053541,0.040245872876445765,0.9619471554701924,0.00567931369583683,0.7956091307307549,0.0519730549475421,0.043356727369454125,0.005729943270886536,0.036456463846667564,0.00858340067650027
joint_neural_hef_gte_finetuned,walmart_amazon,65,3,0.7971554642886569,0.012121751606391033,0.8220434089286548,0.013211740464718163,0.773747841105354,0.011965808687867934,0.9601637409921981,0.006284369136458588,0.8441368937093369,0.0036281529163871957,0.03604750919437921,0.00207348719390777,0.03221240043032966,0.002230566644639828
joint_neural_hef_gte_finetuned,walmart_amazon,70,3,0.8007666364833542,0.022321074598818335,0.8496331047756526,0.05096902573546332,0.7582037996545768,0.010785834194125033,0.9685959926448693,0.006648273915751874,0.8568327472809506,0.024477479952428854,0.03745665647525812,0.009897742334673875,0.038110543765041,0.02187641618322702
joint_neural_hef_gte_finetuned,walmart_amazon,75,3,0.7910412465900996,0.015493434323027555,0.8237109810479376,0.056072223438605504,0.7633851468048359,0.02853663496003159,0.9699648435173605,0.00680865025951774,0.8457515456804922,0.008098876671558626,0.039568831432287954,0.004888312856051722,0.03795765961206145,0.01037521815961876
joint_neural_hef_gte_finetuned,walmart_amazon,80,3,0.8133007717711279,0.02172923879041715,0.8653906169278229,0.05899343436082782,0.768566493955095,0.007914638505968616,0.9692399388065035,0.008791191880383948,0.8619562016876671,0.020736149876949526,0.0338349600545777,0.004618686151687443,0.03051034334831637,0.0029329428799242246
joint_neural_hef_gte_finetuned,walmart_amazon,85,3,0.8119026241534693,0.017984700328473175,0.8478495202224016,0.021220083606662263,0.7789291882556131,0.016655700796188173,0.9704287266988267,0.005536876251357199,0.8583498074407714,0.02380533142799502,0.033386315422536963,0.003863836983493261,0.02870298432958484,0.00654444941891291
joint_neural_hef_gte_finetuned,walmart_amazon,90,3,0.8018396634516043,0.001285581556917616,0.855303663327536,0.009425056553708419,0.7547495682210709,0.005982904343933967,0.9530542775891847,0.01240904734630689,0.8376620485608811,0.010821536386900145,0.03374666898515241,0.0007871816624301327,0.029793880388783223,0.00287869191526878
joint_neural_hef_gte_finetuned,walmart_amazon,95,3,0.7969836220101332,0.0029057264318224805,0.8710287573591667,0.03338757106109963,0.7357512953367875,0.025906735751295373,0.9704022057947711,0.008225041161466913,0.8536266518524867,0.021744540780499668,0.03604814201439163,0.0027454574341559943,0.031081957851638992,0.002302543448431289
joint_neural_hef_gte_finetuned,walmart_amazon,100,3,0.7978546677846586,0.011035448576136269,0.8449988310933004,0.05869158079139511,0.7599309153713298,0.04978768671986037,0.9702923999463998,0.00726236635554864,0.8492122160294319,0.03515898741097748,0.03787022654142968,0.008364249292542975,0.03210841264487543,0.009174212976617692
joint_neural_hef_gte_finetuned,wdc_80_medium_seen,1,3,0.24592358250359486,0.028101216892953466,0.17014498614314116,0.038741859695275806,0.5126666666666666,0.17472645287229213,0.6092484166666666,0.032816915998396826,0.16763331187004543,0.024270920404958672,0.17787283126794537,0.024281402104062284,0.2721287849181228,0.04210853535324056
joint_neural_hef_gte_finetuned,wdc_80_medium_seen,2,3,0.33929843779038255,0.021273883488842467,0.25022376503891275,0.03198760138694954,0.5393333333333333,0.05934082349726312,0.738153,0.03612600214180919,0.25687150401671427,0.02765058674731334,0.1606639805529673,0.031674106597084,0.2536940241649195,0.055153162727650876
joint_neural_hef_gte_finetuned,wdc_80_medium_seen,3,3,0.39245909668334944,0.014780714486815448,0.2968458630683838,0.02263592778274686,0.5826666666666667,0.031390019645316125,0.7726924166666667,0.010822723231508492,0.32170806390033113,0.021023973501631012,0.12344397979348806,0.007747642358871905,0.11804993778053258,0.03300560089311297
joint_neural_hef_gte_finetuned,wdc_80_medium_seen,4,3,0.42814993332896145,0.018242201424918243,0.32148418712701293,0.022727326927523866,0.646,0.05499090833947008,0.8073723333333334,0.014833159542755372,0.3569802445915521,0.0005299936458661076,0.11960271564081534,0.002659739934966525,0.11835896033379767,0.034890175180568715
joint_neural_hef_gte_finetuned,wdc_80_medium_seen,5,3,0.41882289211120266,0.026812766614384746,0.31642226634328113,0.034601571683089506,0.6246666666666667,0.020231987873991376,0.8049831666666667,0.01471231560915317,0.32557564909971815,0.02045756044429037,0.13498089204292013,0.006784695220592878,0.17697035861953542,0.019805359224838944
joint_neural_hef_gte_finetuned,wdc_80_medium_seen,10,3,0.492722662789201,0.04048870439633957,0.40393998200238695,0.0678271793327289,0.648,0.05381449618829483,0.8581483333333334,0.025973125077102935,0.44505366343628344,0.04384234672276066,0.11685001683653023,0.003927832137000774,0.10410992423196634,0.005864736336633432
joint_neural_hef_gte_finetuned,wdc_80_medium_seen,15,3,0.52883121852177,0.028182571347023525,0.4342223803500185,0.03340810948156984,0.6793333333333333,0.046576102599222825,0.8704860833333333,0.015204415736746801,0.4660064266382035,0.044454074893684734,0.1104074882110545,0.011468965533932653,0.09558760407529082,0.020420536620859263
joint_neural_hef_gte_finetuned,wdc_80_medium_seen,20,3,0.5394935841633293,0.009807327882024612,0.4529687391821033,0.01196597747377872,0.6686666666666666,0.040414518843273774,0.8851675833333333,0.005270184320385131,0.49648233127806435,0.018653392338291722,0.10518044884702944,0.0021017715603785844,0.08704862695263216,0.00836552531786953
joint_neural_hef_gte_finetuned,wdc_80_medium_seen,25,3,0.5444713306157695,0.022910831083937558,0.47469565965500926,0.027297435178577655,0.6453333333333333,0.0790021096764721,0.89465625,0.01055252064970722,0.5224729681265298,0.021309589187811805,0.10717110923461745,0.008245244751636347,0.08828327608750099,0.016142376134683535
joint_neural_hef_gte_finetuned,wdc_80_medium_seen,30,3,0.5840945734210329,0.015410474775995458,0.5098360181409495,0.007212766467414814,0.684,0.031048349392520023,0.9050169166666666,0.009215132345540887,0.554850135248439,0.016532516888754803,0.09378177005367881,0.005334061056312484,0.08572585703249745,0.011992024265765127
joint_neural_hef_gte_finetuned,wdc_80_medium_seen,35,3,0.5824874470693049,0.00966693865035653,0.5163200171222759,0.03542657972822401,0.672,0.03934463114581198,0.9099568333333333,0.0016203100462052254,0.5682486094564868,0.023916056820870127,0.09416611150932416,0.0015771210718267443,0.08296512755141076,0.0036770011771964737
joint_neural_hef_gte_finetuned,wdc_80_medium_seen,40,3,0.6059790503002482,0.011293239500578325,0.5435359761061029,0.030736478771343473,0.6873333333333334,0.03442867022313425,0.9168665,0.007034828209523048,0.6088563210894138,0.029686438952127758,0.08953822462888594,0.003711908351372007,0.085888446250482,0.0034713280778885885
joint_neural_hef_gte_finetuned,wdc_80_medium_seen,45,3,0.6083002554472994,0.00877411607231143,0.562950563947207,0.03211142234130706,0.664,0.02946183972531245,0.9126635833333333,0.0007114163835851334,0.6038363939789463,0.012223706347782314,0.08584647568836687,0.007762904546571271,0.08246354626143283,0.008784047613452367
joint_neural_hef_gte_finetuned,wdc_80_medium_seen,50,3,0.6038236082204892,0.013062367976003771,0.5289656368324758,0.009209727207159657,0.7053333333333334,0.04842864166310399,0.9186338333333333,0.006050725268166953,0.6164341210928774,0.04162010874406306,0.08581328936790923,0.007630828408742962,0.07901291907839132,0.00455436571053729
joint_neural_hef_gte_finetuned,wdc_80_medium_seen,55,3,0.6184183365580533,0.013009337593601539,0.54852999194625,0.007603708571533104,0.7093333333333334,0.032516662395352516,0.9230389166666666,0.008019909543338546,0.6367637208194661,0.03283667336566515,0.08383566429516971,0.0033724210729479086,0.0772922606074372,0.0013535600054407253
joint_neural_hef_gte_finetuned,wdc_80_medium_seen,60,3,0.6174485821309279,0.005412024505346721,0.534688687140634,0.005725755895765567,0.7306666666666667,0.013316656236958798,0.9209117499999999,0.006054770350723452,0.6287469247665637,0.026967372249091504,0.08334914073626655,0.002988449905813588,0.07544933257999624,0.003450318862724491
joint_neural_hef_gte_finetuned,wdc_80_medium_seen,65,3,0.6408159995239752,0.003513806371384608,0.5759011706301785,0.02806112006431744,0.7253333333333333,0.043096790290384,0.9244423333333333,0.010578456073351828,0.6623814585929583,0.017843055510182518,0.07533896301330212,0.0012604768094368055,0.06963135339725866,0.0028482446042087423
joint_neural_hef_gte_finetuned,wdc_80_medium_seen,70,3,0.6357583725805378,0.011446929779476332,0.5652932376375773,0.022609759167474326,0.7273333333333333,0.020231987873991376,0.9268650833333333,0.0032451432589075025,0.6625459503894819,0.02562365682018032,0.07740369930542304,0.006223743322033435,0.0695356408261556,0.008801088735031192
joint_neural_hef_gte_finetuned,wdc_80_medium_seen,75,3,0.6511113128101836,0.02422497354855324,0.5869435654023072,0.036475198715846056,0.732,0.01442220510185597,0.926714,0.005650661415931808,0.6699955472824556,0.01835258091663798,0.07596557716020894,0.0006113104012137102,0.06809482999272316,0.005023947790019674
joint_neural_hef_gte_finetuned,wdc_80_medium_seen,80,3,0.6401035006319511,0.011716954588403737,0.5714626277140303,0.04043964117757139,0.7313333333333333,0.035851545759330035,0.9171640000000001,0.01696301872272439,0.655818942945798,0.010705597477523423,0.07629526428263722,0.0007740959012017931,0.07054976636034231,0.0024047538899198946
joint_neural_hef_gte_finetuned,wdc_80_medium_seen,85,3,0.6516500944521744,0.013901515284104106,0.5932862360630526,0.04617278065600963,0.7273333333333333,0.03879862540520393,0.93273425,0.01203750722741216,0.683253875027633,0.011871694437635001,0.07626547343937948,0.001997134610963921,0.07038440354552154,0.0009045295224262631
joint_neural_hef_gte_finetuned,wdc_80_medium_seen,90,3,0.6651529538367025,0.0057211833882495795,0.6041228940067059,0.018736687543009008,0.7406666666666667,0.017473789896108226,0.9332258333333334,0.004304444623971014,0.7057698212991012,0.011970666269412913,0.06992954033777005,0.002652367169565805,0.06415066103344887,0.0027088575934932917
joint_neural_hef_gte_finetuned,wdc_80_medium_seen,95,3,0.6676985373909426,0.008297385404403623,0.6241014052679895,0.010371065997731264,0.718,0.013114877048604014,0.9321894166666667,0.005922431069318908,0.6974948758413541,0.0031108867108805838,0.07393333831404557,0.0029886114145538257,0.07032486160820203,0.005574635220764692
joint_neural_hef_gte_finetuned,wdc_80_medium_seen,100,3,0.6646506667517726,0.006876650708950525,0.6199689344516931,0.015509462780683816,0.7166666666666667,0.013316656236958798,0.9322375833333333,0.0038883073947198472,0.710347306097433,0.012485363840724852,0.07168817479417572,0.002666581438065393,0.06922888530170139,0.0006720077117398564
joint_neural_hef_gte_finetuned,wdc_80_medium_unseen,1,3,0.2706654645963682,0.06818287539898134,0.17807355274278588,0.06000997529461636,0.64,0.143429425153976,0.6494855833333333,0.08312023207616684,0.2042420429449096,0.06023974811172905,0.17830607222771505,0.050328061520971204,0.27201044360520665,0.08757520959475515
joint_neural_hef_gte_finetuned,wdc_80_medium_unseen,2,3,0.40697036671447284,0.03807807334844022,0.28183061582292057,0.031694056565579394,0.734,0.0389358446678636,0.8142515833333334,0.02665644202900734,0.33352579179964886,0.04165074447171191,0.16175746678905403,0.03975408012297347,0.26150346327545465,0.0776165837943327
joint_neural_hef_gte_finetuned,wdc_80_medium_unseen,3,3,0.29459754610101796,0.05283156342441519,0.1906018971404914,0.048770595141781836,0.6953333333333334,0.08139615060513203,0.7029914166666668,0.03717965966285643,0.22973111809003444,0.03342994908183455,0.20830090896404438,0.01552536963610092,0.3381455003961369,0.020338029737636
joint_neural_hef_gte_finetuned,wdc_80_medium_unseen,4,3,0.44356150662166893,0.02687880663581012,0.3150317103699598,0.02392867107925921,0.7506666666666667,0.030088757590391382,0.8465976666666666,0.018653711254957638,0.3879025844495735,0.047056484082528154,0.1389639681573186,0.033488514638838486,0.22172734510788208,0.07500109743809934
joint_neural_hef_gte_finetuned,wdc_80_medium_unseen,5,3,0.45667616825331114,0.021573383681525848,0.3292697464352779,0.030435154804819415,0.752,0.038000000000000034,0.8545131666666667,0.011633198534617799,0.38422117213959067,0.015854110465562194,0.13672423261566607,0.013492679237038287,0.21712164287324306,0.03818720238694287
joint_neural_hef_gte_finetuned,wdc_80_medium_unseen,10,3,0.5289714164689384,0.030502627583190726,0.4314871010108658,0.059000179752971914,0.7,0.07701947805587885,0.88326025,0.012795177316571208,0.4875838689967927,0.03595823053510788,0.10444958561370976,0.006987398276082383,0.0902116554160085,0.01885323351740686
joint_neural_hef_gte_finetuned,wdc_80_medium_unseen,15,3,0.5696756947652519,0.012687236747537621,0.47864014083498563,0.017531734543149293,0.7053333333333334,0.040265783654777315,0.89956625,0.003565073254857459,0.49957662351429194,0.01427444116696683,0.10481268859977032,0.0064922222164795155,0.10080103882233163,0.010559682030519291
joint_neural_hef_gte_finetuned,wdc_80_medium_unseen,20,3,0.5891031747760229,0.02187984806893928,0.5002947622194813,0.03922924381441312,0.7193333333333333,0.018583146486355156,0.912814,0.004661693006569607,0.5376501937639019,0.013611908954225656,0.0989181870446816,0.0018741535449683093,0.09341762324350161,0.0056102606901338664
joint_neural_hef_gte_finetuned,wdc_80_medium_unseen,25,3,0.5902544222474267,0.016159608727191552,0.48966138983936286,0.022713747058961318,0.744,0.02200000000000002,0.91831975,0.003866435204099578,0.570269173148798,0.016351062649461817,0.09083294275756035,0.009880611623686591,0.07959988780716366,0.020339144537839148
joint_neural_hef_gte_finetuned,wdc_80_medium_unseen,30,3,0.6108229264862807,0.007183007109966372,0.5216174898042445,0.01485645164166149,0.7373333333333333,0.010263202878893778,0.9149999166666666,0.006765339313059886,0.5654951998759028,0.023366435741709053,0.09405563598903877,0.011356900785749175,0.08639377192721737,0.01047328304014308
joint_neural_hef_gte_finetuned,wdc_80_medium_unseen,35,3,0.6227934374192753,0.020405456242326075,0.5234426707109638,0.037352162286562074,0.772,0.029461839725312498,0.9211244166666667,0.006337192622394585,0.5809548002642184,0.027039129508284333,0.08921760923928918,0.003694551937461688,0.08537553866023061,0.0035291220780316896
joint_neural_hef_gte_finetuned,wdc_80_medium_unseen,40,3,0.6224351431173683,0.021264840674183147,0.5245974741030401,0.023486100936568596,0.7653333333333333,0.014468356276140484,0.919579,0.0076944793480457135,0.5792257219909449,0.015232609672651554,0.08927044132908488,0.006026061352470261,0.08139374936942909,0.011450552736290916
joint_neural_hef_gte_finetuned,wdc_80_medium_unseen,45,3,0.6342934814929855,0.003664385345754707,0.5398742357675325,0.012597404760390537,0.7693333333333333,0.016653327995729078,0.9255364166666666,0.0027106980689174864,0.5918211327420041,0.01875877066997891,0.08494082296846857,0.00531133415249522,0.07908544356993366,0.005673080175714257
joint_neural_hef_gte_finetuned,wdc_80_medium_unseen,50,3,0.6310946927573996,0.021716833710348212,0.5443493230880042,0.041873151694644145,0.756,0.05325410782277744,0.9284475,0.0031225786219084384,0.5804815116025162,0.012841086003395263,0.08994553350689212,0.003433506131076119,0.0841510554910465,0.004243441554801913
joint_neural_hef_gte_finetuned,wdc_80_medium_unseen,55,3,0.6373970372083884,0.008971795552674355,0.5432710790427269,0.029434106794598673,0.774,0.03555277766926233,0.9284448333333333,0.004467195438228882,0.6005206897456854,0.011844706185273954,0.08425144687917069,0.0038841068202962715,0.074035741991122,0.002958887386958081
joint_neural_hef_gte_finetuned,wdc_80_medium_unseen,60,3,0.6377881982090651,0.004312424198180166,0.5571710946133134,0.025348729531230883,0.7493333333333333,0.05064911976859359,0.9325970833333334,0.0029984980545822155,0.6184372984053305,0.009180738032276259,0.08259910570155189,0.005565352309511314,0.07363979402482854,0.007149442777456902
joint_neural_hef_gte_finetuned,wdc_80_medium_unseen,65,3,0.6400555731363134,0.024919195250368453,0.5526678272100206,0.05029652900858636,0.7646666666666667,0.027153882472555093,0.9281235833333333,0.004168082850164356,0.6261547212819993,0.017212493860544475,0.07862117138497536,0.006407185307878742,0.07042517007333744,0.005856585260389553
joint_neural_hef_gte_finetuned,wdc_80_medium_unseen,70,3,0.6361595776072707,0.014677004536682645,0.5206549349221535,0.02895177988000472,0.8200000000000001,0.026153393661244,0.9337167500000001,0.0025901055480424717,0.640863379569163,0.019786401788098637,0.08119004513370842,0.00112359075105082,0.07385378131731758,0.004016705618430518
joint_neural_hef_gte_finetuned,wdc_80_medium_unseen,75,3,0.6672341990356229,0.01428255963206913,0.5924164945381399,0.021269805381791726,0.764,0.0020000000000000018,0.9343518333333334,0.002982600190409948,0.638255498218241,0.021649538638370627,0.07724471997768864,0.00832711140193483,0.07276565248886106,0.005602210512895054
joint_neural_hef_gte_finetuned,wdc_80_medium_unseen,80,3,0.6526714818427152,0.007004144220944279,0.5640297053715974,0.013388135506817542,0.776,0.04014971979976944,0.9351657499999999,0.007784272296592692,0.621678333532829,0.0016911748433088454,0.0805550819655024,0.002644807450896351,0.07374019349982135,0.005787720131505815
joint_neural_hef_gte_finetuned,wdc_80_medium_unseen,85,3,0.6498600180886746,0.017400957500758225,0.545006331540981,0.039199187518296146,0.8086666666666666,0.034312291286554025,0.9300185,0.0034448335500426907,0.6388666883982117,0.009850706501213039,0.07923944426486126,0.005163583754516212,0.07432078639992201,0.007151947311693637
joint_neural_hef_gte_finetuned,wdc_80_medium_unseen,90,3,0.6663869633977735,0.006675950282490607,0.5708978855058635,0.014395500064344816,0.8006666666666667,0.010263202878893778,0.93312275,0.0055671482769457945,0.6529457909831375,0.0024547995352039165,0.07646264031347592,0.0031875234747965825,0.07365642154664966,0.004430411317718088
joint_neural_hef_gte_finetuned,wdc_80_medium_unseen,95,3,0.6827387145346285,0.005106896307183938,0.6066257236459743,0.010963882729577608,0.7813333333333333,0.02402776172125349,0.9344544166666666,0.002924048406462124,0.6645700222548552,0.00880728552310908,0.0715622063409538,0.001098312055074779,0.06333412077673711,0.004282478358996619
joint_neural_hef_gte_finetuned,wdc_80_medium_unseen,100,3,0.6771583023160581,0.018840269509554485,0.5855110045423156,0.04235854126890469,0.8066666666666666,0.032393414968683545,0.9340395,0.0008142189125167966,0.6568372057785529,0.0051480959976447195,0.07430912768494484,0.002720438097226122,0.07024983329869186,0.0059071945508983115
joint_neural_hef_jina_finetuned,abt_buy,1,3,0.44386111891940555,0.2997716550665794,0.3655322462337076,0.30902161871396616,0.7880258899676376,0.25513545910279734,0.6134365714718295,0.4394070147854523,0.3541490962467036,0.32760921321079123,0.24942206800539074,0.013670628229357353,0.4112189417353669,0.020225679131924065
joint_neural_hef_jina_finetuned,abt_buy,2,3,0.635378699895317,0.19563014292493205,0.588352221037046,0.1377559004552979,0.6990291262135923,0.2667253760741001,0.8931754953727361,0.11886451947140596,0.6198074619210028,0.20832181674277794,0.24210226964355674,0.011732064586065178,0.4036729268434152,0.019078985629176138
joint_neural_hef_jina_finetuned,abt_buy,3,3,0.7171820425572026,0.12898405376780822,0.6603810430856052,0.147316181645888,0.7896440129449838,0.12061258999083635,0.9190947974034331,0.07994289373397448,0.6794744840038853,0.16334211109663482,0.23744333158559014,0.01459200093115842,0.41004323554934935,0.019435020451202028
joint_neural_hef_jina_finetuned,abt_buy,4,3,0.7787869930300263,0.052591014551314985,0.7133995496346687,0.05649308639233916,0.8576051779935275,0.04588170510924865,0.939974261435682,0.040599680115772,0.7431951815345142,0.10843364574012902,0.23245844543345506,0.004863855995786686,0.42121785592933286,0.013710856348788804
joint_neural_hef_jina_finetuned,abt_buy,5,3,0.7962557133295995,0.052166699831283886,0.7522031647031647,0.05546853717491229,0.8462783171521036,0.053250752983509196,0.9454825034538883,0.030802409559585738,0.7653060756384003,0.10128169855297585,0.23252806927936923,0.008223761516045619,0.4136000016630318,0.02328442373502111
joint_neural_hef_jina_finetuned,abt_buy,10,3,0.8290643285380475,0.021981931666212717,0.8072789054815345,0.01951185727493236,0.8527508090614887,0.03893595280102258,0.9534723405060656,0.029780954267286226,0.7895736163221956,0.06826808111864319,0.2189356540344863,0.014652378559721837,0.4213435429517146,0.010070963545960957
joint_neural_hef_jina_finetuned,abt_buy,15,3,0.8079224850384725,0.03436749522143175,0.7470390499827212,0.06766877309908466,0.883495145631068,0.017502676094485425,0.9609923541323644,0.017575046308756757,0.7424484785842619,0.08829475952210791,0.21976925314766516,0.014880433366240549,0.4195195637181888,0.014457422990568127
joint_neural_hef_jina_finetuned,abt_buy,20,3,0.7259999013289792,0.09218962717267994,0.6691183791318199,0.12807306871888774,0.7993527508090614,0.03893595280102252,0.9356852892749674,0.056109280120086785,0.6809325088542537,0.16263676131752783,0.24266143902051499,0.011345449588691848,0.41518305484711004,0.02089710920003894
joint_neural_hef_jina_finetuned,abt_buy,25,3,0.8043021571982908,0.06997547446445057,0.755389527458493,0.0826209506024208,0.86084142394822,0.05325075298350921,0.9396875413993452,0.053783612104004806,0.7139440387363922,0.13243815866296274,0.2297977728901916,0.014598034585826905,0.42881851686876354,0.005081481215454349
joint_neural_hef_jina_finetuned,abt_buy,30,3,0.7971044346896184,0.07518571137575418,0.7314551320961747,0.08899137529027903,0.8770226537216829,0.05347155871151559,0.9397987282121161,0.05720936003587644,0.7110623857298614,0.13975613032671955,0.2321634662185046,0.0074190292471753745,0.4309933248521059,0.00995292317619386
joint_neural_hef_jina_finetuned,abt_buy,35,3,0.8041305727140798,0.045331598402858476,0.7489064999959214,0.05902427873398141,0.8689320388349515,0.02568690593266598,0.9458198489751888,0.04615310067985142,0.7282022753801994,0.10403378743353131,0.23330864687664588,0.008384278182709672,0.4241908698880017,0.012923804810209983
joint_neural_hef_jina_finetuned,abt_buy,40,3,0.8365428254061874,0.05484466908581598,0.810802976701402,0.05755137510224313,0.8640776699029127,0.052508028283456194,0.9472477715323908,0.052238386385797045,0.7605631723656673,0.0996157067778063,0.19911915578284808,0.03509337338959226,0.40482419248081863,0.03232569264034523
joint_neural_hef_jina_finetuned,abt_buy,45,3,0.8077462373454648,0.050247432134802365,0.7674718562519149,0.06999666924198723,0.8543689320388349,0.03791383337818769,0.9472444595847763,0.04521355772755856,0.7513416440581183,0.11895723960398198,0.2363309358878141,0.015242671210926796,0.42053677421127994,0.020960348469170824
joint_neural_hef_jina_finetuned,abt_buy,50,3,0.8399822342401839,0.007880205221693698,0.8047830831381383,0.018355437691983174,0.8786407766990292,0.004854368932038888,0.9676153030905202,0.008008736793605128,0.8035745165593764,0.028203942269081628,0.21968806209792832,0.020356130903576124,0.417003967619722,0.014403205176775631
joint_neural_hef_jina_finetuned,abt_buy,55,3,0.8455172115802233,0.01038406264823571,0.8089291967951319,0.017597602749935725,0.8867313915857605,0.036756688322331914,0.9699913889362025,0.01059808125755748,0.7767490342865295,0.04163245437539332,0.17390802300439412,0.04926398797830934,0.3719181734796357,0.07196345285614798
joint_neural_hef_jina_finetuned,abt_buy,60,3,0.8684430520721701,0.01486039363353779,0.8370824984507955,0.049260402120013404,0.9045307443365697,0.024433121149743515,0.9738181078370144,0.008373571320687376,0.8244989667294138,0.027390933734456627,0.1660848746952745,0.068034158899015,0.36077281670928746,0.08609032930424641
joint_neural_hef_jina_finetuned,abt_buy,65,3,0.8609734788526914,0.03723699514952121,0.8496699078007489,0.05462754262412437,0.8737864077669902,0.03398058252427189,0.9601690985824864,0.022841753350221986,0.8199932368593752,0.09612591483704891,0.18895882086166885,0.02804281181132251,0.39946049134517264,0.030372226138285614
joint_neural_hef_jina_finetuned,abt_buy,70,3,0.8333679055217903,0.039215430858861575,0.8257050704259855,0.04132871744668082,0.8414239482200647,0.04071115089129171,0.9548855958666894,0.037548876874591554,0.7900741878822338,0.045752968621286104,0.19126228541022025,0.04533265890983293,0.3957746790238528,0.05429429209904874
joint_neural_hef_jina_finetuned,abt_buy,75,3,0.8409293875094676,0.00955641232121011,0.8064342183845193,0.03385436114368421,0.8802588996763754,0.03158450047887243,0.9638202842597324,0.013967769355186127,0.7757105457174249,0.05774728828694864,0.21852030431174588,0.008215929211270573,0.42885458043198993,0.01342918843407064
joint_neural_hef_jina_finetuned,abt_buy,80,3,0.837354265283801,0.014795820900857262,0.8089364877550015,0.035510546164311096,0.8689320388349514,0.017502676094485425,0.9635264671927932,0.018106092262123997,0.7782885228894295,0.06003339840671871,0.2089052768063831,0.012354972559976293,0.4176464891300985,0.015453252763784099
joint_neural_hef_jina_finetuned,abt_buy,85,3,0.8649050315740322,0.045438972977067595,0.8527253320729945,0.06936202933194972,0.8786407766990291,0.022245513082309952,0.9677979333446886,0.021242529498219285,0.8483375530483962,0.07149759346240628,0.11214121413572331,0.09309234126754944,0.2710361965752428,0.13349627670955297
joint_neural_hef_jina_finetuned,abt_buy,90,3,0.8837777652776961,0.047230319799720484,0.8563074618056344,0.08168802222767245,0.9158576051779935,0.018378344161165926,0.9695054789076251,0.016976836142391268,0.8220652218752778,0.07453756427802072,0.15494774501441294,0.04848729769867966,0.35772879718282447,0.05025989217893954
joint_neural_hef_jina_finetuned,abt_buy,95,3,0.8829162492072963,0.00889065753058404,0.8637884008039047,0.009419037208007793,0.9029126213592233,0.00840801362897513,0.9757442419425045,0.0023434839236197995,0.8452503704939134,0.04529745961991511,0.09968161576238428,0.04649679803277112,0.2661275250335576,0.09254209595942332
joint_neural_hef_jina_finetuned,abt_buy,100,3,0.8618656311687113,0.013181127497752928,0.8245444329515126,0.02099968886752891,0.9029126213592233,0.00840801362897513,0.9702866254092621,0.010557326923080992,0.8036736410579591,0.0191986228340259,0.16504841898813347,0.11163095974994897,0.31273071135270486,0.17346354019268131
joint_neural_hef_jina_finetuned,amazon_google,1,3,0.3095647262365399,0.20407849680535708,0.23421465467956212,0.21212226016915098,0.7008547008547008,0.1890029434828716,0.5915486039332566,0.25593075526971376,0.23574778868069096,0.2520443174747503,0.2507626572651426,0.013916078884592314,0.40473129263120367,0.012953711710280985
joint_neural_hef_jina_finetuned,amazon_google,2,3,0.3228635306993729,0.22863899497173476,0.25407927425792987,0.25677528524650783,0.8575498575498576,0.19862985517879553,0.553427105515498,0.2743761106150077,0.24513105651696615,0.27614510447412977,0.25034883990736523,0.014431323799610579,0.40579289414106645,0.012426273081280945
joint_neural_hef_jina_finetuned,amazon_google,3,3,0.3422801806929315,0.21975369398675587,0.26125465773659895,0.22544803335402935,0.7393162393162394,0.2406480038513006,0.551431143101857,0.3717241940053851,0.2671411954514558,0.26146657496496145,0.2513604588652401,0.011409383447087112,0.4038139095935802,0.007938747656624449
joint_neural_hef_jina_finetuned,amazon_google,4,3,0.3511250635594717,0.23807521603321752,0.2746226455163836,0.23325032415449018,0.6937321937321937,0.3102144179787168,0.6206381129887687,0.2953061119556043,0.290907218642378,0.27334108295177956,0.2498050308132716,0.012744571537541083,0.4025088382340878,0.011559823602166428
joint_neural_hef_jina_finetuned,amazon_google,5,3,0.3726255013877111,0.21206728593348395,0.2790561199633236,0.2044551697046735,0.7222222222222222,0.20703353015024487,0.6909620608017889,0.2158426320589155,0.29695476207804494,0.2717831038704499,0.24973237618261762,0.013921815370129534,0.40511058745541567,0.012984557302071504
joint_neural_hef_jina_finetuned,amazon_google,10,3,0.4649313584125976,0.21237134385308817,0.40929065721173796,0.2414006349119196,0.6652421652421653,0.18590152924726736,0.7740667405553272,0.13482710538232048,0.40543055941182854,0.2678266430113422,0.24090466801122468,0.022722479410339346,0.39669752399975833,0.014761876011348912
joint_neural_hef_jina_finetuned,amazon_google,15,3,0.5009267975179316,0.2600124928353733,0.4387367578095098,0.2816923283061368,0.7649572649572649,0.09856891106556237,0.7495074089294586,0.2756731922347372,0.4561697854816177,0.3234514030830562,0.24330896688547962,0.01628772517203599,0.39826977635074584,0.009866050224546384
joint_neural_hef_jina_finetuned,amazon_google,20,3,0.534468365676845,0.2794625486572834,0.45912796918648907,0.2936053472715518,0.8162393162393162,0.06716339164744319,0.7684607497623525,0.2544346711748699,0.47161113881820405,0.3314020484021031,0.22934299772997843,0.01559558347997828,0.3943656486712114,0.0057264298695803365
joint_neural_hef_jina_finetuned,amazon_google,25,3,0.5214802691857214,0.26245553166779756,0.44452803409537134,0.2775652108032223,0.8105413105413105,0.09028462608256879,0.7723305645840857,0.2360457579134912,0.4649415530909583,0.3221648672450271,0.24351368824724884,0.012319551398106508,0.39922408985959906,0.007218083091119778
joint_neural_hef_jina_finetuned,amazon_google,30,3,0.6675323870310502,0.04319398477071544,0.5859454640087798,0.07618893007390556,0.7834757834757835,0.025040449902061192,0.8976015934490922,0.005105610210972427,0.584777741863451,0.1068843508236558,0.23888603748805634,0.0112045083278268,0.398073384076084,0.00963106448215728
joint_neural_hef_jina_finetuned,amazon_google,35,3,0.5561187019251156,0.259586603261895,0.4759913349486531,0.2795589209996441,0.7863247863247863,0.02599471166794108,0.8209929584383202,0.16398442938095353,0.4879020487198461,0.3164655794290644,0.20687305337107179,0.059976807560605305,0.3636113131638962,0.0693914850904002
joint_neural_hef_jina_finetuned,amazon_google,40,3,0.628459375396781,0.14012335480264115,0.5306545904824309,0.15766494871542994,0.7863247863247863,0.07560600860236805,0.9082351956319902,0.029218909691805035,0.5806006881806456,0.17125194493277365,0.20992386395989257,0.04557492509330065,0.36277103943089306,0.04169415602762593
joint_neural_hef_jina_finetuned,amazon_google,45,3,0.6285474632752985,0.13925697324665823,0.5436156212018282,0.16500088024288007,0.7606837606837606,0.07189146940709708,0.9109866488448325,0.03051809493042777,0.5766021782799634,0.16842365726342148,0.16970750562025708,0.05269840411498128,0.31755310966795586,0.05282770295879687
joint_neural_hef_jina_finetuned,amazon_google,50,3,0.6320318874147464,0.14357216166460957,0.5636424759006122,0.17938862272877154,0.7378917378917379,0.056908787337430676,0.9146668991253741,0.03280094198249723,0.5964095716659535,0.1772947247663326,0.17577580111741045,0.0526295576334322,0.3268442645567173,0.05806495424759557
joint_neural_hef_jina_finetuned,amazon_google,55,3,0.589071168070863,0.22766539508820396,0.4986326875618189,0.2492705688922943,0.7863247863247863,0.059829059829059845,0.8682004098468401,0.09481565764526714,0.5084412097187179,0.27899137726242923,0.2154406446147492,0.026479670128478433,0.3812749926382623,0.014766589709425937
joint_neural_hef_jina_finetuned,amazon_google,60,3,0.7115502938519516,0.01645451586192417,0.6241481962040941,0.01503059417984974,0.8276353276353277,0.024300173944774878,0.9245256389501169,0.0019253406768246428,0.6351502379736872,0.06933210082722285,0.22008846997858272,0.010424903445024548,0.3934355384042953,0.012310759443919074
joint_neural_hef_jina_finetuned,amazon_google,65,3,0.6978635941857247,0.011970353809497089,0.6393401593207814,0.027109866340647444,0.7692307692307692,0.018627773262994328,0.9416435245721307,0.009873987233119058,0.6854133190655324,0.0060304707199264306,0.18659449493057487,0.0635704594862382,0.33874533134051615,0.07651556782728654
joint_neural_hef_jina_finetuned,amazon_google,70,3,0.6100918262755439,0.21270319052229303,0.5159420144491204,0.24349239649610271,0.8247863247863247,0.018627773262994328,0.8945225533375121,0.07024543354449864,0.543940171525139,0.2630431115948733,0.2195964182884304,0.026116094234796983,0.38815039658393946,0.02085428195463046
joint_neural_hef_jina_finetuned,amazon_google,75,3,0.746632875421054,0.015050136611564333,0.6655414601949725,0.010821161513408149,0.8504273504273504,0.025994711667941144,0.9414159087544226,0.009485177624379157,0.69693768966061,0.011682452543134218,0.14209480932407484,0.0783437804222313,0.2838762590559022,0.12053025786714607
joint_neural_hef_jina_finetuned,amazon_google,80,3,0.7654351418960039,0.013798583949000902,0.7013824247647776,0.02431448955274906,0.8433048433048433,0.025759460569836377,0.949518063286883,0.014062415633672467,0.7398840946323658,0.02838639500640693,0.06573668031243043,0.007975068468539856,0.15571950009732524,0.018963107661409812
joint_neural_hef_jina_finetuned,amazon_google,85,3,0.6361743477763745,0.20061158437956905,0.530638976371313,0.22123801406315524,0.839031339031339,0.07331686172340612,0.9096569296909267,0.06193261838872017,0.5492995409710939,0.23179062830581285,0.16701833482742257,0.06465958246987394,0.31455145017025277,0.06540881941455229
joint_neural_hef_jina_finetuned,amazon_google,90,3,0.618726624593502,0.16716712093592517,0.5418313665616876,0.20956861095933169,0.7606837606837606,0.029607706112288523,0.9046286264596123,0.049063364636960226,0.5562531146687477,0.22515457767662975,0.21583229077416194,0.02591749302698846,0.38249478703720796,0.01295773724467894
joint_neural_hef_jina_finetuned,amazon_google,95,3,0.6448037656334556,0.1384446659503342,0.547180127091894,0.16080797151043136,0.801994301994302,0.058335029143713,0.9155047190501295,0.03370253060882774,0.5856297456314112,0.1692667683935451,0.1767912031931048,0.04582298801266017,0.32818585104383624,0.051800545368062174
joint_neural_hef_jina_finetuned,amazon_google,100,3,0.6372370099883187,0.1713553600404739,0.5404000608881414,0.1858742555111081,0.7934472934472935,0.10348000355364104,0.9140781421014543,0.04850873771698666,0.569118206059596,0.2125857136894653,0.1504530802246944,0.07929959251681354,0.28490351880250026,0.09221200564592483
joint_neural_hef_jina_finetuned,link_lives_release2,1,3,0.8434676309198905,0.005373081212578063,0.781610234907627,0.0156708630586625,0.916923076923077,0.031456930262478935,0.9459430808766796,0.027030725123239525,0.7658079557069974,0.08451254618622231,0.23915490394743014,0.014553477816982938,0.3652075791570845,0.04078663962258641
joint_neural_hef_jina_finetuned,link_lives_release2,2,3,0.8515896752061072,0.0067265049313695174,0.7798878335187539,0.017170225569673635,0.9381538461538461,0.009597830129527472,0.9559120068359064,0.01271600827925773,0.7751923159823658,0.08829017964208696,0.228843220881625,0.018996654758592278,0.3855309058586436,0.03723135204446872
joint_neural_hef_jina_finetuned,link_lives_release2,3,3,0.8558019966602672,0.0035530292117035237,0.778809413009302,0.009457813208554695,0.9499487179487179,0.015550896268493689,0.9606442331605226,0.019245271428481238,0.7905388807540541,0.0808670640229407,0.17941881972186022,0.08867611384924613,0.32522248638287277,0.13403110966653467
joint_neural_hef_jina_finetuned,link_lives_release2,4,3,0.8559244826419192,0.006122005779439964,0.7855334512186679,0.014750407084089784,0.9405128205128205,0.014175012044771895,0.9590137674644016,0.012359180317232994,0.7846549857575384,0.07327376944308571,0.2203936830589581,0.01890323581584729,0.38157815776472725,0.03166227573931516
joint_neural_hef_jina_finetuned,link_lives_release2,5,3,0.8576628596334138,0.005501848215389963,0.7830758521596284,0.011539504913952186,0.9481025641025641,0.007638788176970426,0.9606625377027019,0.016998107816296654,0.7857370758100799,0.09526980203930493,0.18351909983485254,0.07990427802636292,0.348785639998173,0.11647134812933278
joint_neural_hef_jina_finetuned,link_lives_release2,10,3,0.8812242580321102,0.008272585655145975,0.8211678323708117,0.022785248618763694,0.9512820512820513,0.010992556204687554,0.9786698996932769,0.0016598426053076028,0.8782779371018604,0.00437580197335511,0.058936818404848365,0.028156437656337692,0.13726048259755189,0.0810879486201582
joint_neural_hef_jina_finetuned,link_lives_release2,15,3,0.8992129470245165,0.007320477153612935,0.8606264454901025,0.009621922071693973,0.9414358974358974,0.004608541936135592,0.9838200186201926,0.0066806435305264145,0.9061082267994718,0.02971547135698281,0.04295084893351409,0.020705711033341505,0.09860168946457659,0.06297672398075341
joint_neural_hef_jina_finetuned,link_lives_release2,20,3,0.9066097827607682,0.006426226808909242,0.8685697767739932,0.01561310844594231,0.9483076923076923,0.004884463958888434,0.9848632882495105,0.0007372712069010217,0.9095423981645825,0.0020919776071705843,0.036305757570327016,0.002267210290666113,0.0898530023811363,0.013817017315847818
joint_neural_hef_jina_finetuned,link_lives_release2,25,3,0.914288280429812,0.009116375169364947,0.8910992066309842,0.023233308537209736,0.939076923076923,0.00695547972643531,0.9898767336866068,0.0033087900546202123,0.9408489365686596,0.016151015822982635,0.027255014730442118,0.0011360373008782007,0.04747180753470332,0.016359326828178866
joint_neural_hef_jina_finetuned,link_lives_release2,30,3,0.910469481072024,0.0038133690502520187,0.8852634203450135,0.010780255646289857,0.9374358974358974,0.016999361862950434,0.9885506890108979,0.00192289379186233,0.9231007464994515,0.01681652197871997,0.03357012150595329,0.005183351935558365,0.07594300654420158,0.004443881396343223
joint_neural_hef_jina_finetuned,link_lives_release2,35,3,0.9151466269611838,0.0031676014348371497,0.8934427000321031,0.016486246523206825,0.9382564102564103,0.012924297866621913,0.9889563700827069,0.0029882008154586415,0.9247113522749363,0.02939144762495421,0.03326134819791801,0.008326100214900137,0.07884916641040471,0.033413037549498065
joint_neural_hef_jina_finetuned,link_lives_release2,40,3,0.9189064590319842,0.0022998094058724232,0.9051761817580504,0.00855759226154733,0.9331282051282052,0.0052065805729218815,0.9913384921469975,0.0007156063692798462,0.9447324099038797,0.009586524378697205,0.026507592052730396,0.003216181173549966,0.038126480901890136,0.01806237899761405
joint_neural_hef_jina_finetuned,link_lives_release2,45,3,0.9226350782913711,0.0047209445082736865,0.9105079960595566,0.015262718478159189,0.9352820512820513,0.008107755558552464,0.9920587428819213,0.0004592495612901548,0.9512179420520658,0.011683727844652115,0.02516378968315047,0.0036084313829203266,0.027804012016982856,0.01737512339649616
joint_neural_hef_jina_finetuned,link_lives_release2,50,3,0.9222996040660747,0.0024229049747441344,0.902608108597603,0.0035333882442055665,0.9428717948717948,0.0012810252304406716,0.9911890013327467,0.0007994098094992318,0.944624278882417,0.016534781864230106,0.029212080623797116,0.007457503582053845,0.05231854780738654,0.035148938733993454
joint_neural_hef_jina_finetuned,link_lives_release2,55,3,0.9208390471140464,0.0008853327186710526,0.9095615792403807,0.0017753281765944722,0.9324102564102564,0.003605824785896815,0.9914772253362157,0.0011259317699447039,0.9448779288018431,0.010711649252314928,0.027395930783579405,0.00042275953115328144,0.044723219211900644,0.01860634901085995
joint_neural_hef_jina_finetuned,link_lives_release2,60,3,0.9160931704563641,0.0007210643204310791,0.9082047391644194,0.021811013297544327,0.9248205128205128,0.021705578773701942,0.9909688590030544,0.0004436226322855254,0.9427041032688814,0.004541997228701362,0.028205126705678017,0.0037907773662254275,0.052224586434383095,0.010395079540208116
joint_neural_hef_jina_finetuned,link_lives_release2,65,3,0.9250727154877495,0.003993368078885512,0.9054713287179282,0.011204567044762524,0.9456410256410257,0.005583859523616909,0.9923796255555768,0.0019009153876287557,0.9530413182967368,0.020428487140151656,0.02376383526801536,0.004105693805172487,0.029923756940611643,0.02363790748508544
joint_neural_hef_jina_finetuned,link_lives_release2,70,3,0.9324038057138587,0.005479331297696347,0.9147633316730971,0.01578252445461776,0.950974358974359,0.01087566452661461,0.9939519988011657,0.0013025606848954326,0.9631026365990479,0.011639506510723815,0.020177432463292243,0.0034711373982672356,0.020636587846836304,0.01021202842347399
joint_neural_hef_jina_finetuned,link_lives_release2,75,3,0.9309609810970223,0.007310050746918668,0.9197612805565021,0.01607013189033576,0.9425641025641025,0.003908217206822071,0.9937916547102074,0.0016472039248685063,0.9648939393227037,0.014312906852142662,0.0220245159369754,0.003052716550111751,0.021186341231526587,0.00589019332130802
joint_neural_hef_jina_finetuned,link_lives_release2,80,3,0.9319537174986496,0.007900372036393086,0.9099573369788734,0.016208835674664527,0.9551794871794872,0.005296718495866819,0.993635777552465,0.00126244990731962,0.9645727704699462,0.017538311936151817,0.021150178508783334,0.0038363879303304725,0.02339612815476105,0.013087860533465922
joint_neural_hef_jina_finetuned,link_lives_release2,85,3,0.932440902540948,0.0024432790436657607,0.9086596814617056,0.009441150955439034,0.9576410256410256,0.01048564342082629,0.9947338396495321,0.00045820734832627746,0.9701529360177304,0.0033384306836520303,0.021010998068939128,0.0024580495333805506,0.017926854044437713,0.003936317072995132
joint_neural_hef_jina_finetuned,link_lives_release2,90,3,0.9262784827496919,0.007405353557366906,0.9115736471381981,0.02015958510808726,0.9417435897435897,0.0079663988632334,0.9932707452540828,0.0008426149509851418,0.9558437549360221,0.00724459565268819,0.024071535834763156,0.005001204674205145,0.028333083428934456,0.010554661122153383
joint_neural_hef_jina_finetuned,link_lives_release2,95,3,0.934027813453915,0.006712297875553324,0.9256857878875763,0.02110831421708835,0.9428717948717948,0.010624670780373506,0.994954307194919,0.001166836226395574,0.9692201329082819,0.010011616820985884,0.02204392580246455,0.0063988627869810645,0.023800549824948915,0.012244942723763445
joint_neural_hef_jina_finetuned,link_lives_release2,100,3,0.9305494775344848,0.002275693782594828,0.913434232815479,0.015480826382227784,0.9486153846153846,0.012860655104003908,0.9944408330623202,0.000688507844728001,0.9687089935829014,0.007159426475878246,0.021776834897814987,0.001092112775637327,0.017502875772387343,0.00108223162807677
joint_neural_hef_jina_finetuned,walmart_amazon,1,3,0.31967709598763067,0.24678847351092212,0.2345883244146053,0.2329311223176374,0.7996545768566494,0.1724955471108651,0.5998163078434876,0.30374968651720025,0.2663584382186926,0.31773821380931816,0.2518935426574365,0.012938548770833308,0.4126310023531131,0.011813693252311077
joint_neural_hef_jina_finetuned,walmart_amazon,2,3,0.3200712837304385,0.26462478181323784,0.25396732451497483,0.27925407217436143,0.8065630397236615,0.16550599458456144,0.6052949682865821,0.2737124024068195,0.2595419345667255,0.31192838738610207,0.252076650171763,0.013458818190183533,0.4171313906134833,0.013004072049878104
joint_neural_hef_jina_finetuned,walmart_amazon,3,3,0.32794738524162753,0.25444187872340035,0.27236465778878743,0.2857436152131251,0.694300518134715,0.27825329703829127,0.6066489302304806,0.29855017598178957,0.27520624083158896,0.3178323897097472,0.25216281740024926,0.013071712063973208,0.418882519147329,0.01248348132426475
joint_neural_hef_jina_finetuned,walmart_amazon,4,3,0.30838074763951523,0.15791180968361687,0.22327287702947154,0.1481373802640837,0.7029360967184801,0.26684357023385297,0.633707696831636,0.268211082029714,0.2458713585720462,0.231890901603803,0.2512494927273634,0.011119754367640232,0.4132832705063104,0.009338922415892195
joint_neural_hef_jina_finetuned,walmart_amazon,5,3,0.4578660164867061,0.3178308361411971,0.42261760324171294,0.32937597857889656,0.5077720207253886,0.2934216608242024,0.7839439655172414,0.19290106937755863,0.4527983017257752,0.36031027706821317,0.2500567219889731,0.014739080366060437,0.4264233225881714,0.023921516224904245
joint_neural_hef_jina_finetuned,walmart_amazon,10,3,0.7900009968241232,0.032116852868811704,0.7917020998449122,0.008302607394013069,0.7892918825561313,0.05683759126737249,0.9290323871419213,0.03181613207806162,0.8061654827904368,0.03097052448731265,0.23986578294427585,0.012124878440688241,0.43512915344146746,0.018792809083005003
joint_neural_hef_jina_finetuned,walmart_amazon,15,3,0.5996827861154237,0.370376467255135,0.5689698445518606,0.4130329331502362,0.8808290155440415,0.10349732826651903,0.7281714348460485,0.360203035924186,0.5606898339248274,0.432009508847058,0.24236225342149684,0.008085902198818742,0.41859557303991357,0.025173048706067028
joint_neural_hef_jina_finetuned,walmart_amazon,20,3,0.6588441096787253,0.21925366264494495,0.6825874828271761,0.24953156453994066,0.6442141623488773,0.2055848164065494,0.8634136218807694,0.0884556180585158,0.6550250850208366,0.20172244173946682,0.24091629423907104,0.021077560250333884,0.4188871480826345,0.018318121644560526
joint_neural_hef_jina_finetuned,walmart_amazon,25,3,0.6876367215317467,0.20296704744834623,0.7027693495740526,0.19324323420507977,0.6735751295336787,0.2112948031513335,0.8740489696861413,0.08803939448767865,0.6959636786490899,0.18731526341456572,0.24408892371891797,0.015346210120127593,0.432402338281732,0.012679375200658207
joint_neural_hef_jina_finetuned,walmart_amazon,30,3,0.8421897815349311,0.019449035481499673,0.8451784122740005,0.015163515431085831,0.8393782383419689,0.026923069547702724,0.932908161366208,0.025379211461340808,0.828504505063465,0.0302839911586431,0.23057475367107216,0.01097001274323142,0.42796580975610726,0.021967097240133234
joint_neural_hef_jina_finetuned,walmart_amazon,35,3,0.7131670248260034,0.1317648326376398,0.7232545017011036,0.09036594971828846,0.7081174438687392,0.1710106223763256,0.897756331516884,0.06050214194716782,0.735095188577939,0.13104276622286692,0.23773105404192807,0.021493991653680405,0.42252807984104657,0.007097752868890063
joint_neural_hef_jina_finetuned,walmart_amazon,40,3,0.8407813462332075,0.015975525605141323,0.8458406244638874,0.0462535920897042,0.8376511226252159,0.028536634960031608,0.932883966857245,0.019851873681370143,0.8345779056678367,0.016507607638336447,0.22611198416969264,0.018881000741187547,0.424589666788687,0.018130145734134923
joint_neural_hef_jina_finetuned,walmart_amazon,45,3,0.8465924507521715,0.013075777196858356,0.8694429577331132,0.012805556240620712,0.8255613126079447,0.031231677582081382,0.9304928979810613,0.018935140565558336,0.8297446737560277,0.05954950132873493,0.1768507474449252,0.038559117517825835,0.38587906330760874,0.049205631820221515
joint_neural_hef_jina_finetuned,walmart_amazon,50,3,0.798439769229474,0.08912198808119227,0.8438414209426515,0.0479073794128112,0.7633851468048359,0.1325385495195142,0.9104128513787147,0.03651933069594347,0.7902576571022291,0.0868632968252801,0.22907736367754525,0.025165282571692055,0.42931140250688027,0.01826781479225066
joint_neural_hef_jina_finetuned,walmart_amazon,55,3,0.8421688448315501,0.01386230137545005,0.8342095841402001,0.03621038049857687,0.8514680483592401,0.023363988356595332,0.9461951342981358,0.01021391042882478,0.8522080980578359,0.021822954647391528,0.2260788218900966,0.013120851609222831,0.4363271949910644,0.009659633060422413
joint_neural_hef_jina_finetuned,walmart_amazon,60,3,0.8591763639843406,0.004155774876092048,0.856196928635953,0.03325237854208836,0.8635578583765112,0.026588608494543475,0.942210484783515,0.02039087608875144,0.8675923951100483,0.013589709927583266,0.19524885876570838,0.019440584702871255,0.4114813900476784,0.02251985757646206
joint_neural_hef_jina_finetuned,walmart_amazon,65,3,0.8544746895062155,0.007730061568924326,0.8601942564096683,0.04455439513702653,0.8514680483592401,0.040245872876445724,0.9438868850872492,0.01575840778513334,0.8301992065978198,0.05848471752215471,0.19823082940291634,0.051783365389453606,0.4022539983934865,0.05305332842209009
joint_neural_hef_jina_finetuned,walmart_amazon,70,3,0.8598959195127182,0.011102225907044475,0.8615478271564386,0.01709600658843068,0.8583765112262521,0.010785834194125016,0.9518301284914537,0.0041960771100585745,0.8848484904516621,0.009890142103992252,0.13680220122074396,0.0790595085332865,0.32130784668029566,0.10917823330216213
joint_neural_hef_jina_finetuned,walmart_amazon,75,3,0.8542691314753048,0.006397420237738888,0.8833494429522322,0.045048992216927576,0.8290155440414507,0.028848520014663308,0.935712398010839,0.012722872323834221,0.8621107436948944,0.015753040989203472,0.13182326377209386,0.02618078228485765,0.3258442912709525,0.039277203566356896
joint_neural_hef_jina_finetuned,walmart_amazon,80,3,0.864755859169384,0.007862235839248053,0.8994128182457095,0.03282174320881414,0.8341968911917098,0.033976365410891204,0.9554509298135906,0.003167167607889303,0.8761880423617424,0.0363268225375998,0.08406263883891477,0.10568566955240595,0.1672393992623217,0.21985847320322058
joint_neural_hef_jina_finetuned,walmart_amazon,85,3,0.8409386959940678,0.010393696505715193,0.8362023395402769,0.04308970227215449,0.8480138169257341,0.0337119538790037,0.9358277872074325,0.015077062283425853,0.8306747798906761,0.04185416116740083,0.2103697446929843,0.0010178867029821,0.4260902594934348,0.0031907482846081745
joint_neural_hef_jina_finetuned,walmart_amazon,90,3,0.852763565753425,0.005850146720572879,0.8508037286379168,0.0167788639997279,0.8549222797927462,0.00518134715025903,0.9481883896134834,0.0019603165292901206,0.8698211042079372,0.01819988106013848,0.19409486036817444,0.025693125487918068,0.4068510884606045,0.03226609337949413
joint_neural_hef_jina_finetuned,walmart_amazon,95,3,0.8442082895346603,0.01643442147448251,0.8376732138316807,0.026504340062489855,0.8514680483592401,0.024486091327733685,0.9472406162527545,0.013525737294266506,0.8449024517632194,0.06263456870782039,0.1453988547687209,0.09648701183965461,0.3124728993572839,0.17397844542881846
joint_neural_hef_jina_finetuned,walmart_amazon,100,3,0.8623413745445407,0.011020857357102863,0.8876098651741102,0.021795305473687174,0.8393782383419689,0.031088082901554404,0.9465240865642308,0.002143193142580069,0.8836359181026583,0.0111789508407188,0.13038483907181178,0.0917616578476745,0.29676302237706165,0.16583250028187244
joint_neural_hef_jina_finetuned,wdc_80_medium_seen,1,3,0.32977093641194793,0.16394428170521852,0.24234315948601662,0.16023783906019748,0.7093333333333334,0.26940923023039376,0.5766889166666667,0.3264437583336842,0.24307958632210458,0.20416015931621048,0.2512048916045943,0.011337690605125263,0.39089510883887607,0.013421937829230764
joint_neural_hef_jina_finetuned,wdc_80_medium_seen,2,3,0.35722685584635544,0.18744468908824166,0.284348635308648,0.2103407338211483,0.7033333333333334,0.26501572280401275,0.6054956666666667,0.3093341883061438,0.2738616207978311,0.22909067722905385,0.24871321664742832,0.013477097228080461,0.3923832518083078,0.010597579114915446
joint_neural_hef_jina_finetuned,wdc_80_medium_seen,3,3,0.3388552083802382,0.15939096527052357,0.25261489218073285,0.15671635240431459,0.7066666666666667,0.27156828484440765,0.6033009166666667,0.30400699918282453,0.24544939735038576,0.18939449260152538,0.2506237668727936,0.010727170415169131,0.3903469132229134,0.012949060986871914
joint_neural_hef_jina_finetuned,wdc_80_medium_seen,4,3,0.3969251833286921,0.2035539065726128,0.300757620209529,0.20653096738536264,0.7966666666666666,0.17879970171488915,0.6366655,0.3506829157250713,0.3089198018424696,0.2481363836804491,0.24808062761363744,0.013469721202246073,0.39236708593147773,0.00943913810515841
joint_neural_hef_jina_finetuned,wdc_80_medium_seen,5,3,0.4704536626274196,0.23562690002861125,0.38740991510861483,0.24245684379120355,0.8113333333333334,0.16339318631244493,0.6750780833333333,0.3756812765641852,0.3814176711355766,0.27059145605374024,0.24375187972341975,0.006819036427821012,0.3859686240664235,0.0030511011008374058
joint_neural_hef_jina_finetuned,wdc_80_medium_seen,10,3,0.4941879307586917,0.2548741259790313,0.40826603742248047,0.2575254704629922,0.8373333333333334,0.1408876621047185,0.6779100833333334,0.37919750256168727,0.38413105195576247,0.275278773642847,0.23826108290322165,0.010513576725667141,0.38430364272771056,0.004957983034255671
joint_neural_hef_jina_finetuned,wdc_80_medium_seen,15,3,0.6097931509236415,0.027278174428035956,0.49917161687550676,0.03639577867734477,0.7853333333333333,0.01171893055416464,0.8862833333333333,0.01568162824241591,0.49606732173741874,0.06888984278198064,0.2285830690731873,0.020537519570808904,0.37339311401049297,0.020845855451169893
joint_neural_hef_jina_finetuned,wdc_80_medium_seen,20,3,0.6038981307078395,0.08729297137170444,0.5293054885467728,0.09797669791271976,0.706,0.06199999999999999,0.8609248333333334,0.06742928915785285,0.48852642745125624,0.1238788484885187,0.22599359316490997,0.00959198490641246,0.3763166581877956,0.009453858814181867
joint_neural_hef_jina_finetuned,wdc_80_medium_seen,25,3,0.6338135368708329,0.03275779575081811,0.5576752358543187,0.05227287414351966,0.7373333333333333,0.020428737928059434,0.8873869166666667,0.020168207506390645,0.5173729236250825,0.05620379723857061,0.21439874050636587,0.009884729825089072,0.36387772524136086,0.016959487311266386
joint_neural_hef_jina_finetuned,wdc_80_medium_seen,30,3,0.6526116943930054,0.04697061282423236,0.582112194514196,0.05328477883374099,0.7433333333333333,0.03859188170241684,0.88681,0.038706457797762855,0.530430660508817,0.07628460216390444,0.208321117507669,0.030445262748116483,0.35765549019751725,0.033994494503403326
joint_neural_hef_jina_finetuned,wdc_80_medium_seen,35,3,0.6684898751303097,0.03671142473756891,0.604758008976801,0.03443671388854468,0.7473333333333333,0.04051337227796936,0.8974874166666666,0.024492758989052992,0.5458813875282846,0.06442167954937338,0.1552847422914736,0.04014639991513947,0.2872488436169095,0.057458765856239574
joint_neural_hef_jina_finetuned,wdc_80_medium_seen,40,3,0.6827371498638602,0.02902935150025313,0.6264516890622454,0.06143576174198694,0.7546666666666667,0.022300971578236996,0.8958484166666667,0.008677808098583005,0.5637837219180679,0.054297924283122176,0.15179583239867783,0.07200739885690911,0.27558684967623814,0.12320968103360379
joint_neural_hef_jina_finetuned,wdc_80_medium_seen,45,3,0.6762601540299166,0.0060552469046820335,0.620907668403856,0.029992249187565868,0.7466666666666667,0.05707305260219869,0.9082176666666667,0.0060856288979310325,0.578612871248515,0.04035922233965911,0.13893579716480386,0.05662529714724203,0.25793295641409025,0.10413234665585577
joint_neural_hef_jina_finetuned,wdc_80_medium_seen,50,3,0.6768747196795977,0.009352664112371494,0.6146246929303196,0.03617569993477893,0.7566666666666667,0.041681330752908266,0.9039871666666667,0.004140923284224611,0.5835099074278707,0.03994562369109226,0.16551783802741565,0.08288356653371076,0.28715325749582715,0.12969109493316217
joint_neural_hef_jina_finetuned,wdc_80_medium_seen,55,3,0.699878448466859,0.01560567012567466,0.6571267285030852,0.028959524641276876,0.7493333333333333,0.014047538337136997,0.9133313333333334,0.004852082428796328,0.5998271115105183,0.04117745705396496,0.15118133844878331,0.05043115955094863,0.29319618690786536,0.08578576726747007
joint_neural_hef_jina_finetuned,wdc_80_medium_seen,60,3,0.680502304570802,0.03479557197408695,0.6086910380762239,0.03907186895595028,0.772,0.03174901573277512,0.9006805,0.02513206371972862,0.568790438690877,0.06867941037258063,0.15574027624737863,0.04361212497630118,0.29075395868663434,0.06149288938421733
joint_neural_hef_jina_finetuned,wdc_80_medium_seen,65,3,0.6772159096714587,0.03992218533394663,0.5845922838321215,0.052752922928771546,0.8066666666666666,0.014189197769195128,0.90584425,0.018984045246930394,0.550250536905618,0.07447923056082437,0.16594040123556536,0.03530577864077617,0.3095991407103008,0.049117841738488995
joint_neural_hef_jina_finetuned,wdc_80_medium_seen,70,3,0.6826562645530542,0.015116364915323189,0.6186854549419978,0.01477144833110112,0.764,0.055749439459065464,0.90967025,0.014074319714909836,0.5715371994684842,0.022239881424002163,0.17906394897335887,0.005166020290273722,0.32786419033121184,0.004259581402084832
joint_neural_hef_jina_finetuned,wdc_80_medium_seen,75,3,0.6828023007814938,0.019747614231443042,0.6065772660099659,0.040133477126225,0.7833333333333333,0.020526405757787556,0.9054694999999999,0.009233834391112956,0.5634918133996537,0.052073143550895276,0.1774510235221804,0.03427190438445326,0.3260973701940642,0.04539178178415617
joint_neural_hef_jina_finetuned,wdc_80_medium_seen,80,3,0.7194608041544407,0.016641551504309418,0.6690725819406859,0.02252734179039255,0.7786666666666667,0.025324559884296795,0.930276,0.008811999106332171,0.6694024209324467,0.033169648492316364,0.06573887622412503,0.01785110293056628,0.09604673490590518,0.07495682292937746
joint_neural_hef_jina_finetuned,wdc_80_medium_seen,85,3,0.7142418183822297,0.033621116808773326,0.6561596264796055,0.04761105206796054,0.7846666666666667,0.017009801096230782,0.9228125,0.015397932972074556,0.6295680339677244,0.054545622231097116,0.09146895687268249,0.05215659129870983,0.160207904678252,0.12111165126323291
joint_neural_hef_jina_finetuned,wdc_80_medium_seen,90,3,0.7136033425355394,0.007318740167023013,0.6521990184703673,0.021328571522993472,0.7886666666666667,0.020231987873991376,0.9216703333333333,0.003140536750833042,0.6305921956721213,0.02632962096554248,0.0970725732947473,0.03029518285940707,0.1972818183744395,0.05616046952017546
joint_neural_hef_jina_finetuned,wdc_80_medium_seen,95,3,0.713832974191281,0.03334317720497059,0.6459061526858138,0.05876404590809014,0.8006666666666666,0.01858314648635509,0.9284840833333333,0.01226508495265459,0.6529401622298463,0.07862575144722866,0.11096844186125773,0.09024516904597667,0.1795263200007655,0.17456434829795936
joint_neural_hef_jina_finetuned,wdc_80_medium_seen,100,3,0.7154437784704735,0.01270270579060411,0.6541398670101888,0.034165011481281364,0.792,0.0366606055596467,0.924316,0.015161699667665902,0.6431405574087948,0.00986919244527822,0.0812556698693679,0.030119617371626193,0.1574447517682005,0.0716773295948572
joint_neural_hef_jina_finetuned,wdc_80_medium_unseen,1,3,0.3410996772240896,0.16920245550083435,0.2462144814250928,0.15695926934778218,0.7386666666666667,0.25163730513048604,0.5773793333333334,0.35042478808737737,0.26241021925314906,0.2080850081147542,0.2516893596064394,0.011043311603710223,0.39145328713125654,0.013112089614534273
joint_neural_hef_jina_finetuned,wdc_80_medium_unseen,2,3,0.34801065428455674,0.1502782815888793,0.27442278520784885,0.17665592452735474,0.6980000000000001,0.26154158369177166,0.5938614166666667,0.35376265874032103,0.27429510599439055,0.20060361092931897,0.25092136448403635,0.010750540133019395,0.39052426440627486,0.013136542906356737
joint_neural_hef_jina_finetuned,wdc_80_medium_unseen,3,3,0.3911996445914674,0.16822292154519883,0.2971783707345298,0.16953481703751275,0.776,0.19840362899906847,0.6589813333333333,0.3523789242710123,0.3124683177899363,0.21138181876566645,0.2500636182512216,0.009690494434597166,0.3898965725192317,0.011970597561141709
joint_neural_hef_jina_finetuned,wdc_80_medium_unseen,4,3,0.5257913997309476,0.28230270042822203,0.44896654091832944,0.29260324547057337,0.852,0.12972278134545218,0.6807465833333333,0.41132645324124345,0.45088065091219015,0.33342352363492306,0.24248719151332046,0.01379100340220199,0.394153833133203,0.00603472536634734
joint_neural_hef_jina_finetuned,wdc_80_medium_unseen,5,3,0.4605907944322897,0.24124298148605186,0.3696207475871019,0.25066275320105774,0.8293333333333334,0.14828800805639455,0.6615989999999999,0.3896573118545961,0.38351971407806335,0.2867352988613431,0.2471612661258485,0.014367563964763944,0.39775169408542144,0.007608090212305982
joint_neural_hef_jina_finetuned,wdc_80_medium_unseen,10,3,0.666104389195689,0.022976572934578658,0.5982134247761591,0.03285980422964126,0.7573333333333333,0.07606137872358959,0.89385775,0.027634110473968555,0.5825498735299777,0.03491038942725641,0.22907771463690285,0.015279673895241534,0.3811027629662443,0.007668488560713769
joint_neural_hef_jina_finetuned,wdc_80_medium_unseen,15,3,0.6650672920687312,0.0495598837788451,0.5714379594348157,0.050571824582359814,0.796,0.04715930449020638,0.8977934999999999,0.031768714227798096,0.552203052934551,0.07323184064346276,0.2171360236587225,0.01600998212117226,0.3708466945334717,0.024105382090637353
joint_neural_hef_jina_finetuned,wdc_80_medium_unseen,20,3,0.6888174856467278,0.05168252384583492,0.622674381849115,0.06172341761763943,0.772,0.04214261501141099,0.90185125,0.028472905506814666,0.5924236903545678,0.06868815108747411,0.21669489908813527,0.00882052977487578,0.3814851301533205,0.023964867140000935
joint_neural_hef_jina_finetuned,wdc_80_medium_unseen,25,3,0.6812948862603955,0.0668184820681373,0.5990818564596998,0.08801890156438279,0.7953333333333333,0.04387862045841153,0.8982628333333333,0.03533085504054267,0.5649589110165419,0.09847089194776262,0.2283383324405221,0.00897296832987874,0.39002935050593485,0.01631620967830403
joint_neural_hef_jina_finetuned,wdc_80_medium_unseen,30,3,0.7075800843251663,0.06363170115226537,0.6561763767906387,0.08799120385924637,0.7706666666666667,0.027227437142216208,0.9070401666666666,0.032099106938835956,0.6069110806617194,0.08678513971514058,0.19158280305660508,0.027710637902822355,0.3553242512632299,0.017168747893186686
joint_neural_hef_jina_finetuned,wdc_80_medium_unseen,35,3,0.7068089645272244,0.0382552144807679,0.6373162477777313,0.05751828999698076,0.796,0.03328663395418644,0.9090045833333333,0.01879395132471706,0.5926482659108235,0.06642547361198221,0.1816340091701115,0.06682895884294358,0.3299553576376703,0.09083102040231483
joint_neural_hef_jina_finetuned,wdc_80_medium_unseen,40,3,0.7079329952250392,0.0551820093053923,0.6465451142642468,0.09333591825009079,0.7893333333333333,0.009018499505645797,0.9065438333333333,0.01215566615907307,0.6024062880791955,0.08504538975087923,0.21859143850000454,0.022219701631436602,0.3782550310139303,0.01668480753798948
joint_neural_hef_jina_finetuned,wdc_80_medium_unseen,45,3,0.7249376865145639,0.028238958676803545,0.646809569731718,0.051808993310115174,0.828,0.03555277766926234,0.9270118333333334,0.006703078193698286,0.6349247773685093,0.04369969844162227,0.14188821674591684,0.010001084409927976,0.2873658298011179,0.012676523835496393
joint_neural_hef_jina_finetuned,wdc_80_medium_unseen,50,3,0.7151852906234621,0.05622188723674641,0.6626635416484554,0.09311824917585593,0.7826666666666667,0.014189197769195187,0.9169509166666667,0.021514468280574194,0.6244798182008512,0.0962567709143345,0.10396357483851497,0.08251474228663894,0.18153842954282406,0.138982107197142
joint_neural_hef_jina_finetuned,wdc_80_medium_unseen,55,3,0.7358183418018679,0.02661621172221575,0.6918050745375224,0.021653551681790794,0.786,0.03555277766926234,0.9214050833333334,0.005256193586696898,0.6418235760567191,0.03424469733414844,0.15872392110034395,0.03488243218533822,0.31511615383404273,0.0635797856555658
joint_neural_hef_jina_finetuned,wdc_80_medium_unseen,60,3,0.7233499088915356,0.004341807175744232,0.6479140521668092,0.013244285827378447,0.8193333333333334,0.022744962812309266,0.9278845833333333,0.0029794816068963214,0.6617492774392498,0.016591368835921556,0.11083989461841295,0.05518780782129909,0.21615041261414686,0.11602599235766008
joint_neural_hef_jina_finetuned,wdc_80_medium_unseen,65,3,0.7109279730898413,0.055393787889214445,0.6492359737427161,0.09630964059664018,0.794,0.018330302779823376,0.9191598333333334,0.014470116037746023,0.6226540431730065,0.10697716125483937,0.12265098090096099,0.05600437535523406,0.24392703735386884,0.07541364272207653
joint_neural_hef_jina_finetuned,wdc_80_medium_unseen,70,3,0.7216162250884919,0.030123136007668604,0.6766200415797609,0.045039141411828264,0.7746666666666667,0.035232560697930196,0.92427275,0.010384258004908185,0.6371917306601037,0.024424560208073494,0.145826009763327,0.05253068339842637,0.283555653091934,0.08639450779550889
joint_neural_hef_jina_finetuned,wdc_80_medium_unseen,75,3,0.7313331037147097,0.011612221624275073,0.6700893168403717,0.023492360696275843,0.808,0.05642694391866353,0.9327333333333334,0.009440103986229919,0.672826185062526,0.04205323148953633,0.12145641868653509,0.08167503653036001,0.22352752857241365,0.1613038270165744
joint_neural_hef_jina_finetuned,wdc_80_medium_unseen,80,3,0.7188019352152482,0.04887860909419058,0.6414027828929346,0.08371417062790229,0.8246666666666667,0.019218047073866058,0.9262279166666667,0.01582627496114714,0.6278302326282467,0.07914780935339423,0.16634118274837353,0.04113595029493273,0.31844640380585637,0.0354694458207028
joint_neural_hef_jina_finetuned,wdc_80_medium_unseen,85,3,0.7445180818117493,0.007742757685302122,0.6904007408778424,0.029089713028931027,0.8099999999999999,0.03704051835490424,0.9408675,0.0003095148421319674,0.6804026692153055,0.016413261089036492,0.08481390942688913,0.053981668146439864,0.14066005460366054,0.13638842692581318
joint_neural_hef_jina_finetuned,wdc_80_medium_unseen,90,3,0.7375857511411459,0.00951806587894542,0.6698071781906981,0.010725387752444889,0.8206666666666667,0.009451631252505163,0.9300911666666667,0.004987550233665208,0.6426299775082153,0.022314068380619854,0.13472106581898718,0.06682366990277212,0.2664402271034541,0.11444702233555872
joint_neural_hef_jina_finetuned,wdc_80_medium_unseen,95,3,0.7430963492542676,0.03212378153076863,0.6785753636156477,0.0501305101730216,0.8226666666666667,0.006429100507328643,0.9391425833333332,0.006179511572190189,0.6799704235843771,0.049123073258941025,0.08090727150032893,0.04952170418696768,0.13734007073359358,0.12536261380717967
joint_neural_hef_jina_finetuned,wdc_80_medium_unseen,100,3,0.7406636250535077,0.018147262595128628,0.679006067273394,0.019344012756078503,0.8146666666666667,0.016289055630494105,0.9329681666666666,0.0022427600230147393,0.6698293906606925,0.05016676904465094,0.08035824740859851,0.04299711238592579,0.15512707579411844,0.09414919824877525
joint_neural_hef_roberta_finetuned,abt_buy,1,3,0.34389925075721345,0.11917423647124692,0.2556571127661175,0.14489348294028515,0.6488673139158576,0.10550112176506822,0.7489307140559057,0.09871460803682433,0.3102950207809863,0.12742706639993764,0.11034685684728217,0.03905865528583407,0.11309369836001291,0.1168626500499445
joint_neural_hef_roberta_finetuned,abt_buy,2,3,0.6078674698795181,0.05340371061224428,0.5579783042626197,0.0900412168374129,0.6747572815533981,0.025686905932665916,0.9107624103408467,0.014088801666807578,0.6124433517089944,0.036116227817278,0.07246608939391404,0.0017964422306163293,0.0634824049504501,0.009512077482112897
joint_neural_hef_roberta_finetuned,abt_buy,3,3,0.6462344611284753,0.0404495108906306,0.6062595772978286,0.08871724180780441,0.7022653721682848,0.04664574532491769,0.925198716856867,0.01862689777775642,0.6628301104053811,0.008758599457490156,0.06864320952346377,0.005184544789198734,0.06476852255909434,0.0033512797930125354
joint_neural_hef_roberta_finetuned,abt_buy,4,3,0.6249025281633909,0.05500906821126993,0.5693140593323547,0.10927409762568074,0.7103559870550162,0.07892393785279737,0.9208927118227067,0.009712893545034016,0.6444005049560239,0.028341502486868387,0.06718295116281864,0.008180150572863799,0.05822725386719952,0.010113946832874273
joint_neural_hef_roberta_finetuned,abt_buy,5,3,0.494564957595484,0.18323105001117154,0.4293724815302017,0.23685348802411688,0.6262135922330098,0.08990417076433077,0.8345204299854275,0.09178547640528247,0.473638474496739,0.22951822049485537,0.10490941512549974,0.048068882129792205,0.13275621557221332,0.09337933580742476
joint_neural_hef_roberta_finetuned,abt_buy,10,3,0.6978430759612378,0.04479231001833769,0.6367941887070193,0.040298505364459496,0.7718446601941747,0.050448081773850774,0.9431073638789531,0.011237135169007212,0.7180413588789802,0.05088006751450925,0.06165287951263655,0.012651279275053011,0.05564114026804361,0.01927502103218079
joint_neural_hef_roberta_finetuned,abt_buy,15,3,0.7904869109271604,0.030847478503674457,0.7504090336907675,0.06234812357806392,0.8398058252427184,0.054055964687670155,0.9724190465375954,0.013194095783552429,0.8296727065630708,0.042357435466414246,0.04311005422023805,0.005515523642580906,0.03611122638013527,0.008204607605407607
joint_neural_hef_roberta_finetuned,abt_buy,20,3,0.8341589744506868,0.012420599829597409,0.8295519376762611,0.012200657827951126,0.8398058252427184,0.03791383337818769,0.9810703268419161,0.002883051902769136,0.8723350873351583,0.012973978530114892,0.035372180033945724,0.005474349217663991,0.03180663761349522,0.005832882946367767
joint_neural_hef_roberta_finetuned,abt_buy,25,3,0.8497340315592655,0.022365860194815512,0.8344534185494425,0.01411045058554155,0.8656957928802589,0.031209225763731297,0.9837918015102481,0.008510419627250458,0.8935376379451634,0.031105007815718417,0.02917900116929091,0.004520848668713652,0.025299998546350864,0.0005785105937631678
joint_neural_hef_roberta_finetuned,abt_buy,30,3,0.8541545331003688,0.026584508079290928,0.8547377568807109,0.04860852687958496,0.8543689320388349,0.004854368932038833,0.988370805654914,0.0021871335014322,0.9161595054473219,0.02009772430756756,0.0295764210504444,0.0076898680522423405,0.02779795830295395,0.008776659289666268
joint_neural_hef_roberta_finetuned,abt_buy,35,3,0.856942772289402,0.028642332294309333,0.8030249536991959,0.03699113488725534,0.9190938511326862,0.024910686599256708,0.987003444425519,0.0042424228541815805,0.8981352752339284,0.028349371133291886,0.029570584997234625,0.0053122963642222585,0.028303249205114928,0.004341839242672824
joint_neural_hef_roberta_finetuned,abt_buy,40,3,0.872927917493793,0.012151379843748766,0.8285803979683013,0.014958885259993391,0.9223300970873787,0.009708737864077666,0.9875238933363615,0.004572617276086316,0.9031297916742154,0.02879344535300529,0.028054813240155026,0.0007904779912639855,0.02528321822476881,0.0030969931858259516
joint_neural_hef_roberta_finetuned,abt_buy,45,3,0.8797694597531928,0.00781018165680436,0.8778431165511957,0.015779958196932044,0.8818770226537217,0.010105174754690005,0.9894434035466227,0.002366784832992675,0.9170517691719777,0.0231506572535241,0.02547441496628851,0.0035511228474995886,0.023770456294882735,0.0035349683580369923
joint_neural_hef_roberta_finetuned,abt_buy,50,3,0.8552007072679269,0.02702264470434719,0.8115700886071257,0.04353552004242857,0.9045307443365697,0.007415171027436631,0.9860619050322679,0.0034289213078698513,0.9069510276816377,0.031935663203025155,0.028256732865207166,0.0037772117858465544,0.026292605296698596,0.0039272123805448814
joint_neural_hef_roberta_finetuned,abt_buy,55,3,0.8575597502058612,0.020071532702636213,0.8491371861803756,0.032128257751445385,0.8673139158576052,0.035782110659378655,0.9850905581104866,0.0025317442888598105,0.9177100156820036,0.011900096579334348,0.03204807363786884,0.010739852567957004,0.032945918493587655,0.012436043820858705
joint_neural_hef_roberta_finetuned,abt_buy,60,3,0.8783794201441261,0.015145863730336016,0.8540710081260451,0.027695670021155208,0.9045307443365697,0.012216560574871757,0.9879885122731316,0.0002104856921519022,0.9193781574870168,0.014751627471807586,0.02537269448639994,0.003253588766943563,0.02484328798812017,0.0036749103516690836
joint_neural_hef_roberta_finetuned,abt_buy,65,3,0.8987043863172437,0.0029004942696509084,0.8929819455525204,0.0017393844592182395,0.9045307443365697,0.007415171027436631,0.9923721115085449,0.0017610363006084,0.9361823270944921,0.0221121822785998,0.022923355262323454,0.00147849761230037,0.02223875496239648,0.0038104682720005224
joint_neural_hef_roberta_finetuned,abt_buy,70,3,0.8932622953515542,0.012361777560993983,0.8750738170465658,0.027128462806430567,0.912621359223301,0.004854368932038833,0.9903310055072957,0.002820581400055662,0.9174515192757305,0.029836888651018346,0.024958656529278155,0.004445754079030719,0.023940626352920186,0.001911948954525213
joint_neural_hef_roberta_finetuned,abt_buy,75,3,0.897193483933116,0.004581864046496643,0.8839647152997734,0.009287226818057394,0.9110032362459547,0.014013356048291882,0.991742841461799,0.0019235767096432539,0.940006511721065,0.013968246015332602,0.02344187094878516,0.0021688668156469326,0.02248528277809849,0.0032368437035062473
joint_neural_hef_roberta_finetuned,abt_buy,80,3,0.8922553320707374,0.010869055582026428,0.8888578057726361,0.0312775557357706,0.8964401294498382,0.015604612881865616,0.9917844773746665,0.0012671497227952238,0.9337797494903917,0.00494213693687673,0.023149729602722328,0.001978264406942194,0.022886344153368838,0.002940951417569867
joint_neural_hef_roberta_finetuned,abt_buy,85,3,0.8992164645640357,0.008491200401015326,0.9126834569673765,0.028900975411945827,0.8867313915857605,0.012216560574871816,0.9912115104373663,0.0007246291833974053,0.9395792051952475,0.01054367364219587,0.021765844326365608,0.00093706516729431,0.020469275164813946,0.0010870789112705306
joint_neural_hef_roberta_finetuned,abt_buy,90,3,0.8948444252117104,0.006685822068375883,0.895805320391555,0.027600891324814743,0.8948220064724919,0.024433121149743574,0.9936741800563977,0.001184456207408283,0.9551101560405069,0.002911559417255415,0.023245420274229614,0.001457287558192149,0.023735608934191823,0.0032536553291918026
joint_neural_hef_roberta_finetuned,abt_buy,95,3,0.9018800718437112,0.002158097491341896,0.9195841339048182,0.012714466446860324,0.8851132686084142,0.014830342054873323,0.9919108045193891,0.0024072876727821825,0.9535661719617865,0.010442483555024622,0.02001714496290116,0.0027821843792420137,0.019717576845206402,0.002733758032452746
joint_neural_hef_roberta_finetuned,abt_buy,100,3,0.9003378621452769,0.011166004668923181,0.8946300801982854,0.01359151013297644,0.9061488673139159,0.01010517475468996,0.9923820473513881,0.0036317355045133184,0.9361415837993752,0.025861327587400847,0.02376813016828381,0.0030316375965913633,0.02371718379458339,0.0030090273186394447
joint_neural_hef_roberta_finetuned,amazon_google,1,3,0.2823676002866754,0.014181449205173694,0.1782682056624673,0.015411324666860056,0.7037037037037037,0.13928827083669096,0.715893257175433,0.019281940235862768,0.19743870871324604,0.011394295580704705,0.1608381003942318,0.02129531497898709,0.2603683110154859,0.03813660650783788
joint_neural_hef_roberta_finetuned,amazon_google,2,3,0.4103524058248848,0.04387754068050475,0.35407216282300347,0.07405136368389294,0.5014245014245015,0.02845439366871535,0.8111653514761821,0.017903247399730947,0.334893084450154,0.0624217015424665,0.09271194331958309,0.004476270224547096,0.09633467574312099,0.04957107908194642
joint_neural_hef_roberta_finetuned,amazon_google,3,3,0.46646062046581355,0.06048489769920811,0.3762805888544811,0.09262470926849542,0.6396011396011396,0.06652589418139956,0.863621111678421,0.03630485865103459,0.4074137713221629,0.08179035888229254,0.10323616467448267,0.022966768340919933,0.143787040001913,0.057075028071649124
joint_neural_hef_roberta_finetuned,amazon_google,4,3,0.46114778527841205,0.03475903580911341,0.403375412121231,0.03807002378168177,0.5541310541310541,0.11937797894896472,0.8663026889107511,0.01650208065959121,0.42310099348621305,0.033163377504514535,0.10034747278655935,0.0212887483088649,0.14613510777399125,0.04951461081131066
joint_neural_hef_roberta_finetuned,amazon_google,5,3,0.5348906548654501,0.0912680411304078,0.462206056556339,0.09726682369693054,0.6367521367521367,0.07451109305197731,0.8953821662660906,0.043153244322409315,0.4802642123120553,0.1291660274207196,0.07867255240292131,0.018873542652110043,0.0978099630265856,0.04051994063791778
joint_neural_hef_roberta_finetuned,amazon_google,10,3,0.6738224650989354,0.01657196175622263,0.6312818849259161,0.008097416979310419,0.7236467236467237,0.04323074332049439,0.9467634967877804,0.007369893383453222,0.6415192043119413,0.01953947350804191,0.0675255284737249,0.016993835247351062,0.0543699195875343,0.024795423574889845
joint_neural_hef_roberta_finetuned,amazon_google,15,3,0.6732558163650466,0.023839797910755828,0.6482486038199072,0.010297467493878564,0.7022792022792023,0.05642536273600669,0.9487476978977708,0.002457883436832268,0.6784330180312951,0.020179536242510707,0.05887212308791188,0.001790547318063609,0.0452190452037472,0.004727860998675258
joint_neural_hef_roberta_finetuned,amazon_google,20,3,0.6774772595545918,0.03032520866166667,0.5835150942281334,0.048295752294851696,0.8105413105413105,0.02747478849285743,0.9548365939818101,0.012306387150813627,0.688755879537565,0.02918148980024212,0.06360606341706547,0.006268699400229983,0.060081222864909814,0.009459552534779734
joint_neural_hef_roberta_finetuned,amazon_google,25,3,0.6880952275436629,0.009987688078327145,0.6501923683477745,0.007951389501873043,0.7307692307692307,0.015408338784034149,0.9551171356659457,0.006441700019964675,0.6807333565003276,0.03053368229534487,0.05976588059867207,0.0022186180393461903,0.0545510898914339,0.006318044215073773
joint_neural_hef_roberta_finetuned,amazon_google,30,3,0.7040073561133252,0.012795184564275048,0.6217655454597386,0.010811184645782693,0.811965811965812,0.03226424972337927,0.9630020520015663,0.002781764069853285,0.701404154883936,0.010087923723276418,0.0654605761008651,0.007451257895918432,0.06234047683494699,0.011319706426020348
joint_neural_hef_roberta_finetuned,amazon_google,35,3,0.7199826241902405,0.014321523074268499,0.6695645127146675,0.003854358491869999,0.7792022792022792,0.0345423237976699,0.9628667970095848,0.005792750042381732,0.7308155212242511,0.01897417821932303,0.05360705595167721,0.006112238645307528,0.04746129943529987,0.007472663629529722
joint_neural_hef_roberta_finetuned,amazon_google,40,3,0.7373110496061316,0.008709396871969203,0.6955671726601185,0.022467704643295613,0.7863247863247863,0.042089135905111576,0.9626813835167405,0.003057473309918417,0.7462718692476781,0.017488180114195603,0.051973956527608584,0.0030993112699696387,0.049594940769694014,0.004451377698173724
joint_neural_hef_roberta_finetuned,amazon_google,45,3,0.730599243877421,0.004571560347950735,0.666763367166133,0.020906638230301026,0.8091168091168092,0.026111542421400815,0.9598690482614718,0.006848223725021168,0.7231216803926485,0.018269642607739313,0.05254805767381193,0.0020195814621663047,0.04852055542879647,0.0030168963302165596
joint_neural_hef_roberta_finetuned,amazon_google,50,3,0.7432641858343791,0.007857479507288375,0.6704631201660064,0.033408830405605126,0.8361823361823362,0.03207501495497916,0.9678535897574265,0.0037045974713789767,0.7365179080501315,0.008574720512180514,0.04966996098120227,0.0016274404200393364,0.04616442917772984,0.0028524274320807052
joint_neural_hef_roberta_finetuned,amazon_google,55,3,0.7410717883623469,0.0024327927745569165,0.6805848607333215,0.0025823125277690995,0.8133903133903134,0.006527885605350176,0.9657386306244975,0.002583104767811254,0.7222277731065601,0.022781845622284545,0.05406457098315481,0.0061915238525899466,0.04822975297336182,0.009997887686784553
joint_neural_hef_roberta_finetuned,amazon_google,60,3,0.7492382272596881,0.022781467161557493,0.7178639863229034,0.015589674882780768,0.7863247863247863,0.06381702787635932,0.9673125697895004,0.0053825670292882875,0.7391303972418171,0.02934646385254093,0.047863582851394,0.0023873053603665796,0.042951338032923184,0.004007024227466583
joint_neural_hef_roberta_finetuned,amazon_google,65,3,0.7572069522688317,0.01738893401832509,0.6876137504544171,0.04719846543293181,0.8461538461538461,0.037255546525988656,0.9699471018072281,0.005205738849055661,0.7735700534842199,0.030993623313400716,0.045812249582050116,0.004286984135677234,0.03844559403165447,0.008163554941301093
joint_neural_hef_roberta_finetuned,amazon_google,70,3,0.7660784271730728,0.00881926840405238,0.7140228371922834,0.03862435486584138,0.8290598290598291,0.03498014005073696,0.9734606183124881,0.0029435605877734454,0.7741126338065611,0.03490685003844632,0.049045686579460866,0.0046431877820262545,0.04902592295021633,0.010717628552082822
joint_neural_hef_roberta_finetuned,amazon_google,75,3,0.7785346897552688,0.011016717444616774,0.7182857140715472,0.025792640518898968,0.8518518518518519,0.04301899963117238,0.9751532082760834,0.001048776727425882,0.7734936133028124,0.016501370738024986,0.04324857815963943,0.0006325018399888197,0.03711613148343744,0.0052428157072931855
joint_neural_hef_roberta_finetuned,amazon_google,80,3,0.7759629447608988,0.007407128752331785,0.7415540234045376,0.01495887763985405,0.8148148148148148,0.03454232379766992,0.9752988408889331,0.002849526575031507,0.7792734683906506,0.02424015520425849,0.04215875204266747,0.0005753845983205686,0.03726548646848964,0.0016424204055385926
joint_neural_hef_roberta_finetuned,amazon_google,85,3,0.7748145793600338,0.01975785509059126,0.720037296037296,0.04503496793062002,0.8404558404558404,0.013737394246428725,0.9741894732181279,0.0034753170033675613,0.7818689213922904,0.04838815457570037,0.043455985344987846,0.0037101485642443994,0.04009092073099561,0.0024249054218124424
joint_neural_hef_roberta_finetuned,amazon_google,90,3,0.777624930104182,0.028423400055828066,0.7300112566287746,0.026671461807646187,0.8319088319088319,0.030915291188334356,0.9756700137953174,0.004016535903181484,0.7952204108302611,0.02936730291294604,0.04513745887295365,0.0015769845255867504,0.04145420438707817,0.001147589346988911
joint_neural_hef_roberta_finetuned,amazon_google,95,3,0.7764616253976109,0.0036371279898879255,0.7334212766285797,0.025012009128615318,0.8262108262108262,0.028454393668715376,0.9742548522295972,0.006313221312293519,0.7999785503335402,0.036981283357868405,0.042628556945761224,0.0026863099303781617,0.03687345974559081,0.007993338149496392
joint_neural_hef_roberta_finetuned,amazon_google,100,3,0.7864150881067336,0.01879226008327503,0.7553822274852318,0.026157988539487326,0.8219373219373219,0.04569519923745136,0.9763462887552251,0.0035802038481674418,0.8018554828828883,0.04392506880526584,0.039917928944941936,0.001904253733985796,0.03682478948874247,0.0014925366956858388
joint_neural_hef_roberta_finetuned,link_lives_release2,1,3,0.8389164897871247,0.005468763146515072,0.7837123616196278,0.011143016179733269,0.9027692307692308,0.016307692307692356,0.963590008226044,0.008952062136183308,0.8110599665213506,0.025962385284834345,0.05894841056732422,0.00792699934276135,0.06410653401571602,0.023195393571812523
joint_neural_hef_roberta_finetuned,link_lives_release2,2,3,0.8576143334193529,0.006334226260150527,0.7898065036636911,0.010677860077100143,0.9383589743589743,0.013871202414003494,0.976115862873759,0.005679070100516956,0.8827501260636397,0.02180794530292597,0.04721484695420665,0.0009518087561853133,0.04608763858118404,0.0035018998965599827
joint_neural_hef_roberta_finetuned,link_lives_release2,3,3,0.8685616869272863,0.0012308967427498135,0.8047141383988164,0.004422810169572178,0.9434871794871795,0.008704665597012823,0.9789943374208482,0.003574620176070222,0.9125813054062439,0.00941459149988375,0.046029019246793194,0.004744581303907033,0.047590798541965094,0.009718664921046139
joint_neural_hef_roberta_finetuned,link_lives_release2,4,3,0.8795252319703137,0.0004978961198794861,0.8271932026142441,0.0042182517679921734,0.938974358974359,0.006529556530214148,0.9830625976444182,0.0009717445727494033,0.9222845139484829,0.008631459236643418,0.04287882222945261,0.004540093260403098,0.040032845416076566,0.006144471078721032
joint_neural_hef_roberta_finetuned,link_lives_release2,5,3,0.8732693545973909,0.006371502647103791,0.8194316283465074,0.019107740058488285,0.9350769230769231,0.010645442395080704,0.9809994292783399,0.005712173477359412,0.9242298229385224,0.004396426671875038,0.04325640863137394,0.0063032664125182835,0.03768642116655316,0.009013918108332719
joint_neural_hef_roberta_finetuned,link_lives_release2,10,3,0.8902290053591935,0.011698623589725387,0.8422404902360275,0.02909433007982403,0.9447179487179488,0.010669131865032485,0.9895251946511584,0.0017325085543456137,0.9459629095748925,0.00982921908619034,0.03282022474279353,0.0038140205593424864,0.02478466506646261,0.010728183121745744
joint_neural_hef_roberta_finetuned,link_lives_release2,15,3,0.9007753148424598,0.00690411019748322,0.867130075889442,0.013408911401357698,0.9372307692307692,0.003743238480183519,0.9907337567514141,0.001204165978422248,0.9547659909746978,0.00585359038495315,0.034898177507060826,0.005255763172662309,0.032635258304291495,0.0056639131370908
joint_neural_hef_roberta_finetuned,link_lives_release2,20,3,0.8993910149719273,0.006063433670619248,0.850602904224163,0.01634444529078975,0.9543589743589743,0.007846656595255441,0.9917034957498772,0.0006551283061876585,0.9571715724782106,0.0022671393499123925,0.035230730651653844,0.0050591361790001755,0.03381867792617414,0.005819341945359054
joint_neural_hef_roberta_finetuned,link_lives_release2,25,3,0.9027526451710414,0.0015282407751665507,0.8702138446753088,0.0035346528337662497,0.9378461538461539,0.0052307692307692055,0.9915315299804233,0.0006110081295230404,0.9550938783139491,0.0054058531759044555,0.03145565335188004,0.0008203985901364961,0.028833995284780128,0.0008247658211870971
joint_neural_hef_roberta_finetuned,link_lives_release2,30,3,0.9070361935656133,0.005905270036401031,0.868978670580036,0.01398212037773738,0.9487179487179487,0.004629039629290984,0.9925133179015297,0.0012772058404031223,0.9641683600154742,0.003955807921846619,0.027614598065506146,0.0019359555546653228,0.0228012029677206,0.0049484158178301815
joint_neural_hef_roberta_finetuned,link_lives_release2,35,3,0.9145309753449771,0.0038870368590268097,0.8973217816770565,0.01935511479162048,0.9328205128205128,0.013321098923459675,0.9927969410594379,0.0014278911055412872,0.9673705189051094,0.0013964261909170158,0.028447132405130922,0.0007484477561437715,0.027323265171591428,0.0015990912965419672
joint_neural_hef_roberta_finetuned,link_lives_release2,40,3,0.9201900448960482,0.001200910990304654,0.8977263134632005,0.014492729394719957,0.9441025641025641,0.013356587217202223,0.9933232899074729,0.0011090757366337492,0.969117084403313,0.0016025513660836424,0.02699494991888603,0.0016619515967360979,0.025652582615268947,0.0021926225111372983
joint_neural_hef_roberta_finetuned,link_lives_release2,45,3,0.9135769256816294,0.002274366376001413,0.8876051320845216,0.002160994163736865,0.9411282051282052,0.005012017117075138,0.9934748946237382,9.546398345964707e-05,0.9670720725692654,0.0016053537278291686,0.029424589599251087,0.001638693282649716,0.028251974965610212,0.002615081259683859
joint_neural_hef_roberta_finetuned,link_lives_release2,50,3,0.9171842340036707,0.000708395446386539,0.9017859271965474,0.0030756215982294132,0.9331282051282052,0.0023500388179261045,0.9936086507374745,0.0006383925007895727,0.9696428065349157,0.0016372469864584457,0.027485642916600866,0.0015699796797982197,0.025619954447460007,0.002178406227580338
joint_neural_hef_roberta_finetuned,link_lives_release2,55,3,0.9160400960299001,0.00215793935699524,0.8969092968580404,0.007364559798300816,0.9361025641025641,0.00923760430703399,0.9932145084460429,0.0006192962117736946,0.9662579976943465,0.0031985355776587474,0.02900676236384206,0.00038486636357747383,0.02813077591375705,0.00017738508808412998
joint_neural_hef_roberta_finetuned,link_lives_release2,60,3,0.9122802554331049,0.005506971427480485,0.8897920724943272,0.02927940724450916,0.936923076923077,0.02123076923076922,0.9938989153100071,0.00019261890242367922,0.9699288537486693,0.0007075702150660605,0.02958636453512161,0.004355400432071615,0.029049538338898007,0.005102205310381604
joint_neural_hef_roberta_finetuned,link_lives_release2,65,3,0.9198400568406977,0.0012702431902491965,0.8961040188190512,0.01012524153338026,0.945025641025641,0.010344747783591167,0.9944959252386509,5.783784860368468e-05,0.9736613662656587,0.0017923432549535939,0.02685107690259612,0.001334612367172586,0.025899872351155363,0.0024294759023957813
joint_neural_hef_roberta_finetuned,link_lives_release2,70,3,0.9214815779048953,0.006757903868451445,0.9042726169193532,0.015370267086645838,0.9394871794871794,0.003403212312417849,0.9938172957358483,0.0006562884977627227,0.9731800755532324,0.003952417214804399,0.026542982999659084,0.0030110545319815382,0.026049992638708656,0.0032108033620675634
joint_neural_hef_roberta_finetuned,link_lives_release2,75,3,0.9227672452005733,0.0022127377502750897,0.9121666558252184,0.009639734037764986,0.9337435897435897,0.009400155271704262,0.9939890893322876,0.0011585154300748461,0.9723658976978914,0.002170814279623917,0.0278530703733625,0.003922102286778487,0.027038454832836407,0.003707822187390422
joint_neural_hef_roberta_finetuned,link_lives_release2,80,3,0.9231491226228508,0.0025042549713900565,0.9146355205073589,0.00895369631934587,0.9318974358974359,0.005676346298265275,0.9949971782755915,0.00023216098761384688,0.9741816471646761,0.0009522095336806359,0.025794955321014352,0.001058355933639889,0.024437615035762313,0.001313952287343136
joint_neural_hef_roberta_finetuned,link_lives_release2,85,3,0.9217464630044108,0.007619114831124898,0.8997320614673457,0.019016617985540326,0.9451282051282052,0.008622707510557437,0.9947416001887527,0.0007689463393714034,0.9735374084118744,0.003405673226753458,0.027888671062449338,0.0011149308065855298,0.026950257429981896,0.0009935517069369956
joint_neural_hef_roberta_finetuned,link_lives_release2,90,3,0.9261365556307544,0.0062956395343430425,0.9173851694128833,0.008359081089572626,0.9351794871794872,0.013490591359418772,0.9951213213960043,0.0008060430366285333,0.9765916860272258,0.003766742215823506,0.02460829982879924,0.003262323334594221,0.023841074763901113,0.003461770711295548
joint_neural_hef_roberta_finetuned,link_lives_release2,95,3,0.927109064795623,0.00451820062867951,0.9024728329930554,0.012047329719751938,0.9532307692307692,0.004362291347310063,0.9951828445532748,0.0006397266576896626,0.9775493257597302,0.0008919969427659243,0.02619063043007728,0.005954293045041531,0.025235841862059682,0.006780428548149344
joint_neural_hef_roberta_finetuned,link_lives_release2,100,3,0.9272131773162283,0.0009786342529089363,0.9089496895841609,0.013043245688642853,0.9464615384615385,0.012047244277201122,0.9954713331930442,0.00023017481109527797,0.9778344457398228,0.0008003945422577213,0.02283579129156087,0.0013561777205083469,0.021473659251348698,0.0017014123788398564
joint_neural_hef_roberta_finetuned,walmart_amazon,1,3,0.23098862271000334,0.02009264461725561,0.14288967808337744,0.023110606839873392,0.6701208981001727,0.19834027246916186,0.6525849971711035,0.026312837083705905,0.1665025916749759,0.028739604450383253,0.214536293845391,0.04276983209190108,0.3528693049094028,0.06965503704666327
joint_neural_hef_roberta_finetuned,walmart_amazon,2,3,0.22073790596341017,0.020510890077098252,0.137726300161593,0.013015012155364273,0.5751295336787565,0.13230202419485707,0.6334922726460603,0.023480682702646062,0.1415512570228096,0.01918161847940684,0.16205252363112999,0.04316078048410877,0.23091334658483237,0.10992993604697945
joint_neural_hef_roberta_finetuned,walmart_amazon,3,3,0.3539935809270094,0.18861721721514665,0.30241645781119464,0.2364600238816241,0.5094991364421416,0.04814286654496151,0.7600123391995711,0.1043050153861744,0.3079836580964255,0.21182955674431383,0.13628625075476575,0.06206366186794353,0.20168389001146397,0.11260622234534037
joint_neural_hef_roberta_finetuned,walmart_amazon,4,3,0.4855973084340033,0.11549477744763291,0.4481810933412731,0.2113070149203026,0.5785837651122625,0.03331140159237635,0.8680119744208207,0.04786924441360344,0.4612833758061731,0.17430477232611688,0.1095509813042322,0.05082167887635142,0.141070801726395,0.07897281221911563
joint_neural_hef_roberta_finetuned,walmart_amazon,5,3,0.5491937844157804,0.25074916046153595,0.55852657837949,0.2977637701451045,0.5509499136442142,0.19291967597451812,0.8842771983503067,0.11246570091540728,0.54839951049969,0.2762701705777227,0.08157223954236938,0.0529896141279768,0.07283667615115309,0.06739329936010804
joint_neural_hef_roberta_finetuned,walmart_amazon,10,3,0.7101895654297531,0.07960674022819152,0.7212303261097617,0.054057052852096325,0.7012089810017271,0.10648057092779517,0.9426390067595735,0.02103000091357882,0.7551968275953086,0.07229976425418587,0.055254830075421306,0.018794508584471816,0.06639257219433845,0.04866003620369513
joint_neural_hef_roberta_finetuned,walmart_amazon,15,3,0.7634562684589694,0.03183752882067175,0.7625914728259883,0.06066411797508018,0.7668393782383419,0.0339763654108912,0.9639129593234471,0.0016255242190272915,0.8185986784373968,0.02302776029443042,0.040192391411431966,0.007526353639851955,0.03724597016462233,0.011304564326251963
joint_neural_hef_roberta_finetuned,walmart_amazon,20,3,0.7711933471939098,0.02858808867769625,0.7642660027564506,0.016238641235247486,0.7789291882556131,0.046439826113121745,0.9590912728545055,0.007409960099704334,0.7945840526570056,0.028213022944237817,0.0499680421858728,0.013519759195348965,0.05990893989832845,0.031240279764713996
joint_neural_hef_roberta_finetuned,walmart_amazon,25,3,0.8063714060394146,0.026052702653295932,0.8078408135746257,0.05497781998853572,0.8065630397236615,0.020940165203768776,0.9654139494371985,0.012382830527672167,0.8287743394921798,0.01952754426734975,0.033724406232232426,0.005034143180025295,0.02933326152070968,0.004951320039978099
joint_neural_hef_roberta_finetuned,walmart_amazon,30,3,0.8160853771720643,0.021907387382138085,0.8356001225063101,0.05101071940608466,0.7996545768566494,0.03449910942217297,0.9575456159549758,0.005628583249821225,0.8512511400841761,0.008619007059173622,0.03251292694912324,0.002920792504347366,0.027764814539829895,0.006235798963723638
joint_neural_hef_roberta_finetuned,walmart_amazon,35,3,0.810593378524413,0.03337582322691832,0.8457481835182955,0.011643820094269418,0.7789291882556131,0.05111795712244815,0.9637570908522421,0.02109520091116908,0.8577631827795823,0.0255585420999736,0.03327250134154128,0.00462516087532294,0.029626471267417537,0.0010466491596730094
joint_neural_hef_roberta_finetuned,walmart_amazon,40,3,0.8298778006095079,0.0053126518064836505,0.8581760026122837,0.031058558075011053,0.8048359240069084,0.03165855402387455,0.9594490724197487,0.011159722875182769,0.8692357419706453,0.01982166290031862,0.02852807939419201,0.002088328329881897,0.0248825869954163,0.004352037723827189
joint_neural_hef_roberta_finetuned,walmart_amazon,45,3,0.8259430939535051,0.019979459899478857,0.856902963212158,0.04022466554473618,0.7979274611398964,0.01868161282623829,0.9647002114227861,0.0075467952020050735,0.8687079447851607,0.012209290054824823,0.03182802381496555,0.004198467249119068,0.026402184301224443,0.002406345277762324
joint_neural_hef_roberta_finetuned,walmart_amazon,50,3,0.852947341520784,0.00927842179626701,0.8927409756351533,0.013516948384409257,0.8169257340241797,0.02157166838825005,0.9731459561669942,0.00656682373580098,0.9019453695786066,0.015645416193722693,0.02525421881739265,0.0013101438959772296,0.023530998873560808,0.0007316174795306864
joint_neural_hef_roberta_finetuned,walmart_amazon,55,3,0.8471016405284141,0.004571388037590289,0.8572346958357321,0.012979578590590025,0.8376511226252159,0.02094016520376882,0.9704296572568638,0.0047189942448881755,0.8850114250446554,0.01093463025252847,0.02768992031325018,0.00058490721725029,0.02548621013721132,0.003515419235315503
joint_neural_hef_roberta_finetuned,walmart_amazon,60,3,0.8505307336403316,0.013228049339674336,0.8568794123613479,0.025112180094129997,0.844559585492228,0.010362694300518172,0.971572847805372,0.0004553624688072355,0.885336917425074,0.017518154035810213,0.02787307197824818,0.0030920309250596243,0.02364579537704508,0.005652872012100074
joint_neural_hef_roberta_finetuned,walmart_amazon,65,3,0.8548823140257477,0.004222044668560578,0.8711301553183012,0.011242042858179606,0.8393782383419689,0.010362694300518172,0.9428162780656304,0.014155938623640762,0.8633983501355299,0.018501944149872836,0.026315705791941413,0.0005804537200366927,0.024199311573402143,0.0006569894836315228
joint_neural_hef_roberta_finetuned,walmart_amazon,70,3,0.8483626348861645,0.021001464346384537,0.8643250056910652,0.04409704117949326,0.8341968911917098,0.02374391551790593,0.9642716894467274,0.013372796228119259,0.8915348000325629,0.01243813522001301,0.027267130105323095,0.004133005717561324,0.025383930854839934,0.003667942444109155
joint_neural_hef_roberta_finetuned,walmart_amazon,75,3,0.8532016100875623,0.01148392987725468,0.8681716978201212,0.009930562134370428,0.8393782383419689,0.031088082901554404,0.9734707209219224,0.003276714629564843,0.8900700498244783,0.016225642497571486,0.02702757696170919,0.0024772629134969517,0.023338873938006842,0.0003390022915185639
joint_neural_hef_roberta_finetuned,walmart_amazon,80,3,0.855211101146982,0.013066849456896611,0.8538482430463591,0.017777127949571127,0.8566493955094991,0.010785834194125016,0.9711792217557025,0.007725784640218366,0.884643435211291,0.01391690342590722,0.027834270563104804,0.00477627401895847,0.022635231553341295,0.009551468363109557
joint_neural_hef_roberta_finetuned,walmart_amazon,85,3,0.8634960352347246,0.0074981284625152906,0.8930830083111798,0.009922609254936599,0.8359240069084629,0.013039437712039286,0.9698410792984337,0.0060311220394734365,0.8952080079674772,0.014843402732140692,0.027160161952774205,0.00144429945947353,0.024256700928121773,0.001915916895911919
joint_neural_hef_roberta_finetuned,walmart_amazon,90,3,0.8658168198390317,0.014259579030963893,0.8848346986758568,0.01043160699450586,0.8480138169257341,0.028536634960031608,0.9733218316359955,0.003273626067764085,0.9021166122972631,0.005083226733979696,0.025179389724720856,0.0032728628571505646,0.022342340023286354,0.0066459558315559615
joint_neural_hef_roberta_finetuned,walmart_amazon,95,3,0.8608842298698316,0.014031890488613837,0.8954696644351817,0.0045991814734140666,0.8290155440414507,0.022584968619381744,0.9743524246620213,0.009901456152991716,0.8987800359782552,0.02508967728542925,0.02740322533693359,0.0026174382027981786,0.025621744997238665,0.0013576153192448445
joint_neural_hef_roberta_finetuned,walmart_amazon,100,3,0.8590790756676417,0.011947002489222551,0.8776395173453997,0.03288497403740723,0.842832469775475,0.035268700961419944,0.9726746285212317,0.008059890032071207,0.901999751610027,0.007955024675396959,0.02544373390180404,0.0016535097763017664,0.024079007773017125,0.0006754826321519455
joint_neural_hef_roberta_finetuned,wdc_80_medium_seen,1,3,0.21129550420190865,0.006079569746932442,0.12892153954992977,0.014472085851547566,0.6613333333333333,0.2361891897046377,0.55846025,0.021330386947087922,0.13243031696828864,0.00831114077244839,0.1856623908593399,0.024810322254722544,0.2613849856285033,0.06788148012107971
joint_neural_hef_roberta_finetuned,wdc_80_medium_seen,2,3,0.23272371204390355,0.014523800533170253,0.14138768411516253,0.013641506891207432,0.678,0.10077698149875294,0.6048285,0.024550925350432316,0.15073425103948473,0.0031904002365924387,0.18361003983389934,0.036842473261270214,0.26722206908381646,0.08258236918222726
joint_neural_hef_roberta_finetuned,wdc_80_medium_seen,3,3,0.2641567749940501,0.030330139039713114,0.18275514044239136,0.023148811097290983,0.49133333333333334,0.10718830782008516,0.659588,0.03408168306345068,0.19290062047307951,0.03175993719302379,0.18923212293833008,0.047445470141447094,0.21817381348861037,0.11473623817572647
joint_neural_hef_roberta_finetuned,wdc_80_medium_seen,4,3,0.328335844167085,0.05707687998683748,0.23469980002787663,0.07229765305959655,0.5926666666666667,0.06661331198291624,0.72483675,0.051628529798818615,0.23884638087101082,0.06632595039438009,0.1543611833543477,0.029067769071356154,0.16708008038721703,0.07224400051350334
joint_neural_hef_roberta_finetuned,wdc_80_medium_seen,5,3,0.3941543397129415,0.019940116268198162,0.29785881905983924,0.012239227657304943,0.5826666666666667,0.04021608301828177,0.7860619166666667,0.024227857174558956,0.30828709230874274,0.03438027945273528,0.16493910387832844,0.01606910618299153,0.15031565620136206,0.030312243414880764
joint_neural_hef_roberta_finetuned,wdc_80_medium_seen,10,3,0.4293192769359008,0.08209460588035383,0.3521225094175445,0.08714596465024718,0.5546666666666666,0.06268439465555468,0.8156178333333334,0.038467052787363766,0.3653727686583537,0.09235704787749797,0.14638046467856056,0.033234846910052865,0.13512462782625248,0.0307794965399673
joint_neural_hef_roberta_finetuned,wdc_80_medium_seen,15,3,0.49481746139191035,0.07057790139589319,0.41314231690936937,0.08414782705873969,0.6246666666666667,0.03716629297271031,0.8578148333333334,0.0345589551937459,0.4465242590724417,0.10655123598665295,0.1351590570935859,0.02341263960569901,0.12288774097565976,0.0233743536519255
joint_neural_hef_roberta_finetuned,wdc_80_medium_seen,20,3,0.5233569429066245,0.060882809476101675,0.4271797977290914,0.06720621521151139,0.6806666666666666,0.047258156262526066,0.87874275,0.024378432717260506,0.4648531799402138,0.07075505107431522,0.1247598845828772,0.005981751621327654,0.11569260970610022,0.012941759254574036
joint_neural_hef_roberta_finetuned,wdc_80_medium_seen,25,3,0.579160119566319,0.04074288400218096,0.5182853470936,0.07497255874304459,0.6646666666666666,0.025716402029314505,0.8966728333333334,0.007071978481714507,0.5664243013893328,0.044972627261404,0.10577731698382677,0.014828118081456086,0.10036711773005341,0.008166083229202856
joint_neural_hef_roberta_finetuned,wdc_80_medium_seen,30,3,0.5789935037789001,0.01139512950153474,0.5000284919155297,0.006781452040651593,0.6880000000000001,0.027712812921101997,0.9037279166666667,0.006372585338450435,0.5614545592450307,0.014140621929331463,0.11076626680701392,0.007734208304861329,0.10346288243901951,0.007769516830690962
joint_neural_hef_roberta_finetuned,wdc_80_medium_seen,35,3,0.6450382170909581,0.014239573790285304,0.6007046070757813,0.03522132288640859,0.6986666666666667,0.029005746557076093,0.9138589166666666,0.019317557314094673,0.6272508622891667,0.029176065915398626,0.08559729857082078,0.002554200708551251,0.08128932067782928,0.0024551148207642027
joint_neural_hef_roberta_finetuned,wdc_80_medium_seen,40,3,0.6729021731651973,0.015675682945542654,0.665521167095245,0.0472940216046802,0.6846666666666666,0.04801388688008223,0.9356226666666667,0.006422034755109418,0.7006513312888928,0.024476973147857944,0.07525479558840592,0.0031130587130133508,0.07477336192983462,0.0033252373345816475
joint_neural_hef_roberta_finetuned,wdc_80_medium_seen,45,3,0.6385655935735121,0.03658481765207779,0.6012961379545495,0.04855290517646782,0.6813333333333333,0.02138535324312721,0.9309610833333333,0.011917511488701564,0.6654877992385498,0.05249124078199338,0.08596984267246331,0.009078475745139019,0.08143657791618844,0.005858086863299608
joint_neural_hef_roberta_finetuned,wdc_80_medium_seen,50,3,0.643158730745097,0.018152913382027052,0.5885609722490689,0.03366177024266616,0.71,0.005291502622129186,0.9324493333333334,0.005482148166625356,0.6733811081132279,0.021834318330052522,0.08097247542996165,0.0013621545093486437,0.07297625828293343,0.005113107549441842
joint_neural_hef_roberta_finetuned,wdc_80_medium_seen,55,3,0.6683422149910824,0.019617146764252833,0.6239169569624151,0.04367228898758093,0.7226666666666667,0.03607399802258319,0.9408088333333333,0.005828285995542157,0.7164933835224666,0.015625491854261722,0.07218487550976944,0.00892577138194366,0.06405887169760859,0.0069048511863525576
joint_neural_hef_roberta_finetuned,wdc_80_medium_seen,60,3,0.6759605058597978,0.0113144268237931,0.628350205033272,0.030123870252672113,0.7326666666666667,0.01677299416721218,0.9491959999999999,0.005435358474838584,0.7349868912121621,0.030406401455780805,0.07232346372443756,0.006180584907759088,0.06735788193177776,0.010059524259923406
joint_neural_hef_roberta_finetuned,wdc_80_medium_seen,65,3,0.6930597069819974,0.027488611990532697,0.6754836561945731,0.044938139886176405,0.7126666666666667,0.019218047073866117,0.9531141666666666,0.00897728204390578,0.7343787493186289,0.045843271254801296,0.07109799179464844,0.009024103485183009,0.06877996126386442,0.007743484133960141
joint_neural_hef_roberta_finetuned,wdc_80_medium_seen,70,3,0.6957044670926749,0.014813849630667224,0.6526835308553055,0.005404032700948421,0.7453333333333333,0.03300505011863086,0.946878,0.00876140145396269,0.7399158541441357,0.033635164650075634,0.06754354326562868,0.009135983484553084,0.0626817826684047,0.009530030344339404
joint_neural_hef_roberta_finetuned,wdc_80_medium_seen,75,3,0.7050775951278743,0.008441684832051169,0.6677780966721484,0.03035786886757428,0.7493333333333333,0.04100406483915145,0.9547755833333335,0.0028554759819219492,0.7623971960706436,0.01947398877763584,0.06860519701441545,0.0017475362557783313,0.06435782018467714,0.006631041739175596
joint_neural_hef_roberta_finetuned,wdc_80_medium_seen,80,3,0.6992094745907608,0.015976669445779794,0.6667032984380141,0.06110686473454799,0.742,0.05768882040742382,0.9518675,0.0022882313584950556,0.763226080117081,0.012039370623133146,0.06295167382909457,0.007881148243770382,0.05843418871165421,0.00406509093084502
joint_neural_hef_roberta_finetuned,wdc_80_medium_seen,85,3,0.7186554576242602,0.012313103229447587,0.6810432220758308,0.027310459338454295,0.7613333333333333,0.010066445913694343,0.9579464166666667,0.00799911674941884,0.7885222360151011,0.021712566842724622,0.06137602941953374,0.0026363875584542846,0.05683614097958586,0.003655202141689367
joint_neural_hef_roberta_finetuned,wdc_80_medium_seen,90,3,0.7007999208009588,0.01643451429944286,0.6392785343351515,0.026882748518913018,0.776,0.010583005244258372,0.9562205833333334,0.004336743697272668,0.7631080745437254,0.009355574917731362,0.07131800652702341,0.004585221240975249,0.06801186164367203,0.007099455455527908
joint_neural_hef_roberta_finetuned,wdc_80_medium_seen,95,3,0.7131089592835171,0.01248890814004218,0.6749033618985542,0.0172463983500903,0.7573333333333333,0.04021608301828183,0.9543719166666667,0.007707981311331273,0.7642109893388377,0.013621228547495498,0.0635553699711573,0.001241383515180212,0.060943222563589826,0.0005478662185076601
joint_neural_hef_roberta_finetuned,wdc_80_medium_seen,100,3,0.7211851901893271,0.002180928176400991,0.6977137176869157,0.01322671501791584,0.7466666666666667,0.014742229591664,0.9608973333333333,0.004021187249536353,0.7845287829198981,0.02904677409328913,0.06106722882127743,0.003669825349094068,0.058997932252810435,0.006337596390407117
joint_neural_hef_roberta_finetuned,wdc_80_medium_unseen,1,3,0.20780225084274875,0.0028534406039521514,0.11751542151145301,0.002599003513413729,0.9026666666666666,0.07674199198179141,0.5616954166666667,0.025442752222309406,0.14185206643972761,0.013160121047543704,0.20073768125340266,0.034287821816874675,0.28795857968208965,0.07177851930055733
joint_neural_hef_roberta_finetuned,wdc_80_medium_unseen,2,3,0.2301135157866591,0.0209177841063134,0.13569248303720605,0.014725180038546648,0.764,0.029866369046136185,0.6159198333333333,0.03491611685734585,0.16494400550465826,0.015193667896730682,0.20498991081978005,0.024236677240384263,0.3175264080906356,0.040319538429713316
joint_neural_hef_roberta_finetuned,wdc_80_medium_unseen,3,3,0.28121073847199285,0.04403822867145524,0.1821034293833094,0.03813107871524618,0.6453333333333333,0.06712177987310329,0.67715525,0.060890161218788076,0.21374431692876494,0.05125488767817457,0.2047501465666048,0.026293624231168416,0.2600403481002345,0.09108332754682273
joint_neural_hef_roberta_finetuned,wdc_80_medium_unseen,4,3,0.36346304188329814,0.057050679840443874,0.27439687481276637,0.07634376729661423,0.6093333333333334,0.17088397623338866,0.7718244166666667,0.03214376570321732,0.291155036800406,0.043101644405205114,0.14282671334703007,0.03661528583957064,0.15503194691130406,0.10405372080503959
joint_neural_hef_roberta_finetuned,wdc_80_medium_unseen,5,3,0.39817873526053726,0.045037266600481955,0.3000850321265597,0.036661202303405645,0.5933333333333334,0.06676326335143701,0.8001251666666667,0.04438763642075158,0.3178447715921523,0.04761054833795206,0.21843792863467207,0.05587356934493581,0.25036626281775537,0.06553278220966677
joint_neural_hef_roberta_finetuned,wdc_80_medium_unseen,10,3,0.43427879972233147,0.04992072300182091,0.3679816038049655,0.07168587341497688,0.5373333333333333,0.0221208800307161,0.824596,0.011221738980657179,0.3903722822660728,0.048962284381553464,0.13218692277216065,0.017529840012530187,0.11828997048963275,0.016638268855765755
joint_neural_hef_roberta_finetuned,wdc_80_medium_unseen,15,3,0.5198422948006567,0.0632559598512096,0.440017060936448,0.06734422580625021,0.6366666666666667,0.04742713709821981,0.8756548333333333,0.029523089956563404,0.49569020547540815,0.07523856506588583,0.12031997925839533,0.01647822149966189,0.10711502900661005,0.016054772910181692
joint_neural_hef_roberta_finetuned,wdc_80_medium_unseen,20,3,0.5483022389939772,0.03783181351760852,0.48868924955452125,0.01646414616869647,0.626,0.0721110255092798,0.8975214166666666,0.0198048655201401,0.5414918142436134,0.050664923070775775,0.10179443937647374,0.0027052652758912665,0.08701108920824266,0.007787596407429146
joint_neural_hef_roberta_finetuned,wdc_80_medium_unseen,25,3,0.6069342044572932,0.004667747053292819,0.5336687502712667,0.022029466236933887,0.7066666666666667,0.047427137098219746,0.9166704999999999,0.007396331371024412,0.5906403921542736,0.024170174209340076,0.10069073431331735,0.0074499923862672976,0.09929908080225706,0.008110934744574172
joint_neural_hef_roberta_finetuned,wdc_80_medium_unseen,30,3,0.6155227064640509,0.01709188669369277,0.5214198593293814,0.020211839476279178,0.7513333333333333,0.011015141094572214,0.918787,0.006667530375821342,0.6023151459354212,0.042345675004234494,0.10883063096189315,0.014290492268458682,0.10714155856396623,0.015088670333932765
joint_neural_hef_roberta_finetuned,wdc_80_medium_unseen,35,3,0.6138980692970789,0.04313749983562993,0.5402203892844848,0.044340211989200684,0.716,0.08000000000000002,0.9147681666666666,0.005314638665594575,0.6295891774890814,0.03867828060886981,0.08838724481221386,0.014508437842766446,0.07701272699759446,0.020456478217958502
joint_neural_hef_roberta_finetuned,wdc_80_medium_unseen,40,3,0.6426090730312324,0.03345204743347984,0.5867898522116868,0.0598730367266369,0.7133333333333333,0.009451631252505225,0.925962,0.007687161077894734,0.637172621379161,0.0296788252249311,0.08812302386592286,0.009351058194688427,0.08376163548815141,0.0091997685825387
joint_neural_hef_roberta_finetuned,wdc_80_medium_unseen,45,3,0.6435144414238491,0.03900748581850694,0.5670584971959926,0.03380917840106443,0.744,0.04853864439804643,0.9256734166666667,0.009034842338598543,0.639240561063489,0.023738583220266916,0.09421642176813605,0.007887480265103742,0.0908192876818357,0.004197465648233175
joint_neural_hef_roberta_finetuned,wdc_80_medium_unseen,50,3,0.6673431555958645,0.015775902118583277,0.602705174332641,0.030071404174545215,0.7486666666666667,0.017473789896108226,0.94420875,0.0021431801866619877,0.6962991986072259,0.01315441530675315,0.08720613829871969,0.004894274265674504,0.08515459877160847,0.004687976219977549
joint_neural_hef_roberta_finetuned,wdc_80_medium_unseen,55,3,0.6577495769144591,0.014759002243183935,0.5690764820203923,0.009377035962827424,0.7793333333333333,0.026633312473917595,0.9360613333333334,0.008057363112913114,0.6554613385666821,0.03737209173447329,0.09323868351195115,0.01025192345120231,0.09170242436987314,0.010152757299820315
joint_neural_hef_roberta_finetuned,wdc_80_medium_unseen,60,3,0.6467638024818401,0.010530354429730892,0.5768679577161251,0.03060242889388023,0.7386666666666667,0.03843609414773223,0.9338898333333333,0.002698959108773832,0.6580565189607583,0.012900841086410833,0.09387814291994506,0.004984308033431993,0.09051797942028174,0.006705381641273034
joint_neural_hef_roberta_finetuned,wdc_80_medium_unseen,65,3,0.662271502671265,0.017139185404713465,0.6070073263104431,0.018195468863460327,0.7286666666666667,0.016653327995729078,0.9360635,0.002188249314520587,0.6772906485660913,0.030901295028284873,0.08160258919665726,0.009856522323771866,0.07822254934080411,0.00820634901909844
joint_neural_hef_roberta_finetuned,wdc_80_medium_unseen,70,3,0.6698398240717429,0.041598484164628365,0.5969042789529605,0.05900901777386187,0.7653333333333333,0.011372481406154664,0.9445025833333334,0.010028916573879358,0.6982450900767873,0.049668573648913986,0.08383506028162525,0.023214808600728064,0.08691629119053444,0.023132919674412986
joint_neural_hef_roberta_finetuned,wdc_80_medium_unseen,75,3,0.6727675174569945,0.02357571534481981,0.6144682163372813,0.004501953513227146,0.7453333333333334,0.060044427995721066,0.94646775,0.00502649370212479,0.7227853899553573,0.03213090514998094,0.07043141269929525,0.013247182204652359,0.06363113257692075,0.015104990917660618
joint_neural_hef_roberta_finetuned,wdc_80_medium_unseen,80,3,0.6718491377901397,0.01006852639370534,0.6181609814122602,0.00530965591621123,0.736,0.022271057451320107,0.9400175,0.007657586875119307,0.7003432143270144,0.003173810978923558,0.07283481640881098,0.011303112987850611,0.06603635689547217,0.01638678430344908
joint_neural_hef_roberta_finetuned,wdc_80_medium_unseen,85,3,0.6951276101379518,0.00415306350244231,0.6308502002962239,0.02393829543326425,0.776,0.036055512754639925,0.94842075,0.004162281668448114,0.7282593562916778,0.01541005457665194,0.07091047273791179,0.006151625771006416,0.06742293144891544,0.008918657703096943
joint_neural_hef_roberta_finetuned,wdc_80_medium_unseen,90,3,0.7131719506190395,0.0031414505313349813,0.6457038835374658,0.031150599375877618,0.7993333333333333,0.04163331998932263,0.95452625,0.004917087825888345,0.7345416553826348,0.008031300801230561,0.0714359795144957,0.0050499293034064795,0.07135648205562406,0.00552643802000779
joint_neural_hef_roberta_finetuned,wdc_80_medium_unseen,95,3,0.6952766513972481,0.013620854429005095,0.6274066500655525,0.013484333781879897,0.782,0.0555697759577992,0.9481471666666667,0.008680937860959137,0.7248457507285526,0.019663135961809897,0.07062937802994307,0.006659692003367948,0.06875344909743418,0.005677509625720124
joint_neural_hef_roberta_finetuned,wdc_80_medium_unseen,100,3,0.7225965090663768,0.018857536900463392,0.6668743219682094,0.01613537091522174,0.7886666666666667,0.026633312473917595,0.9514496666666666,0.0030374397764950066,0.7491230393065225,0.01931077753394858,0.06432652595770552,0.008902412321202365,0.06178004070961335,0.00954819974621946
official_ditto,abt_buy,1,3,0.2134080074674134,0.01193972542885414,0.13022531969465168,0.006562306246930079,0.5922330097087378,0.058856095402825964,0.5870777266791575,0.02209495644597419,0.14810797934153674,0.01066405138711351,0.11568171067812057,0.029152266360729567,,
official_ditto,abt_buy,2,3,0.21642144168663902,0.00414844876395671,0.131092195460274,0.0019046838549972873,0.6213592233009708,0.04231940721884154,0.5860926588315449,0.007822981600143117,0.14570431332434433,0.016700899131493526,0.09974553450852516,0.007589950535963256,,
official_ditto,abt_buy,3,3,0.21695362232792548,0.008237763408245499,0.14070004156808058,0.011338969163076355,0.5097087378640777,0.15737441822764398,0.6000667120876626,0.009643061596802968,0.1618758686196583,0.009550840813433048,0.1010190164686173,0.008957323210257601,,
official_ditto,abt_buy,4,3,0.2784834106448823,0.09646168099610734,0.2080938228590319,0.12466108099979374,0.5744336569579288,0.16492952114287565,0.6465276594939344,0.09567154567510146,0.2180948518110265,0.12010877720670692,0.09722448386915157,0.0026443857114688877,,
official_ditto,abt_buy,5,3,0.25771497329629683,0.040308855099274454,0.17930458039449243,0.05004638684262398,0.5857605177993528,0.24582158721597883,0.6755980431120953,0.061275291358066426,0.22159759849805594,0.05132931737300445,0.09358198215927911,0.0023243283575019517,,
official_ditto,abt_buy,10,3,0.6034231805929919,0.21083866878143845,0.5959740513439717,0.19482762310253518,0.6116504854368932,0.22701636798232858,0.8805957720623024,0.10908270163241492,0.6534302974326287,0.24982648772119648,0.06552076552639682,0.023992409077545924,,
official_ditto,abt_buy,15,3,0.7124109359651378,0.040590841735977455,0.6393910600677518,0.005856915546754496,0.8090614886731392,0.1020957382158405,0.9541276329983536,0.02429193940742317,0.7905210207170241,0.11397884516735331,0.05844342002237099,0.030559137506423504,,
official_ditto,abt_buy,20,3,0.59813786056983,0.32510857017490125,0.5427634099874525,0.3518314628579395,0.744336569579288,0.15962928744515886,0.846551316262609,0.21958385662280658,0.616475776913193,0.40480504376890813,0.05812539667705237,0.03215963680596332,,
official_ditto,abt_buy,25,3,0.7832960142670117,0.04267337464367006,0.7191783396563071,0.07434774005289023,0.8640776699029126,0.029527973448049662,0.9770770642896346,0.006832914671583515,0.8677756426358819,0.020810828798827303,0.04233231564361828,0.008908364124025148,,
official_ditto,abt_buy,30,3,0.7629073021227398,0.018471079147343916,0.7127026024084848,0.005933021373938066,0.8220064724919094,0.04862452815960101,0.9748519086280967,0.0029845953897366696,0.8327786385700299,0.037436084545726785,0.04843267340927064,0.004017295441328144,,
official_ditto,abt_buy,35,3,0.8307383872969684,0.049624572486499124,0.8289841144678265,0.06840376867207813,0.8333333333333333,0.034095966837711114,0.9827144722648045,0.008214120265804216,0.9146006402910957,0.03897725794566285,0.03196815643171043,0.006986823864627717,,
official_ditto,abt_buy,40,3,0.8209482854153078,0.014420558894105352,0.7496136851136851,0.025031457083044373,0.9077669902912622,0.009708737864077666,0.9827755067279851,0.002851377050781547,0.9121751257153214,0.011488469922603998,0.03433708137795652,0.003348543207401713,,
official_ditto,abt_buy,45,3,0.8319302776240294,0.056114164064735746,0.8095073105962398,0.09566767414403178,0.8592233009708737,0.00840801362897513,0.9834558753950681,0.006922498559062146,0.8977902506598995,0.0589667361179946,0.034445653964056036,0.01119305017513349,,
official_ditto,abt_buy,50,3,0.8267998265411297,0.024550179180975896,0.7786972157342528,0.01963759779093842,0.8818770226537217,0.041285924990851416,0.978450576278885,0.009152771467007057,0.888157154062252,0.03223590953260348,0.03305579453180276,0.010127111762825427,,
official_ditto,abt_buy,55,3,0.8369350564084913,0.011330772146656712,0.8235104186425989,0.019144276838861402,0.8511326860841424,0.017047983418855557,0.9828266053483222,0.004304589346347724,0.9052872565580372,0.009996388408461523,0.031062995878072628,0.002125686958589779,,
official_ditto,abt_buy,60,3,0.8351509657804879,0.056946283826200844,0.7950219606387585,0.08537103502385783,0.8818770226537217,0.0196186984676087,0.9816674236832641,0.008803566451955742,0.903187583711581,0.05676621187307916,0.028883017877385623,0.010465360831279616,,
official_ditto,abt_buy,65,3,0.8530905934487643,0.04489629702937987,0.8395135365524817,0.05169953747767783,0.8673139158576052,0.03923739693521732,0.9851799806960768,0.0032693468066420203,0.9167738775179258,0.0193620229566513,0.02972644297744217,0.010184838764397647,,
official_ditto,abt_buy,70,3,0.8693812173714631,0.012390959945542486,0.857798767179385,0.029879488830205636,0.8818770226537217,0.011210684838633569,0.9888746948276841,0.002249783775502091,0.942296598975815,0.007713363703661692,0.02519539024268714,0.0012824264236978007,,
official_ditto,abt_buy,75,3,0.8600332817403573,0.02227187296893493,0.8745782014723132,0.01676637382499622,0.8462783171521036,0.03304300624055367,0.9835173829936221,0.005626019223458484,0.9203062757667665,0.027356769412033403,0.03000808857367381,0.0060609708372032795,,
official_ditto,abt_buy,80,3,0.8913540096485234,0.011721413758808977,0.8946914141298555,0.02588691222727951,0.8883495145631068,0.004854368932038833,0.9914622721853177,0.0014665611489132918,0.9519884678215004,0.0077578009028034505,0.022256418140991132,0.003293040140131673,,
official_ditto,abt_buy,85,3,0.8807182793456338,0.009675320246113082,0.8785539965221563,0.025912108677664213,0.883495145631068,0.017502676094485425,0.9916808607278715,0.001489918766737892,0.9566705688610012,0.003252420928396572,0.021661261749535653,0.004392829969014782,,
official_ditto,abt_buy,90,3,0.8803042005623932,0.006527894224073799,0.8802787217307594,0.026341192339364564,0.8818770226537217,0.037706084782301155,0.9912805882018964,0.0022691629730861155,0.9545787499708993,0.005179503011004205,0.023326344348152023,0.000898403367970691,,
official_ditto,abt_buy,95,3,0.8866438163921001,0.013860433526917394,0.875576482237565,0.01960612332132972,0.8980582524271845,0.00840801362897513,0.9917220235053653,0.004138361977037608,0.9622876118966153,0.012161240860039425,0.02152024161890117,0.005952064450644516,,
official_ditto,abt_buy,100,3,0.8822428607876369,0.02214797389124108,0.8693322719158585,0.057498637236510344,0.8980582524271845,0.02568690593266598,0.9914897140369803,0.0026712515486186274,0.9577700236083849,0.004802420822988155,0.020276011038645732,0.0020803920060498055,,
official_ditto,amazon_google,1,3,0.18032412415278035,0.007765695444462935,0.10625161164905587,0.006235673521201174,0.7364672364672364,0.34167550843883937,0.49599077913793793,0.044036269934292376,0.10501536687850824,0.011147938212149782,0.19329146741156283,0.17285188168447263,,
official_ditto,amazon_google,2,3,0.20588204438809385,0.02513461902755081,0.12005400710659658,0.019429374261791834,0.7521367521367521,0.0784511100456659,0.5996684004211931,0.05596022269000513,0.16694650016187035,0.04615252141882465,0.0928483346518318,0.001337773821199518,,
official_ditto,amazon_google,3,3,0.2570678867737228,0.12937961193770997,0.22902586910694073,0.15604204008454067,0.3262108262108262,0.07103964467117768,0.6533130900542266,0.1669268974930947,0.2122180835253297,0.13071682074211505,0.08784945686632363,0.006068689288174843,,
official_ditto,amazon_google,4,3,0.35164312880220316,0.12643505155092336,0.32396152891862917,0.154807117993208,0.4658119658119658,0.14435338251328667,0.7517621200234119,0.11808346140448892,0.32220597636280596,0.14182890930110498,0.08500058973286385,0.00568222486204133,,
official_ditto,amazon_google,5,3,0.3148053757459668,0.17328287713025264,0.28932217424916046,0.1425301826559565,0.39743589743589747,0.22945972237023587,0.7596293944035566,0.11386477947204822,0.29821782049004103,0.15064783732458767,0.08990026071794445,0.0035432505282747585,,
official_ditto,amazon_google,10,3,0.6116164764809168,0.06070812426366465,0.5630714993668022,0.05716789778080689,0.6695156695156695,0.06625080315802555,0.9338831396869279,0.021175200172244578,0.6377855662728374,0.07359400018558229,0.06909324087175978,0.016451807966243577,,
official_ditto,amazon_google,15,3,0.46798447094708967,0.24812060266810484,0.4428133106591581,0.2982655686639314,0.7350427350427351,0.23017492323923472,0.8232210336387121,0.19451932686020137,0.4895180482078687,0.2843442691418979,0.0719831772436458,0.019776428885002428,,
official_ditto,amazon_google,20,3,0.6400242487448211,0.0404121222613983,0.5909298668019881,0.09166927416318031,0.7108262108262108,0.047651648671446487,0.9405331191392386,0.0042004108560486884,0.6774489382607571,0.02641241951527177,0.06733369921972765,0.013843526541640122,,
official_ditto,amazon_google,25,3,0.6322334902506261,0.004086827604325006,0.588103149818631,0.0440919878051982,0.690883190883191,0.06868697123214357,0.9427269481907655,0.003546025457998372,0.6790715883677838,0.021169315727328674,0.06070024502394333,0.007543913874027203,,
official_ditto,amazon_google,30,3,0.6656731092160102,0.014310891660896831,0.645315367392347,0.06275362204997666,0.6937321937321937,0.045695199237451405,0.9535611843771143,0.007885621280287462,0.7058853976257184,0.030794405204531635,0.05321149229632732,0.0015499844053740023,,
official_ditto,amazon_google,35,3,0.693507991190063,0.026179572904912483,0.6657619933829612,0.05079189732216554,0.7264957264957265,0.03337713536712247,0.9575160956899665,0.0021163806133446903,0.7433513704061544,0.013706550304943006,0.05047159693935758,0.001867649421815768,,
official_ditto,amazon_google,40,3,0.6873661306106963,0.00999721060752474,0.6503412008615126,0.016775329568059785,0.7307692307692307,0.04461669448252373,0.9587890838497929,0.0032232431561544594,0.7179240355279625,0.02253958339402521,0.05192466749790998,0.0032940998549589257,,
official_ditto,amazon_google,45,3,0.6858256944241431,0.019346132847421284,0.6696021253155647,0.014370585263552374,0.7037037037037037,0.038540596177973487,0.9545422154698503,0.0012653066473926286,0.7298411842969644,0.01565579893559911,0.05415399340382946,0.002536401608456092,,
official_ditto,amazon_google,50,3,0.7187728436553632,0.015129026980393437,0.6852333731206834,0.004123215259590571,0.7564102564102564,0.03498014005073695,0.95928202084103,0.004860769753245041,0.7558563105913677,0.012946936942870572,0.048984296602066456,0.0006808410523823964,,
official_ditto,amazon_google,55,3,0.6997825453697479,0.014866654872276588,0.6590192068565086,0.0235411194852661,0.7478632478632479,0.04461669448252375,0.9631124007034643,0.003424643555857524,0.745087886885771,0.006910032640634178,0.04917569024298933,0.0015994499905064637,,
official_ditto,amazon_google,60,3,0.7043779896112972,0.04275265326565439,0.6466032645008614,0.04104418027084771,0.7735042735042735,0.044411559168432785,0.9609344840039353,0.01207333513429954,0.7605734672376933,0.04005317881251208,0.045504316570297666,0.006182357780494689,,
official_ditto,amazon_google,65,3,0.7380457436777837,0.016981179126475617,0.6905629867946007,0.013909754031390746,0.7948717948717948,0.05555555555555559,0.9660243611190672,0.003636819626236997,0.7702561641944199,0.02389140792755243,0.0438745427144349,0.0037662585018486453,,
official_ditto,amazon_google,70,3,0.7235172784041141,0.023845178442558387,0.7057509064845265,0.016365225646039185,0.7435897435897436,0.05038387231859662,0.9666957931892366,0.004678231640831881,0.7747184081181848,0.03773592771274477,0.044390919385440465,0.005151079304472134,,
official_ditto,amazon_google,75,3,0.7324803847617165,0.01862884049687152,0.7003694591482559,0.025068051656392577,0.7678062678062678,0.01075474990779311,0.9693279037620951,0.000604750012808288,0.7890601016020989,0.00533591462292253,0.04531936801048383,0.0035077716897506475,,
official_ditto,amazon_google,80,3,0.727239768438667,0.005904135921327616,0.67232184220904,0.003102145521725972,0.792022792022792,0.013737394246428725,0.97137471651799,0.003249546020419704,0.7906787242765507,0.012157304624050343,0.04335560940233377,0.0031341942576640696,,
official_ditto,amazon_google,85,3,0.7313557104729012,0.014189958325195633,0.6727493273478767,0.02669049915465423,0.801994301994302,0.017792017089454125,0.9688937732891109,0.0020325720489373306,0.7901762377137747,0.006764002475128121,0.04514784458301075,0.0028130266522602607,,
official_ditto,amazon_google,90,3,0.7155366191465482,0.014871862139828681,0.7013602017321564,0.05474439264430456,0.7393162393162394,0.0818685643618291,0.9671368420761329,0.001180601741974989,0.7757198056620949,0.012148338415646947,0.04489283782655634,0.002556674006351352,,
official_ditto,amazon_google,95,3,0.7483380830071754,0.02111219433584039,0.694083662523579,0.01181841510439507,0.811965811965812,0.03337713536712247,0.9723526343244654,0.004166665352464203,0.788741027394025,0.008582903384742237,0.04060229646192734,0.0012939147269641893,,
official_ditto,amazon_google,100,3,0.7347130997038959,0.01981235182494986,0.6936988404319523,0.0333780221274204,0.7834757834757834,0.04803337692332583,0.9710412489674267,0.0020569174960475968,0.7786178606920496,0.004024264027385108,0.042249371110598496,0.0018140942487884697,,
official_ditto,link_lives_release2,1,3,0.7431930834949222,0.10517829618915649,0.6899442069750348,0.12763792181370387,0.8084102564102564,0.07126005932657387,0.9406142941862912,0.03517620912050311,0.789739375955363,0.09145913211897191,0.08009283438518996,0.03309680949752636,,
official_ditto,link_lives_release2,2,3,0.8409070046554253,0.007627372677368306,0.8065096302276916,0.006350905292582679,0.8785641025641026,0.018403327029626135,0.9739599506437358,0.0035519607591620456,0.8948968405412325,0.009880038766812769,0.044705293269165725,0.0023380030518261766,,
official_ditto,link_lives_release2,3,3,0.871795521556966,0.0017210307612439968,0.8365502829819336,0.0032551873341344203,0.9101538461538462,0.003212402002741711,0.9852927068786308,0.0005349640565717096,0.9315358602339655,0.009590519662646863,0.03782865438899553,0.002743514139533237,,
official_ditto,link_lives_release2,4,3,0.87243872693453,0.011600134299926304,0.846080310557244,0.04057151806940874,0.9021538461538462,0.022667130752877594,0.9832482894292146,0.0009952158210652091,0.9316702350185678,0.008254989587097505,0.03594262497382118,0.00335079326845235,,
official_ditto,link_lives_release2,5,3,0.8759111962035194,0.00035108387257072105,0.8340329888815038,0.008003196140004384,0.9223589743589744,0.01048564342082629,0.9867494213073671,0.0006633832295656692,0.9350685361668808,0.009139439726496239,0.036519338436187036,0.0032712139781864574,,
official_ditto,link_lives_release2,10,3,0.8869367386760695,0.004284688661960137,0.8592003416091937,0.006752556286377822,0.9167179487179488,0.01587624725256127,0.9877916451450398,0.0022403915097942827,0.945506098117803,0.002151971969110651,0.03250643548909219,0.002183375628316473,,
official_ditto,link_lives_release2,15,3,0.8958411944559218,0.0029308499881792686,0.8612683113808918,0.0034929081965244862,0.9333333333333333,0.006500493077944942,0.9901124257902423,0.0006970648008249717,0.9536194404737794,0.0007779153777422283,0.03211835667692134,0.0025049707008247112,,
official_ditto,link_lives_release2,20,3,0.898201392640603,0.003214924191600914,0.8656488162964,0.010927745080593902,0.9335384615384615,0.014471355096990587,0.9917355709448472,0.00032104323859616374,0.960863606069673,0.0009737228429980437,0.028608437963035485,0.0021599022054760606,,
official_ditto,link_lives_release2,25,3,0.9028576310175874,0.004911240771651981,0.8686041202735277,0.013319090089181453,0.9401025641025641,0.009077357660174569,0.991344368348223,0.0011295384411538758,0.9579371072366291,0.00377943770653715,0.028980213823999967,0.0027625488501114184,,
official_ditto,link_lives_release2,30,3,0.92104334897352,0.005855386420698485,0.8962726897565199,0.017968698141228704,0.9474871794871794,0.008595214484325465,0.9940466301914946,0.00044411416018440297,0.9731543457935965,0.0026689367148290052,0.02289678143935196,0.0013179183433409214,,
official_ditto,link_lives_release2,35,3,0.9217209075874971,0.0026247587426754264,0.8986649742038941,0.008562589696715707,0.9460512820512821,0.003908217206822071,0.994660120903717,0.0005193501248020864,0.9746893485641847,0.0021022149435225928,0.02307166867314787,0.0025964988295433477,,
official_ditto,link_lives_release2,40,3,0.9199204078733079,0.006043884987636017,0.8930964084642142,0.0068516706877615125,0.9484102564102564,0.0055241981577416645,0.9937920405052959,0.0016278549995767946,0.9700268098212279,0.007698803792798119,0.023561769358927145,0.0027100508449745928,,
official_ditto,link_lives_release2,45,3,0.9251261567763324,0.00840105394679304,0.9106905893390238,0.012539877606010563,0.9401025641025641,0.009150074637821942,0.9932462488601509,0.0025799621947284004,0.9723404338569689,0.00507829771029463,0.02205709056819886,0.0029942367037813894,,
official_ditto,link_lives_release2,50,3,0.927009066450489,0.0013971615514575405,0.905617784968979,0.008651155937058685,0.9495384615384616,0.008070693568371649,0.9946224883464375,0.0007111484992563818,0.9733565304934927,0.004264555826793733,0.02205405968784622,0.0011306096253695139,,
official_ditto,link_lives_release2,55,3,0.9253162234585255,0.0026634430658623,0.8957023709519301,0.0044432099605822666,0.957025641025641,0.009643753023931539,0.9952063589233449,0.0005920000318772582,0.9744014141960657,0.008332974966013117,0.021442732488032395,0.0011087512354132159,,
official_ditto,link_lives_release2,60,3,0.934905574188145,0.006979143553975103,0.9191268779964639,0.024048940914214324,0.9516923076923076,0.010978192476868482,0.9950693123919934,0.0003406314683687194,0.9769678163517179,0.002345604493083117,0.01925887242758078,0.0018369707947765307,,
official_ditto,link_lives_release2,65,3,0.9300271666684423,0.007824972616703216,0.9002095947832742,0.013117178796001367,0.961948717948718,0.0038224913135557178,0.9958018448019691,0.00022556938417615517,0.9775579741669915,0.0036300855864514147,0.018463893803360186,0.0018698150554057168,,
official_ditto,link_lives_release2,70,3,0.9316049419367193,0.005934289934677105,0.913222286376487,0.005785397174985583,0.9507692307692308,0.008664694055586931,0.9957324495118576,0.0006118275240372236,0.9754541994521214,0.007392782069534869,0.020613112653117712,0.0012710363820353304,,
official_ditto,link_lives_release2,75,3,0.9279933975264961,0.013344018248225075,0.9174479308584774,0.015924631763893755,0.939076923076923,0.02265459708824609,0.9952743800177274,0.0018548293815236875,0.9769392606065117,0.00880082043826014,0.021453605946557524,0.004362525616136938,,
official_ditto,link_lives_release2,80,3,0.9353988712866512,0.0025735462053131978,0.9169976397069439,0.010750865319269259,0.9546666666666667,0.006687148025724284,0.9956425273723211,0.000570016897859004,0.9781084701265642,0.0029191427109968677,0.01927747399198888,0.0013206616900202288,,
official_ditto,link_lives_release2,85,3,0.938620286990133,0.004280209969234492,0.9255530733414206,0.0056525970008264315,0.9521025641025641,0.007846656595255441,0.995038627334698,0.0009283468604722256,0.97553211707117,0.0014935934210314617,0.019294204041693498,0.0013925598255449876,,
official_ditto,link_lives_release2,90,3,0.9369962374661944,0.00485472114819766,0.9176158096983222,0.0045714049552885595,0.9572307692307692,0.007209461239298454,0.9961191819868767,0.0003430576999710874,0.9800268506923121,0.0017489118778531276,0.018591888177639116,0.0009257781141730188,,
official_ditto,link_lives_release2,95,3,0.9344885133851205,0.007421280460236795,0.9077527454907542,0.01875474554106252,0.963076923076923,0.005538461538461548,0.9951453905457884,0.001965290127130945,0.9738973645011116,0.00846062907336274,0.01919458067020144,0.001693643391094388,,
official_ditto,link_lives_release2,100,3,0.9397445392456536,0.002755964596000226,0.9227950223073831,0.0037191513038276635,0.9573333333333334,0.00279192976180847,0.9962690362774919,0.0005626981810015098,0.9833693135602106,0.0006820528739397909,0.01715490876707586,0.0004387054973160646,,
official_ditto,walmart_amazon,1,3,0.1905076823503919,0.0028850706040806687,0.11457945953595879,0.006575991359910931,0.6096718480138169,0.19402974800472486,0.5848631707462331,0.019978691713549164,0.13772460835238837,0.013955416732513066,0.19123326548141592,0.17624227970035886,,
official_ditto,walmart_amazon,2,3,0.17024566238657085,0.002909919945025131,0.1000168376897372,0.009801563126855905,0.6632124352331605,0.23783455787623833,0.502090963909237,0.03903512072607764,0.1064702395984219,0.017588753018534655,0.10538872512997674,0.011181921242129555,,
official_ditto,walmart_amazon,3,3,0.21141552538846511,0.013293881369903263,0.1714781006564152,0.04433614651706188,0.3436960276338515,0.14145488932257871,0.632225783157644,0.01715320675769593,0.16707423519060907,0.005550408988169548,0.08912984547810852,0.0028224064835682423,,
official_ditto,walmart_amazon,4,3,0.2830561988315927,0.08347505927323277,0.21825434806513452,0.11077433102096398,0.4922279792746114,0.10087006390638234,0.7047250945446966,0.09359921637914156,0.23887872334359114,0.1013496801156036,0.0983698941943121,0.007896827056023799,,
official_ditto,walmart_amazon,5,3,0.18652759488222648,0.01785325658283758,0.1068569093045141,0.014302516641663982,0.770293609671848,0.1215501783068249,0.5393239868084093,0.09773358895108859,0.11905405246848905,0.03964166445415349,0.08704047379783363,0.003833353010187451,,
official_ditto,walmart_amazon,10,3,0.44693485543533235,0.10803109700089568,0.46403529953985767,0.20908469227157991,0.46286701208981,0.03331140159237635,0.8281459375558334,0.04871694546750489,0.42722678837549793,0.16250483028687593,0.10043524187751664,0.042191391656339346,,
official_ditto,walmart_amazon,15,3,0.5034942197792953,0.2091007950813352,0.4354274460335446,0.22051337982502275,0.6217616580310881,0.13941579323392445,0.8445735438627836,0.11542392030032352,0.5201207262139829,0.2723664904995488,0.08248618005520525,0.004974692352766621,,
official_ditto,walmart_amazon,20,3,0.6086534543253397,0.10006781727813775,0.635485364337394,0.1521756214473293,0.5889464594127807,0.05241447635749056,0.914627814007504,0.03417898748254347,0.643535014424585,0.14182271814920697,0.08635826567006327,0.04200246961374664,,
official_ditto,walmart_amazon,25,3,0.2592873881867004,0.11129240264441062,0.17660020670961551,0.10455003091838704,0.6856649395509499,0.26406238139711763,0.6453084986004407,0.17300141273335523,0.20430455015595028,0.14511898672705512,0.0850501897420427,0.008304638892775714,,
official_ditto,walmart_amazon,30,3,0.724296434883377,0.017633699506818427,0.718140874435838,0.01292761999768879,0.7322970639032815,0.0481428665449615,0.9441590733130844,0.01333105141978938,0.7797264836733865,0.02854182092797156,0.06612080310372981,0.022626665267879945,,
official_ditto,walmart_amazon,35,3,0.7266031129384427,0.15982954210409928,0.7033449613520788,0.21580114393947927,0.7633851468048359,0.08263125190953839,0.9444838380680126,0.03948388570719243,0.7586462664865277,0.1741912270366372,0.062381958337686734,0.04876844203611645,,
official_ditto,walmart_amazon,40,3,0.7730285019571176,0.05460639601562745,0.7818248490540748,0.07088845147413331,0.7651122625215889,0.04406684221821441,0.9604112694300517,0.007111377062179727,0.8367043235924063,0.047419013259955255,0.048787283381909505,0.020308057238870157,,
official_ditto,walmart_amazon,45,3,0.8131149237165378,0.014525629209711663,0.8345608616456799,0.015507538366815623,0.7927461139896373,0.013708556015878693,0.964794663063546,0.0011089926138500071,0.8568091156688492,0.014243698742484674,0.037900363761478484,0.00931226924793498,,
official_ditto,walmart_amazon,50,3,0.5576613822407023,0.34542246196777904,0.5225537869069117,0.3839437031124801,0.8272884283246977,0.12449617472152055,0.7902838574236198,0.276701161237546,0.5547757839351181,0.4139217818457568,0.08559936664907088,0.0519931176778508,,
official_ditto,walmart_amazon,55,3,0.8179521283698967,0.053663571989628116,0.8390546894482674,0.08685136865518583,0.7996545768566494,0.026588608494543413,0.9660648747841105,0.011155268491316938,0.8713375713713392,0.04964641420471156,0.032388794947224825,0.009241820503201187,,
official_ditto,walmart_amazon,60,3,0.8416369641734379,0.0091118653853044,0.878147454835097,0.004938338986251139,0.8082901554404145,0.020725388601036232,0.9697796624679887,0.003203424552439335,0.8806985658879967,0.011807637769551418,0.03283483881043979,0.003974029135326302,,
official_ditto,walmart_amazon,65,3,0.8180220674895988,0.023213168523950466,0.83353227298499,0.028111957595991787,0.8031088082901554,0.01868161282623829,0.9678189766839378,0.0015150504392852206,0.869660672065211,0.010389209371987571,0.03231178134723181,0.0016779178788342939,,
official_ditto,walmart_amazon,70,3,0.8040074295133516,0.05341669833555357,0.8038495990911276,0.09883582005630107,0.8082901554404145,0.026923069547702724,0.9644643149603954,0.008360102007211715,0.8494627214093142,0.03543902860195498,0.04402226690550552,0.018154051038402768,,
official_ditto,walmart_amazon,75,3,0.8410276565183012,0.024473264401068735,0.8573192239858907,0.03733940569779299,0.8255613126079447,0.01303943771203928,0.9677366222976594,0.010267586485534212,0.8889025571941097,0.02422163987402516,0.027602499820879912,0.0049996947506965855,,
official_ditto,walmart_amazon,80,3,0.8446444155237935,0.027977654297255992,0.8860011057758863,0.061386133342526274,0.8082901554404145,0.005181347150259086,0.9752020241498421,0.00395651000341868,0.8997733174186154,0.0249662006040935,0.02420802182682741,0.005282542489348385,,
official_ditto,walmart_amazon,85,3,0.7998899405506269,0.08111984705298017,0.83446237912051,0.06833186859907436,0.770293609671848,0.10223591424489632,0.9680846510035138,0.00793917470013603,0.8722422748746498,0.05254898284886874,0.03176616293421405,0.012348254983226033,,
official_ditto,walmart_amazon,90,3,0.7993986292666707,0.034183146619213844,0.8238356834848063,0.031607728337050084,0.7823834196891192,0.08989301333107497,0.972270301054136,0.002317742352482766,0.8731287369805968,0.018581036012217046,0.03364674218300147,0.003724171212508666,,
official_ditto,walmart_amazon,95,3,0.8464231496111783,0.045581304609530804,0.8723334961732617,0.053527248684070806,0.8221070811744386,0.039232527432126255,0.9664845564588173,0.016574123586741648,0.8874735993181958,0.046808559614945754,0.027599456257044137,0.00881747347234605,,
official_ditto,walmart_amazon,100,3,0.8470687997678257,0.04152531711733447,0.859110227962687,0.051430283319564486,0.8359240069084629,0.03957319252984315,0.9758068868739206,0.0035071445128829894,0.9059585654628376,0.01628755573327451,0.0268079644582037,0.006916201999814749,,
official_ditto,wdc_80_medium_seen,1,3,0.19863823042396317,0.0021515793846643098,0.11076686503192623,0.000578265880022775,0.9626666666666667,0.05601190349678657,0.5001853333333333,0.006425009126128384,0.11396845167246662,0.002755720594035773,0.13212838054506318,0.009134652090897128,,
official_ditto,wdc_80_medium_seen,2,3,0.20118743997609917,0.0035199567360951825,0.11247682639059689,0.0022221859241377045,0.9533333333333334,0.03689625093872455,0.5047034166666666,0.0027091649120777423,0.11224084503855743,0.0015092550258233948,0.12654728962478518,0.01172864106878905,,
official_ditto,wdc_80_medium_seen,3,3,0.1968922257567076,0.002534802928455131,0.1099900232702452,0.0014080257206632012,0.938,0.013114877048603953,0.4954570833333333,0.00496416856289483,0.1129850438836398,0.0053966345590543445,0.12362735238867743,0.004850047418638978,,
official_ditto,wdc_80_medium_seen,4,3,0.19998736726393548,0.0022783934171926776,0.11149938873214542,0.0011884511163010355,0.9693333333333333,0.026633312473917595,0.5109744166666667,0.0013088762435132283,0.11917076150112223,0.0030220030833854137,0.13320670151197334,0.0011832535173645637,,
official_ditto,wdc_80_medium_seen,5,3,0.22006205581890076,0.023060316469670963,0.12953365879997245,0.0226156589231283,0.8113333333333334,0.18907494105072023,0.5859543333333334,0.042736143193827604,0.14721628667959097,0.01845252610363451,0.13559514357745672,0.019181780108058353,,
official_ditto,wdc_80_medium_seen,10,3,0.23570952370519743,0.05328525508946398,0.14454467549698874,0.04627749627170311,0.7446666666666667,0.20116991160045114,0.5956384166666666,0.09114778722298104,0.15039041081626567,0.03686017761045044,0.1324336400231688,0.0279304864434475,,
official_ditto,wdc_80_medium_seen,15,3,0.3267452388510128,0.12447501752913279,0.23812337232287462,0.12534711971119758,0.622,0.12001666550941997,0.7112598333333333,0.13183160141856476,0.2573793613825897,0.13532632640759376,0.12355074155399758,0.015030445414579928,,
official_ditto,wdc_80_medium_seen,20,3,0.3239404042446871,0.11113775754099034,0.22255349136083083,0.10308749570648539,0.656,0.0040000000000000036,0.7243982499999999,0.11292476199111502,0.2577396271630971,0.13876013861296768,0.11867925319401677,0.002340223820641602,,
official_ditto,wdc_80_medium_seen,25,3,0.35678507086108524,0.16552717029935585,0.26909849844341555,0.1836799415424258,0.7626666666666666,0.1933321839046291,0.7080936666666666,0.1981155554320403,0.274817315133847,0.18376727706629478,0.11939043162158747,0.028347371102796812,,
official_ditto,wdc_80_medium_seen,30,3,0.30488580309428515,0.15157627614244343,0.21997552640404514,0.15889974615618196,0.6833333333333333,0.11321366230863368,0.66475825,0.15577787253550332,0.23000084538155421,0.1597244940058011,0.11218765433519057,0.01457192504388101,,
official_ditto,wdc_80_medium_seen,35,3,0.3581795972091074,0.13485555169692107,0.273043453244205,0.13592444723663774,0.6746666666666666,0.18715056327281873,0.72425275,0.1768193626268062,0.3033194300848806,0.14714195271723357,0.1449449632613196,0.05094302743302202,,
official_ditto,wdc_80_medium_seen,40,3,0.5477766126189219,0.05091750497985062,0.5139526871741575,0.014488626195131249,0.5953333333333334,0.11454838861081082,0.8888284166666668,0.02595736275285552,0.5270715590586625,0.06680759608081446,0.0894513059847316,0.00691813059113401,,
official_ditto,wdc_80_medium_seen,45,3,0.6235543986810056,0.0243172360027687,0.5746163821421202,0.05251497294745571,0.6853333333333333,0.022479620400116446,0.9170746666666667,0.005039540878972351,0.6439565133372589,0.02807645960599027,0.07727899648776118,0.003729383316786417,,
official_ditto,wdc_80_medium_seen,50,3,0.579479922027552,0.006337643501471223,0.5152949369023557,0.0028018011730205922,0.662,0.013114877048604014,0.8967253333333333,0.015189392026866418,0.5746602806833857,0.04715509321136473,0.08636348924420521,0.004348203002717525,,
official_ditto,wdc_80_medium_seen,55,3,0.5980176924181273,0.013863902983391747,0.5234969184740276,0.0316924743319803,0.6993333333333334,0.019218047073866065,0.91020275,0.003611723515165534,0.6099516899192331,0.0185159504537685,0.07653601829625473,0.007672155766233486,,
official_ditto,wdc_80_medium_seen,60,3,0.5872096194692815,0.028676158425814655,0.5406353716697121,0.04089264096479429,0.6433333333333333,0.011372481406154664,0.9043593333333334,0.009107634659083156,0.5796788346443984,0.06090096587276217,0.0813651616031235,0.00194078048856501,,
official_ditto,wdc_80_medium_seen,65,3,0.6627825527005331,0.02567628965639279,0.6449588473711662,0.020209511829062145,0.6819999999999999,0.03638681079732047,0.92979875,0.006993649757994773,0.6849674014734594,0.041901338647742196,0.06671195560354021,0.0006393949828424971,,
official_ditto,wdc_80_medium_seen,70,3,0.6682171637079652,0.02611809293160988,0.6241546962834762,0.054700853166840945,0.7233333333333334,0.04473626418615364,0.9328183333333333,0.007878871367196715,0.7155817691398773,0.037214735265176054,0.06750674234876303,0.0032360833108642318,,
official_ditto,wdc_80_medium_seen,75,3,0.6320411974212808,0.007871003978801427,0.5693892156817919,0.031503277920764475,0.7126666666666667,0.030088757590391316,0.9258868333333333,0.003815921270916522,0.6824834993380712,0.0076780054669984025,0.07034803722472495,0.002260450718584459,,
official_ditto,wdc_80_medium_seen,80,3,0.6757170511480857,0.013752377618054146,0.6373197350783948,0.029414964884376112,0.7233333333333334,0.060871449246205175,0.9376231666666667,0.016483294833962422,0.7380825318525102,0.04004953070233205,0.06139037617804782,0.005025915692291381,,
official_ditto,wdc_80_medium_seen,85,3,0.6634806033508832,0.014676077106719091,0.6285311143419453,0.03771070447084232,0.706,0.048041648597857256,0.9366067499999999,0.010520832203300247,0.7072479786327751,0.012176552841978428,0.06701245565884682,0.004698084041136885,,
official_ditto,wdc_80_medium_seen,90,3,0.6834061184539205,0.020568616252349913,0.6290913950276169,0.0053991520927859195,0.7493333333333333,0.050013331556029515,0.9441250833333333,0.006646634930235921,0.7445334476718044,0.015086875789022292,0.060040062543503525,0.0012262227886603383,,
official_ditto,wdc_80_medium_seen,95,3,0.6778401272530824,0.014348558032019919,0.6390288453445879,0.04894451467635271,0.7253333333333333,0.03126233090051564,0.9430096666666667,0.004372344267762235,0.750114507457644,0.016153098361867624,0.06123084296845927,0.004641898000149061,,
official_ditto,wdc_80_medium_seen,100,3,0.7216469692235815,0.005265055868131132,0.7003597851423938,0.017067599568302595,0.7453333333333333,0.030287511177601485,0.9511461666666666,0.004745904210035663,0.7809046335901744,0.005274728042665793,0.05444018009644108,0.0051053529361724855,,
official_ditto,wdc_80_medium_unseen,1,3,0.19974382450021186,0.0005010894896629771,0.11139320682627127,0.0005475391188749102,0.9673333333333334,0.04793050524804982,0.4952106666666667,0.00257291797300909,0.1104094756360008,0.0025925207557641857,0.13985918510605433,0.01300159895835335,,
official_ditto,wdc_80_medium_unseen,2,3,0.2005024213746522,0.0032629391182617666,0.11207880992352263,0.0018846573392612104,0.95,0.011135528725660053,0.50780325,0.007856880658855663,0.11445054204054625,0.003736032962885207,0.13239188559152032,0.009999743801781072,,
official_ditto,wdc_80_medium_unseen,3,3,0.19789874809499503,0.002557686598088481,0.11058857518438944,0.0009097377461751232,0.9413333333333334,0.05033222956847165,0.49204716666666665,0.002464557520293117,0.10944610353607145,0.0007565575737848185,0.13068564331134758,0.008059235445452414,,
official_ditto,wdc_80_medium_unseen,4,3,0.19963991424762864,0.002454280082333832,0.11158167633574988,0.0016449332387346472,0.9473333333333334,0.011718930554164578,0.5047135833333333,0.006702305593661983,0.12111340521646824,0.0024412812104644592,0.13572794755546588,0.0008569264943182124,,
official_ditto,wdc_80_medium_unseen,5,3,0.22880296663144117,0.03569233920713354,0.13691613034267408,0.02846164884006229,0.7653333333333333,0.20573121623451637,0.5839291666666667,0.08973855616258733,0.14666223897459774,0.041147466038296436,0.14860191285487223,0.014698255867703349,,
official_ditto,wdc_80_medium_unseen,10,3,0.2956203545241916,0.09870548327219231,0.19137360617610638,0.08555357061007539,0.7886666666666666,0.16015409246514223,0.683517,0.1222507132834508,0.231304625290779,0.10764504083921328,0.1307378689482634,0.008468177627277711,,
official_ditto,wdc_80_medium_unseen,15,3,0.27062295905902123,0.08711862261160037,0.17807528509332277,0.0884992172401586,0.744,0.19138442987871296,0.6599538333333334,0.11500470344358023,0.1992992930699416,0.07808151131023941,0.1219341953143948,0.0024248220126823383,,
official_ditto,wdc_80_medium_unseen,20,3,0.4468076520868109,0.1879819646901102,0.36784390416566437,0.1932191410302715,0.6253333333333334,0.060177515180782695,0.8050609166666667,0.15512985801042084,0.43490999115702916,0.2276079917320805,0.09945843530316915,0.015240055971114117,,
official_ditto,wdc_80_medium_unseen,25,3,0.4220682132440414,0.19429537903275282,0.3564631652042583,0.2183593506883871,0.732,0.218467388870742,0.7602194166666666,0.21489054668341237,0.3857282389514503,0.2416387891101561,0.10142044489319972,0.025410046814368613,,
official_ditto,wdc_80_medium_unseen,30,3,0.43350170176446334,0.18283272552360885,0.36620697996719215,0.20560742730422932,0.6786666666666666,0.12809892010994212,0.7866650833333333,0.14926149953276915,0.39618104353940853,0.2123908196003862,0.10595812787945888,0.0197822444741938,,
official_ditto,wdc_80_medium_unseen,35,3,0.5656366084226713,0.053732371369919735,0.5010025303517935,0.08610993196772902,0.658,0.026229754097208027,0.8929220833333333,0.023924370175008425,0.5603758282690906,0.07232701532989978,0.08137566403765951,0.009033771981485089,,
official_ditto,wdc_80_medium_unseen,40,3,0.60805783922318,0.006539844035430677,0.5218260826098027,0.01893693166473575,0.73,0.029461839725312498,0.9218798333333332,0.003855759371814268,0.6279542434319352,0.03226754092776884,0.07816932474026647,0.00047297243882813767,,
official_ditto,wdc_80_medium_unseen,45,3,0.622479393162623,0.026606960911147216,0.5721204999170492,0.05320270351945892,0.686,0.026457513110645866,0.9198335833333332,0.005682756760220563,0.6400496602108602,0.0243118243665882,0.07612142639875023,0.008602284578332692,,
official_ditto,wdc_80_medium_unseen,50,3,0.6521020357561176,0.011697386785268365,0.5939055400013382,0.036189574973889714,0.7293333333333334,0.07167519329121712,0.9315190833333333,0.001058856025781261,0.6958861646431389,0.019191683155308403,0.07075638812372224,0.006186268585090757,,
official_ditto,wdc_80_medium_unseen,55,3,0.6678244812354271,0.014256599645518949,0.642126370887338,0.03744341097514423,0.6973333333333334,0.02138535324312721,0.93757525,0.005123019928469985,0.7128160718768355,0.025532261091320466,0.06905504016787276,0.003269904594535814,,
official_ditto,wdc_80_medium_unseen,60,3,0.653800946114974,0.04184033955783441,0.6072810097957142,0.04233312217004994,0.7086666666666667,0.047427137098219746,0.9356392499999999,0.009342579103893127,0.7092165699994716,0.03457953948322273,0.06485000373811145,0.006320941204964724,,
official_ditto,wdc_80_medium_unseen,65,3,0.6531790520903128,0.0211627736464693,0.6176877550692002,0.056037708050754934,0.6973333333333334,0.03689625093872455,0.932661,0.007858005619271385,0.7009464292112942,0.02786233358308561,0.06969259268239014,0.013208560651324294,,
official_ditto,wdc_80_medium_unseen,70,3,0.6708650224582248,0.015741634279158943,0.6319033408855659,0.04229983823178067,0.7173333333333333,0.02369247419188917,0.93715275,0.006421035260181962,0.7242647365429276,0.02467856266411461,0.06976763241817895,0.010730423362890852,,
official_ditto,wdc_80_medium_unseen,75,3,0.6646408362971173,0.01095615204249881,0.5908358353795117,0.029114577284963066,0.7613333333333333,0.02402776172125349,0.941058,0.0037487785260668476,0.7292964983699597,0.00896569418522071,0.06488379931220367,0.0063009760484751855,,
official_ditto,wdc_80_medium_unseen,80,3,0.6816181936919589,0.020613524534033707,0.6178195316168736,0.03934634799291957,0.762,0.02306512518934161,0.94458825,0.004504604734324621,0.7313217363575162,0.022921214862654714,0.06273361023117036,0.005879734447884513,,
official_ditto,wdc_80_medium_unseen,85,3,0.6733291968067845,0.006885716335298896,0.6492654247903915,0.011511741639712848,0.6993333333333333,0.005773502691896263,0.9395616666666666,0.003738006105644191,0.7154249421689312,0.014762293225169152,0.06759518708020316,0.005144494942055716,,
official_ditto,wdc_80_medium_unseen,90,3,0.6832485530218637,0.010297756584880793,0.6245806665815349,0.009478052807724138,0.7546666666666667,0.02802379940931163,0.9494460833333332,0.004404443050299634,0.7424531259081468,0.02381271436702376,0.05925277372748367,0.0021011113005887745,,
official_ditto,wdc_80_medium_unseen,95,3,0.6989193084634733,0.010073093445337836,0.6498563216818034,0.018559763082256306,0.7566666666666667,0.02138535324312727,0.9401135833333334,0.004944597382076014,0.7337986585802259,0.025093401335552205,0.06326571982682833,0.0033175256564641374,,
official_ditto,wdc_80_medium_unseen,100,3,0.7060355369168672,0.007404278733389785,0.653086172454328,0.010881625200925994,0.7686666666666667,0.018583146486355156,0.947665,0.0015343219186338352,0.7585739491186855,0.004685411108357826,0.058603009017601945,0.006156073351996174,,
official_ditto_mixda,abt_buy,1,3,0.21640323541857176,0.006148392393078225,0.13074954997869226,0.0029507607394450414,0.627831715210356,0.03511736960228274,0.5897234996877306,0.01388748536838583,0.1520285195368516,0.0037447076210951977,0.10538995507255612,0.006661938715733442,,
official_ditto_mixda,abt_buy,2,3,0.213370873334172,0.015352804462680758,0.12753891047323557,0.004642656357688376,0.6715210355987055,0.1620467557073714,0.5765958856147921,0.020547148874650357,0.13730263721697847,0.010085812949574365,0.12390822065464367,0.041687882259237995,,
official_ditto_mixda,abt_buy,3,3,0.20717631351434168,0.00586480553286473,0.11937434308745892,0.004673718010025059,0.7864077669902912,0.03398058252427183,0.553821987547077,0.033834436432030365,0.12426034085635777,0.009796828056878024,0.09925777684533467,0.0005525253507958833,,
official_ditto_mixda,abt_buy,4,3,0.22288930902681017,0.02148342119065069,0.16197652918225627,0.035255263463983715,0.47896440129449835,0.2339349214869894,0.6293552111130036,0.033228601542864236,0.1785160794875467,0.018606363785579852,0.09459744237041218,0.0011933020818003467,,
official_ditto_mixda,abt_buy,5,3,0.22653497890453828,0.031041364410205982,0.13973765132509533,0.031235587546654987,0.6634304207119741,0.14573890290223562,0.6011454607392267,0.028233100867044992,0.16292849735667853,0.012302311295983913,0.09527221648195894,0.0007900083599172607,,
official_ditto_mixda,abt_buy,10,3,0.3200126686042179,0.17675760969956722,0.2424894741377162,0.19940600314212367,0.7006472491909385,0.10550112176506822,0.6747728950207234,0.12387488872162031,0.26597056441641237,0.19819116945747117,0.0877097496445058,0.013164267983733737,,
official_ditto_mixda,abt_buy,15,3,0.5533795199700563,0.2690016281460495,0.48724185294582406,0.2926162459337543,0.7200647249190938,0.09639722335667626,0.8528468555423078,0.17924206794198394,0.5725706309033683,0.34534547489684614,0.068678135278755,0.022433785753158166,,
official_ditto_mixda,abt_buy,20,3,0.5520468955361403,0.24305903852091848,0.49760159736903925,0.2413022880917909,0.6326860841423948,0.23693763178276375,0.8889787846098525,0.1180604443745594,0.584373104753064,0.30749595484900827,0.06553007926643671,0.02446596934055778,,
official_ditto_mixda,abt_buy,25,3,0.7004425277636845,0.08484936614273281,0.675030027828503,0.053670288876541364,0.7297734627831715,0.11913825329579267,0.9547370313594126,0.02403304032214572,0.7540334144748277,0.0944670942686231,0.06362085190304421,0.03326144260659706,,
official_ditto_mixda,abt_buy,30,3,0.656246805586976,0.14319400775249266,0.5909857115212094,0.15970102143221793,0.7443365695792881,0.11633617778652876,0.9347532125891861,0.044529030275800505,0.667219633107997,0.20095567773216294,0.06741679449249716,0.03197197961172979,,
official_ditto_mixda,abt_buy,35,3,0.6578925322975163,0.29855695039814223,0.6144708024450514,0.27100102602761184,0.7087378640776699,0.3323381946944222,0.9084431007399838,0.12918759470984947,0.7026628548964114,0.3822551232777704,0.04916534528961065,0.037301645501343475,,
official_ditto_mixda,abt_buy,40,3,0.8164439035721839,0.043516018213031714,0.7809793535906228,0.060180792386111855,0.8559870550161812,0.023946033312214846,0.9810920910690968,0.004365372389338908,0.8903706736985281,0.03139576797452964,0.04022191657756638,0.013945093111571728,,
official_ditto_mixda,abt_buy,45,3,0.7417298031222482,0.054669457776710596,0.6971365081320552,0.07530207264080356,0.7944983818770226,0.041285924990851354,0.9637053123639736,0.016829143000947195,0.8052689413735772,0.07388308042729425,0.05223225268810772,0.007430382010091139,,
official_ditto_mixda,abt_buy,50,3,0.8608472169646444,0.018722682887872228,0.8317478982510205,0.04179269127074909,0.8932038834951457,0.012843452966332958,0.9859739018527982,0.0028981830738783166,0.9273858322989603,0.0020702858113809154,0.02594846360365809,0.0015971293377027875,,
official_ditto_mixda,abt_buy,55,3,0.8559416928429348,0.005993865603752428,0.8226352938318723,0.029506413503713785,0.8932038834951457,0.02224551308230994,0.9852135733075947,0.003510739808710192,0.9206092984353,0.017550718363945755,0.027051038439534377,0.002944904953163899,,
official_ditto_mixda,abt_buy,60,3,0.8560543279633179,0.007370170866579043,0.8288810891175845,0.01180346516257495,0.8851132686084143,0.0028026712096583762,0.98663108688658,0.002255395830168622,0.9349465927998982,0.011492943834228098,0.025259654394966382,0.0007420928390379322,,
official_ditto_mixda,abt_buy,65,3,0.8560105376381195,0.01418944849458409,0.8422464501142707,0.019752311748642237,0.8705501618122977,0.02021034950937998,0.9845956585098129,0.002165837159524304,0.9187072226091276,0.010282653174776387,0.025669244628970644,0.0031190727266161558,,
official_ditto_mixda,abt_buy,70,3,0.8751255302661433,0.010430823976898205,0.8720325104894638,0.020915168384406324,0.8786407766990291,0.01750267609448544,0.9863708624311588,0.007406825499966643,0.9329292753641049,0.033628066407964105,0.02328113071161378,0.0038279637372613967,,
official_ditto_mixda,abt_buy,75,3,0.8406326584473853,0.03280694592944025,0.8339469680504238,0.04321247681448399,0.8478964401294499,0.029260746472532607,0.9808058441681334,0.007832214591668258,0.9089293257269866,0.034727034824455834,0.034240080772476665,0.01312205713547708,,
official_ditto_mixda,abt_buy,80,3,0.8871630450545693,0.017539594501251105,0.8669102956996537,0.054381572280957954,0.9110032362459547,0.026735779355757765,0.9874401483752531,0.0032154562637262533,0.9252340961538551,0.0356064281921863,0.02201609604530596,0.0022417246976834046,,
official_ditto_mixda,abt_buy,85,3,0.8684028804091164,0.04396038422886909,0.876347687400319,0.04126322928034115,0.86084142394822,0.049821373198513465,0.9881214633130831,0.007600126580418039,0.930539358748485,0.04631090724554853,0.026461840215673826,0.007416648860506259,,
official_ditto_mixda,abt_buy,90,3,0.8626601968469949,0.028533205900405385,0.8629858872785918,0.037372202426764416,0.8624595469255663,0.019618698467608633,0.9876062188913493,0.0030714040760325715,0.9364151928968905,0.014191115212837405,0.026104915635363858,0.00819681055026563,,
official_ditto_mixda,abt_buy,95,3,0.8679819293405142,0.03241796818573578,0.8729167173855696,0.05268057823010606,0.8640776699029126,0.02568690593266598,0.9878418403073488,0.0073384315447304884,0.9414290241271845,0.029390647516922136,0.022826100935914515,0.005314609474214525,,
official_ditto_mixda,abt_buy,100,3,0.8911567302711584,0.01195986893759895,0.8831341875729356,0.026200872836655183,0.8996763754045308,0.0056053424193167525,0.9876629951361684,0.004172054818672062,0.9450608084878181,0.015097348283346069,0.02024636322974564,0.0005623659807870587,,
official_ditto_mixda,amazon_google,1,3,0.16571541638031,0.014162668730554067,0.10500154869761703,0.010987862207422323,0.4757834757834758,0.2801129111504101,0.5290708293379492,0.020777033236946837,0.12003050656498719,0.003982722145903311,0.09394320037486294,0.00046639002335194116,,
official_ditto_mixda,amazon_google,2,3,0.16138729473532118,0.02403279596386986,0.10598560858182689,0.01164616372780279,0.5398860398860399,0.34167550843883937,0.5352351361336305,0.03249452159965088,0.1266470594528794,0.010213518372917773,0.09341328339550974,0.0011007022551109014,,
official_ditto_mixda,amazon_google,3,3,0.24385572549001316,0.03550512149196784,0.26557772044209016,0.10640234824242173,0.3304843304843305,0.25413281079714295,0.717943529138284,0.04954823203738991,0.2499837335371189,0.05437259104516278,0.08884463488536828,0.0018750897722748067,,
official_ditto_mixda,amazon_google,4,3,0.3063704460774841,0.12291866316108639,0.2483766087622824,0.17497146723831014,0.6153846153846154,0.18256418259225493,0.7141965161634904,0.1475761555374901,0.25308175460832233,0.13288212196214494,0.08567072346512569,0.006528938558106731,,
official_ditto_mixda,amazon_google,5,3,0.3157161240294846,0.07540151064755576,0.3099382283005112,0.13786401491971406,0.45726495726495725,0.2751021699048048,0.7689422713706348,0.038776894726863895,0.30384023990164805,0.08079229140789265,0.08453243228296278,0.006326733963093808,,
official_ditto_mixda,amazon_google,10,3,0.6162378055506587,0.048007112522455556,0.5471097477845944,0.058259602882294856,0.7065527065527065,0.028454393668715314,0.9336946129078233,0.015623329143709478,0.6252578136205629,0.08156792898320368,0.0656977781262528,0.006124825878725124,,
official_ditto_mixda,amazon_google,15,3,0.6309612037217287,0.006629998409397679,0.5473951793213159,0.03557123071477578,0.7492877492877492,0.04687886801112346,0.9448204602405671,0.002550522457472941,0.6761713916499679,0.004372145684597635,0.06171881382945997,0.009444486212910101,,
official_ditto_mixda,amazon_google,20,3,0.6399712437833148,0.04067211485716979,0.6189286375494404,0.049361997478745374,0.6638176638176638,0.04301899963117238,0.9430659504724586,0.009444505092535084,0.6748696530788753,0.055711596970230585,0.05931498717436096,0.009244866363780137,,
official_ditto_mixda,amazon_google,25,3,0.5155974215925482,0.2605698268168593,0.5021394432075232,0.20324281800861935,0.5398860398860399,0.3122973689849881,0.8836869334683808,0.09775756602923798,0.5577108062839319,0.2614470137016993,0.06435375064798653,0.02223395211412737,,
official_ditto_mixda,amazon_google,30,3,0.6718221144097155,0.013541218532730624,0.6026705128125124,0.019492125845764104,0.7592592592592593,0.013055771210700413,0.9535086044313825,0.004361827051826381,0.7188029591985711,0.0040644153573645755,0.053284498766342114,0.004509523441923515,,
official_ditto_mixda,amazon_google,35,3,0.6656119286101306,0.05384529279541059,0.6107009133085759,0.0349895871928495,0.7321937321937322,0.07998800650351252,0.9526918856690592,0.010523829036998583,0.7211775256583314,0.04902557190283461,0.051705372565609434,0.010880344524128956,,
official_ditto_mixda,amazon_google,40,3,0.6882728841502516,0.04541887765521513,0.6506597896569388,0.0385760272997192,0.735042735042735,0.08536318100614608,0.9564548109958503,0.006413137651179176,0.7358063649212241,0.031070509547004112,0.05082085464104658,0.005246448415173303,,
official_ditto_mixda,amazon_google,45,3,0.6886978940532816,0.005723294822913556,0.6416194714131607,0.03475439631146159,0.7464387464387464,0.04216139198560893,0.9527327043111404,0.004720597833988693,0.7406394482968877,0.0004871097837132791,0.05033025637808958,0.0027253128716698237,,
official_ditto_mixda,amazon_google,50,3,0.6832042532525624,0.020405326942436776,0.6281108417654603,0.059586742057629316,0.754985754985755,0.04216139198560897,0.9494609863721082,0.0066844236124649,0.7384052523555196,0.009889546202803157,0.0532009521613739,0.003991536307334783,,
official_ditto_mixda,amazon_google,55,3,0.6870401602440745,0.026988022535510775,0.6376717776548319,0.06308819264596326,0.7492877492877493,0.024300173944774923,0.9517956051467465,0.00648797123927752,0.7348192408134965,0.02436609032720062,0.049144879872683817,0.0026436872341342086,,
official_ditto_mixda,amazon_google,60,3,0.7272734870697486,0.023203818722500866,0.6808784188921175,0.0359043672244038,0.782051282051282,0.03651283651845097,0.958848582209437,0.004216347539944808,0.7620473642710559,0.03289579422728963,0.04532487284837941,0.0029625385795255914,,
official_ditto_mixda,amazon_google,65,3,0.7209988753081941,0.01562353166521529,0.6802858936418259,0.04312450903185645,0.7692307692307692,0.022613259068928106,0.9582612088682997,0.0052309188320029155,0.7613769745829952,0.02213833868121275,0.0449670145533239,0.0029273859585944107,,
official_ditto_mixda,amazon_google,70,3,0.7321972864248207,0.015730754602722007,0.6952852050638978,0.011876701729222217,0.7735042735042735,0.02599471166794108,0.9611403068178203,0.0013018725723774448,0.7652578272824808,0.02806004494032036,0.04579388277868669,0.003871871835436668,,
official_ditto_mixda,amazon_google,75,3,0.7248964786160687,0.00692634700430308,0.6942212825933757,0.04767445766902733,0.7649572649572649,0.06877554247620124,0.9636274766192201,0.005615866863965394,0.7754080113127091,0.016151433458020933,0.043931200015232263,0.0015437716086714988,,
official_ditto_mixda,amazon_google,80,3,0.7342687902392717,0.022543907892123887,0.7119917686103988,0.03510077381172864,0.7592592592592592,0.032075014954979206,0.9663861941666702,0.0035180804128921886,0.7827733848092873,0.01564931983732865,0.04397347355966944,0.002975955197120054,,
official_ditto_mixda,amazon_google,85,3,0.739715319877318,0.01698993751839667,0.6792317698392444,0.027937140224701194,0.8133903133903134,0.03263942802675099,0.9671873464976913,0.003680609790953921,0.7837187007194313,0.010618980927248046,0.042560625017019606,0.0015616838697257265,,
official_ditto_mixda,amazon_google,90,3,0.736923946847611,0.017123573541298755,0.6729672200936568,0.01038914347233792,0.8148148148148148,0.0345423237976699,0.9669638817283305,0.00424650166337722,0.7751251053235538,0.024802900615474556,0.04300940629939464,0.0027575814323437566,,
official_ditto_mixda,amazon_google,95,3,0.74802664176578,0.013389422734432343,0.6995697762668441,0.027523715517139575,0.8076923076923077,0.0641025641025641,0.9673475077797564,0.0017393258925120709,0.7968968810354017,0.006290923386403918,0.04128148094447928,0.0025157915387093604,,
official_ditto_mixda,amazon_google,100,3,0.7618592301497831,0.00927179123998576,0.6948409875268607,0.006192944525001053,0.8433048433048433,0.017792017089454125,0.9725356263724404,0.003272300499106183,0.8098131107213066,0.0058891572130763585,0.03797286678115668,0.0014932755170154284,,
official_ditto_mixda,link_lives_release2,1,3,0.5470692180794473,0.2601603796111448,0.4465030779960139,0.2849725351305173,0.8757948717948718,0.13396116485147075,0.7706712866425625,0.24882824499304498,0.5524174178839152,0.3471808688631612,0.1136995857413973,0.05072992213154801,,
official_ditto_mixda,link_lives_release2,2,3,0.7194650564889167,0.24881836623066045,0.6488894183009846,0.3091301902765251,0.8782564102564103,0.043992827100470755,0.9252076087718961,0.0983657919349569,0.8086254311343729,0.200188246754204,0.07527176581253359,0.054707900249264196,,
official_ditto_mixda,link_lives_release2,3,3,0.8727209852936895,0.002437290758667797,0.8258143573815068,0.01058352957871651,0.9255384615384615,0.014778843025874237,0.9866277938260033,0.001485507305858143,0.9386929750082518,0.005612805145755554,0.03520778321494557,0.0016027876399428676,,
official_ditto_mixda,link_lives_release2,4,3,0.8705788369197323,0.006745884198103719,0.8314834432656307,0.01178037354820974,0.9136410256410257,0.008506639708612892,0.9832786620243721,0.0017262209936494692,0.925860693958187,0.010850132059174816,0.037410463850726924,0.0029305731924958696,,
official_ditto_mixda,link_lives_release2,5,3,0.8786012212161345,0.004908447693747302,0.8351926551736101,0.006341382817660604,0.9268717948717948,0.011949928407929288,0.9860494806114054,0.001779205623279969,0.935818778723249,0.010994279003876577,0.03437883427508616,0.002196051946995834,,
official_ditto_mixda,link_lives_release2,10,3,0.8923026534069057,0.0072310961114174805,0.8537588543001109,0.011246595135983953,0.9345641025641026,0.0074187246441128635,0.9891090110254498,0.0011764601271210657,0.9481481413032593,0.010361582252288563,0.030486882253760356,0.0015369657896985123,,
official_ditto_mixda,link_lives_release2,15,3,0.9064414335602299,0.002347063272551039,0.8782424235609835,0.014977272563779847,0.9368205128205128,0.01314222008330208,0.9920614019984823,0.00026655557844313147,0.9618174634832841,0.001870341855589124,0.027266756024365783,0.0015221167242520238,,
official_ditto_mixda,link_lives_release2,20,3,0.9078818008370132,0.005666086910447413,0.8743491359510719,0.013342688301935256,0.9442051282051283,0.0033892741829452864,0.9920321389627532,0.0016172285365780754,0.9605652941649688,0.010089435587622476,0.026033710970108953,0.0031951271469549186,,
official_ditto_mixda,link_lives_release2,25,3,0.9165478886115708,0.00614609446687535,0.8886005854456868,0.013615143429576782,0.9464615384615385,0.008664694055586907,0.9931052391610711,0.001409404473956728,0.9653287576925781,0.005513256813567618,0.024948194764008832,0.0012973712989110798,,
official_ditto_mixda,link_lives_release2,30,3,0.9157593676423794,0.0095056858087092,0.8929180890765841,0.01598962738606137,0.9398974358974359,0.005726164041931401,0.9924150039217187,0.0011804235475433922,0.9641285075883244,0.008267128728446453,0.025866276470090047,0.004076350540921532,,
official_ditto_mixda,link_lives_release2,35,3,0.9304740892069989,0.0012728857901637266,0.9159306395067144,0.010758612330707157,0.9456410256410256,0.009712230236849348,0.9941127892666067,0.0006332941481948436,0.962945953918317,0.007665309016043324,0.021263145373156853,0.0008426534915990945,,
official_ditto_mixda,link_lives_release2,40,3,0.9235797230037801,0.006009008049664443,0.9020836754666525,0.009828639763711412,0.9461538461538461,0.002682399349871191,0.994389802893782,0.0003075681188188908,0.9716724216110408,0.003518834862114029,0.021292127604897914,0.0028241785919575447,,
official_ditto_mixda,link_lives_release2,45,3,0.9341771090097585,0.007771834485874234,0.9148572084294767,0.01929195944743985,0.9545641025641026,0.006110100926607777,0.9953776487542965,0.00043503838248649143,0.9753080712517775,0.0064563127002957915,0.018593118230948825,0.00045847965757162695,,
official_ditto_mixda,link_lives_release2,50,3,0.9388565510032356,0.002756608257914868,0.9290756080535232,0.006934027891761042,0.948923076923077,0.008664694055586931,0.9955710245569733,0.0001006685148147488,0.9744170453237829,0.004268331009031134,0.018729419551234062,0.0009313441129391453,,
official_ditto_mixda,link_lives_release2,55,3,0.9351090187602614,0.002558971321417489,0.9157243726668048,0.007870354123999522,0.9553846153846154,0.004362291347310107,0.995242196417526,0.001185709964471792,0.9755732233644475,0.007694061765974396,0.020290872408961283,0.0005128515219636007,,
official_ditto_mixda,link_lives_release2,60,3,0.9373099668399871,0.005518388834502489,0.9241372093530177,0.013920522002231922,0.950974358974359,0.003403212312417849,0.9947055618260543,0.0016463133722711479,0.9669702857597886,0.009270750610281434,0.019192383146350217,0.002300447533647476,,
official_ditto_mixda,link_lives_release2,65,3,0.9270791271406427,0.01448160118151586,0.9094922001067276,0.02392599344360841,0.9456410256410256,0.014439699822588742,0.9940207149643856,0.0019416228244808003,0.9681427294002474,0.004921787418534601,0.020719751476174175,0.0022080064710974924,,
official_ditto_mixda,link_lives_release2,70,3,0.941482716301962,0.0010218182699937596,0.9287764932809798,0.0048115172365291335,0.9545641025641026,0.003082047015654724,0.9962421135194077,0.0005192932063062307,0.9823141518338092,0.00011257414185160185,0.01710348327199087,0.0011274134648912109,,
official_ditto_mixda,link_lives_release2,75,3,0.9383015718999079,0.0065032999201344414,0.9233824426960062,0.015717906130453353,0.9538461538461539,0.0033282011773514085,0.9949542179200224,0.0013239813219988533,0.9721536038427481,0.00278330554740936,0.018897348279130345,0.002197018802985452,,
official_ditto_mixda,link_lives_release2,80,3,0.9400741870542636,0.0010203342385290612,0.9212717068253643,0.005352563803472936,0.9596923076923077,0.004023599024806806,0.9952929970220445,0.0013477201829861167,0.9756788430398435,0.003389836210820517,0.01726025560682617,0.0006085172947730319,,
official_ditto_mixda,link_lives_release2,85,3,0.9372764397962605,0.005835655338153511,0.9280981841981589,0.013654159629296137,0.9467692307692308,0.007710747129933364,0.9943153348765137,0.0006923924860951183,0.9700287879142893,0.005300078692060798,0.019628980038336415,0.0022060893118060858,,
official_ditto_mixda,link_lives_release2,90,3,0.9392290104024485,0.0022978399579782803,0.9227481821292174,0.010287965664630909,0.9564102564102565,0.006225227038151209,0.9957364349983102,0.0007244988817316633,0.9775841126403634,0.0023226664735501576,0.01843647631242132,0.0021751595756729744,,
official_ditto_mixda,link_lives_release2,95,3,0.9406607546613452,0.008179515793502751,0.9137794426408601,0.013586761832341237,0.9692307692307692,0.0034263165309723056,0.9955874989637735,0.00029558704286403295,0.9693056520446035,0.0007285794899971104,0.018387137088836,0.0027971937214380507,,
official_ditto_mixda,link_lives_release2,100,3,0.9452541917942754,0.0011271712949278694,0.9277953154442141,6.497207685717274e-05,0.9633846153846154,0.0023230259800833468,0.9944765493977133,0.0024537130973148196,0.9635728709391538,0.01593203984283813,0.01691251631333944,0.0015454780944932176,,
official_ditto_mixda,walmart_amazon,1,3,0.2017805099213296,0.02670747158958344,0.12336698383998142,0.025106593876633918,0.6096718480138169,0.1478576492284939,0.5862455147102614,0.025247245267142185,0.13746351461989248,0.011438804712027857,0.09237162031106352,0.006828090645419821,,
official_ditto_mixda,walmart_amazon,2,3,0.20390735172341612,0.04239363442116694,0.1200759535776546,0.03344663122052462,0.7564766839378239,0.12140284470321226,0.592803157197308,0.06241642611858012,0.1496223168424526,0.042135448738637706,0.20857042608430162,0.16204493744893497,,
official_ditto_mixda,walmart_amazon,3,3,0.19851126018462517,0.033844775240408846,0.1197763384776683,0.023654283195742965,0.6200345423143351,0.18770021540888607,0.5947954819546185,0.05507023159968514,0.14268873564390203,0.027356179131168088,0.2194745685353859,0.1582037116136312,,
official_ditto_mixda,walmart_amazon,4,3,0.23395804176390889,0.05973106060805192,0.1482408313318458,0.04996428592049909,0.6079447322970639,0.04978768671986037,0.6503460745339765,0.09952428439828846,0.18488875770473448,0.07138781555895587,0.09741879544237089,0.018937390040069012,,
official_ditto_mixda,walmart_amazon,5,3,0.2284912720034877,0.07039675781703073,0.155713521074039,0.07780036809187342,0.5785837651122625,0.2115064578203995,0.6346089422905127,0.10007641617662684,0.15986189583881283,0.049017973471650954,0.1879611434704546,0.17905129498464575,,
official_ditto_mixda,walmart_amazon,10,3,0.401154099796932,0.2071131953446759,0.35228083736636095,0.22503562579323239,0.544041450777202,0.1631095983284683,0.7927633293133226,0.14201162519622273,0.39565170457304877,0.2777839122905531,0.08240935929450116,0.028015924085929778,,
official_ditto_mixda,walmart_amazon,15,3,0.5931190723151096,0.21657001953149035,0.563388452305666,0.29158176717791123,0.689119170984456,0.04426944945760383,0.8889876831338217,0.10096013525789164,0.5991226804677087,0.31605645876988114,0.07167129772399529,0.01855538907302229,,
official_ditto_mixda,walmart_amazon,20,3,0.45761729351723845,0.2586913093389424,0.41348923527459247,0.28141022584043773,0.696027633851468,0.15667329148430537,0.7892085976118158,0.21360428277913232,0.48447146020017334,0.31001442344749075,0.07403740117651861,0.023970246784036656,,
official_ditto_mixda,walmart_amazon,25,3,0.3609078506062109,0.3054001028339464,0.3107682405325314,0.3473258965293732,0.7184801381692574,0.26944665818359503,0.6955046602346495,0.21761653879198245,0.3542504777753393,0.36296556067533303,0.07620000380676067,0.014922413119046178,,
official_ditto_mixda,walmart_amazon,30,3,0.7856280809414145,0.02336893188457543,0.7904670434808208,0.06950699627581061,0.7841105354058722,0.01961626371606309,0.9627674423798463,0.004536029754162716,0.8568788023035749,0.011999001233096654,0.04321815727842721,0.010671235913986912,,
official_ditto_mixda,walmart_amazon,35,3,0.7576365361799353,0.03927296654736041,0.7593651689621435,0.004934769801380952,0.7582037996545768,0.07370151396667315,0.9577145122386993,0.01325060728140044,0.8149465210000517,0.0657979907065,0.05683521369111595,0.010640575342661869,,
official_ditto_mixda,walmart_amazon,40,3,0.7329026187927322,0.047210956803020176,0.7109479019026758,0.055979431166238804,0.7564766839378239,0.03736322565247654,0.9540974331487106,0.009214974287543785,0.7943688391964778,0.05139930520920173,0.08927574630537972,0.00921806485491429,,
official_ditto_mixda,walmart_amazon,45,3,0.548136165203521,0.2979120601425137,0.5391493691493692,0.37516214175453677,0.7374784110535406,0.1116497157781968,0.8298600254600679,0.19518510448383883,0.5476611419221676,0.3808806042841193,0.06040911760794872,0.021589095670558604,,
official_ditto_mixda,walmart_amazon,50,3,0.7843398444785002,0.06090704986847197,0.816473628505868,0.05912174947382018,0.7564766839378239,0.07526341474784429,0.9625310806384373,0.012966853420944306,0.8406418381535552,0.06471733777089846,0.041549585896922224,0.016917447265973717,,
official_ditto_mixda,walmart_amazon,55,3,0.6225567691127297,0.3596687252531544,0.6310031962831909,0.44554593110147844,0.8341968911917098,0.0984455958549223,0.8839729058721935,0.15058549470137209,0.6560906138054128,0.3981940456566907,0.04881996363180663,0.03209623603537309,,
official_ditto_mixda,walmart_amazon,60,3,0.8377800546448088,0.030999344114482203,0.8643060175003401,0.05221662378983761,0.8134715025906736,0.015544041450777202,0.9685210827228872,0.007885460460600619,0.8813924885561814,0.043499226393380906,0.032452184111310775,0.011532351019182154,,
official_ditto_mixda,walmart_amazon,65,3,0.7771052097581104,0.09272743487024204,0.783992798011772,0.14044169233195558,0.7737478411053541,0.049245517890788446,0.9495083861890299,0.03300677488297566,0.8273077830264175,0.08498091996648983,0.041514708738191235,0.01693686074215517,,
official_ditto_mixda,walmart_amazon,70,3,0.8321466000513352,0.03385144922486038,0.869419676939411,0.07142637394922098,0.7996545768566493,0.0029914521719669835,0.9684819992853314,0.01053512093302442,0.8831065955606425,0.04870964534933573,0.032349295451979315,0.013324350519714295,,
official_ditto_mixda,walmart_amazon,75,3,0.7672424676868644,0.13636288593272178,0.7920298481073035,0.1950043994889361,0.7512953367875648,0.08654556004399,0.9514602316717289,0.035777089912588475,0.8294699189673741,0.14105685814797056,0.03391607348133896,0.01723155431101938,,
official_ditto_mixda,walmart_amazon,80,3,0.8573163835312173,0.026187510630305836,0.900065510615089,0.038045162310942085,0.8186528497409327,0.01868161282623829,0.9746255434458936,0.005944891049484961,0.9019029002136114,0.015478691048915895,0.025837399042189995,0.0056091931242799355,,
official_ditto_mixda,walmart_amazon,85,3,0.8455956583496632,0.008042511535599364,0.8716975393313374,0.03470954725780157,0.8221070811744386,0.020940165203768825,0.9774535093204693,0.0038091194652405485,0.8973043010739584,0.02993198722133969,0.027216652869439258,0.0037149227699392415,,
official_ditto_mixda,walmart_amazon,90,3,0.8598892147279245,0.009876470880565437,0.9015883448351407,0.0037187201038832323,0.8221070811744386,0.02094016520376882,0.9780057955154547,0.0005405098516362726,0.9054850220259649,0.01623421386914552,0.024139713125380376,0.0014079541451003114,,
official_ditto_mixda,walmart_amazon,95,3,0.8274884000843825,0.02508674731105884,0.8704084467907752,0.004716373668268564,0.7892918825561313,0.04314333677650019,0.9735982073729974,0.002175960144027935,0.8914055169342741,0.024169885655613916,0.02845708079177912,0.005480908088279953,,
official_ditto_mixda,walmart_amazon,100,3,0.8303716172754586,0.026440463632258323,0.8371579470453062,0.031859641158257915,0.8238341968911918,0.02374391551790593,0.9709749642665714,0.005156423292985433,0.8527011811496772,0.033866239335753355,0.03302424625839592,0.0062111508918636996,,
official_ditto_mixda,wdc_80_medium_seen,1,3,0.19974091497920501,0.0004915447368625426,0.11108525341934954,0.0001560206017307757,0.9893333333333333,0.013316656236958798,0.5099865833333334,0.004617921707417016,0.11565861877769124,0.0036867450769943262,0.1275712974265274,0.006293622900126272,,
official_ditto_mixda,wdc_80_medium_seen,2,3,0.20163025533298776,0.0030685182173112793,0.11244700671118311,0.0022925632851508513,0.976,0.027712812921102063,0.4990195,0.01062388073810602,0.11018328475992667,0.0023064335322216492,0.13733212070431536,0.02047554954777514,,
official_ditto_mixda,wdc_80_medium_seen,3,3,0.1998736238378139,0.0012598421100876284,0.11150420204539742,0.0011762332486804773,0.9646666666666667,0.036896250938724534,0.5006109166666667,0.005022990875298638,0.11240966838417366,0.001732362867342731,0.12875910642317415,0.005767677818152094,,
official_ditto_mixda,wdc_80_medium_seen,4,3,0.20014269264709555,0.0010890767049951495,0.11157833231284685,0.0007403249889990248,0.9706666666666667,0.019218047073866117,0.49909258333333334,0.00599438172548539,0.11117225558368192,0.0035368941814156022,0.1360971942217012,0.010286384845313478,,
official_ditto_mixda,wdc_80_medium_seen,5,3,0.19846229877062532,0.001270624657499183,0.1132414016916746,0.0024123293052502235,0.8133333333333334,0.11316065276116662,0.5180771666666667,0.009710552463471595,0.117674032260899,0.002253834460263017,0.12745587026297567,0.005923883514307724,,
official_ditto_mixda,wdc_80_medium_seen,10,3,0.25410236216889415,0.07382651039309449,0.1540437008345097,0.06077309139201974,0.874,0.15998749951168065,0.6282638333333332,0.1288582509594683,0.18092441255571018,0.07405225524509516,0.1530577161118427,0.03970847644993969,,
official_ditto_mixda,wdc_80_medium_seen,15,3,0.3310861583795471,0.10760565800032691,0.25364873477145294,0.12400275578059501,0.632,0.2353805429511964,0.7239015,0.10458684385983971,0.2724321417034695,0.1050607818212965,0.12081556136430224,0.01243665675859428,,
official_ditto_mixda,wdc_80_medium_seen,20,3,0.33766624061078443,0.16987367337188625,0.2578695812326835,0.18554615069543154,0.654,0.16896153408394465,0.70773975,0.14755548640278504,0.26697399797110943,0.188145180530165,0.1226712127589175,0.010004283022081999,,
official_ditto_mixda,wdc_80_medium_seen,25,3,0.4210118691215599,0.17601499860605982,0.33612480695047675,0.16068415903877437,0.5766666666666667,0.16241100126941319,0.7914538333333333,0.1519800871465842,0.38488598499300064,0.21675124060812315,0.10230186795376979,0.02114998200547021,,
official_ditto_mixda,wdc_80_medium_seen,30,3,0.5353724706406129,0.03444093382728658,0.4781147541349473,0.06114512597238544,0.6133333333333333,0.017009801096230782,0.8841734166666667,0.022601146251812754,0.49875474368841394,0.06135571666934717,0.09283498185037578,0.007650101951503752,,
official_ditto_mixda,wdc_80_medium_seen,35,3,0.5642802163706615,0.08346275215511502,0.5122381927931421,0.10381067521463351,0.6326666666666667,0.04867579823005821,0.8891258333333333,0.04406883826067846,0.5553596119787638,0.1217445419313642,0.08780695597506194,0.02055578990463042,,
official_ditto_mixda,wdc_80_medium_seen,40,3,0.4815900010018038,0.24462638214050125,0.4181442825369614,0.26659429915585214,0.7886666666666666,0.18400362315273397,0.7753305,0.24336978764307926,0.46333410786412776,0.30586879927394084,0.09332068452322721,0.03137138258948837,,
official_ditto_mixda,wdc_80_medium_seen,45,3,0.5920032453289021,0.05440693133412018,0.5229733124334318,0.07464842259758508,0.6853333333333333,0.019731531449264945,0.908483,0.0241589145386852,0.5997657510284423,0.09062558022782638,0.08221884205767745,0.01013893008904213,,
official_ditto_mixda,wdc_80_medium_seen,50,3,0.6561750413541416,0.014172884841568352,0.6123179643232298,0.026290838721942086,0.7073333333333333,0.0041633319989322695,0.93369625,0.008312994410108791,0.7092478900524382,0.014237932536376124,0.0673788127075202,0.003055961144803633,,
official_ditto_mixda,wdc_80_medium_seen,55,3,0.6400829866470005,0.03164743991543897,0.6075653780269994,0.026439298683658637,0.6806666666666666,0.07484205591332546,0.92748725,0.00927129145871816,0.6839384746452964,0.03582922994828882,0.06882755096971746,0.0032123606122772424,,
official_ditto_mixda,wdc_80_medium_seen,60,3,0.6543474321991681,0.03315998271841667,0.6281520575000509,0.06041107706845178,0.6853333333333333,0.018903262505010388,0.9290772500000001,0.015307762314018947,0.6917718875728536,0.05745155402519823,0.06512311594637463,0.005136777499285671,,
official_ditto_mixda,wdc_80_medium_seen,65,3,0.6904636176119766,0.01819136027859918,0.6489219674183292,0.022381611471158934,0.7386666666666667,0.03442867022313432,0.9446639166666666,0.006812895205662095,0.7446878826268263,0.02958671529165883,0.057981546245650294,0.0038578407223395514,,
official_ditto_mixda,wdc_80_medium_seen,70,3,0.6668573886942221,0.05510047122889912,0.6369056058209106,0.10745782077829623,0.71,0.026907248094147383,0.9388244166666667,0.01293069255766422,0.7216504365471971,0.06745793206059156,0.06432955380891137,0.013653671847834701,,
official_ditto_mixda,wdc_80_medium_seen,75,3,0.7059638729033494,0.007681918022637454,0.6843489754713757,0.008661447688020227,0.7293333333333333,0.020526405757787556,0.9482735,0.00978372678545855,0.763648948018673,0.022105054786057718,0.054812086848306095,0.001785879127118703,,
official_ditto_mixda,wdc_80_medium_seen,80,3,0.654724179237508,0.005863241424224418,0.6247463805606414,0.014367660173206022,0.6886666666666666,0.027736858750286256,0.93272525,0.005997806791861535,0.707312827944445,0.013743373434480441,0.06508772869252456,0.006901402069287817,,
official_ditto_mixda,wdc_80_medium_seen,85,3,0.7024164969208083,0.017609945730112722,0.6659719590046527,0.019830460573942808,0.744,0.03469870314579498,0.9500711666666667,0.0029643863755139978,0.770018427575719,0.027854439416373142,0.05518971409563637,0.0014936757703410985,,
official_ditto_mixda,wdc_80_medium_seen,90,3,0.7022705086395117,0.01093165568289944,0.6613562612041699,0.024572595405530646,0.7506666666666667,0.04277070648625454,0.9413373333333334,0.004232594633712726,0.7337536712171852,0.05093716040973436,0.05930058339887352,0.007413869383197643,,
official_ditto_mixda,wdc_80_medium_seen,95,3,0.6838391845960156,0.011968813219559421,0.654800521850768,0.01977077238520798,0.718,0.04975942121849891,0.9465115833333333,0.00629587753183245,0.7479799079633639,0.01148651116033536,0.057943513023453186,0.001161879356978906,,
official_ditto_mixda,wdc_80_medium_seen,100,3,0.7154895511156015,0.009798176867310647,0.6695859675231702,0.03901189286105164,0.7713333333333333,0.040857475856118805,0.9540292499999999,0.008060828691114788,0.7870711634036962,0.04141196765933061,0.05665887468653557,0.005263693581898475,,
official_ditto_mixda,wdc_80_medium_unseen,1,3,0.2002150312469285,0.0004192112617045036,0.11127705697775489,0.00027303963023461963,0.9973333333333333,0.0011547005383792525,0.5008611666666667,0.012562673735946212,0.112664652561759,0.006141550955359107,0.1362024402783595,0.006601982647267533,,
official_ditto_mixda,wdc_80_medium_unseen,2,3,0.20049648258724279,0.000328592258731163,0.11169269623138606,0.0006031658301131857,0.9793333333333333,0.03407834111768552,0.49877875,0.013230923297808806,0.11219689614171051,0.00534211981628123,0.17371707636493833,0.0456662808261121,,
official_ditto_mixda,wdc_80_medium_unseen,3,3,0.19919155840147965,0.0010245910999349256,0.11106600495894799,0.0001478117940243901,0.9653333333333334,0.03971565602295059,0.49394725,0.0037857305767843353,0.11014526263732712,0.0016686261145018315,0.1316125414089049,0.0028522617114847388,,
official_ditto_mixda,wdc_80_medium_unseen,4,3,0.1993763896625636,0.00080953973679947,0.11090944531687173,0.0003800216665034648,0.9853333333333333,0.009865765724632504,0.49999816666666663,0.007122834154733138,0.11704711759995398,0.007851451971848103,0.13945550028976858,0.01925933780142013,,
official_ditto_mixda,wdc_80_medium_unseen,5,3,0.20213779297811807,0.005199954631964382,0.11352571500354776,0.002291445740331154,0.9253333333333333,0.08832515685428097,0.53428425,0.020416232342489182,0.128985226539573,0.009090581680235688,0.13580149794739368,0.002901019214391735,,
official_ditto_mixda,wdc_80_medium_unseen,10,3,0.3148193156778699,0.16711671705660228,0.21968940833038195,0.1668141415187475,0.866,0.1826143477386155,0.6775799166666666,0.18575349997869037,0.25102699112101123,0.18051528438554804,0.13582459123946844,0.05083591367176,,
official_ditto_mixda,wdc_80_medium_unseen,15,3,0.46888706660764,0.07578504986983224,0.40476468564584567,0.06743138437177258,0.5573333333333333,0.0869329243344162,0.8388311666666667,0.05505663595808256,0.4462694998150744,0.09853065374664086,0.10122799469458937,0.009329701272026068,,
official_ditto_mixda,wdc_80_medium_unseen,20,3,0.40435423359579886,0.16733197240643577,0.30638599181104587,0.1693865757512412,0.7306666666666667,0.09833276835995886,0.7750691666666667,0.1519626188418416,0.3665049718572174,0.2025862143501357,0.10494243644312293,0.01566587301601886,,
official_ditto_mixda,wdc_80_medium_unseen,25,3,0.41264426287554395,0.09372865519617149,0.40535251033559755,0.11521007546698328,0.5086666666666667,0.22433308568584648,0.8024645,0.07591161968409371,0.37861986354228433,0.07023429644882447,0.10335069353231614,0.01765049530323077,,
official_ditto_mixda,wdc_80_medium_unseen,30,3,0.6005566737207931,0.014969068208185042,0.5254583676085314,0.030481807078268856,0.7026666666666667,0.025324559884296743,0.9150086666666667,0.001488615995928206,0.629854705530064,0.013893997543187316,0.08379357991499417,0.005399583482971518,,
official_ditto_mixda,wdc_80_medium_unseen,35,3,0.6322174768628036,0.011480860661337161,0.5877807571947676,0.014580086224020728,0.684,0.008717797887081291,0.9232459166666667,0.0031934744532145162,0.6774673970530954,0.022730411104417807,0.07356664799248717,0.004046606996688629,,
official_ditto_mixda,wdc_80_medium_unseen,40,3,0.5984300298072366,0.06230520034518987,0.5479625817370567,0.04853938565162924,0.66,0.08407139822793482,0.9096454166666667,0.03017607189617838,0.6130505371962593,0.09281682944400929,0.0751309101412088,0.011237464771367865,,
official_ditto_mixda,wdc_80_medium_unseen,45,3,0.6407005481014046,0.029313021285493072,0.5613031067793985,0.04214156879285175,0.7486666666666667,0.03300505011863086,0.9306678333333334,0.007749951226997013,0.6868375869449266,0.026269239825349608,0.07128355246437866,0.007852523767328258,,
official_ditto_mixda,wdc_80_medium_unseen,50,3,0.6551710757847883,0.01871301782177642,0.6035129618838013,0.009308643140614355,0.7173333333333334,0.041198705481280996,0.9370290833333333,0.00783272475472831,0.7118134537776842,0.024543029735290996,0.06352097277159631,0.0030546772949371854,,
official_ditto_mixda,wdc_80_medium_unseen,55,3,0.6667919333055949,0.01664063400313939,0.6232608867470374,0.054887729953463825,0.7213333333333334,0.032516662395352496,0.9397426666666666,0.004980345904988325,0.7164381121268727,0.01968166864374892,0.06365182275257518,0.006156251877205801,,
official_ditto_mixda,wdc_80_medium_unseen,60,3,0.6850908060887622,0.014128963808697352,0.6155148355091263,0.005147926101223939,0.7733333333333333,0.04001666319589043,0.9445080833333334,0.006918662363190879,0.7459046419770572,0.02411257926432248,0.05994883253910489,0.001832011897966721,,
official_ditto_mixda,wdc_80_medium_unseen,65,3,0.6719758326228379,0.017353732914845647,0.6182079092185572,0.05399572141987164,0.7413333333333333,0.04061198509471479,0.9433114166666666,0.00678117672464251,0.7373698749861812,0.019550248763252707,0.062043545390384404,0.00657471497243043,,
official_ditto_mixda,wdc_80_medium_unseen,70,3,0.6766597440709557,0.037348827406167705,0.5938360427167727,0.059069541413213605,0.79,0.021071307505705496,0.9456640000000001,0.0076398713953508696,0.7271246619948882,0.01916957964908207,0.06499109976270113,0.011561719863361361,,
official_ditto_mixda,wdc_80_medium_unseen,75,3,0.6875106571122583,0.015422899000846941,0.635325952113948,0.029797398247494833,0.75,0.01442220510185597,0.9419471666666667,0.010136259965259974,0.7403865803851051,0.024738481021974845,0.0608388001417062,0.003520480794405421,,
official_ditto_mixda,wdc_80_medium_unseen,80,3,0.6658257180598008,0.015683610332271548,0.6119936725368701,0.04589146867130995,0.7333333333333333,0.02802379940931163,0.9395469166666667,0.009209858509816158,0.7255475686101314,0.02016824655348187,0.06714940324309897,0.012936700981678597,,
official_ditto_mixda,wdc_80_medium_unseen,85,3,0.703827354713692,0.007485529272727568,0.6630234903921628,0.027346748628591336,0.7513333333333333,0.02444040370643117,0.9482881666666666,0.00411818681531489,0.7645029731592745,0.009776780685881533,0.05798242078003264,0.0012809642396881364,,
official_ditto_mixda,wdc_80_medium_unseen,90,3,0.6796993095176604,0.029474002854708622,0.5939127882338876,0.01972655066681185,0.7946666666666666,0.04562163229580164,0.9456753333333333,0.007913570387052446,0.729098305360012,0.06940562712092614,0.06611579507892314,0.01517170724744111,,
official_ditto_mixda,wdc_80_medium_unseen,95,3,0.6999229054408007,0.027205431724296885,0.6415926459809159,0.012487380504187299,0.7706666666666667,0.050292477900112834,0.95036475,0.014302143958599389,0.7572868508346283,0.047139017726748056,0.06093464462699069,0.00835617888276433,,
official_ditto_mixda,wdc_80_medium_unseen,100,3,0.701232104796491,0.027528895670477824,0.6560691738897999,0.047021599373124646,0.7553333333333333,0.03055050463303896,0.9462300833333334,0.007959800265762538,0.7625397228030533,0.02673397647585278,0.05771523658542369,0.0038221417382977413,,
