model,dataset,scenario,mask_probability,mask_seed,queries,mrr_at_100,hits_at_1,mrr_retention,hits_at_1_retention,total_seconds,semantic_encoding_seconds,structured_features_seconds,cached_fusion_seconds,neural_scoring_seconds,gpu_peak_allocated_bytes,gpu_peak_reserved_bytes,rss_peak_bytes
hef_gbdt_e5_jina_oof,abt_buy,p00_seed20260725,0.0,20260725,154,0.9745670995670996,0.9545454545454546,1.0,1.0,80.62058926399914,,3.053655545008951,0.05776952000451274,,6668491264,7497318400,2547159040
hef_gbdt_e5_jina_oof,abt_buy,p10_seed20260725,0.1,20260725,154,0.9354256854256855,0.8961038961038961,0.9598371275217472,0.9387755102040816,75.0904017790017,,2.651252793002641,0.03339606100053061,,6668491264,7497318400,2689753088
hef_gbdt_e5_jina_oof,abt_buy,p10_seed20260726,0.1,20260726,154,0.9014729125330064,0.8701298701298701,0.924998302254856,0.91156462585034,74.41393074499501,,2.512083334993804,0.029845530007150955,,6668491264,7497318400,2693599232
hef_gbdt_e5_jina_oof,abt_buy,p10_seed20260727,0.1,20260727,154,0.9081821884767335,0.8766233766233766,0.9318826675763483,0.9183673469387755,74.86036556500767,,2.600314242998138,0.02645135499187745,,6668491264,7497318400,2694746112
hef_gbdt_e5_jina_oof,abt_buy,p30_seed20260725,0.3,20260725,154,0.7834730351523582,0.7272727272727273,0.8039190277410094,0.7619047619047619,65.19360170100117,,1.9774857370066456,0.025587091004126705,,6668491264,7497318400,2694750208
hef_gbdt_e5_jina_oof,abt_buy,p30_seed20260726,0.3,20260726,154,0.6992990942511196,0.6558441558441559,0.7175484320799939,0.6870748299319728,63.553194801002974,,1.8852300159924198,0.02742579800542444,,6668491264,7497318400,2694881280
hef_gbdt_e5_jina_oof,abt_buy,p30_seed20260727,0.3,20260727,154,0.7103385934091107,0.6558441558441559,0.7288760247751451,0.6870748299319728,63.732425323003554,,1.9637067129951902,0.036732138993102126,,6656407552,7497318400,2695802880
hef_gbdt_e5_jina_oof,abt_buy,p50_seed20260725,0.5,20260725,154,0.4940138818050155,0.42857142857142855,0.5069059708915428,0.44897959183673464,53.422582729006535,,1.422708533005789,0.04118831700179726,,6668491264,7497318400,2695802880
hef_gbdt_e5_jina_oof,abt_buy,p50_seed20260726,0.5,20260726,154,0.47946065677796906,0.4090909090909091,0.49197295598316865,0.4285714285714286,51.666637075992185,,1.38295639998978,0.0258591269957833,,6668491264,7497318400,2695802880
hef_gbdt_e5_jina_oof,abt_buy,p50_seed20260727,0.5,20260727,154,0.47339525399986965,0.4155844155844156,0.48574926673612384,0.43537414965986393,50.432475556008285,,1.3774593459966127,0.032442533993162215,,5830392320,7497318400,2695868416
hef_gbdt_e5_jina_oof,abt_buy,p70_seed20260725,0.7,20260725,154,0.27452471042656906,0.19480519480519481,0.2816888755515267,0.20408163265306123,39.65844451599696,,0.9678084319893969,0.02634385098644998,,6328034304,7497318400,2695868416
hef_gbdt_e5_jina_oof,abt_buy,p70_seed20260726,0.7,20260726,154,0.29581916563881666,0.21428571428571427,0.3035390439203404,0.22448979591836732,35.60414659000526,,0.898990126006538,0.024492310010828078,,5840657408,7497318400,2695868416
hef_gbdt_e5_jina_oof,abt_buy,p70_seed20260727,0.7,20260727,154,0.30872982909125674,0.22727272727272727,0.31678663196037893,0.23809523809523808,37.88494733598782,,0.9505943049880443,0.02656425500754267,,5699179008,7497318400,2695868416
hef_gbdt_e5_jina_oof,amazon_google,p00_seed20260725,0.0,20260725,163,0.9228016359918202,0.8650306748466258,1.0,1.0,40.54682658999809,,1.9645098209875869,0.24590381000598427,,4673142272,5041553408,2516484096
hef_gbdt_e5_jina_oof,amazon_google,p10_seed20260725,0.1,20260725,163,0.8410936949894007,0.7791411042944786,0.9114566578389294,0.9007092198581561,36.624104137998074,,1.691296089993557,0.21189873600087594,,4643629568,5041553408,2671722496
hef_gbdt_e5_jina_oof,amazon_google,p10_seed20260726,0.1,20260726,163,0.7857611839122153,0.7055214723926381,0.8514952220123506,0.8156028368794327,37.31737710299785,,1.8006491100095445,0.24487595800019335,,4673142272,5041553408,2673909760
hef_gbdt_e5_jina_oof,amazon_google,p10_seed20260727,0.1,20260727,163,0.8741353840157334,0.8220858895705522,0.9472624992436423,0.950354609929078,37.738099523994606,,1.825730771990493,0.22892512699763756,,4673142272,5041553408,2673930240
hef_gbdt_e5_jina_oof,amazon_google,p30_seed20260725,0.3,20260725,163,0.5700031071628033,0.48466257668711654,0.6176875776235142,0.5602836879432623,31.445907437999267,,1.3507750059943646,0.295003965991782,,4602311168,5041553408,2674126848
hef_gbdt_e5_jina_oof,amazon_google,p30_seed20260726,0.3,20260726,163,0.5310069488736702,0.4662576687116564,0.5754291368403871,0.5390070921985816,31.86168357200222,,1.3684519570088014,0.2792596780054737,,4667239936,5041553408,2674229248
hef_gbdt_e5_jina_oof,amazon_google,p30_seed20260727,0.3,20260727,163,0.5731686385047358,0.5214723926380368,0.6211179262688438,0.6028368794326241,31.721713027000078,,1.379098799006897,0.29587455600267276,,4673142272,5041553408,2678153216
hef_gbdt_e5_jina_oof,amazon_google,p50_seed20260725,0.5,20260725,163,0.4265238194071096,0.3619631901840491,0.4622053134406129,0.4184397163120568,25.5316907279921,,1.0018983930058312,0.23249135501100682,,4578700800,5041553408,2678231040
hef_gbdt_e5_jina_oof,amazon_google,p50_seed20260726,0.5,20260726,163,0.39178394260653815,0.3312883435582822,0.4245592197996612,0.3829787234042553,26.25602460600203,,1.0129017370054498,0.28819742100313306,,4578700800,5041553408,2678231040
hef_gbdt_e5_jina_oof,amazon_google,p50_seed20260727,0.5,20260727,163,0.40177809891708804,0.3312883435582822,0.4353894523445009,0.3829787234042553,25.7962325559929,,0.9930462039919803,0.2374326290009776,,4560993280,5041553408,2678280192
hef_gbdt_e5_jina_oof,amazon_google,p70_seed20260725,0.7,20260725,163,0.36175924320737274,0.294478527607362,0.39202275884411136,0.34042553191489366,19.98964276899642,,0.7669844689953607,0.2786189479957102,,4549188096,5041553408,2678358016
hef_gbdt_e5_jina_oof,amazon_google,p70_seed20260726,0.7,20260726,163,0.3449819076518934,0.2883435582822086,0.3738418899540739,0.3333333333333333,19.90624232198752,,0.7557036119978875,0.2963223320111865,,4501967360,5041553408,2681847808
hef_gbdt_e5_jina_oof,amazon_google,p70_seed20260727,0.7,20260727,163,0.3544857947555364,0.27607361963190186,0.3841408390813457,0.3191489361702128,19.868718034995254,,0.7356553639983758,0.3071355800057063,,4519674880,5041553408,2681847808
hef_gbdt_e5_jina_oof,link_lives_release2,p00_seed20260725,0.0,20260725,3250,0.9365522893153725,0.8978461538461538,1.0,1.0,2308.8070353649964,,47.97383086300397,0.5446943379938602,,6501552128,7014973440,5991616512
hef_gbdt_e5_jina_oof,link_lives_release2,p10_seed20260725,0.1,20260725,3250,0.8028697168552122,0.7323076923076923,0.857260962377356,0.8156271418779987,2141.1600245610025,,44.479022963001626,0.4354855779965874,,6501552128,7014973440,6385352704
hef_gbdt_e5_jina_oof,link_lives_release2,p10_seed20260726,0.1,20260726,3250,0.8045506690086617,0.7313846153846154,0.8590557923859168,0.8145990404386566,2127.2898613720026,,45.175073557009455,0.4153693340049358,,6466406400,7014973440,6449348608
hef_gbdt_e5_jina_oof,link_lives_release2,p10_seed20260727,0.1,20260727,3250,0.8065312825323837,0.7356923076923076,0.8611705846365127,0.8193968471555859,2139.2136358760035,,45.360911751995445,0.4641420370026026,,6362295296,7014973440,6465576960
hef_gbdt_e5_jina_oof,link_lives_release2,p30_seed20260725,0.3,20260725,3250,0.5339378670636981,0.4436923076923077,0.5701100442069402,0.4941740918437286,1760.177038519003,,37.43882913600828,0.4031387739960337,,6204301824,7014973440,6410334208
hef_gbdt_e5_jina_oof,link_lives_release2,p30_seed20260726,0.3,20260726,3250,0.5264996270171515,0.4289230769230769,0.562167892838132,0.47772446881425634,1767.7263360770012,,40.21944218099816,0.4199349310074467,,6116182528,7014973440,6402179072
hef_gbdt_e5_jina_oof,link_lives_release2,p30_seed20260727,0.3,20260727,3250,0.5265015800872261,0.43415384615384617,0.5621699782209738,0.4835503769705278,1762.300964769005,,38.12634452999919,0.40035563899436966,,6149043200,7014973440,6403616768
hef_gbdt_e5_jina_oof,link_lives_release2,p50_seed20260725,0.5,20260725,3250,0.3181899479927677,0.23323076923076924,0.3397460575590149,0.25976696367374913,1381.706098138995,,32.92906812099682,0.4506868990138173,,5809935360,7014973440,6324146176
hef_gbdt_e5_jina_oof,link_lives_release2,p50_seed20260726,0.5,20260726,3250,0.3108509446471547,0.224,0.3319098657848451,0.249485949280329,1381.7119509080076,,31.956050000997493,0.46320618499885313,,5871601152,7014973440,6322655232
hef_gbdt_e5_jina_oof,link_lives_release2,p50_seed20260727,0.5,20260727,3250,0.3112463440623413,0.22676923076923078,0.3323320519454018,0.25257025359835505,1384.8203611540084,,32.39232117700158,0.4403744680021191,,5934151680,7014973440,6320209920
hef_gbdt_e5_jina_oof,link_lives_release2,p70_seed20260725,0.7,20260725,3250,0.1857669929927862,0.11076923076923077,0.19835197149385372,0.12337217272104181,963.8138424799981,,26.570885968001676,0.43726102499931585,,5330460160,7014973440,6243975168
hef_gbdt_e5_jina_oof,link_lives_release2,p70_seed20260726,0.7,20260726,3250,0.17175974748968548,0.09907692307692308,0.18339579054923166,0.11034955448937628,959.4894615800004,,26.90219657900161,0.45251883899618406,,5250679296,7014973440,6259060736
hef_gbdt_e5_jina_oof,link_lives_release2,p70_seed20260727,0.7,20260727,3250,0.1831481541125129,0.10984615384615384,0.1955557166449251,0.12234407128169979,956.8887970279902,,26.964416473987512,0.4557975460047601,,5321497088,7014973440,6269546496
hef_gbdt_e5_jina_oof,walmart_amazon,p00_seed20260725,0.0,20260725,131,0.9631043256997455,0.9389312977099237,1.0,1.0,49.562279648991534,,2.3030595690070186,0.22437985699798446,,5172889600,5565841408,2540224512
hef_gbdt_e5_jina_oof,walmart_amazon,p10_seed20260725,0.1,20260725,131,0.8958583423629627,0.8549618320610687,0.9301778825591661,0.9105691056910569,44.73850930700428,,2.0034400060103508,0.3101156799966702,,5092226560,5565841408,2664411136
hef_gbdt_e5_jina_oof,walmart_amazon,p10_seed20260726,0.1,20260726,131,0.9207470010905124,0.8931297709923665,0.956020003774297,0.951219512195122,44.79962974099908,,1.9814639599935617,0.29561863899289165,,5172889600,5565841408,2666786816
hef_gbdt_e5_jina_oof,walmart_amazon,p10_seed20260727,0.1,20260727,131,0.9107798030153538,0.8625954198473282,0.9456709711625735,0.9186991869918699,45.021247810000204,,2.0118879200017545,0.28598535899072886,,5130532864,5565841408,2665562112
hef_gbdt_e5_jina_oof,walmart_amazon,p30_seed20260725,0.3,20260725,131,0.7385238164184661,0.6793893129770993,0.7668160101782224,0.7235772357723578,38.268358714005444,,1.5186356260091998,0.30065094800374936,,5092226560,5565841408,2664927232
hef_gbdt_e5_jina_oof,walmart_amazon,p30_seed20260726,0.3,20260726,131,0.7290630241190263,0.6641221374045801,0.7569927832992798,0.7073170731707317,38.41372892000072,,1.5329499240033329,0.2909832919976907,,5027297792,5565841408,2665230336
hef_gbdt_e5_jina_oof,walmart_amazon,p30_seed20260727,0.3,20260727,131,0.657806492287563,0.5954198473282443,0.6830064768005609,0.6341463414634146,37.95738474899554,,1.497088503005216,0.30689505899499636,,4980077056,5565841408,2665443328
hef_gbdt_e5_jina_oof,walmart_amazon,p50_seed20260725,0.5,20260725,131,0.5626382551853676,0.5114503816793893,0.5841924287657846,0.5447154471544715,30.382129399004043,,1.077366704994347,0.3264076699997531,,4966120960,5565841408,2666713088
hef_gbdt_e5_jina_oof,walmart_amazon,p50_seed20260726,0.5,20260726,131,0.5411537800087912,0.45038167938931295,0.5618849023605151,0.4796747967479674,31.271928909991402,,1.1219778789964039,0.32910181701299734,,4966120960,5565841408,2665979904
hef_gbdt_e5_jina_oof,walmart_amazon,p50_seed20260727,0.5,20260727,131,0.4646998010309273,0.3893129770992366,0.48250203911533535,0.4146341463414634,30.482161330000963,,1.0820365679974202,0.33221296400006395,,4980077056,5565841408,2666291200
hef_gbdt_e5_jina_oof,walmart_amazon,p70_seed20260725,0.7,20260725,131,0.38854106544545075,0.3282442748091603,0.40342572977559354,0.34959349593495936,22.478597934998106,,0.7628898910043063,0.36641933300415985,,4844317696,5565841408,2665181184
hef_gbdt_e5_jina_oof,walmart_amazon,p70_seed20260726,0.7,20260726,131,0.3591483564114106,0.2900763358778626,0.3729070120731423,0.30894308943089427,23.037405271999887,,0.7934113670053193,0.35211544499907177,,4879733248,5565841408,2666708992
hef_gbdt_e5_jina_oof,walmart_amazon,p70_seed20260727,0.7,20260727,131,0.30137347915215407,0.22900763358778625,0.31291883040104773,0.24390243902439024,22.572656673990423,,0.7471870950103039,0.34986758200102486,,4738071040,5565841408,2668883968
hef_gbdt_e5_jina_oof,wdc_80_medium_seen,p00_seed20260725,0.0,20260725,500,0.8640051976216154,0.792,1.0,1.0,502.0480922470015,,14.26429470400035,0.11517724599980284,,8982775296,11043602432,2913091584
hef_gbdt_e5_jina_oof,wdc_80_medium_seen,p10_seed20260725,0.1,20260725,500,0.785853747390929,0.702,0.9095474767445643,0.8863636363636362,477.7092897540133,,12.760914040001808,0.09177062200615183,,8982775296,11043602432,3161645056
hef_gbdt_e5_jina_oof,wdc_80_medium_seen,p10_seed20260726,0.1,20260726,500,0.7880933454288591,0.71,0.9121395885097425,0.8964646464646464,474.16091347999463,,12.521832604004885,0.06534316700708587,,8982775296,11043602432,3169665024
hef_gbdt_e5_jina_oof,wdc_80_medium_seen,p10_seed20260727,0.1,20260727,500,0.7811927149915734,0.698,0.9041527957725213,0.8813131313131312,473.9809463349957,,12.268456539997715,0.05926906499371398,,8982775296,11045699584,3170603008
hef_gbdt_e5_jina_oof,wdc_80_medium_seen,p30_seed20260725,0.3,20260725,500,0.5994917646854393,0.528,0.6938520350753518,0.6666666666666666,423.5615408089943,,9.235246565993293,0.061274135994608514,,8982775296,11045699584,3166560256
hef_gbdt_e5_jina_oof,wdc_80_medium_seen,p30_seed20260726,0.3,20260726,500,0.5908373391568769,0.512,0.6838353991194733,0.6464646464646464,425.17219494399615,,9.538723823003238,0.07046825900033582,,8982775296,11045699584,3168129024
hef_gbdt_e5_jina_oof,wdc_80_medium_seen,p30_seed20260727,0.3,20260727,500,0.5956257353327119,0.52,0.6893774909830597,0.6565656565656566,432.2279203299986,,9.578930420990218,0.06946828600484878,,8982775296,11045699584,3166408704
hef_gbdt_e5_jina_oof,wdc_80_medium_seen,p50_seed20260725,0.5,20260725,500,0.3975021655449922,0.326,0.4600691831938206,0.4116161616161616,369.6892972509959,,6.644110588997137,0.06604981199780013,,8982775296,11045699584,3167096832
hef_gbdt_e5_jina_oof,wdc_80_medium_seen,p50_seed20260726,0.5,20260726,500,0.41475873634681837,0.35,0.48004194591484256,0.4419191919191919,367.2113456560037,,6.53547931900539,0.06134539400227368,,8982775296,11045699584,3166068736
hef_gbdt_e5_jina_oof,wdc_80_medium_seen,p50_seed20260727,0.5,20260727,500,0.387806325254335,0.322,0.44884721332911687,0.4065656565656566,379.02276001700375,,6.830990087008104,0.06748249300289899,,8982775296,11045699584,3166375936
hef_gbdt_e5_jina_oof,wdc_80_medium_seen,p70_seed20260725,0.7,20260725,500,0.2737735779956546,0.188,0.3168656609350071,0.23737373737373738,311.06437165499665,,4.3913524209929164,0.059902332999627106,,8982775296,11045699584,3165806592
hef_gbdt_e5_jina_oof,wdc_80_medium_seen,p70_seed20260726,0.7,20260726,500,0.29053111804721077,0.202,0.33626084524371885,0.255050505050505,293.22356538299937,,4.377840122004272,0.06613356700108852,,8982775296,11045699584,3165655040
hef_gbdt_e5_jina_oof,wdc_80_medium_seen,p70_seed20260727,0.7,20260727,500,0.2261552905867736,0.154,0.2617522339093805,0.19444444444444442,313.0316150489962,,4.453308604002814,0.0681129920121748,,8982775296,11045699584,3165478912
hef_gbdt_e5_jina_oof,wdc_80_medium_unseen,p00_seed20260725,0.0,20260725,500,0.8914444444444445,0.838,1.0,1.0,536.3075849340094,,14.794058601008146,0.11581678499351256,,8982775296,11045699584,2931920896
hef_gbdt_e5_jina_oof,wdc_80_medium_unseen,p10_seed20260725,0.1,20260725,500,0.82806032037148,0.762,0.9288972807357996,0.9093078758949881,506.7593641199928,,13.37909021100495,0.0923407340014819,,8982775296,11045699584,3184582656
hef_gbdt_e5_jina_oof,wdc_80_medium_unseen,p10_seed20260726,0.1,20260726,500,0.7965632017722937,0.722,0.893564603758026,0.8615751789976134,497.3525900930108,,12.606257812993135,0.06814933399436995,,8982775296,11045699584,3188375552
hef_gbdt_e5_jina_oof,wdc_80_medium_unseen,p10_seed20260727,0.1,20260727,500,0.8137901361211802,0.742,0.9128893462658135,0.8854415274463008,506.331318490993,,13.193658672011225,0.0674442919989815,,8982775296,11045699584,3193823232
hef_gbdt_e5_jina_oof,wdc_80_medium_unseen,p30_seed20260725,0.3,20260725,500,0.6509547370066899,0.58,0.7302246831684169,0.6921241050119331,445.2024514520017,,9.969207749993075,0.06926465699507389,,8982775296,11045699584,3187183616
hef_gbdt_e5_jina_oof,wdc_80_medium_unseen,p30_seed20260726,0.3,20260726,500,0.6295615691365712,0.554,0.7062263644807605,0.6610978520286397,443.26324221800314,,9.65872318300535,0.06892737299494911,,8982775296,11045699584,3186462720
hef_gbdt_e5_jina_oof,wdc_80_medium_unseen,p30_seed20260727,0.3,20260727,500,0.646835487916207,0.572,0.7256038129435203,0.6825775656324582,451.2872242859885,,10.212812825993751,0.07074074099364225,,8982775296,11045699584,3185676288
hef_gbdt_e5_jina_oof,wdc_80_medium_unseen,p50_seed20260725,0.5,20260725,500,0.42845013289467954,0.354,0.4806246037706738,0.4224343675417661,387.54061576099775,,7.198158175000572,0.07042448800348211,,8982775296,11045699584,3185414144
hef_gbdt_e5_jina_oof,wdc_80_medium_unseen,p50_seed20260726,0.5,20260726,500,0.4538643177877665,0.374,0.5091335984157919,0.44630071599045346,380.4067168929905,,6.906195784002193,0.06388320900441613,,8982775296,11045699584,3185610752
hef_gbdt_e5_jina_oof,wdc_80_medium_unseen,p50_seed20260727,0.5,20260727,500,0.4540980678117476,0.376,0.5093958133249069,0.44868735083532224,390.343112225004,,7.328059874009341,0.07000500099093188,,8982775296,11045699584,3185741824
hef_gbdt_e5_jina_oof,wdc_80_medium_unseen,p70_seed20260725,0.7,20260725,500,0.3322356052600883,0.234,0.372693561927059,0.27923627684964203,326.4820035970042,,4.8161834869970335,0.0671292469924083,,8982775296,11045699584,3185741824
hef_gbdt_e5_jina_oof,wdc_80_medium_unseen,p70_seed20260726,0.7,20260726,500,0.3294302076771587,0.234,0.3695465373419454,0.27923627684964203,317.4353154870041,,4.782599817990558,0.07012987000052817,,8982775296,11045699584,3185741824
hef_gbdt_e5_jina_oof,wdc_80_medium_unseen,p70_seed20260727,0.7,20260727,500,0.32683525490494886,0.236,0.3666355844627371,0.28162291169451076,330.87273008099874,,5.076219302005484,0.062128346995450556,,8982775296,11045699584,3185872896
hef_gbdt_e5_roberta_oof,abt_buy,p00_seed20260725,0.0,20260725,154,0.9669913419913421,0.9415584415584416,1.0,1.0,71.42061834900232,,2.956832249998115,0.10162389700417407,,3949705728,4645191680,1743753216
hef_gbdt_e5_roberta_oof,abt_buy,p10_seed20260725,0.1,20260725,154,0.9353022339978861,0.9090909090909091,0.9672291709166724,0.9655172413793103,63.75702487099625,,2.6224351529963315,0.04407652700319886,,3949705728,4645191680,1886720000
hef_gbdt_e5_roberta_oof,abt_buy,p10_seed20260726,0.1,20260726,154,0.8668709333269343,0.8311688311688312,0.8964619388853803,0.8827586206896552,67.61978817099589,,2.831976041008602,0.03887997000128962,,3949705728,4645191680,1890361344
hef_gbdt_e5_roberta_oof,abt_buy,p10_seed20260727,0.1,20260727,154,0.8960097787096218,0.8506493506493507,0.9265954510662456,0.9034482758620689,64.35274440600188,,2.6006062629894586,0.05173188599292189,,3949705728,4645191680,1891409920
hef_gbdt_e5_roberta_oof,abt_buy,p30_seed20260725,0.3,20260725,154,0.7433329206303072,0.6948051948051948,0.7687069039310619,0.7379310344827585,55.058927271995344,,1.9579834710020805,0.033425080007873476,,3943196160,4645191680,1890361344
hef_gbdt_e5_roberta_oof,abt_buy,p30_seed20260726,0.3,20260726,154,0.6521882215224996,0.5909090909090909,0.6744509420109563,0.6275862068965518,53.46420272901014,,1.865621099001146,0.05204384800163098,,3949705728,4645191680,1891196928
hef_gbdt_e5_roberta_oof,abt_buy,p30_seed20260727,0.3,20260727,154,0.6861085754697346,0.6038961038961039,0.7095291815713874,0.6413793103448276,53.6646382240142,,1.9517513509927085,0.034742660995107144,,3949705728,4645191680,1891196928
hef_gbdt_e5_roberta_oof,abt_buy,p50_seed20260725,0.5,20260725,154,0.4706519630559661,0.38311688311688313,0.4867178666633606,0.4068965517241379,44.37924540899985,,1.4011035420116968,0.03712992899818346,,3943196160,4645191680,1891622912
hef_gbdt_e5_roberta_oof,abt_buy,p50_seed20260726,0.5,20260726,154,0.41302404733456605,0.33116883116883117,0.427122797691258,0.35172413793103446,43.11047360600787,,1.4599232760083396,0.03336753000621684,,3943196160,4645191680,1891622912
hef_gbdt_e5_roberta_oof,abt_buy,p50_seed20260727,0.5,20260727,154,0.4493064129454122,0.35064935064935066,0.46464367718137756,0.37241379310344824,41.86532900799648,,1.3753700319939526,0.03754450399719644,,3690920448,4645191680,1891622912
hef_gbdt_e5_roberta_oof,abt_buy,p70_seed20260725,0.7,20260725,154,0.3233297473985575,0.19480519480519481,0.3343667449314685,0.20689655172413793,32.45079756699852,,0.9726489400054561,0.03194410300056916,,3787580928,4645191680,1891622912
hef_gbdt_e5_roberta_oof,abt_buy,p70_seed20260726,0.7,20260726,154,0.3407351937244869,0.17532467532467533,0.3523663335214615,0.18620689655172412,29.216528813005425,,0.8976402089901967,0.032575877994531766,,3768211968,4645191680,1891622912
hef_gbdt_e5_roberta_oof,abt_buy,p70_seed20260727,0.7,20260727,154,0.3315214651045702,0.18181818181818182,0.3428380903823423,0.19310344827586207,31.135444753992488,,0.9479373829963151,0.03234424900438171,,3639556608,4645191680,1891622912
hef_gbdt_e5_roberta_oof,amazon_google,p00_seed20260725,0.0,20260725,163,0.9283571915473756,0.8834355828220859,1.0,1.0,37.45046646600531,,1.9660746539884713,0.21646921600040514,,2804835840,3091202048,1703301120
hef_gbdt_e5_roberta_oof,amazon_google,p10_seed20260725,0.1,20260725,163,0.832248346454077,0.7852760736196319,0.8964742817006615,0.888888888888889,33.40954027500993,,1.7009931990032783,0.2800631029967917,,2761906688,3091202048,1861238784
hef_gbdt_e5_roberta_oof,amazon_google,p10_seed20260726,0.1,20260726,163,0.7948973652777789,0.7300613496932515,0.8562408656013669,0.8263888888888888,33.81662425400282,,1.7596107510034926,0.29693292498996016,,2804835840,3091202048,1863516160
hef_gbdt_e5_roberta_oof,amazon_google,p10_seed20260727,0.1,20260727,163,0.8504885548887621,0.7975460122699386,0.9161221161772626,0.9027777777777777,33.99346594599774,,1.770341723007732,0.30735757399816066,,2804835840,3091202048,1863766016
hef_gbdt_e5_roberta_oof,amazon_google,p30_seed20260725,0.3,20260725,163,0.5663589070904288,0.5214723926380368,0.6100657292764954,0.5902777777777778,28.105374099002802,,1.2898715479968814,0.30173398899205495,,2743539200,3091202048,1863565312
hef_gbdt_e5_roberta_oof,amazon_google,p30_seed20260726,0.3,20260726,163,0.5213293830966071,0.4662576687116564,0.5615612049362821,0.5277777777777778,28.570601697996608,,1.3116641679953318,0.3055903440108523,,2798696960,3091202048,1863565312
hef_gbdt_e5_roberta_oof,amazon_google,p30_seed20260727,0.3,20260727,163,0.5208226553119315,0.4723926380368098,0.5610153721584576,0.5347222222222222,28.605829883003025,,1.310884268998052,0.28257932400447316,,2804835840,3091202048,1863761920
hef_gbdt_e5_roberta_oof,amazon_google,p50_seed20260725,0.5,20260725,163,0.4208066039154772,0.37423312883435583,0.45328092219987154,0.4236111111111111,23.166013484005816,,0.9912671650090488,0.3880699520086637,,2670253568,3091202048,1863761920
hef_gbdt_e5_roberta_oof,amazon_google,p50_seed20260726,0.5,20260726,163,0.37929347508553835,0.31901840490797545,0.408564158859303,0.3611111111111111,23.625815831997897,,1.019340270999237,0.39509225699293893,,2700753408,3091202048,1863761920
hef_gbdt_e5_roberta_oof,amazon_google,p50_seed20260727,0.5,20260727,163,0.37459534033818565,0.32515337423312884,0.40350346154351885,0.3680555555555556,23.654399798004306,,0.9856112069974188,0.40505893700174056,,2688547328,3091202048,1863761920
hef_gbdt_e5_roberta_oof,amazon_google,p70_seed20260725,0.7,20260725,163,0.3675598057791178,0.294478527607362,0.39592498353621103,0.33333333333333337,17.925912566002808,,0.7609963819995755,0.3304675290128216,,2670253568,3091202048,1863761920
hef_gbdt_e5_roberta_oof,amazon_google,p70_seed20260726,0.7,20260726,163,0.3693361116391134,0.294478527607362,0.3978383697588511,0.33333333333333337,17.895159881998552,,0.7467349079961423,0.3469587110012071,,2621560320,3091202048,1864863744
hef_gbdt_e5_roberta_oof,amazon_google,p70_seed20260727,0.7,20260727,163,0.35164047452374364,0.2822085889570552,0.37877713204077534,0.3194444444444444,17.771593049008516,,0.735239849993377,0.3057466369937174,,2603334144,3091202048,1864945664
hef_gbdt_e5_roberta_oof,link_lives_release2,p00_seed20260725,0.0,20260725,3250,0.6623961816985124,0.5132307692307693,1.0,1.0,2077.8502934610005,,48.31380443199305,0.7845520859991666,,4344027648,5232394240,5214511104
hef_gbdt_e5_roberta_oof,link_lives_release2,p10_seed20260725,0.1,20260725,3250,0.43754426742623975,0.2772307692307692,0.6605476896081908,0.540167865707434,1941.0159114389971,,44.225636578994454,0.6767885309964186,,4337395200,5232394240,5581565952
hef_gbdt_e5_roberta_oof,link_lives_release2,p10_seed20260726,0.1,20260726,3250,0.4235334380780272,0.2643076923076923,0.6393959533281204,0.514988009592326,1927.8290745190025,,44.13450503601052,0.6758032860088861,,4344027648,5232394240,5633462272
hef_gbdt_e5_roberta_oof,link_lives_release2,p10_seed20260727,0.1,20260727,3250,0.4405574862670673,0.28523076923076923,0.6650966573167623,0.5557553956834532,1936.8256031089986,,44.66097697800433,0.6716716119990451,,4165670400,5232394240,5651374080
hef_gbdt_e5_roberta_oof,link_lives_release2,p30_seed20260725,0.3,20260725,3250,0.2893161824072445,0.17723076923076922,0.4367721167494982,0.3453237410071942,1597.735554859988,,38.46159486399847,0.6641736089950427,,4106549760,5232394240,5600280576
hef_gbdt_e5_roberta_oof,link_lives_release2,p30_seed20260726,0.3,20260726,3250,0.2916273648369136,0.184,0.44026124077153406,0.35851318944844124,1602.2643788470014,,38.28615941799944,0.673478675991646,,3956217344,5232394240,5595336704
hef_gbdt_e5_roberta_oof,link_lives_release2,p30_seed20260727,0.3,20260727,3250,0.292707593060067,0.18061538461538462,0.4418920294943547,0.3519184652278177,1595.932249495003,,37.98313038999913,0.6812345490034204,,4060681728,5232394240,5596631040
hef_gbdt_e5_roberta_oof,link_lives_release2,p50_seed20260725,0.5,20260725,3250,0.21187096936117958,0.13138461538461538,0.3198553603040121,0.2559952038369304,1245.0143792710005,,32.80052690701268,0.6525998099969001,,3806968320,5232394240,5516582912
hef_gbdt_e5_roberta_oof,link_lives_release2,p50_seed20260726,0.5,20260726,3250,0.21337695249296995,0.13384615384615384,0.3221288986688148,0.2607913669064748,1249.1023010520003,,32.71051813500526,0.6622221270226873,,3806968320,5232394240,5510365184
hef_gbdt_e5_roberta_oof,link_lives_release2,p50_seed20260727,0.5,20260727,3250,0.20810190180383248,0.13507692307692307,0.3141653100569191,0.263189448441247,1251.103961351997,,32.87392661999911,0.6742028589942493,,3826374144,5232394240,5512458240
hef_gbdt_e5_roberta_oof,link_lives_release2,p70_seed20260725,0.7,20260725,3250,0.23359925444846422,0.1513846153846154,0.3526579121417493,0.2949640287769784,868.921224567981,,27.05066577301477,0.6244697190122679,,3460815360,5232394240,5435777024
hef_gbdt_e5_roberta_oof,link_lives_release2,p70_seed20260726,0.7,20260726,3250,0.2338384580096185,0.14984615384615385,0.3530190307106108,0.29196642685851315,865.534579981002,,27.302306149009382,0.652876699983608,,3353077248,5232394240,5446225920
hef_gbdt_e5_roberta_oof,link_lives_release2,p70_seed20260727,0.7,20260727,3250,0.2340567106553415,0.15353846153846154,0.3533485202997014,0.2991606714628297,865.701152204012,,27.40293334799935,0.6776989460049663,,3511720448,5232394240,5450395648
hef_gbdt_e5_roberta_oof,walmart_amazon,p00_seed20260725,0.0,20260725,131,0.9685750636132316,0.9465648854961832,1.0,1.0,45.07783396200102,,2.330321700006607,0.07581553200725466,,3264796160,3741319168,1704271872
hef_gbdt_e5_roberta_oof,walmart_amazon,p10_seed20260725,0.1,20260725,131,0.8979717967003636,0.8625954198473282,0.9271060451943856,0.9112903225806451,40.11324998601049,,2.0067641920031747,0.031459406003705226,,3201984000,3741319168,1830502400
hef_gbdt_e5_roberta_oof,walmart_amazon,p10_seed20260726,0.1,20260726,131,0.9102084090633709,0.8778625954198473,0.939739668361762,0.9274193548387096,40.1752018929983,,2.0162204790103715,0.028415840992238373,,3264796160,3741319168,1833435136
hef_gbdt_e5_roberta_oof,walmart_amazon,p10_seed20260727,0.1,20260727,131,0.8900427896694818,0.8549618320610687,0.9189197854724979,0.9032258064516129,40.564395389999845,,2.0176019909995375,0.167862183006946,,3252217344,3741319168,1833644032
hef_gbdt_e5_roberta_oof,walmart_amazon,p30_seed20260725,0.3,20260725,131,0.6316229021125265,0.5725190839694656,0.652115593143893,0.6048387096774193,34.00500895000005,,1.5098447960044723,0.04595085199980531,,3201984000,3762290688,1833852928
hef_gbdt_e5_roberta_oof,walmart_amazon,p30_seed20260726,0.3,20260726,131,0.7113728135239276,0.648854961832061,0.7344529507813043,0.6854838709677419,34.352286163004464,,1.5324279649939854,0.02818076500261668,,3133127168,3762290688,1832771584
hef_gbdt_e5_roberta_oof,walmart_amazon,p30_seed20260727,0.3,20260727,131,0.6409977053615898,0.5954198473282443,0.6617945572234462,0.6290322580645161,33.838693526995485,,1.5043315799994161,0.028197510007885285,,3114391040,3762290688,1832955904
hef_gbdt_e5_roberta_oof,walmart_amazon,p50_seed20260725,0.5,20260725,131,0.4731337867461525,0.42748091603053434,0.48848437722642296,0.45161290322580644,27.098215994992643,,1.0773037600010866,0.029181978999986313,,3120663040,3762290688,1834098688
hef_gbdt_e5_roberta_oof,walmart_amazon,p50_seed20260726,0.5,20260726,131,0.49514017403401545,0.42748091603053434,0.5112047508087956,0.45161290322580644,27.723210202006157,,1.1103080019966,0.02942151000024751,,3120663040,3762290688,1834602496
hef_gbdt_e5_roberta_oof,walmart_amazon,p50_seed20260727,0.5,20260727,131,0.4554005540704408,0.40458015267175573,0.47017579863308345,0.4274193548387097,27.25073433399666,,1.0799696640024194,0.027788599007180892,,3114391040,3762290688,1835020288
hef_gbdt_e5_roberta_oof,walmart_amazon,p70_seed20260725,0.7,20260725,131,0.368622638201037,0.32061068702290074,0.3805824164271839,0.3387096774193548,19.956208535993937,,0.7523507159930887,0.028946211998118088,,2971359744,3762290688,1834602496
hef_gbdt_e5_roberta_oof,walmart_amazon,p70_seed20260726,0.7,20260726,131,0.32735693662413157,0.2595419847328244,0.33797786967892735,0.27419354838709675,20.297197695006616,,0.7796846840064973,0.029507868996006437,,3031452160,3762290688,1838292992
hef_gbdt_e5_roberta_oof,walmart_amazon,p70_seed20260727,0.7,20260727,131,0.2688939378713585,0.21374045801526717,0.27761806799801364,0.22580645161290322,20.00258573499741,,0.7425065790012013,0.028758793996530585,,2878662144,3762290688,1839915008
hef_gbdt_e5_roberta_oof,wdc_80_medium_seen,p00_seed20260725,0.0,20260725,500,0.8207647274635345,0.742,1.0,1.0,426.16336449899245,,14.31555922300322,0.17512335898936726,,7049603584,9198108672,2118303744
hef_gbdt_e5_roberta_oof,wdc_80_medium_seen,p10_seed20260725,0.1,20260725,500,0.7542824758154925,0.682,0.9189996238587194,0.9191374663072777,404.4223908809945,,12.78819981799461,0.09904519500560127,,7049603584,9198108672,2333261824
hef_gbdt_e5_roberta_oof,wdc_80_medium_seen,p10_seed20260726,0.1,20260726,500,0.7436290879192347,0.66,0.9060197923189544,0.8894878706199462,400.9297730830003,,12.45908579400566,0.09922787699906621,,7049603584,9198108672,2340896768
hef_gbdt_e5_roberta_oof,wdc_80_medium_seen,p10_seed20260727,0.1,20260727,500,0.728496606115431,0.648,0.8875827405092737,0.8733153638814016,401.5897860270052,,12.232211151000229,0.0986664660013048,,7049603584,9200205824,2341752832
hef_gbdt_e5_roberta_oof,wdc_80_medium_seen,p30_seed20260725,0.3,20260725,500,0.574672127993734,0.502,0.7001666966972164,0.6765498652291105,352.5031579420029,,9.15970589898643,0.09845777000009548,,7049603584,9200205824,2338013184
hef_gbdt_e5_roberta_oof,wdc_80_medium_seen,p30_seed20260726,0.3,20260726,500,0.5667238377523639,0.494,0.6904826910675724,0.6657681940700808,352.67574919700564,,9.384368379003718,0.0993978140031686,,7049603584,9200205824,2339213312
hef_gbdt_e5_roberta_oof,wdc_80_medium_seen,p30_seed20260727,0.3,20260727,500,0.5744442418402962,0.492,0.699889045689793,0.6630727762803235,360.6233874610043,,9.554583029996138,0.10233831300865859,,7049603584,9200205824,2339389440
hef_gbdt_e5_roberta_oof,wdc_80_medium_seen,p50_seed20260725,0.5,20260725,500,0.3810051098331021,0.316,0.46420746053567424,0.42587601078167114,299.9385151910101,,6.632193668992841,0.10022594100155402,,7049603584,9200205824,2337378304
hef_gbdt_e5_roberta_oof,wdc_80_medium_seen,p50_seed20260726,0.5,20260726,500,0.37508568965479894,0.316,0.456995381385299,0.42587601078167114,297.12764193999465,,6.495489121007267,0.10157105699181557,,7049603584,9200205824,2336509952
hef_gbdt_e5_roberta_oof,wdc_80_medium_seen,p50_seed20260727,0.5,20260727,500,0.3590552600704997,0.288,0.43746429160048433,0.3881401617250674,309.54923045099713,,6.871968665000168,0.10105233200010844,,7049603584,9200205824,2336071680
hef_gbdt_e5_roberta_oof,wdc_80_medium_seen,p70_seed20260725,0.7,20260725,500,0.23859195278462567,0.166,0.29069469581369894,0.22371967654986524,245.09815665500355,,4.366200332995504,0.09086125600151718,,7049603584,9200205824,2335461376
hef_gbdt_e5_roberta_oof,wdc_80_medium_seen,p70_seed20260726,0.7,20260726,500,0.2653956698434705,0.198,0.32335169990021495,0.2668463611859838,230.275438200988,,4.377768908001599,0.09785063299932517,,7049603584,9200205824,2335481856
hef_gbdt_e5_roberta_oof,wdc_80_medium_seen,p70_seed20260727,0.7,20260727,500,0.21513255470036483,0.136,0.2621123295164057,0.18328840970350405,247.5818723560078,,4.421590826008469,0.11169245200289879,,7049603584,9200205824,2335965184
hef_gbdt_e5_roberta_oof,wdc_80_medium_unseen,p00_seed20260725,0.0,20260725,500,0.8470955774617539,0.776,1.0,1.0,451.884818630002,,14.728442097999505,0.799491058991407,,7049603584,9200205824,2127351808
hef_gbdt_e5_roberta_oof,wdc_80_medium_unseen,p10_seed20260725,0.1,20260725,500,0.7764606240696451,0.702,0.9166151314309064,0.9046391752577319,426.0043931840046,,13.143781122998917,1.0125422029959736,,7049603584,9200205824,2348773376
hef_gbdt_e5_roberta_oof,wdc_80_medium_unseen,p10_seed20260726,0.1,20260726,500,0.7486947992956773,0.662,0.8838374549647329,0.8530927835051546,420.03795216500293,,12.459801527002128,1.0228120319952723,,7049603584,9200205824,2351378432
hef_gbdt_e5_roberta_oof,wdc_80_medium_unseen,p10_seed20260727,0.1,20260727,500,0.7695337950311145,0.696,0.9084379797341803,0.8969072164948453,428.84671700399485,,13.063769775995752,0.9678513219987508,,7049603584,9200205824,2354757632
hef_gbdt_e5_roberta_oof,wdc_80_medium_unseen,p30_seed20260725,0.3,20260725,500,0.6060392582789644,0.534,0.7154319706105736,0.6881443298969072,372.2124287659972,,9.858054477997939,0.9964307879999978,,7049603584,9200205824,2351603712
hef_gbdt_e5_roberta_oof,wdc_80_medium_unseen,p30_seed20260726,0.3,20260726,500,0.5946888809723339,0.518,0.7020328010143387,0.6675257731958762,371.13191340799676,,9.680595402998733,1.0555362190061715,,7049603584,9200205824,2351443968
hef_gbdt_e5_roberta_oof,wdc_80_medium_unseen,p30_seed20260727,0.3,20260727,500,0.5831382398852004,0.492,0.6883972191573966,0.634020618556701,377.2486572540074,,10.050679813008173,1.161836219005636,,7049603584,9200205824,2353340416
hef_gbdt_e5_roberta_oof,wdc_80_medium_unseen,p50_seed20260725,0.5,20260725,500,0.4013455339574547,0.33,0.47379014202866065,0.4252577319587629,317.3802297049988,,7.1721198779996485,1.1532005080080125,,7049603584,9200205824,2349363200
hef_gbdt_e5_roberta_oof,wdc_80_medium_unseen,p50_seed20260726,0.5,20260726,500,0.4135291576526106,0.336,0.488172962597342,0.4329896907216495,311.32287382200593,,6.88904557999922,1.1932711919944268,,7049603584,9200205824,2348269568
hef_gbdt_e5_roberta_oof,wdc_80_medium_unseen,p50_seed20260727,0.5,20260727,500,0.4210273790581611,0.344,0.4970246454594085,0.4432989690721649,321.1585340860038,,7.263268256006995,1.058234120006091,,7049603584,9200205824,2348146688
hef_gbdt_e5_roberta_oof,wdc_80_medium_unseen,p70_seed20260725,0.7,20260725,500,0.22514475908007472,0.144,0.2657843637369715,0.18556701030927833,259.4734722770081,,4.796982311003376,1.1077351220010314,,7049603584,9200205824,2350628864
hef_gbdt_e5_roberta_oof,wdc_80_medium_unseen,p70_seed20260726,0.7,20260726,500,0.22821894293777467,0.154,0.2694134511026634,0.19845360824742267,251.4221748169948,,4.731457146001048,1.3992203169909772,,7049603584,9200205824,2349154304
hef_gbdt_e5_roberta_oof,wdc_80_medium_unseen,p70_seed20260727,0.7,20260727,500,0.2468519653665499,0.188,0.2914098148242253,0.2422680412371134,261.67150654800935,,5.004695948999142,1.2149874650058337,,7049603584,9200205824,2350149632
hef_linear_bert,abt_buy,p00_seed20260725,0.0,20260725,154,0.8952380952380953,0.8246753246753247,1.0,1.0,35.80082401400432,32.802875947003486,2.9784408880077535,0.016576776004512794,,1673552896,2063597568,1910841344
hef_linear_bert,abt_buy,p10_seed20260725,0.1,20260725,154,0.8502371443403982,0.7792207792207793,0.949732980380232,0.9448818897637796,32.86771964300715,30.226907182994182,2.626154673998826,0.011870157992234454,,1673552896,2084569088,1917026304
hef_linear_bert,abt_buy,p10_seed20260726,0.1,20260726,154,0.7764549473192329,0.7142857142857143,0.8673166964736112,0.8661417322834646,32.37397763700574,29.766268056991976,2.593047714995919,0.012048072007019073,,1673552896,2084569088,1917816832
hef_linear_bert,abt_buy,p10_seed20260727,0.1,20260727,154,0.8001182299255951,0.7207792207792207,0.8937490866190158,0.8740157480314961,32.73372888799349,30.007573269991553,2.7118705510074506,0.011491629993543029,,1673552896,2084569088,1918763008
hef_linear_bert,abt_buy,p30_seed20260725,0.3,20260725,154,0.5544180348986971,0.4805194805194805,0.6192967411102468,0.5826771653543307,26.78108132201305,24.695135097004822,2.0723515350109665,0.011164810013724491,,1673552896,2084569088,1918767104
hef_linear_bert,abt_buy,p30_seed20260726,0.3,20260726,154,0.5287255933014271,0.461038961038961,0.5905977371984026,0.5590551181102362,25.346112996005104,23.352546178008197,1.978190893001738,0.012681772001087666,,1673552896,2084569088,1918775296
hef_linear_bert,abt_buy,p30_seed20260727,0.3,20260727,154,0.5323002300525196,0.44805194805194803,0.594590682505474,0.5433070866141733,25.7856915910088,23.726196649993653,2.0433991640020395,0.012924434005981311,,1673552896,2084569088,1918775296
hef_linear_bert,abt_buy,p50_seed20260725,0.5,20260725,154,0.35872445947183806,0.2987012987012987,0.400702853665351,0.3622047244094488,20.45744728599675,19.016988110990496,1.4238638169917976,0.014295202010544017,,1673552896,2084569088,1918775296
hef_linear_bert,abt_buy,p50_seed20260726,0.5,20260726,154,0.3411087849569523,0.2792207792207792,0.3810257704306382,0.3385826771653543,19.080069301999174,17.66166781600623,1.4057270379998954,0.01078979299927596,,1673552896,2084569088,1918779392
hef_linear_bert,abt_buy,p50_seed20260727,0.5,20260727,154,0.32131337179935804,0.24025974025974026,0.35891387275460207,0.29133858267716534,18.679637424007524,17.282323874009307,1.3811932869866723,0.01344664600037504,,1673552896,2084569088,1918779392
hef_linear_bert,abt_buy,p70_seed20260725,0.7,20260725,154,0.20572765328807283,0.14285714285714285,0.22980216590688984,0.1732283464566929,12.846698006003862,11.869991416999255,0.965372725011548,0.009513778000837192,,1673552896,2105540608,1918779392
hef_linear_bert,abt_buy,p70_seed20260726,0.7,20260726,154,0.20615080876041397,0.14285714285714285,0.23027483957280284,0.1732283464566929,11.5777895229985,10.666289592001704,0.9003136350074783,0.009295718002249487,,1584464896,2105540608,1918783488
hef_linear_bert,abt_buy,p70_seed20260727,0.7,20260727,154,0.23061037009142943,0.16233766233766234,0.25759668999574564,0.1968503937007874,12.340982952999184,11.373632356000599,0.956406490993686,0.009226360998582095,,1673552896,2105540608,1918783488
hef_linear_bert,amazon_google,p00_seed20260725,0.0,20260725,163,0.902893011328594,0.8404907975460123,1.0,1.0,19.955313636004576,17.976396211000974,1.9619924679864198,0.014106981994700618,,1083867136,1306525696,1510260736
hef_linear_bert,amazon_google,p10_seed20260725,0.1,20260725,163,0.7853847231698354,0.7239263803680982,0.8698535854366102,0.8613138686131387,17.49485235499742,15.74277510700631,1.7182025740039535,0.03134972299449146,,1083867136,1306525696,1520353280
hef_linear_bert,amazon_google,p10_seed20260726,0.1,20260726,163,0.770984440407473,0.7116564417177914,0.8539045387813785,0.8467153284671532,17.932428095999057,16.181140289001632,1.7382650079962332,0.011015372001565993,,1039860736,1306525696,1520476160
hef_linear_bert,amazon_google,p10_seed20260727,0.1,20260727,163,0.8097038779299803,0.7484662576687117,0.8967882880591941,0.8905109489051095,17.99426012299955,16.203448086002027,1.7645362930052215,0.024281188001623377,,1039860736,1306525696,1520721920
hef_linear_bert,amazon_google,p30_seed20260725,0.3,20260725,163,0.5023401258966391,0.44785276073619634,0.5563672767357595,0.5328467153284672,14.223889536995557,12.913044246990466,1.2967897900089156,0.012157454999396577,,967684096,1306525696,1520726016
hef_linear_bert,amazon_google,p30_seed20260726,0.3,20260726,163,0.4894344015836477,0.4171779141104294,0.5420735296903584,0.4963503649635036,14.1176507120108,12.787262828001985,1.3162071039987495,0.012097697996068746,,982002688,1306525696,1521512448
hef_linear_bert,amazon_google,p30_seed20260727,0.3,20260727,163,0.5019151341146469,0.44785276073619634,0.5558965766897299,0.5328467153284672,14.355465422995621,13.038922798994463,1.3033703539986163,0.011192488003871404,,1039860736,1306525696,1521512448
hef_linear_bert,amazon_google,p50_seed20260725,0.5,20260725,163,0.35163629934776625,0.31901840490797545,0.3894551125501996,0.3795620437956204,11.025211930988007,10.019838334992528,0.9948972330021206,0.008982216997537762,,973232128,1306525696,1522860032
hef_linear_bert,amazon_google,p50_seed20260726,0.5,20260726,163,0.3550270990133854,0.3067484662576687,0.3932105958943775,0.36496350364963503,11.008801018993836,9.982313811997301,1.016062721988419,0.00896157200622838,,958915584,1306525696,1522864128
hef_linear_bert,amazon_google,p50_seed20260727,0.5,20260727,163,0.32871975999290964,0.2822085889570552,0.36407387793289403,0.3357664233576642,11.176096119001159,10.169568841010914,0.9913438919902546,0.012949751995620318,,987120640,1306525696,1522864128
hef_linear_bert,amazon_google,p70_seed20260725,0.7,20260725,163,0.29710336352336225,0.25766871165644173,0.32905710842326596,0.30656934306569344,7.613537395998719,6.835113280991209,0.7649162159941625,0.011364025995135307,,952574976,1306525696,1522864128
hef_linear_bert,amazon_google,p70_seed20260726,0.7,20260726,163,0.30564271774198865,0.25766871165644173,0.3385148781827869,0.30656934306569344,7.609433015008108,6.842713513993658,0.7535135420039296,0.011420156006352045,,956537856,1306525696,1522864128
hef_linear_bert,amazon_google,p70_seed20260727,0.7,20260727,163,0.290065616636726,0.25766871165644173,0.32126244527011966,0.30656934306569344,7.703630850999616,6.954218322003726,0.7392233819991816,0.00869480799883604,,947771392,1306525696,1522868224
hef_linear_bert,link_lives_release2,p00_seed20260725,0.0,20260725,3250,0.7587158189439693,0.6630769230769231,1.0,1.0,1101.0828722600127,1053.6503805480024,47.23678753900458,0.12488261600083206,,1673552896,2168455168,5131710464
hef_linear_bert,link_lives_release2,p10_seed20260725,0.1,20260725,3250,0.5318396270821252,0.4163076923076923,0.7009734261536482,0.6278422273781903,1029.035269679007,984.7914092779974,44.056872703004046,0.1221041359967785,,1673552896,2168455168,5184835584
hef_linear_bert,link_lives_release2,p10_seed20260726,0.1,20260726,3250,0.5284993676516276,0.4156923076923077,0.69657090896988,0.6269141531322505,1020.896087770001,977.2236341170064,43.49236872600159,0.11793742800364271,,1673552896,2168455168,5218783232
hef_linear_bert,link_lives_release2,p10_seed20260727,0.1,20260727,3250,0.5187588760524623,0.39784615384615385,0.6837327799155487,0.6,1024.8609987310047,981.1457560639974,43.511650243002805,0.13847450799949002,,1673552896,2168455168,5225099264
hef_linear_bert,link_lives_release2,p30_seed20260725,0.3,20260725,3250,0.3061365894439183,0.21661538461538463,0.4034930889802975,0.32668213457076567,828.9131840330083,791.1694751820032,37.57067595899571,0.11957881000125781,,1673552896,2168455168,5194588160
hef_linear_bert,link_lives_release2,p30_seed20260726,0.3,20260726,3250,0.3110631510914103,0.22338461538461538,0.40998637872658106,0.3368909512761021,825.091349854003,787.2098602640035,37.70694370599813,0.11643526300031226,,1673552896,2168455168,5207822336
hef_linear_bert,link_lives_release2,p30_seed20260727,0.3,20260727,3250,0.3038015358479519,0.21261538461538462,0.4004154497144964,0.3206496519721578,825.9343951699993,787.8931093629944,37.863949227990815,0.11940541199874133,,1673552896,2168455168,5210304512
hef_linear_bert,link_lives_release2,p50_seed20260725,0.5,20260725,3250,0.18339134478905525,0.11723076923076924,0.241712826080668,0.1767981438515081,619.8435856979922,587.6223347249907,32.05430290699587,0.11692838701128494,,1673552896,2168455168,5164249088
hef_linear_bert,link_lives_release2,p50_seed20260726,0.5,20260726,3250,0.18056018903452825,0.11353846153846153,0.2379813159633917,0.17122969837587004,619.2911755759997,586.9899800359999,32.13731183500204,0.11589296600141097,,1673552896,2168455168,5167230976
hef_linear_bert,link_lives_release2,p50_seed20260727,0.5,20260727,3250,0.17790519989831602,0.11292307692307692,0.23448199636319195,0.17030162412993038,623.718831923994,591.4448587350053,32.1114584300085,0.11471927200909704,,1673552896,2168455168,5169299456
hef_linear_bert,link_lives_release2,p70_seed20260725,0.7,20260725,3250,0.10438693935216566,0.060307692307692305,0.1375837128286824,0.09095127610208815,408.65341178099334,381.65264564899553,26.843188690007082,0.11317636499006767,,1500029952,2168455168,5163802624
hef_linear_bert,link_lives_release2,p70_seed20260726,0.7,20260726,3250,0.1081811961109077,0.062461538461538464,0.14258460600107353,0.09419953596287703,405.2175576840091,378.0620698720013,27.02673810700071,0.09533791200374253,,1451520000,2168455168,5177098240
hef_linear_bert,link_lives_release2,p70_seed20260727,0.7,20260727,3250,0.11023002725644813,0.06461538461538462,0.1452849993425385,0.09744779582366589,408.73426913098956,381.3106972359965,27.29911912800162,0.09045660799893085,,1502245888,2168455168,5178826752
hef_linear_bert,walmart_amazon,p00_seed20260725,0.0,20260725,131,0.9384223918575064,0.9007633587786259,1.0,1.0,24.550507963998825,22.166473367993603,2.363182679997408,0.01869096400332637,,1571316736,1977614336,1513594880
hef_linear_bert,walmart_amazon,p10_seed20260725,0.1,20260725,131,0.852458180793815,0.7938931297709924,0.9083949703144503,0.8813559322033899,22.11564283700136,19.97212930000387,2.1327233759948285,0.009167115000309423,,1571316736,1977614336,1523060736
hef_linear_bert,walmart_amazon,p10_seed20260726,0.1,20260726,131,0.8686927343225054,0.816793893129771,0.9256948063686133,0.9067796610169493,21.763586360990303,19.722352173004765,2.03102852300799,0.008804295008303598,,1571316736,1977614336,1523269632
hef_linear_bert,walmart_amazon,p10_seed20260727,0.1,20260727,131,0.862588707158903,0.8091603053435115,0.919190243800024,0.8983050847457628,22.118474104005145,20.09262727999885,2.0156042339949636,0.00880061200587079,,1571316736,1977614336,1523269632
hef_linear_bert,walmart_amazon,p30_seed20260725,0.3,20260725,131,0.6337279404941708,0.5725190839694656,0.6753120407109792,0.635593220338983,17.748134085006313,16.225663921999512,1.5122070610086666,0.008602349000284448,,1571316736,1977614336,1523269632
hef_linear_bert,walmart_amazon,p30_seed20260726,0.3,20260726,131,0.6619228144783323,0.5801526717557252,0.7053570121745786,0.6440677966101694,17.77392083199811,16.21283201800543,1.5509631390013965,0.008797422997304238,,1571316736,1977614336,1522835456
hef_linear_bert,walmart_amazon,p30_seed20260727,0.3,20260727,131,0.6142135096246526,0.5572519083969466,0.6545171075989383,0.6186440677966103,17.965962061003665,16.43515790598758,1.5201911900076084,0.009247241003322415,,1482228736,1977614336,1524039680
hef_linear_bert,walmart_amazon,p50_seed20260725,0.5,20260725,131,0.4716808216316994,0.4122137404580153,0.5026316781487469,0.45762711864406785,13.314783920999616,12.224326765004662,1.0795207859919174,0.009714774001622573,,1571316736,1977614336,1523621888
hef_linear_bert,walmart_amazon,p50_seed20260726,0.5,20260726,131,0.46625380799427935,0.40458015267175573,0.4968485535296957,0.4491525423728814,13.506823849005741,12.36739002300601,1.1283292709995294,0.009560377002344467,,1571316736,1977614336,1523265536
hef_linear_bert,walmart_amazon,p50_seed20260727,0.5,20260727,131,0.4126957015888726,0.3511450381679389,0.43977605944801224,0.3898305084745763,13.644771392006078,12.554129809999722,1.0798267650097841,0.009555518001434393,,1482228736,1977614336,1522847744
hef_linear_bert,walmart_amazon,p70_seed20260725,0.7,20260725,131,0.23954205314259053,0.1984732824427481,0.25526037658632883,0.22033898305084748,8.987970658999984,8.213286807993427,0.7651689180056565,0.00832378599443473,,1340113920,1977614336,1523265536
hef_linear_bert,walmart_amazon,p70_seed20260726,0.7,20260726,131,0.2666046475171312,0.21374045801526717,0.28409877026635727,0.23728813559322035,9.11282191699138,8.304801386999316,0.7986070769984508,0.008224026998504996,,1517839360,1977614336,1522847744
hef_linear_bert,walmart_amazon,p70_seed20260727,0.7,20260727,131,0.18587795915725688,0.13740458015267176,0.19807494020824823,0.15254237288135594,9.081323733000318,8.315158084005816,0.7560685019998346,0.008745999992243014,,1348980736,1977614336,1523265536
hef_linear_bert,wdc_80_medium_seen,p00_seed20260725,0.0,20260725,500,0.5671021464841686,0.388,1.0,1.0,144.32490094700188,130.25234548498702,14.020114886006922,0.042392940988065675,,1673552896,2168455168,2080219136
hef_linear_bert,wdc_80_medium_seen,p10_seed20260725,0.1,20260725,500,0.5097173945270191,0.352,0.8988105541251881,0.9072164948453607,131.30884569400223,118.84911806699529,12.41009199299151,0.03843971200694796,,1673552896,2168455168,2093391872
hef_linear_bert,wdc_80_medium_seen,p10_seed20260726,0.1,20260726,500,0.5187263361212475,0.356,0.9146964781162726,0.9175257731958762,131.04387072900136,118.55558842000028,12.454293711009086,0.02299827900424134,,1673552896,2168455168,2100625408
hef_linear_bert,wdc_80_medium_seen,p10_seed20260727,0.1,20260727,500,0.5066332145754435,0.348,0.8933720630690416,0.8969072164948453,131.61555395300093,119.33070550000411,12.245520308002597,0.0245578000030946,,1673552896,2168455168,2099535872
hef_linear_bert,wdc_80_medium_seen,p30_seed20260725,0.3,20260725,500,0.3842144382745074,0.26,0.6775048210564889,0.6701030927835051,105.09794320900983,95.9959872699983,9.06870942999376,0.023434785995050333,,1673552896,2168455168,2101243904
hef_linear_bert,wdc_80_medium_seen,p30_seed20260726,0.3,20260726,500,0.4142738122132324,0.296,0.7305100408834326,0.7628865979381443,106.04269448301056,96.68952096800786,9.319947864991263,0.02351918799104169,,1673552896,2168455168,2097606656
hef_linear_bert,wdc_80_medium_seen,p30_seed20260727,0.3,20260727,500,0.3887385431369503,0.254,0.6854824047960157,0.654639175257732,108.18846193701029,98.81493523699464,9.340576597998734,0.023173053006757982,,1673552896,2168455168,2098393088
hef_linear_bert,wdc_80_medium_seen,p50_seed20260725,0.5,20260725,500,0.26075015126945783,0.178,0.45979397695109414,0.4587628865979381,78.60015905600449,72.0134052450012,6.554600994990324,0.023702514998149127,,1673552896,2168455168,2098393088
hef_linear_bert,wdc_80_medium_seen,p50_seed20260726,0.5,20260726,500,0.30449642411540917,0.23,0.536934000343992,0.5927835051546392,78.71206696500303,72.15372287698847,6.5284373330068775,0.02353358500113245,,1673552896,2168455168,2098397184
hef_linear_bert,wdc_80_medium_seen,p50_seed20260727,0.5,20260727,500,0.2570660477567376,0.174,0.4532976102285198,0.44845360824742264,80.64138077798998,73.76118858199334,6.842944493997493,0.027857173001393676,,1673552896,2168455168,2097364992
hef_linear_bert,wdc_80_medium_seen,p70_seed20260725,0.7,20260725,500,0.19380604897356332,0.128,0.34174804340821463,0.32989690721649484,51.5322415720002,47.12570561400207,4.383331973003806,0.018037848989479244,,1673552896,2168455168,2096873472
hef_linear_bert,wdc_80_medium_seen,p70_seed20260726,0.7,20260726,500,0.2135507397243013,0.158,0.3765648588146595,0.4072164948453608,51.726795488008065,47.356173931999365,4.340272874003858,0.02333141799317673,,1673552896,2168455168,2095058944
hef_linear_bert,wdc_80_medium_seen,p70_seed20260727,0.7,20260727,500,0.1726800620769031,0.114,0.30449551839550953,0.29381443298969073,51.09513110699481,46.64509901199199,4.425226139996084,0.01935521699488163,,1673552896,2168455168,2094813184
hef_linear_bert,wdc_80_medium_unseen,p00_seed20260725,0.0,20260725,500,0.6800739744517608,0.532,1.0,1.0,149.23870755700045,134.13230716600083,15.069422140993993,0.025774680005270056,,1673552896,2147483648,2078588928
hef_linear_bert,wdc_80_medium_unseen,p10_seed20260725,0.1,20260725,500,0.6197655304776061,0.484,0.9113207588589578,0.9097744360902255,136.64385194299393,123.4749718390085,13.119744954005,0.036794613013626076,,1673552896,2147483648,2090024960
hef_linear_bert,wdc_80_medium_unseen,p10_seed20260726,0.1,20260726,500,0.5942710093214005,0.462,0.8738328941354799,0.868421052631579,134.232754052995,121.60652284200478,12.590909021004336,0.023874738995800726,,1673552896,2147483648,2095767552
hef_linear_bert,wdc_80_medium_unseen,p10_seed20260727,0.1,20260727,500,0.6090309976313455,0.468,0.8955363982606652,0.8796992481203008,136.68876104099036,123.60047696100082,13.052532108995365,0.02358467700832989,,1673552896,2147483648,2096627712
hef_linear_bert,wdc_80_medium_unseen,p30_seed20260725,0.3,20260725,500,0.4838656959018279,0.382,0.7114897997558199,0.7180451127819548,110.71024836300057,100.79951519699534,9.876091431011446,0.024112275990773924,,1673552896,2168455168,2096803840
hef_linear_bert,wdc_80_medium_unseen,p30_seed20260726,0.3,20260726,500,0.4375281421622049,0.322,0.6433537506194332,0.6052631578947368,109.13247435899393,99.49995483100065,9.602475753999897,0.019154861001879908,,1673552896,2168455168,2096685056
hef_linear_bert,wdc_80_medium_unseen,p30_seed20260727,0.3,20260727,500,0.45584155482136907,0.346,0.6702823103749032,0.6503759398496239,112.7427904560027,102.53852098400239,10.171353152007214,0.024861489990144037,,1673552896,2168455168,2095591424
hef_linear_bert,wdc_80_medium_unseen,p50_seed20260725,0.5,20260725,500,0.32132948145293455,0.244,0.47249195458769494,0.45864661654135336,84.23358498599555,77.02740272101073,7.171324112001457,0.023978970988537185,,1673552896,2168455168,2094587904
hef_linear_bert,wdc_80_medium_unseen,p50_seed20260726,0.5,20260726,500,0.31983630049572137,0.226,0.4702963390909883,0.424812030075188,81.73572026900365,74.71541979401081,6.993516829010332,0.01944749399262946,,1673552896,2168455168,2092449792
hef_linear_bert,wdc_80_medium_unseen,p50_seed20260727,0.5,20260727,500,0.343052418888302,0.268,0.5044339759727646,0.5037593984962406,84.74787780399492,77.42872709300718,7.285786915992503,0.026364858000306413,,1673552896,2168455168,2093543424
hef_linear_bert,wdc_80_medium_unseen,p70_seed20260725,0.7,20260725,500,0.21198329963335452,0.154,0.3117062372578573,0.28947368421052627,54.96896516700508,50.056653997002286,4.880729080992751,0.0251129249954829,,1673552896,2168455168,2093236224
hef_linear_bert,wdc_80_medium_unseen,p70_seed20260726,0.7,20260726,500,0.22437939421479558,0.172,0.32993380520946747,0.3233082706766917,53.52235103699786,48.71739247899677,4.7807313809898915,0.01807468400511425,,1673552896,2168455168,2094333952
hef_linear_bert,wdc_80_medium_unseen,p70_seed20260727,0.7,20260727,500,0.22422544239824224,0.17,0.3297074301056746,0.31954887218045114,58.40799135500856,53.30261405199417,5.079566810003598,0.019183833006536588,,1673552896,2168455168,2092191744
hef_linear_bge,abt_buy,p00_seed20260725,0.0,20260725,154,0.916991341991342,0.8701298701298701,1.0,1.0,36.45207328599645,33.45904450699163,2.97180386200489,0.0183458199899178,,2346302464,2963275776,1573486592
hef_linear_bge,abt_buy,p10_seed20260725,0.1,20260725,154,0.8726149243289425,0.8181818181818182,0.9516065031039099,0.9402985074626866,33.070001059008064,30.4193130210042,2.633388301997911,0.013039492012467235,,2343132160,2965372928,1581174784
hef_linear_bge,abt_buy,p10_seed20260726,0.1,20260726,154,0.8126984500559926,0.7727272727272727,0.8862662195818921,0.8880597014925373,32.73181095000473,30.185026657010894,2.5325540140038356,0.01133696899341885,,2346302464,2965372928,1581703168
hef_linear_bge,abt_buy,p10_seed20260727,0.1,20260727,154,0.8237442289470656,0.7597402597402597,0.898311893717796,0.8731343283582089,32.99228440399747,30.338279827003134,2.6356626549968496,0.015239968997775577,,2346302464,2965372928,1581424640
hef_linear_bge,abt_buy,p30_seed20260725,0.3,20260725,154,0.6308633399303579,0.577922077922078,0.6879708793764319,0.664179104477612,27.026752555000712,25.031358804000774,1.9802285189944087,0.012177142009022646,,2334413824,2965372928,1581682688
hef_linear_bge,abt_buy,p30_seed20260726,0.3,20260726,154,0.5734963772360123,0.5194805194805194,0.6254108964547095,0.5970149253731343,25.971394608000992,24.06886775798921,1.886422641997342,0.01330019700981211,,2397819904,3070230528,1581432832
hef_linear_bge,abt_buy,p30_seed20260727,0.3,20260727,154,0.6263803584666017,0.577922077922078,0.6830820857112474,0.664179104477612,26.127886103000492,24.15615768599673,1.9569690740027,0.012083031004294753,,2346302464,3070230528,1581654016
hef_linear_bge,abt_buy,p50_seed20260725,0.5,20260725,154,0.39683938815882264,0.35064935064935066,0.4327624155066117,0.4029850746268657,20.359037398011424,18.92483254399849,1.4207501859928016,0.01073593799083028,,2334413824,3070230528,1581379584
hef_linear_bge,abt_buy,p50_seed20260726,0.5,20260726,154,0.39307948454632746,0.35714285714285715,0.4286621547513355,0.41044776119402987,19.209244689001935,17.819277841990697,1.3759286339918617,0.011260134997428395,,2346302464,3070230528,1581694976
hef_linear_bge,abt_buy,p50_seed20260727,0.5,20260727,154,0.3861357853293201,0.33766233766233766,0.42108989218020976,0.3880597014925373,18.53873358599958,17.142656819996773,1.3794979980011703,0.014125761998002417,,1799976960,3070230528,1581428736
hef_linear_bge,abt_buy,p70_seed20260725,0.7,20260725,154,0.36019139162915126,0.3246753246753247,0.3927969383516296,0.373134328358209,13.397018692005076,12.41664185099944,0.9697734039946226,0.00886509200790897,,2112649216,3070230528,1581961216
hef_linear_bge,abt_buy,p70_seed20260726,0.7,20260726,154,0.35445142855736544,0.3181818181818182,0.38653737753688855,0.3656716417910448,11.634114123007748,10.71616983799322,0.901827690002392,0.014090930999373086,,1651671040,3070230528,1582485504
hef_linear_bge,abt_buy,p70_seed20260727,0.7,20260727,154,0.4189954224577325,0.3961038961038961,0.4569240768924169,0.45522388059701496,12.1863930279942,11.229372752990457,0.9468257219996303,0.008607832991401665,,1799976960,3070230528,1582227456
hef_linear_bge,amazon_google,p00_seed20260725,0.0,20260725,163,0.9154907975460123,0.8588957055214724,1.0,1.0,19.612344354987727,17.612123630999122,1.9816124299977673,0.016261867989669554,,1083867136,1306525696,1485332480
hef_linear_bge,amazon_google,p10_seed20260725,0.1,20260725,163,0.8238770729117182,0.7791411042944786,0.8999293877340262,0.9071428571428571,17.679115079998155,15.888525283997296,1.7740325929917162,0.013261407992104068,,1083867136,1306525696,1495953408
hef_linear_bge,amazon_google,p10_seed20260726,0.1,20260726,163,0.7850202878591461,0.7300613496932515,0.8574857223725302,0.85,17.728781256999355,15.94738090899773,1.7661404289974598,0.012970222989679314,,1039860736,1306525696,1496793088
hef_linear_bge,amazon_google,p10_seed20260727,0.1,20260727,163,0.8139024676196891,0.754601226993865,0.8890340239370703,0.8785714285714284,18.038343198990333,16.236974764004117,1.7850102670054184,0.013279421997140162,,1039860736,1306525696,1497579520
hef_linear_bge,amazon_google,p30_seed20260725,0.3,20260725,163,0.5061810650858755,0.4539877300613497,0.5529067757346136,0.5285714285714286,14.306391602003714,12.966947893990437,1.3111769030074356,0.026288402994396165,,967684096,1306525696,1497583616
hef_linear_bge,amazon_google,p30_seed20260726,0.3,20260726,163,0.5009729749355839,0.43558282208588955,0.5472179253777865,0.5071428571428571,14.354259689003811,13.011366657010512,1.3282505189999938,0.01255839699297212,,982002688,1306525696,1497583616
hef_linear_bge,amazon_google,p30_seed20260727,0.3,20260727,163,0.5274356173557397,0.4723926380368098,0.5761233414574339,0.5499999999999999,14.385127087007277,13.049399468000047,1.3135153229959542,0.020242337996023707,,1039860736,1306525696,1497583616
hef_linear_bge,amazon_google,p50_seed20260725,0.5,20260725,163,0.3464303384814942,0.3006134969325153,0.37840941646830994,0.35,10.98986015599803,9.972462667996297,1.0030220179905882,0.012458812998374924,,973232128,1306525696,1497583616
hef_linear_bge,amazon_google,p50_seed20260726,0.5,20260726,163,0.355612765310911,0.294478527607362,0.388439475595098,0.34285714285714286,11.008849303994793,9.97027222700126,1.0253486820001854,0.011214129001018591,,958915584,1306525696,1497587712
hef_linear_bge,amazon_google,p50_seed20260727,0.5,20260727,163,0.35138037196406596,0.3067484662576687,0.38381638887681524,0.35714285714285715,10.943660094999359,9.933443852001801,0.999789620997035,0.008948988994234242,,987120640,1306525696,1498374144
hef_linear_bge,amazon_google,p70_seed20260725,0.7,20260725,163,0.2909806917031385,0.25153374233128833,0.3178411978395817,0.2928571428571428,7.790110695001204,7.006286966003245,0.7699769230093807,0.012173930008430034,,952574976,1306525696,1498374144
hef_linear_bge,amazon_google,p70_seed20260726,0.7,20260726,163,0.3020476199672283,0.24539877300613497,0.3299297172367781,0.2857142857142857,7.618304410993005,6.841583088011248,0.7628777420031838,0.012183803002699278,,956537856,1306525696,1498374144
hef_linear_bge,amazon_google,p70_seed20260727,0.7,20260727,163,0.28211381605039043,0.24539877300613497,0.30815581850369334,0.2857142857142857,7.661972898989916,6.904864137992263,0.7463035190012306,0.009292793009080924,,947771392,1306525696,1498378240
hef_linear_bge,link_lives_release2,p00_seed20260725,0.0,20260725,3250,0.786030555194933,0.6756923076923077,1.0,1.0,1131.4009429720027,1083.9806690959958,47.2317438290047,0.12159617300494574,,2120574976,2692743168,5114871808
hef_linear_bge,link_lives_release2,p10_seed20260725,0.1,20260725,3250,0.5938062661292707,0.47415384615384615,0.7554493425284322,0.7017304189435337,1038.3667915199912,994.0212505170057,44.1624959519977,0.12098481001157779,,2064961536,2692743168,5162958848
hef_linear_bge,link_lives_release2,p10_seed20260726,0.1,20260726,3250,0.5891299875099538,0.4716923076923077,0.7495001099083883,0.698087431693989,1030.094954058004,985.5805650629918,44.3297437739966,0.12116016499930993,,2064961536,2692743168,5182287872
hef_linear_bge,link_lives_release2,p10_seed20260727,0.1,20260727,3250,0.5862432322050574,0.4596923076923077,0.745827536004209,0.680327868852459,1033.5529569049977,989.1019691920083,44.261865943000885,0.12198258799617179,,1985373184,2692743168,5202243584
hef_linear_bge,link_lives_release2,p30_seed20260725,0.3,20260725,3250,0.3467198196343762,0.244,0.44110221586537535,0.3611111111111111,825.376640352988,786.9223929080035,38.27682328499213,0.12004783299926203,,1902723072,2692743168,5165080576
hef_linear_bge,link_lives_release2,p30_seed20260726,0.3,20260726,3250,0.3427660472356091,0.23661538461538462,0.43607216662284104,0.3501821493624772,822.8205144169915,784.4125535119965,38.2300178079895,0.11995967400434893,,1845286912,2692743168,5165056000
hef_linear_bge,link_lives_release2,p30_seed20260727,0.3,20260727,3250,0.3313446059984703,0.22215384615384615,0.4215416357654162,0.32877959927140255,824.0237168349995,785.7807475480076,38.06792039699212,0.11783778999233618,,1901424640,2692743168,5176573952
hef_linear_bge,link_lives_release2,p50_seed20260725,0.5,20260725,3250,0.20832805641911728,0.12892307692307692,0.26503811466648725,0.1908014571948998,616.6238429689984,584.0088074469968,32.45046275299683,0.11755114799598232,,1699320832,2692743168,5125099520
hef_linear_bge,link_lives_release2,p50_seed20260726,0.5,20260726,3250,0.20333484665321094,0.12184615384615384,0.25868567743245624,0.180327868852459,616.3084904230054,583.7664647490019,32.37678931800474,0.11761405901052058,,1778919424,2692743168,5121470464
hef_linear_bge,link_lives_release2,p50_seed20260727,0.5,20260727,3250,0.19951675983339653,0.11938461538461538,0.25382824944243676,0.17668488160291437,618.4251407819975,585.8091946109926,32.45131164199847,0.11599982400366571,,1776996352,2692743168,5144031232
hef_linear_bge,link_lives_release2,p70_seed20260725,0.7,20260725,3250,0.1257708928732661,0.068,0.1600076384334389,0.10063752276867031,404.12800162100757,377.1557398420118,26.79504552599974,0.13174517099105287,,1500029952,2692743168,5171339264
hef_linear_bge,link_lives_release2,p70_seed20260726,0.7,20260726,3250,0.11650359802328701,0.05815384615384615,0.14821764529801834,0.0860655737704918,401.89495294200606,374.9066328850022,26.824485696008196,0.11829381898860447,,1451520000,2692743168,5132120064
hef_linear_bge,link_lives_release2,p70_seed20260727,0.7,20260727,3250,0.1231747455110709,0.0643076923076923,0.15670478036381671,0.09517304189435336,405.5092857689888,378.45468651100236,26.893722709006397,0.11780753399943933,,1502245888,2692743168,5138571264
hef_linear_bge,walmart_amazon,p00_seed20260725,0.0,20260725,131,0.9418029807342784,0.9083969465648855,1.0,1.0,24.34638026599714,22.018780436003,2.3081835150078405,0.016866908001247793,,1607009280,2019557376,1490132992
hef_linear_bge,walmart_amazon,p10_seed20260725,0.1,20260725,131,0.8417630909334405,0.7786259541984732,0.8937783253533116,0.8571428571428571,22.001405552990036,19.88868223699683,2.1000181139970664,0.010682262989575975,,1607009280,2019557376,1499676672
hef_linear_bge,walmart_amazon,p10_seed20260726,0.1,20260726,131,0.8539512862031946,0.8015267175572519,0.9067196682021647,0.8823529411764707,21.64906404899375,19.621590947004734,2.015165582008194,0.010516356996959075,,1607009280,2019557376,1500618752
hef_linear_bge,walmart_amazon,p10_seed20260727,0.1,20260727,131,0.8465731248663196,0.7938931297709924,0.8988855866715216,0.8739495798319328,21.8965070599952,19.893123827001546,1.9914893980021589,0.010107273003086448,,1571316736,2019557376,1500778496
hef_linear_bge,walmart_amazon,p30_seed20260725,0.3,20260725,131,0.5996215494735456,0.5267175572519084,0.636674083369379,0.5798319327731093,17.6705052430043,16.16049777599983,1.4973361479933374,0.01055551299941726,,1607009280,2019557376,1500778496
hef_linear_bge,walmart_amazon,p30_seed20260726,0.3,20260726,131,0.6396515459615865,0.5572519083969466,0.6791776614073582,0.6134453781512605,17.81189624298713,16.273903540990432,1.5261860080063343,0.01012332299433183,,1607009280,2019557376,1499676672
hef_linear_bge,walmart_amazon,p30_seed20260727,0.3,20260727,131,0.5814530016552635,0.5190839694656488,0.6173828428552356,0.5714285714285714,17.63258913300524,16.123145367993857,1.496324651001487,0.010737810007412918,,1482228736,2019557376,1499885568
hef_linear_bge,walmart_amazon,p50_seed20260725,0.5,20260725,131,0.45283001900307,0.40458015267175573,0.4808118346047496,0.44537815126050423,13.296869491998223,12.210548140996252,1.0744353269983549,0.01010208300431259,,1607009280,2019557376,1499885568
hef_linear_bge,walmart_amazon,p50_seed20260726,0.5,20260726,131,0.4635665450802699,0.4122137404580153,0.4922118049773525,0.45378151260504207,13.420468412994524,12.29252116799762,1.1164121729962062,0.00979081199329812,,1607009280,2019557376,1499897856
hef_linear_bge,walmart_amazon,p50_seed20260727,0.5,20260727,131,0.39147517534780807,0.3435114503816794,0.41566567886904937,0.3781512605042017,13.533443019012338,12.451936621000641,1.0706569739995757,0.009435511994524859,,1482228736,2019557376,1499897856
hef_linear_bge,walmart_amazon,p70_seed20260725,0.7,20260725,131,0.3023514641535677,0.26717557251908397,0.3210347284289107,0.29411764705882354,8.946352881001076,8.167742039004224,0.7667284310009563,0.01019952999195084,,1340113920,2019557376,1500438528
hef_linear_bge,walmart_amazon,p70_seed20260726,0.7,20260726,131,0.2871011974726169,0.24427480916030533,0.30484209897995646,0.2689075630252101,9.014657633000752,8.216454844994587,0.7856451449915767,0.01065160300640855,,1517839360,2019557376,1500647424
hef_linear_bge,walmart_amazon,p70_seed20260727,0.7,20260727,131,0.1989577804735888,0.16793893129770993,0.21125201824958234,0.18487394957983194,9.037049773003673,8.273288870987017,0.7514474080089713,0.010659953011781909,,1348980736,2019557376,1500647424
hef_linear_bge,wdc_80_medium_seen,p00_seed20260725,0.0,20260725,500,0.6084930547961057,0.434,1.0,1.0,194.80678872999852,180.50918523099972,14.238002587997471,0.04120006300217938,,5553808384,7707033600,2061918208
hef_linear_bge,wdc_80_medium_seen,p10_seed20260725,0.1,20260725,500,0.5633537645348683,0.408,0.9258179039095809,0.9400921658986174,175.87900414300384,163.37249232099566,12.455537847999949,0.03276737999112811,,5553808384,7707033600,2080055296
hef_linear_bge,wdc_80_medium_seen,p10_seed20260726,0.1,20260726,500,0.5687303041518601,0.408,0.9346537313271893,0.9400921658986174,174.614629083997,162.09003198599385,12.488729983990197,0.024999132001539692,,5553808384,7707033600,2080501760
hef_linear_bge,wdc_80_medium_seen,p10_seed20260727,0.1,20260727,500,0.5556099072510613,0.394,0.9130916168586928,0.9078341013824885,174.07901515100093,161.75921808400017,12.273141199999372,0.030046425003092736,,5553808384,7707033600,2081185792
hef_linear_bge,wdc_80_medium_seen,p30_seed20260725,0.3,20260725,500,0.43786021491495236,0.312,0.7195812860373088,0.7188940092165899,137.45371614700707,128.22341317999235,9.173679803992854,0.04861866599821951,,5553808384,7707033600,2080079872
hef_linear_bge,wdc_80_medium_seen,p30_seed20260726,0.3,20260726,500,0.4653821289889472,0.342,0.7648109133224007,0.7880184331797235,138.35840157700295,128.99233456699585,9.330500282987487,0.024986914999317378,,5553808384,7707033600,2080120832
hef_linear_bge,wdc_80_medium_seen,p30_seed20260727,0.3,20260727,500,0.4434605612679852,0.314,0.7287849183694961,0.7235023041474654,143.15397729900724,133.62453523599834,9.494729612997617,0.02629105899541173,,5553808384,7707033600,2079031296
hef_linear_bge,wdc_80_medium_seen,p50_seed20260725,0.5,20260725,500,0.2954479571973015,0.198,0.48554039338427685,0.45622119815668205,100.60389796600793,94.0217677870096,6.549776108993683,0.025764106001588516,,5553808384,7707033600,2079088640
hef_linear_bge,wdc_80_medium_seen,p50_seed20260726,0.5,20260726,500,0.33470995665274905,0.25,0.5500637254847616,0.5760368663594471,100.04304964600306,93.44864928400784,6.561158393000369,0.024816838995320722,,5553808384,7707033600,2078003200
hef_linear_bge,wdc_80_medium_seen,p50_seed20260727,0.5,20260727,500,0.28306921310075445,0.194,0.4651971141981324,0.4470046082949309,106.28133677100413,99.35927116099629,6.893611731007695,0.020054808992426842,,5553808384,7707033600,2078044160
hef_linear_bge,wdc_80_medium_seen,p70_seed20260725,0.7,20260725,500,0.19639152715851965,0.132,0.3227506470461305,0.30414746543778803,64.64942328400502,60.21555393100425,4.402804945013486,0.025653534001321532,,5553808384,7707033600,2076954624
hef_linear_bge,wdc_80_medium_seen,p70_seed20260726,0.7,20260726,500,0.2431027147350435,0.184,0.39951600567816264,0.423963133640553,63.058930030005286,58.69488401101262,4.322269513999345,0.03405917700729333,,5553808384,7707033600,2078048256
hef_linear_bge,wdc_80_medium_seen,p70_seed20260727,0.7,20260727,500,0.1798380890261095,0.116,0.29554665843535355,0.2672811059907834,65.00288016999548,60.55636320200574,4.421147638000548,0.019847798001137562,,5553808384,7707033600,2076958720
hef_linear_bge,wdc_80_medium_unseen,p00_seed20260725,0.0,20260725,500,0.7283009684759685,0.59,1.0,1.0,209.63144559900684,194.60763267800212,14.976618191009038,0.03591168898856267,,5553808384,7707033600,2069475328
hef_linear_bge,wdc_80_medium_unseen,p10_seed20260725,0.1,20260725,500,0.6766228966684469,0.55,0.9290429725561641,0.9322033898305085,187.84569438100152,174.80000751299667,13.007587735002744,0.022708177988533862,,5553808384,7707033600,2087165952
hef_linear_bge,wdc_80_medium_unseen,p10_seed20260726,0.1,20260726,500,0.6557237049103762,0.522,0.9003471549441073,0.8847457627118644,184.5362330279895,172.04380647999642,12.458045564999338,0.022972167993430048,,5553808384,7707033600,2086875136
hef_linear_bge,wdc_80_medium_unseen,p10_seed20260727,0.1,20260727,500,0.6693668207088216,0.536,0.9190799541424864,0.9084745762711866,190.21014781801205,177.15285270099412,13.022354336993885,0.02305928399437107,,5553808384,7707033600,2087526400
hef_linear_bge,wdc_80_medium_unseen,p30_seed20260725,0.3,20260725,500,0.5479368858771287,0.444,0.7523495225109107,0.752542372881356,149.00256825900578,139.1488707929966,9.820790355995996,0.0228959579981165,,5553808384,7707033600,2084368384
hef_linear_bge,wdc_80_medium_unseen,p30_seed20260726,0.3,20260726,500,0.5267435951206543,0.414,0.7232498897027556,0.7016949152542373,148.79924023700005,139.1369931119989,9.629625360001228,0.022053538006730378,,5553808384,7707033600,2085462016
hef_linear_bge,wdc_80_medium_unseen,p30_seed20260727,0.3,20260727,500,0.5156704806949026,0.388,0.7080458533152671,0.6576271186440679,152.68529594500433,142.60608037401107,10.046644500005641,0.022224313011975028,,5553808384,7707033600,2084368384
hef_linear_bge,wdc_80_medium_unseen,p50_seed20260725,0.5,20260725,500,0.360880651258905,0.272,0.4955103272951543,0.46101694915254243,111.35680484700424,104.20074334400124,7.1236247759952676,0.023357098994893022,,5553808384,7707033600,2085462016
hef_linear_bge,wdc_80_medium_unseen,p50_seed20260726,0.5,20260726,500,0.37256056404549764,0.28,0.5115475334669844,0.47457627118644075,107.72295364498859,100.863880238001,6.816496790008387,0.031234228998073377,,5553808384,7707033600,2084372480
hef_linear_bge,wdc_80_medium_unseen,p50_seed20260727,0.5,20260727,500,0.3897498287709589,0.3,0.5351494033936869,0.5084745762711864,112.9172479659901,105.61348228099814,7.268133770005079,0.0233287970040692,,5553808384,7707033600,2085466112
hef_linear_bge,wdc_80_medium_unseen,p70_seed20260725,0.7,20260725,500,0.2311095530665413,0.168,0.3173269885253038,0.2847457627118644,71.42058744600217,66.55622964500799,4.826085845998023,0.03078353899763897,,5553808384,7707033600,2085158912
hef_linear_bge,wdc_80_medium_unseen,p70_seed20260726,0.7,20260726,500,0.24815898914996043,0.192,0.3407368655148903,0.32542372881355935,68.22278349900444,63.484637335001025,4.70851312900777,0.022577780997380614,,5553808384,7707033600,2085470208
hef_linear_bge,wdc_80_medium_unseen,p70_seed20260727,0.7,20260727,500,0.2546411088795845,0.188,0.34963719657333786,0.3186440677966102,76.45969675001106,71.3728530019871,5.057116504001897,0.022351617997628637,,5553808384,7707033600,2084376576
jina_finetuned,abt_buy,p00_seed20260725,0.0,20260725,154,0.9653679653679655,0.9415584415584416,1.0,1.0,41.62934563499584,,,,,6230554112,7136608256,2284765184
jina_finetuned,abt_buy,p10_seed20260725,0.1,20260725,154,0.9295866831581118,0.9025974025974026,0.9629350843476403,0.9586206896551724,40.364457869989565,,,,,6230554112,7136608256,2297876480
jina_finetuned,abt_buy,p10_seed20260726,0.1,20260726,154,0.8947159515448697,0.8571428571428571,0.9268133847841474,0.9103448275862068,39.83463852800196,,,,,6230554112,7136608256,2300616704
jina_finetuned,abt_buy,p10_seed20260727,0.1,20260727,154,0.9002913620237928,0.8636363636363636,0.9325888099887717,0.9172413793103448,40.199957263001124,,,,,6230554112,7136608256,2300862464
jina_finetuned,abt_buy,p30_seed20260725,0.3,20260725,154,0.7607852542437286,0.7012987012987013,0.7880779987905886,0.7448275862068965,36.578716652002186,,,,,6230554112,7136608256,2300993536
jina_finetuned,abt_buy,p30_seed20260726,0.3,20260726,154,0.6633956144510799,0.6168831168831169,0.6871945602609839,0.6551724137931034,36.28620399499778,,,,,6230554112,7136608256,2301124608
jina_finetuned,abt_buy,p30_seed20260727,0.3,20260727,154,0.6870756184125594,0.6298701298701299,0.7117240710910367,0.6689655172413793,36.33483098000579,,,,,6218470400,7136608256,2301128704
jina_finetuned,abt_buy,p50_seed20260725,0.5,20260725,154,0.4509841558774172,0.38961038961038963,0.4671629596757101,0.41379310344827586,31.36264508300519,,,,,6230554112,7136608256,2300096512
jina_finetuned,abt_buy,p50_seed20260726,0.5,20260726,154,0.41195529420660343,0.33766233766233766,0.4267339594696205,0.3586206896551724,30.791559518998838,,,,,6230554112,7136608256,2300166144
jina_finetuned,abt_buy,p50_seed20260727,0.5,20260727,154,0.42089984592929125,0.35064935064935066,0.4359993919715976,0.37241379310344824,31.036320183004136,,,,,5392455168,7136608256,2300407808
jina_finetuned,abt_buy,p70_seed20260725,0.7,20260725,154,0.2984445291741252,0.18831168831168832,0.30915105936871257,0.2,26.68145907500002,,,,,5890097152,7136608256,2300407808
jina_finetuned,abt_buy,p70_seed20260726,0.7,20260726,154,0.310757939898815,0.22727272727272727,0.3219062068010146,0.24137931034482757,24.39185266100685,,,,,5402720256,7136608256,2300407808
jina_finetuned,abt_buy,p70_seed20260727,0.7,20260727,154,0.3118215507960611,0.2077922077922078,0.32300797414300497,0.2206896551724138,25.208170094003435,,,,,5261241856,7136608256,2300407808
jina_finetuned,amazon_google,p00_seed20260725,0.0,20260725,163,0.9255623721881391,0.8711656441717791,1.0,1.0,19.241647638002178,,,,,4235205120,4659871744,2266693632
jina_finetuned,amazon_google,p10_seed20260725,0.1,20260725,163,0.8375131221667418,0.7791411042944786,0.9048694581076817,0.8943661971830987,17.509576875992934,,,,,4205692416,4659871744,2283040768
jina_finetuned,amazon_google,p10_seed20260726,0.1,20260726,163,0.7922827244898344,0.7055214723926381,0.8560014411743903,0.8098591549295775,18.076760260999436,,,,,4235205120,4659871744,2284797952
jina_finetuned,amazon_google,p10_seed20260727,0.1,20260727,163,0.8801649611465563,0.8159509202453987,0.9509515377831772,0.9366197183098591,18.12658332499268,,,,,4235205120,4659871744,2284797952
jina_finetuned,amazon_google,p30_seed20260725,0.3,20260725,163,0.5944525284373801,0.50920245398773,0.6422609067739259,0.5845070422535211,15.6581660189986,,,,,4164374016,4659871744,2285953024
jina_finetuned,amazon_google,p30_seed20260726,0.3,20260726,163,0.5452958378424769,0.4785276073619632,0.5891508278943244,0.5492957746478874,16.090995472011855,,,,,4229302784,4659871744,2286215168
jina_finetuned,amazon_google,p30_seed20260727,0.3,20260727,163,0.5745374384831243,0.5030674846625767,0.6207441613306403,0.5774647887323944,16.189471635996597,,,,,4235205120,4659871744,2289475584
jina_finetuned,amazon_google,p50_seed20260725,0.5,20260725,163,0.4367208768638212,0.36809815950920244,0.4718438108404962,0.4225352112676056,13.33493720399565,,,,,4140763648,4659871744,2289475584
jina_finetuned,amazon_google,p50_seed20260726,0.5,20260726,163,0.40555669290047897,0.34355828220858897,0.43817327182574944,0.3943661971830986,13.945996184003889,,,,,4140763648,4659871744,2289475584
jina_finetuned,amazon_google,p50_seed20260727,0.5,20260727,163,0.43074335326963137,0.34355828220858897,0.46538554959975637,0.3943661971830986,13.38428851099161,,,,,4123056128,4659871744,2289733632
jina_finetuned,amazon_google,p70_seed20260725,0.7,20260725,163,0.3892601602663306,0.3128834355828221,0.42056610333679995,0.3591549295774648,11.121183569994173,,,,,4111250944,4659871744,2290126848
jina_finetuned,amazon_google,p70_seed20260726,0.7,20260726,163,0.3946209930592514,0.3128834355828221,0.42635807690228444,0.3591549295774648,11.202854538991232,,,,,4064030208,4659871744,2290126848
jina_finetuned,amazon_google,p70_seed20260727,0.7,20260727,163,0.3997597373348722,0.32515337423312884,0.4319101006556617,0.3732394366197183,10.870005634002155,,,,,4081737728,4659871744,2291138560
jina_finetuned,link_lives_release2,p00_seed20260725,0.0,20260725,3250,0.944242716258101,0.908923076923077,1.0,1.0,1165.8068299419974,,,,,6063614976,6696206336,3153756160
jina_finetuned,link_lives_release2,p10_seed20260725,0.1,20260725,3250,0.8330142517723581,0.7627692307692308,0.8822035239768379,0.8392010832769127,1109.8186717490025,,,,,6063614976,6696206336,3275427840
jina_finetuned,link_lives_release2,p10_seed20260726,0.1,20260726,3250,0.8311797981327068,0.7556923076923077,0.8802607463328429,0.8314150304671631,1092.3959722190048,,,,,6028469248,6696206336,3278475264
jina_finetuned,link_lives_release2,p10_seed20260727,0.1,20260727,3250,0.8264886047013483,0.7498461538461538,0.875292539164723,0.8249830737982397,1090.0035044800024,,,,,5924358144,6696206336,3291144192
jina_finetuned,link_lives_release2,p30_seed20260725,0.3,20260725,3250,0.5535410825709769,0.45046153846153847,0.586227537729474,0.4955991875423155,929.2805734699941,,,,,5766364672,6696206336,3235991552
jina_finetuned,link_lives_release2,p30_seed20260726,0.3,20260726,3250,0.5520953584743646,0.4433846153846154,0.584696444005668,0.487813134732566,944.9179823690065,,,,,5678245376,6696206336,3227258880
jina_finetuned,link_lives_release2,p30_seed20260727,0.3,20260727,3250,0.5519186102595515,0.4489230769230769,0.5845092588553144,0.493906567366283,923.6826328869938,,,,,5711106048,6696206336,3227402240
jina_finetuned,link_lives_release2,p50_seed20260725,0.5,20260725,3250,0.31439603068208916,0.22553846153846155,0.3329610335020594,0.24813811780636424,741.5973058319942,,,,,5371998208,6696206336,3171045376
jina_finetuned,link_lives_release2,p50_seed20260726,0.5,20260726,3250,0.3085274748891617,0.21446153846153845,0.3267459410349619,0.23595125253893026,744.9735347050009,,,,,5433664000,6696206336,3181907968
jina_finetuned,link_lives_release2,p50_seed20260727,0.5,20260727,3250,0.30826947440845015,0.21876923076923077,0.32647270569380515,0.24069058903182125,743.0628573779977,,,,,5496214528,6696206336,3172532224
jina_finetuned,link_lives_release2,p70_seed20260725,0.7,20260725,3250,0.1616342585333453,0.09538461538461539,0.17117871893561304,0.1049424509140149,534.6246559720021,,,,,4892523008,6696206336,3124682752
jina_finetuned,link_lives_release2,p70_seed20260726,0.7,20260726,3250,0.14997946353296532,0.08553846153846154,0.15883571135958827,0.0941096817874069,533.7188389060029,,,,,4812742144,6696206336,3127123968
jina_finetuned,link_lives_release2,p70_seed20260727,0.7,20260727,3250,0.15739334435987237,0.0916923076923077,0.16668737989698212,0.1008801624915369,526.0327948689956,,,,,4883559936,6696206336,3111161856
jina_finetuned,walmart_amazon,p00_seed20260725,0.0,20260725,131,0.9478371501272264,0.916030534351145,1.0,1.0,23.46536813500279,,,,,4734952448,5354029056,2274902016
jina_finetuned,walmart_amazon,p10_seed20260725,0.1,20260725,131,0.8904468305231664,0.8396946564885496,0.9394512869680656,0.9166666666666666,21.655921515994123,,,,,4654289408,5354029056,2288349184
jina_finetuned,walmart_amazon,p10_seed20260726,0.1,20260726,131,0.9095510723373318,0.8702290076335878,0.9596069031639501,0.9500000000000001,21.930435397996916,,,,,4734952448,5354029056,2292248576
jina_finetuned,walmart_amazon,p10_seed20260727,0.1,20260727,131,0.9065900359681232,0.8702290076335878,0.9564829104307985,0.9500000000000001,22.171805778998532,,,,,4692595712,5354029056,2292256768
jina_finetuned,walmart_amazon,p30_seed20260725,0.3,20260725,131,0.7447016257029229,0.6793893129770993,0.7856852051040234,0.7416666666666667,19.431630879989825,,,,,4654289408,5354029056,2292256768
jina_finetuned,walmart_amazon,p30_seed20260726,0.3,20260726,131,0.7491554899587258,0.6946564885496184,0.7903841813524276,0.7583333333333334,19.590210177004337,,,,,4589360640,5354029056,2292256768
jina_finetuned,walmart_amazon,p30_seed20260727,0.3,20260727,131,0.6713488194564993,0.6030534351145038,0.7082955330104812,0.6583333333333333,19.44687901099678,,,,,4542139904,5354029056,2292322304
jina_finetuned,walmart_amazon,p50_seed20260725,0.5,20260725,131,0.5561036301294752,0.48091603053435117,0.5867079909822382,0.525,15.981397811992792,,,,,4524432384,5354029056,2292322304
jina_finetuned,walmart_amazon,p50_seed20260726,0.5,20260726,131,0.5549973042078343,0.48091603053435117,0.5855407800098763,0.525,16.438112550007645,,,,,4512627200,5354029056,2292322304
jina_finetuned,walmart_amazon,p50_seed20260727,0.5,20260727,131,0.49790421101365073,0.42748091603053434,0.5253056508144021,0.4666666666666667,16.045480542001314,,,,,4542139904,5354029056,2292322304
jina_finetuned,walmart_amazon,p70_seed20260725,0.7,20260725,131,0.4025738378607715,0.3435114503816794,0.42472890813230396,0.37500000000000006,12.446536984993145,,,,,4406380544,5354029056,2292322304
jina_finetuned,walmart_amazon,p70_seed20260726,0.7,20260726,131,0.3642985790765066,0.29770992366412213,0.38434722571024726,0.325,12.706402646988863,,,,,4441796096,5354029056,2292715520
jina_finetuned,walmart_amazon,p70_seed20260727,0.7,20260727,131,0.3064388616907068,0.22900763358778625,0.3233032822669739,0.25,12.717883361998247,,,,,4300133888,5354029056,2295328768
jina_finetuned,wdc_80_medium_seen,p00_seed20260725,0.0,20260725,500,0.8722321923247832,0.81,1.0,1.0,303.0716366790002,,,,,8544838144,9823059968,2412134400
jina_finetuned,wdc_80_medium_seen,p10_seed20260725,0.1,20260725,500,0.757853265720702,0.682,0.8688664238598852,0.8419753086419753,295.64316953699745,,,,,8544838144,9823059968,2440200192
jina_finetuned,wdc_80_medium_seen,p10_seed20260726,0.1,20260726,500,0.7636168534277782,0.69,0.8754742832782751,0.8518518518518517,292.95024363699486,,,,,8544838144,9823059968,2440339456
jina_finetuned,wdc_80_medium_seen,p10_seed20260727,0.1,20260727,500,0.755740336011413,0.68,0.8664439843674178,0.8395061728395061,292.98804957700486,,,,,8544838144,9823059968,2440593408
jina_finetuned,wdc_80_medium_seen,p30_seed20260725,0.3,20260725,500,0.5572519828197754,0.49,0.6388803207716023,0.6049382716049382,278.8869656659954,,,,,8544838144,9823059968,2445082624
jina_finetuned,wdc_80_medium_seen,p30_seed20260726,0.3,20260726,500,0.5657380895357315,0.502,0.6486095038843441,0.619753086419753,278.87573591399996,,,,,8544838144,9823059968,2445524992
jina_finetuned,wdc_80_medium_seen,p30_seed20260727,0.3,20260727,500,0.5615129399330567,0.494,0.6437654386917796,0.6098765432098765,281.18470329701086,,,,,8544838144,9823059968,2445254656
jina_finetuned,wdc_80_medium_seen,p50_seed20260725,0.5,20260725,500,0.3849663175680988,0.322,0.44135761206203367,0.39753086419753086,262.31075001199497,,,,,8544838144,9823059968,2445320192
jina_finetuned,wdc_80_medium_seen,p50_seed20260726,0.5,20260726,500,0.37714218421356,0.322,0.43238737062473365,0.39753086419753086,261.207952236,,,,,8544838144,9823059968,2445320192
jina_finetuned,wdc_80_medium_seen,p50_seed20260727,0.5,20260727,500,0.3466314225507497,0.274,0.3974072793929606,0.33827160493827163,266.63191549100156,,,,,8544838144,9823059968,2445320192
jina_finetuned,wdc_80_medium_seen,p70_seed20260725,0.7,20260725,500,0.22042150550883427,0.16,0.2527096654405051,0.19753086419753085,240.43961863299774,,,,,8544838144,9823059968,2445647872
jina_finetuned,wdc_80_medium_seen,p70_seed20260726,0.7,20260726,500,0.2329841852489471,0.164,0.26711257311882547,0.20246913580246914,225.4649772450066,,,,,8544838144,9823059968,2445778944
jina_finetuned,wdc_80_medium_seen,p70_seed20260727,0.7,20260727,500,0.17868281387805632,0.116,0.20485693540135036,0.14320987654320988,243.26761067700863,,,,,8544838144,9823059968,2445975552
jina_finetuned,wdc_80_medium_unseen,p00_seed20260725,0.0,20260725,500,0.88470001232377,0.826,1.0,1.0,319.9568466960045,,,,,8544838144,9823059968,2443427840
jina_finetuned,wdc_80_medium_unseen,p10_seed20260725,0.1,20260725,500,0.7989108632336334,0.726,0.9030302386174933,0.8789346246973366,310.69337636198907,,,,,8544838144,9823059968,2459701248
jina_finetuned,wdc_80_medium_unseen,p10_seed20260726,0.1,20260726,500,0.7782006082564624,0.702,0.8796208855162393,0.8498789346246973,309.504165706996,,,,,8544838144,9823059968,2459553792
jina_finetuned,wdc_80_medium_unseen,p10_seed20260727,0.1,20260727,500,0.7925042080734966,0.714,0.8957886255612113,0.864406779661017,312.6232249189925,,,,,8544838144,9823059968,2459492352
jina_finetuned,wdc_80_medium_unseen,p30_seed20260725,0.3,20260725,500,0.616693993921608,0.542,0.6970656553985883,0.6561743341404359,292.97798184800195,,,,,8544838144,9823059968,2457636864
jina_finetuned,wdc_80_medium_unseen,p30_seed20260726,0.3,20260726,500,0.6098544792347455,0.54,0.6893347696841214,0.6537530266343826,291.72166284800915,,,,,8544838144,9823059968,2457817088
jina_finetuned,wdc_80_medium_unseen,p30_seed20260727,0.3,20260727,500,0.6238071289913848,0.55,0.70510582152348,0.665859564164649,295.90657232000376,,,,,8544838144,9823059968,2457923584
jina_finetuned,wdc_80_medium_unseen,p50_seed20260725,0.5,20260725,500,0.39719629858708233,0.33,0.44896156104236834,0.3995157384987894,273.69044628700067,,,,,8544838144,9823059968,2456055808
jina_finetuned,wdc_80_medium_unseen,p50_seed20260726,0.5,20260726,500,0.4316893611462512,0.366,0.4879499888469173,0.4430992736077482,270.29961986599665,,,,,8544838144,9823059968,2456186880
jina_finetuned,wdc_80_medium_unseen,p50_seed20260727,0.5,20260727,500,0.4436931122763872,0.366,0.5015181486332009,0.4430992736077482,275.5672435860033,,,,,8544838144,9823059968,2456186880
jina_finetuned,wdc_80_medium_unseen,p70_seed20260725,0.7,20260725,500,0.2501500301064243,0.178,0.2827512451925658,0.21549636803874092,255.9409973330039,,,,,8544838144,9823059968,2456186880
jina_finetuned,wdc_80_medium_unseen,p70_seed20260726,0.7,20260726,500,0.2546154603790264,0.186,0.2877986400274241,0.225181598062954,248.35396671299532,,,,,8544838144,9823059968,2456317952
jina_finetuned,wdc_80_medium_unseen,p70_seed20260727,0.7,20260727,500,0.2614601689940671,0.192,0.2955353965773221,0.2324455205811138,254.0512575830071,,,,,8544838144,9823059968,2456383488
joint_neural_hef_jina,abt_buy,p00_seed20260725,0.0,20260725,154,0.9690012368583798,0.948051948051948,1.0,1.0,51.639936669002054,,8.734635760993115,,,4894441984,5291114496,5785055232
joint_neural_hef_jina,abt_buy,p10_seed20260725,0.1,20260725,154,0.9308539028259525,0.9025974025974026,0.9606323164704045,0.952054794520548,48.76947174500674,,7.755940334987827,,,4894441984,5291114496,5795819520
joint_neural_hef_jina,abt_buy,p10_seed20260726,0.1,20260726,154,0.8873006666754518,0.8506493506493507,0.9156857937067127,0.8972602739726028,48.10390802600887,,7.439212647994282,,,4894441984,5291114496,5796610048
joint_neural_hef_jina,abt_buy,p10_seed20260727,0.1,20260727,154,0.8979143065667843,0.8701298701298701,0.9266389684681229,0.9178082191780822,48.85805435299699,,7.793978527013678,,,4894441984,5291114496,5797736448
joint_neural_hef_jina,abt_buy,p30_seed20260725,0.3,20260725,154,0.8098388563492963,0.7662337662337663,0.8357459470071397,0.8082191780821918,42.52681230500457,,5.8764357379841385,,,4894441984,5291114496,5797675008
joint_neural_hef_jina,abt_buy,p30_seed20260726,0.3,20260726,154,0.7009575719462178,0.6493506493506493,0.7233815038449359,0.684931506849315,41.33183002300211,,5.559819311994943,,,4894441984,5291114496,5797679104
joint_neural_hef_jina,abt_buy,p30_seed20260727,0.3,20260727,154,0.7637647938711825,0.7272727272727273,0.7881979556057133,0.767123287671233,41.53791847800312,,5.784369077009615,,,4894441984,5291114496,5797679104
joint_neural_hef_jina,abt_buy,p50_seed20260725,0.5,20260725,154,0.6060810713945156,0.551948051948052,0.6254698635468251,0.5821917808219178,35.09288969000045,,4.17885751198628,,,4894441984,5291114496,5797679104
joint_neural_hef_jina,abt_buy,p50_seed20260726,0.5,20260726,154,0.5354703767282823,0.487012987012987,0.5526003026212254,0.5136986301369864,34.52682648599148,,4.068649616994662,,,4894441984,5291114496,5797679104
joint_neural_hef_jina,abt_buy,p50_seed20260727,0.5,20260727,154,0.5647143988589546,0.5064935064935064,0.5827798535013511,0.5342465753424657,33.7305925610126,,4.060654081986286,,,4487288320,5291114496,5797679104
joint_neural_hef_jina,abt_buy,p70_seed20260725,0.7,20260725,154,0.5531912990923847,0.4935064935064935,0.5708881248551327,0.5205479452054794,26.68708247000177,,2.8281210660206852,,,4705620480,5291114496,5797679104
joint_neural_hef_jina,abt_buy,p70_seed20260726,0.7,20260726,154,0.5407754545902652,0.4935064935064935,0.5580750921882466,0.5205479452054794,24.4574023019959,,2.653651290020207,,,4487288320,5291114496,5797683200
joint_neural_hef_jina,abt_buy,p70_seed20260727,0.7,20260727,154,0.5430320836803315,0.4675324675324675,0.5604039118060445,0.4931506849315068,26.322586911002873,,2.8044534389919136,,,4405460480,5291114496,5797683200
joint_neural_hef_jina,amazon_google,p00_seed20260725,0.0,20260725,163,0.9667689161554193,0.9386503067484663,1.0,1.0,27.39333700800489,,5.812889520006138,,,3893137408,4072669184,5624049664
joint_neural_hef_jina,amazon_google,p10_seed20260725,0.1,20260725,163,0.842661239796246,0.7975460122699386,0.8716263273619551,0.8496732026143791,25.387728451998555,,5.104905695989146,,,3869527040,4072669184,5633605632
joint_neural_hef_jina,amazon_google,p10_seed20260726,0.1,20260726,163,0.8414191811062798,0.7914110429447853,0.8703415749571037,0.8431372549019608,25.601697311998578,,5.165991468005814,,,3893137408,4072669184,5635678208
joint_neural_hef_jina,amazon_google,p10_seed20260727,0.1,20260727,163,0.9026148422794134,0.8588957055214724,0.9336407358532695,0.9150326797385621,25.75137893098872,,5.284348259010585,,,3893137408,4072669184,5635682304
joint_neural_hef_jina,amazon_google,p30_seed20260725,0.3,20260725,163,0.573724300191074,0.5153374233128835,0.5934451248935699,0.5490196078431373,22.040215102009824,,3.836400329018943,,,3845916672,4072669184,5636202496
joint_neural_hef_jina,amazon_google,p30_seed20260726,0.3,20260726,163,0.5557329036790026,0.50920245398773,0.5748353038583444,0.5424836601307189,22.16383162200509,,3.9108461249852553,,,3893137408,4072669184,5636202496
joint_neural_hef_jina,amazon_google,p30_seed20260727,0.3,20260727,163,0.5532429284108727,0.49079754601226994,0.5722597398052179,0.5228758169934641,22.27919437199307,,3.8936425850115484,,,3893137408,4072669184,5636202496
joint_neural_hef_jina,amazon_google,p50_seed20260725,0.5,20260725,163,0.4036928719644165,0.34355828220858897,0.41756914730957095,0.36601307189542487,18.594845123006962,,2.954814850992989,,,3845916672,4072669184,5637439488
joint_neural_hef_jina,amazon_google,p50_seed20260726,0.5,20260726,163,0.3659752760311508,0.31901840490797545,0.3785550713468699,0.3398692810457516,19.09796743199695,,3.0350189660093747,,,3845916672,4072669184,5641363456
joint_neural_hef_jina,amazon_google,p50_seed20260727,0.5,20260727,163,0.4058701820938998,0.3619631901840491,0.4198212988766092,0.38562091503267976,18.770578492010827,,2.9558102120063268,,,3822306304,4072669184,5641363456
joint_neural_hef_jina,amazon_google,p70_seed20260725,0.7,20260725,163,0.24529320642148625,0.17791411042944785,0.25372475502931097,0.1895424836601307,15.176340535996133,,2.2715233430062653,,,3822306304,4072669184,5641363456
joint_neural_hef_jina,amazon_google,p70_seed20260726,0.7,20260726,163,0.22088436573947823,0.15950920245398773,0.22847690078604938,0.1699346405228758,15.141058706009062,,2.2382901969976956,,,3798695936,4072669184,5641363456
joint_neural_hef_jina,amazon_google,p70_seed20260727,0.7,20260727,163,0.1933783796115248,0.13496932515337423,0.2000254418403715,0.1437908496732026,15.312729497993132,,2.2214896700024838,,,3798695936,4072669184,5641363456
joint_neural_hef_jina,link_lives_release2,p00_seed20260725,0.0,20260725,3250,0.85997798729536,0.7892307692307692,1.0,1.0,1351.1242972649925,,145.7088020839874,,,4798460928,5186256896,6908452864
joint_neural_hef_jina,link_lives_release2,p10_seed20260725,0.1,20260725,3250,0.6914172028026905,0.6009230769230769,0.8039940707984922,0.7614035087719299,1286.1858066749992,,132.86757181301073,,,4798460928,5186256896,6898171904
joint_neural_hef_jina,link_lives_release2,p10_seed20260726,0.1,20260726,3250,0.6903125410915537,0.6009230769230769,0.8027095475578323,0.7614035087719299,1269.2828881869937,,132.4593842260074,,,4798460928,5186256896,6908514304
joint_neural_hef_jina,link_lives_release2,p10_seed20260727,0.1,20260727,3250,0.6927251231360869,0.6006153846153847,0.8055149473240761,0.7610136452241717,1288.3919162319944,,133.21928244200535,,,4751648768,5186256896,6908694528
joint_neural_hef_jina,link_lives_release2,p30_seed20260725,0.3,20260725,3250,0.4391435341249955,0.3483076923076923,0.5106450869819431,0.44132553606237823,1081.902949433992,,114.60942872699525,,,4660383744,5186256896,6814584832
joint_neural_hef_jina,link_lives_release2,p30_seed20260726,0.3,20260726,3250,0.4444769210354852,0.35384615384615387,0.5168468584101436,0.4483430799220273,1094.7772018100077,,117.54360487000667,,,4615930880,5186256896,6807957504
joint_neural_hef_jina,link_lives_release2,p30_seed20260727,0.3,20260727,3250,0.4399946557432427,0.34892307692307695,0.5116347886148,0.4421052631578948,1082.4811633049976,,114.18026546001784,,,4615930880,5186256896,6810062848
joint_neural_hef_jina,link_lives_release2,p50_seed20260725,0.5,20260725,3250,0.25092916141665167,0.17323076923076924,0.29178556326287675,0.21949317738791427,882.9458918970049,,99.98135834600544,,,4445983744,5186256896,6705717248
joint_neural_hef_jina,link_lives_release2,p50_seed20260726,0.5,20260726,3250,0.26228063146171987,0.18553846153846154,0.30498528489850685,0.23508771929824562,874.427261039993,,96.24212084499595,,,4487290880,5186256896,6708105216
joint_neural_hef_jina,link_lives_release2,p50_seed20260727,0.5,20260727,3250,0.2552021359061854,0.17846153846153845,0.296754265430443,0.22612085769980506,875.5875075529912,,97.54489720999845,,,4529384448,5186256896,6712963072
joint_neural_hef_jina,link_lives_release2,p70_seed20260725,0.7,20260725,3250,0.1410075802979524,0.08123076923076923,0.16396649958613796,0.10292397660818714,651.4924730259954,,80.38551276399812,,,4214656000,5186256896,6591479808
joint_neural_hef_jina,link_lives_release2,p70_seed20260726,0.7,20260726,3250,0.13890253449154322,0.08123076923076923,0.1615187092502137,0.10292397660818714,647.8106511450023,,80.19507630699081,,,4178853888,5186256896,6600974336
joint_neural_hef_jina,link_lives_release2,p70_seed20260727,0.7,20260727,3250,0.1385171231577282,0.08276923076923078,0.16107054506518945,0.10487329434697858,645.1226306570024,,80.83323285501683,,,4214656000,5188354048,6598369280
joint_neural_hef_jina,walmart_amazon,p00_seed20260725,0.0,20260725,131,0.9640036851803107,0.9465648854961832,1.0,1.0,32.09817900598864,,6.967312366003171,,,4143835648,4387241984,5621272576
joint_neural_hef_jina,walmart_amazon,p10_seed20260725,0.1,20260725,131,0.9073882224645583,0.8625954198473282,0.9412704914036062,0.9112903225806451,29.422708206999232,,6.023772575994371,,,4109606400,4387241984,5631799296
joint_neural_hef_jina,walmart_amazon,p10_seed20260726,0.1,20260726,131,0.930386635860021,0.9007633587786259,0.9651276755088319,0.9516129032258064,29.4372365349991,,5.987565707997419,,,4143835648,4387241984,5633581056
joint_neural_hef_jina,walmart_amazon,p10_seed20260727,0.1,20260727,131,0.9175855244557534,0.8778625954198473,0.9518485650644841,0.9274193548387096,29.20105584000703,,5.921609412995167,,,4109606400,4387241984,5633581056
joint_neural_hef_jina,walmart_amazon,p30_seed20260725,0.3,20260725,131,0.7358582893792349,0.6717557251908397,0.7633355563797428,0.7096774193548387,25.239068643000792,,4.459918508990086,,,4109606400,4387241984,5632536576
joint_neural_hef_jina,walmart_amazon,p30_seed20260726,0.3,20260726,131,0.7476538595421192,0.6793893129770993,0.7755715782375617,0.717741935483871,25.504034529003548,,4.510450882007717,,,4058409984,4387241984,5632536576
joint_neural_hef_jina,walmart_amazon,p30_seed20260727,0.3,20260727,131,0.6670263111677682,0.6106870229007634,0.6919333623117896,0.6451612903225806,25.009696041001007,,4.437023224003497,,,4034799616,4387241984,5633310720
joint_neural_hef_jina,walmart_amazon,p50_seed20260725,0.5,20260725,131,0.5381636239926078,0.48091603053435117,0.5582588866265047,0.5080645161290323,20.8589521709946,,3.242457264015684,,,4034799616,4387241984,5633519616
joint_neural_hef_jina,walmart_amazon,p50_seed20260726,0.5,20260726,131,0.5159673141954115,0.4351145038167939,0.5352337570150504,0.4596774193548387,21.013140242997906,,3.306853778005461,,,4034799616,4387241984,5633523712
joint_neural_hef_jina,walmart_amazon,p50_seed20260727,0.5,20260727,131,0.47071646939723205,0.40458015267175573,0.4882932260878106,0.4274193548387097,20.597986920998665,,3.1447559100051876,,,4034799616,4387241984,5633523712
joint_neural_hef_jina,walmart_amazon,p70_seed20260725,0.7,20260725,131,0.3379766768129441,0.26717557251908397,0.35059687219943325,0.282258064516129,16.38306241700775,,2.2731358480086783,,,3963968512,4387241984,5633941504
joint_neural_hef_jina,walmart_amazon,p70_seed20260726,0.7,20260726,131,0.3662021554386058,0.3053435114503817,0.3798763024127963,0.3225806451612903,16.86486689999583,,2.437405497999862,,,3987578880,4387241984,5634072576
joint_neural_hef_jina,walmart_amazon,p70_seed20260727,0.7,20260727,131,0.32060651077208463,0.25190839694656486,0.33257809664090365,0.2661290322580645,16.375265328999376,,2.288827277981909,,,3916747776,4387241984,5634072576
joint_neural_hef_jina,wdc_80_medium_seen,p00_seed20260725,0.0,20260725,500,0.8719768507332462,0.81,1.0,1.0,346.429623745993,,42.8021074749995,,,6027293184,6591348736,5802700800
joint_neural_hef_jina,wdc_80_medium_seen,p10_seed20260725,0.1,20260725,500,0.7674575689966694,0.678,0.8801352562872669,0.837037037037037,333.252879770007,,38.13041351099673,,,6027293184,6591348736,5814706176
joint_neural_hef_jina,wdc_80_medium_seen,p10_seed20260726,0.1,20260726,500,0.7680858613281714,0.678,0.8808557941444056,0.837037037037037,332.5877596670034,,37.91029043600429,,,6027293184,6591348736,5814685696
joint_neural_hef_jina,wdc_80_medium_seen,p10_seed20260727,0.1,20260727,500,0.7791061722996494,0.7,0.8934941009552011,0.8641975308641974,333.7900260489987,,37.690695173019776,,,6027293184,6591348736,5815730176
joint_neural_hef_jina,wdc_80_medium_seen,p30_seed20260725,0.3,20260725,500,0.5695240036227035,0.488,0.6531411965166165,0.6024691358024691,301.5784193009895,,27.976913438993506,,,6027293184,6591348736,5809610752
joint_neural_hef_jina,wdc_80_medium_seen,p30_seed20260726,0.3,20260726,500,0.5941550418256996,0.524,0.6813885498520678,0.6469135802469136,301.09131715599506,,28.459265291996417,,,6027293184,6591348736,5810647040
joint_neural_hef_jina,wdc_80_medium_seen,p30_seed20260727,0.3,20260727,500,0.5820874669427717,0.496,0.6675492204331959,0.6123456790123456,306.46571198700985,,28.865328867002972,,,6027293184,6591348736,5809614848
joint_neural_hef_jina,wdc_80_medium_seen,p50_seed20260725,0.5,20260725,500,0.39438702856388663,0.32,0.4522907095896482,0.3950617283950617,264.6750347920024,,19.74097861298651,,,6027293184,6591348736,5804371968
joint_neural_hef_jina,wdc_80_medium_seen,p50_seed20260726,0.5,20260726,500,0.39715942363899526,0.328,0.4554701461455353,0.4049382716049383,265.4240470329969,,20.060971398997935,,,6027293184,6591348736,5804154880
joint_neural_hef_jina,wdc_80_medium_seen,p50_seed20260727,0.5,20260727,500,0.3874225389813148,0.314,0.4443036975758368,0.3876543209876543,275.47983007399307,,21.147537088996614,,,6027293184,6591348736,5804154880
joint_neural_hef_jina,wdc_80_medium_seen,p70_seed20260725,0.7,20260725,500,0.26926687340339006,0.192,0.3088004838396378,0.23703703703703702,227.48344038099458,,13.697069684989401,,,6027293184,6591348736,5804285952
joint_neural_hef_jina,wdc_80_medium_seen,p70_seed20260726,0.7,20260726,500,0.2895245975928289,0.21,0.3320324356654278,0.25925925925925924,207.06631227600155,,13.270747620001202,,,6027293184,6591348736,5804285952
joint_neural_hef_jina,wdc_80_medium_seen,p70_seed20260727,0.7,20260727,500,0.24171522004876186,0.162,0.27720371228376456,0.19999999999999998,231.35135882699979,,13.863424084003782,,,6027293184,6591348736,5804285952
joint_neural_hef_jina,wdc_80_medium_unseen,p00_seed20260725,0.0,20260725,500,0.8750751576201576,0.812,1.0,1.0,368.73729517099855,,44.537236721022055,,,6027293184,6591348736,5826613248
joint_neural_hef_jina,wdc_80_medium_unseen,p10_seed20260725,0.1,20260725,500,0.8176905572776102,0.75,0.9344232322871445,0.9236453201970443,351.3424283530039,,39.357217216005665,,,6027293184,6591348736,5835440128
joint_neural_hef_jina,wdc_80_medium_unseen,p10_seed20260726,0.1,20260726,500,0.794449940217089,0.712,0.9078648082956259,0.876847290640394,345.46227581800485,,37.595589504009695,,,6027293184,6591348736,5834940416
joint_neural_hef_jina,wdc_80_medium_unseen,p10_seed20260727,0.1,20260727,500,0.7965610655468732,0.722,0.9102773157373016,0.8891625615763545,353.8995366040035,,39.71183759601263,,,6027293184,6591348736,5835321344
joint_neural_hef_jina,wdc_80_medium_unseen,p30_seed20260725,0.3,20260725,500,0.6301730147792176,0.54,0.7201358755207123,0.6650246305418719,316.20794690000184,,29.58007751002151,,,6027293184,6591348736,5831188480
joint_neural_hef_jina,wdc_80_medium_unseen,p30_seed20260726,0.3,20260726,500,0.6157079362732989,0.536,0.7036057770715028,0.6600985221674877,312.9878112620063,,29.08833791500365,,,6027293184,6591348736,5831131136
joint_neural_hef_jina,wdc_80_medium_unseen,p30_seed20260727,0.3,20260727,500,0.6403309657967586,0.56,0.7317439653277256,0.6896551724137931,318.25115973599895,,30.509685210010502,,,6027293184,6591348736,5832183808
joint_neural_hef_jina,wdc_80_medium_unseen,p50_seed20260725,0.5,20260725,500,0.42585861336708775,0.35,0.4866537572901132,0.4310344827586206,280.39193659700686,,21.510191968016443,,,6027293184,6591348736,5830168576
joint_neural_hef_jina,wdc_80_medium_unseen,p50_seed20260726,0.5,20260726,500,0.45152367379564284,0.37,0.5159827357270664,0.4556650246305418,273.7773783199955,,20.76582726702327,,,6027293184,6591348736,5830168576
joint_neural_hef_jina,wdc_80_medium_unseen,p50_seed20260727,0.5,20260727,500,0.4641795425118736,0.394,0.5304453434311287,0.48522167487684725,280.24253574199975,,21.556368616002146,,,6027293184,6591348736,5829136384
joint_neural_hef_jina,wdc_80_medium_unseen,p70_seed20260725,0.7,20260725,500,0.2988822471147876,0.212,0.3415503737160402,0.2610837438423645,241.81960678800533,,14.575755372992717,,,6027293184,6591348736,5829136384
joint_neural_hef_jina,wdc_80_medium_unseen,p70_seed20260726,0.7,20260726,500,0.31638480378771655,0.236,0.3615515776360882,0.29064039408866993,231.91135576899978,,14.179882615993847,,,6027293184,6591348736,5829136384
joint_neural_hef_jina,wdc_80_medium_unseen,p70_seed20260727,0.7,20260727,500,0.318558865223173,0.252,0.36403600587807944,0.31034482758620685,240.9520865319937,,15.110944721003762,,,6027293184,6591348736,5829136384
joint_neural_hef_roberta,abt_buy,p00_seed20260725,0.0,20260725,154,0.9800275482093664,0.9675324675324676,1.0,1.0,75.03392867499497,,8.959000548013137,,,6090400768,6532628480,5791170560
joint_neural_hef_roberta,abt_buy,p10_seed20260725,0.1,20260725,154,0.8771240934390284,0.8441558441558441,0.8949994263341315,0.8724832214765099,71.08526415500091,,7.957621609981288,,,6090400768,6532628480,5801652224
joint_neural_hef_roberta,abt_buy,p10_seed20260726,0.1,20260726,154,0.8721917158736772,0.8311688311688312,0.8899665294789735,0.8590604026845637,69.94915350900555,,7.513535370002501,,,6090400768,6532628480,5801902080
joint_neural_hef_roberta,abt_buy,p10_seed20260727,0.1,20260727,154,0.8758637179408096,0.8441558441558441,0.8937133650386898,0.8724832214765099,70.9424057439901,,7.872949297990999,,,6090400768,6532628480,5803999232
joint_neural_hef_roberta,abt_buy,p30_seed20260725,0.3,20260725,154,0.7114631494724685,0.6753246753246753,0.7259623984778807,0.697986577181208,62.88238308399741,,5.8875411409972,,,6090400768,6532628480,5802967040
joint_neural_hef_roberta,abt_buy,p30_seed20260726,0.3,20260726,154,0.6406748263182998,0.6038961038961039,0.6537314461097479,0.6241610738255033,62.02588759099308,,5.58046760999423,,,6090400768,6532628480,5803106304
joint_neural_hef_roberta,abt_buy,p30_seed20260727,0.3,20260727,154,0.6682318436922094,0.6298701298701299,0.6818500611673142,0.651006711409396,61.91246514998784,,5.778217979008332,,,6090400768,6532628480,5803167744
joint_neural_hef_roberta,abt_buy,p50_seed20260725,0.5,20260725,154,0.4758558169269148,0.43506493506493504,0.4855535110174844,0.4496644295302013,53.950718773994595,,4.171494890004396,,,6090400768,6532628480,5803171840
joint_neural_hef_roberta,abt_buy,p50_seed20260726,0.5,20260726,154,0.4110633787920648,0.35714285714285715,0.4194406366873352,0.36912751677852346,53.01228818499658,,4.068674832000397,,,6090400768,6532628480,5803175936
joint_neural_hef_roberta,abt_buy,p50_seed20260727,0.5,20260727,154,0.42016638100602033,0.37012987012987014,0.42872915335259415,0.3825503355704698,52.146584508998785,,4.078528104015277,,,5921686528,6532628480,5803175936
joint_neural_hef_roberta,abt_buy,p70_seed20260725,0.7,20260725,154,0.26169273767605167,0.2077922077922078,0.26702589958230993,0.21476510067114093,42.66611604500213,,2.959646107017761,,,5988975616,6532628480,5803175936
joint_neural_hef_roberta,abt_buy,p70_seed20260726,0.7,20260726,154,0.23181138690393316,0.18181818181818182,0.236535582420598,0.18791946308724833,39.36773438799719,,2.6716247139993357,,,5988975616,6532628480,5803532288
joint_neural_hef_roberta,abt_buy,p70_seed20260727,0.7,20260727,154,0.24524445809731266,0.19480519480519481,0.25024241261932395,0.20134228187919462,41.949499101989204,,2.776789012015797,,,5888140288,6532628480,5804515328
joint_neural_hef_roberta,amazon_google,p00_seed20260725,0.0,20260725,163,0.9437627811860939,0.901840490797546,1.0,1.0,40.89368593999825,,5.827739318992826,,,5360313344,5544869888,5783310336
joint_neural_hef_roberta,amazon_google,p10_seed20260725,0.1,20260725,163,0.817315259369371,0.7668711656441718,0.8660176854423023,0.8503401360544218,37.407427190002636,,5.051823795991368,,,5327881216,5544869888,5795749888
joint_neural_hef_roberta,amazon_google,p10_seed20260726,0.1,20260726,163,0.8000953054621324,0.7361963190184049,0.8477716237724437,0.8163265306122448,38.0428266730014,,5.185770671989303,,,5360313344,5544869888,5797965824
joint_neural_hef_roberta,amazon_google,p10_seed20260727,0.1,20260727,163,0.8907388270299081,0.852760736196319,0.9438164386080719,0.945578231292517,38.265867552006966,,5.309078050995595,,,5360313344,5544869888,5797965824
joint_neural_hef_roberta,amazon_google,p30_seed20260725,0.3,20260725,163,0.5509457455837278,0.4785276073619632,0.5837756654180778,0.5306122448979592,33.30412165900634,,3.8480764320120215,,,5327881216,5544869888,5797965824
joint_neural_hef_roberta,amazon_google,p30_seed20260726,0.3,20260726,163,0.5236033648652435,0.4601226993865031,0.5548039987412874,0.5102040816326531,33.2859128699929,,3.8889265329926275,,,5360313344,5544869888,5797965824
joint_neural_hef_roberta,amazon_google,p30_seed20260727,0.3,20260727,163,0.5389456688901368,0.4785276073619632,0.5710605245661473,0.5306122448979592,33.80457163300889,,3.879404544000863,,,5360313344,5544869888,5797965824
joint_neural_hef_roberta,amazon_google,p50_seed20260725,0.5,20260725,163,0.3733371299010928,0.3067484662576687,0.39558365443474414,0.3401360544217687,28.339063475010335,,2.9552970949735027,,,5263213568,5544869888,5798162432
joint_neural_hef_roberta,amazon_google,p50_seed20260726,0.5,20260726,163,0.3841400561435549,0.32515337423312884,0.4070303086764862,0.36054421768707484,29.306439747000695,,3.0233699920063373,,,5295514624,5544869888,5798166528
joint_neural_hef_roberta,amazon_google,p50_seed20260727,0.5,20260727,163,0.40331518480063083,0.34355828220858897,0.42734805063382125,0.380952380952381,28.663556854007766,,2.938216539012501,,,5263213568,5544869888,5798166528
joint_neural_hef_roberta,amazon_google,p70_seed20260725,0.7,20260725,163,0.34497542917953083,0.26380368098159507,0.36553192820973046,0.2925170068027211,23.68154123100976,,2.2901401259732665,,,5263213568,5544869888,5798166528
joint_neural_hef_roberta,amazon_google,p70_seed20260726,0.7,20260726,163,0.37029799380859635,0.3006134969325153,0.39236342139199054,0.3333333333333333,23.91061408999667,,2.2488520629849518,,,5230978048,5544869888,5798166528
joint_neural_hef_roberta,amazon_google,p70_seed20260727,0.7,20260727,163,0.3397747695238937,0.25766871165644173,0.3600213700914064,0.2857142857142857,23.62560930599284,,2.2223381970106857,,,5230978048,5544869888,5799079936
joint_neural_hef_roberta,link_lives_release2,p00_seed20260725,0.0,20260725,3250,0.8040811847246416,0.7009230769230769,1.0,1.0,2061.0598347449995,,142.48171834700042,,,6363753984,7014973440,7066238976
joint_neural_hef_roberta,link_lives_release2,p10_seed20260725,0.1,20260725,3250,0.682243428391555,0.5704615384615385,0.848475802384544,0.81387181738367,1970.3999273980007,,131.97012998801074,,,6363753984,7014973440,7051177984
joint_neural_hef_roberta,link_lives_release2,p10_seed20260726,0.1,20260726,3250,0.677792012127545,0.5701538461538461,0.8429397739976412,0.8134328358208955,1960.5603333190084,,131.4457766560081,,,6363753984,7014973440,7058661376
joint_neural_hef_roberta,link_lives_release2,p10_seed20260727,0.1,20260727,3250,0.6760117100832841,0.5636923076923077,0.840725691541688,0.804214223002634,1970.129557887005,,131.3684395570017,,,6260755968,7014973440,7072636928
joint_neural_hef_roberta,link_lives_release2,p30_seed20260725,0.3,20260725,3250,0.44749746064112733,0.34184615384615386,0.5565326849357547,0.48770851624231787,1678.5260073210084,,113.01450402100454,,,6192418304,7014973440,6964068352
joint_neural_hef_roberta,link_lives_release2,p30_seed20260726,0.3,20260726,3250,0.4609030310381996,0.35784615384615387,0.5732045964936193,0.5105355575065847,1688.0008362980006,,113.06359433599573,,,6124342784,7014973440,6983794688
joint_neural_hef_roberta,link_lives_release2,p30_seed20260727,0.3,20260727,3250,0.4472538610878454,0.3433846153846154,0.5562297310078309,0.4899034240561897,1676.4497376340005,,113.82436410499213,,,6192418304,7014973440,6984077312
joint_neural_hef_roberta,link_lives_release2,p50_seed20260725,0.5,20260725,3250,0.26943714200960023,0.184,0.335086987642758,0.26251097453906935,1383.1584384779999,,96.28506937099155,,,6022721024,7014973440,6862426112
joint_neural_hef_roberta,link_lives_release2,p50_seed20260726,0.5,20260726,3250,0.2754996502446847,0.19538461538461538,0.3426266594448791,0.2787532923617208,1391.121386194005,,95.88187369699881,,,6022721024,7014973440,6867353600
joint_neural_hef_roberta,link_lives_release2,p50_seed20260727,0.5,20260727,3250,0.27059275511400505,0.18984615384615386,0.3365241722534147,0.27085162423178233,1383.878166148992,,96.16984150599455,,,6022721024,7014973440,6853865472
joint_neural_hef_roberta,link_lives_release2,p70_seed20260725,0.7,20260725,3250,0.15132144380324458,0.08984615384615384,0.18819174814426823,0.12818261633011413,1050.214739759991,,80.080280529015,,,5787897344,7014973440,6760660992
joint_neural_hef_roberta,link_lives_release2,p70_seed20260726,0.7,20260726,3250,0.1486071977946642,0.08953846153846154,0.18481616112626098,0.12774363476733977,1042.2995160170103,,79.6694539180171,,,5721394688,7014973440,6759170048
joint_neural_hef_roberta,link_lives_release2,p70_seed20260727,0.7,20260727,3250,0.1563559297402491,0.09661538461538462,0.19445291434569922,0.13784021071115016,1036.3590680810012,,80.15525594998326,,,5821246976,7014973440,6761381888
joint_neural_hef_roberta,walmart_amazon,p00_seed20260725,0.0,20260725,131,0.9673228873710994,0.9465648854961832,1.0,1.0,46.79121067500091,,6.854694918001769,,,5655151616,5924454400,5785976832
joint_neural_hef_roberta,walmart_amazon,p10_seed20260725,0.1,20260725,131,0.8997940142978311,0.8549618320610687,0.9301899355893543,0.9032258064516129,43.08962947699183,,5.914830532987253,,,5622129664,5924454400,5795295232
joint_neural_hef_roberta,walmart_amazon,p10_seed20260726,0.1,20260726,131,0.9318157033805889,0.9007633587786259,0.9632933486283897,0.9516129032258064,43.58169464500679,,5.975466378993588,,,5655151616,5924454400,5797236736
joint_neural_hef_roberta,walmart_amazon,p10_seed20260727,0.1,20260727,131,0.9111740601861841,0.8778625954198473,0.9419544105510504,0.9274193548387096,43.480793793001794,,5.967853451991687,,,5655151616,5924454400,5799383040
joint_neural_hef_roberta,walmart_amazon,p30_seed20260725,0.3,20260725,131,0.7287908690723118,0.6717557251908397,0.7534101369739655,0.7096774193548387,37.99234691199672,,4.4636718339897925,,,5622129664,5924454400,5798363136
joint_neural_hef_roberta,walmart_amazon,p30_seed20260726,0.3,20260726,131,0.7572826312481161,0.7022900763358778,0.7828643787248628,0.7419354838709676,38.74587377801072,,4.472554654013948,,,5556282368,5924454400,5798371328
joint_neural_hef_roberta,walmart_amazon,p30_seed20260727,0.3,20260727,131,0.6650543719288374,0.5877862595419847,0.6875205586588162,0.6209677419354839,38.138817996994476,,4.4639952889992855,,,5556282368,5924454400,5798371328
joint_neural_hef_roberta,walmart_amazon,p50_seed20260725,0.5,20260725,131,0.46598513457302376,0.4122137404580153,0.4817265678882416,0.43548387096774194,32.04105348899611,,3.1579375290020835,,,5556282368,5924454400,5798371328
joint_neural_hef_roberta,walmart_amazon,p50_seed20260726,0.5,20260726,131,0.4846121355491451,0.42748091603053434,0.5009828071639855,0.45161290322580644,32.806417142011924,,3.281166653978289,,,5523457024,5924454400,5798707200
joint_neural_hef_roberta,walmart_amazon,p50_seed20260727,0.5,20260727,131,0.45449051130250573,0.3893129770992366,0.469843645008419,0.41129032258064513,32.282818360006786,,3.14697673698538,,,5556282368,5924454400,5798916096
joint_neural_hef_roberta,walmart_amazon,p70_seed20260725,0.7,20260725,131,0.2256432311632506,0.17557251908396945,0.23326568006313061,0.1854838709677419,25.93454950999876,,2.242326706997119,,,5458002944,5924454400,5798916096
joint_neural_hef_roberta,walmart_amazon,p70_seed20260726,0.7,20260726,131,0.302919941874878,0.24427480916030533,0.3131528735954194,0.25806451612903225,26.35541600000579,,2.324731880988111,,,5490697216,5924454400,5799079936
joint_neural_hef_roberta,walmart_amazon,p70_seed20260727,0.7,20260727,131,0.2079661901553203,0.15267175572519084,0.21499149133182568,0.16129032258064516,25.850719902999117,,2.199502947012661,,,5392811008,5924454400,5800022016
joint_neural_hef_roberta,wdc_80_medium_seen,p00_seed20260725,0.0,20260725,500,0.7773554780899886,0.684,1.0,1.0,524.2176036400051,,43.00522893000743,,,7029769216,8063549440,5955256320
joint_neural_hef_roberta,wdc_80_medium_seen,p10_seed20260725,0.1,20260725,500,0.6900323585948688,0.604,0.8876664255204347,0.8830409356725145,509.9897140559915,,38.050167267007055,,,7029769216,8063549440,5966159872
joint_neural_hef_roberta,wdc_80_medium_seen,p10_seed20260726,0.1,20260726,500,0.6809077302840771,0.588,0.875928387302435,0.8596491228070174,508.0753552029928,,37.751367398988805,,,7029769216,8063549440,5966053376
joint_neural_hef_roberta,wdc_80_medium_seen,p10_seed20260727,0.1,20260727,500,0.6745841113381023,0.57,0.8677936032503404,0.8333333333333331,509.3321365229931,,37.28454342101759,,,7029769216,8063549440,5967110144
joint_neural_hef_roberta,wdc_80_medium_seen,p30_seed20260725,0.3,20260725,500,0.526568474292134,0.46,0.6773844002308261,0.672514619883041,475.8445978999953,,27.446910808997927,,,7029769216,8063549440,5960818688
joint_neural_hef_roberta,wdc_80_medium_seen,p30_seed20260726,0.3,20260726,500,0.5185890672305109,0.436,0.6671195892318362,0.6374269005847952,471.40273663500557,,28.330080551997526,,,7029769216,8063549440,5967867904
joint_neural_hef_roberta,wdc_80_medium_seen,p30_seed20260727,0.3,20260727,500,0.5236089548099468,0.444,0.6735772366285847,0.6491228070175438,480.0607654469932,,28.545269647001987,,,7029769216,8063549440,5966819328
joint_neural_hef_roberta,wdc_80_medium_seen,p50_seed20260725,0.5,20260725,500,0.36339164854182787,0.292,0.467471650723687,0.42690058479532156,429.6800874000037,,19.88195638099569,,,7029769216,8063549440,5960560640
joint_neural_hef_roberta,wdc_80_medium_seen,p50_seed20260726,0.5,20260726,500,0.3431252120142853,0.268,0.4414006483331996,0.391812865497076,427.0408224730054,,19.442246680991957,,,7029769216,8063549440,5961580544
joint_neural_hef_roberta,wdc_80_medium_seen,p50_seed20260727,0.5,20260727,500,0.35246416541760206,0.282,0.45341439708333786,0.4122807017543859,442.36020035500405,,20.515714392982773,,,7029769216,8063549440,5961580544
joint_neural_hef_roberta,wdc_80_medium_seen,p70_seed20260725,0.7,20260725,500,0.2307861101099616,0.16,0.29688619507386454,0.23391812865497075,379.21272289499757,,13.091511999999057,,,7029769216,8063549440,5960531968
joint_neural_hef_roberta,wdc_80_medium_seen,p70_seed20260726,0.7,20260726,500,0.22663102120651274,0.158,0.29154103572198325,0.2309941520467836,338.2561043070018,,12.948997709012474,,,7029769216,8063549440,5960536064
joint_neural_hef_roberta,wdc_80_medium_seen,p70_seed20260727,0.7,20260727,500,0.20018310649250703,0.142,0.2575181009650431,0.2076023391812865,382.2635934410064,,13.19955897302134,,,7029769216,8063549440,5960536064
joint_neural_hef_roberta,wdc_80_medium_unseen,p00_seed20260725,0.0,20260725,500,0.7468635644708136,0.642,1.0,1.0,534.6617963260069,,44.51034397201147,,,7029769216,8063549440,5985157120
joint_neural_hef_roberta,wdc_80_medium_unseen,p10_seed20260725,0.1,20260725,500,0.6704741824491343,0.564,0.8977197634807575,0.8785046728971961,520.7465371139988,,39.98407400699216,,,7029769216,8063549440,5998276608
joint_neural_hef_roberta,wdc_80_medium_unseen,p10_seed20260726,0.1,20260726,500,0.6701150765163193,0.566,0.8972389448280637,0.8816199376947039,516.7356804680021,,38.13143069999933,,,7029769216,8063549440,5997699072
joint_neural_hef_roberta,wdc_80_medium_unseen,p10_seed20260727,0.1,20260727,500,0.6656878671879574,0.554,0.8913112097784917,0.8629283489096574,525.9726311249979,,39.817815123009495,,,7029769216,8063549440,5998002176
joint_neural_hef_roberta,wdc_80_medium_unseen,p30_seed20260725,0.3,20260725,500,0.5330218071623691,0.436,0.7136802925177359,0.6791277258566978,489.3380374380067,,29.671765897015575,,,7029769216,8063549440,5994852352
joint_neural_hef_roberta,wdc_80_medium_unseen,p30_seed20260726,0.3,20260726,500,0.5312084691067507,0.438,0.7112523550176608,0.6822429906542056,486.7557241320028,,28.90711269300664,,,7029769216,8063549440,5993807872
joint_neural_hef_roberta,wdc_80_medium_unseen,p30_seed20260727,0.3,20260727,500,0.536958175329867,0.442,0.7189508243186639,0.6884735202492211,489.08593775900954,,30.30267861399625,,,7029769216,8063549440,5994856448
joint_neural_hef_roberta,wdc_80_medium_unseen,p50_seed20260725,0.5,20260725,500,0.35334068598303575,0.264,0.473099375564523,0.411214953271028,448.47629325900925,,21.553154870009166,,,7029769216,8063549440,5988564992
joint_neural_hef_roberta,wdc_80_medium_unseen,p50_seed20260726,0.5,20260726,500,0.3852824614083043,0.308,0.515867261085757,0.4797507788161994,437.3185446409916,,20.713179825994303,,,7029769216,8063549440,5987520512
joint_neural_hef_roberta,wdc_80_medium_unseen,p50_seed20260727,0.5,20260727,500,0.39049740490714907,0.314,0.5228497191235109,0.48909657320872274,445.2722890940058,,21.642862894994323,,,7029769216,8063549440,5988970496
joint_neural_hef_roberta,wdc_80_medium_unseen,p70_seed20260725,0.7,20260725,500,0.23458001713349433,0.16,0.31408684034507,0.24922118380062305,397.61120202399616,,14.660460302999127,,,7029769216,8063549440,5987921920
joint_neural_hef_roberta,wdc_80_medium_unseen,p70_seed20260726,0.7,20260726,500,0.2163530362212966,0.152,0.2896821407730506,0.2367601246105919,382.5407101180026,,14.386238049002714,,,7029769216,8063549440,5987926016
joint_neural_hef_roberta,wdc_80_medium_unseen,p70_seed20260727,0.7,20260727,500,0.2399708813269148,0.172,0.32130484434187784,0.26791277258566976,395.81886319800105,,15.27605460198538,,,7029769216,8063549440,5987926016
official_ditto_mixda,abt_buy,p00_seed20260725,0.0,20260725,154,0.9636363636363636,0.948051948051948,1.0,1.0,23.96032463600568,,,,,3185610240,3676307456,1886445568
official_ditto_mixda,abt_buy,p10_seed20260725,0.1,20260725,154,0.9387614159789852,0.922077922077922,0.9741863750725318,0.9726027397260274,22.497070270997938,,,,,3185610240,3676307456,1893572608
official_ditto_mixda,abt_buy,p10_seed20260726,0.1,20260726,154,0.9091073608930753,0.8896103896103896,0.9434132990399838,0.9383561643835617,22.494265184999676,,,,,3185610240,3676307456,1894604800
official_ditto_mixda,abt_buy,p10_seed20260727,0.1,20260727,154,0.9131763103421933,0.9025974025974026,0.9476357937513327,0.952054794520548,22.638578986996436,,,,,3185610240,3676307456,1894662144
official_ditto_mixda,abt_buy,p30_seed20260725,0.3,20260725,154,0.7691486537503466,0.7337662337662337,0.7981731312503597,0.773972602739726,20.28916393799591,,,,,3185610240,3676307456,1893773312
official_ditto_mixda,abt_buy,p30_seed20260726,0.3,20260726,154,0.7226820217775889,0.6818181818181818,0.7499530414673092,0.7191780821917808,20.00451174900809,,,,,3185610240,3844079616,1893777408
official_ditto_mixda,abt_buy,p30_seed20260727,0.3,20260727,154,0.7754794923868996,0.7532467532467533,0.8047428694581034,0.7945205479452055,20.0626167159935,,,,,3185610240,3844079616,1893785600
official_ditto_mixda,abt_buy,p50_seed20260725,0.5,20260725,154,0.5545328128818783,0.474025974025974,0.5754585794057228,0.5,17.444469697002205,,,,,3185610240,3844079616,1893785600
official_ditto_mixda,abt_buy,p50_seed20260726,0.5,20260726,154,0.4755998745817385,0.4025974025974026,0.49354703966029473,0.4246575342465754,17.16184440300276,,,,,3185610240,3844079616,1893789696
official_ditto_mixda,abt_buy,p50_seed20260727,0.5,20260727,154,0.5242879416268059,0.4675324675324675,0.5440723922542325,0.4931506849315068,16.925296870002057,,,,,3091156480,3844079616,1893789696
official_ditto_mixda,abt_buy,p70_seed20260725,0.7,20260725,154,0.4429054374790948,0.35064935064935066,0.45961885021415494,0.36986301369863017,13.606512231999659,,,,,3185610240,3844079616,1894117376
official_ditto_mixda,abt_buy,p70_seed20260726,0.7,20260726,154,0.3642175713431986,0.2727272727272727,0.3779616306391684,0.2876712328767123,12.648906639005872,,,,,3138383360,3844079616,1894117376
official_ditto_mixda,abt_buy,p70_seed20260727,0.7,20260727,154,0.5267091578606162,0.4935064935064935,0.5465849751383753,0.5205479452054794,13.444236905997968,,,,,3067543040,3844079616,1894117376
official_ditto_mixda,amazon_google,p00_seed20260725,0.0,20260725,163,0.9433882309198081,0.901840490797546,1.0,1.0,11.450070400998811,,,,,2211555840,2436890624,1824964608
official_ditto_mixda,amazon_google,p10_seed20260725,0.1,20260725,163,0.8146517428957192,0.754601226993865,0.8635381661497196,0.836734693877551,10.502787025994621,,,,,2211555840,2436890624,1836355584
official_ditto_mixda,amazon_google,p10_seed20260726,0.1,20260726,163,0.8083965075584857,0.7423312883435583,0.8569075604963772,0.8231292517006803,10.498326576998807,,,,,2211555840,2436890624,1838256128
official_ditto_mixda,amazon_google,p10_seed20260727,0.1,20260727,163,0.8831289973701983,0.8282208588957055,0.9361246710796289,0.9183673469387755,10.600870302994736,,,,,2211555840,2436890624,1838260224
official_ditto_mixda,amazon_google,p30_seed20260725,0.3,20260725,163,0.5433422664280443,0.4785276073619632,0.5759476836999365,0.5306122448979592,9.336785445993883,,,,,2176135680,2436890624,1837215744
official_ditto_mixda,amazon_google,p30_seed20260726,0.3,20260726,163,0.5418299291463862,0.4723926380368098,0.5743445925948211,0.5238095238095238,9.264933910002583,,,,,2205652480,2436890624,1837215744
official_ditto_mixda,amazon_google,p30_seed20260727,0.3,20260727,163,0.5355546989771803,0.4785276073619632,0.5676927922399583,0.5306122448979592,9.503392615995836,,,,,2211555840,2436890624,1837215744
official_ditto_mixda,amazon_google,p50_seed20260725,0.5,20260725,163,0.36446562470941046,0.2883435582822086,0.3863368364835914,0.3197278911564626,7.947346876986558,,,,,2105295360,2436890624,1837215744
official_ditto_mixda,amazon_google,p50_seed20260726,0.5,20260726,163,0.3726480354668097,0.294478527607362,0.39501026539569617,0.326530612244898,8.188520593001158,,,,,2146618880,2436890624,1837215744
official_ditto_mixda,amazon_google,p50_seed20260727,0.5,20260727,163,0.3522359802467174,0.3067484662576687,0.3733733034842777,0.3401360544217687,7.979287873007706,,,,,2117102080,2436890624,1837219840
official_ditto_mixda,amazon_google,p70_seed20260725,0.7,20260725,163,0.1818098548501129,0.1165644171779141,0.192720079487156,0.12925170068027209,6.611183358007111,,,,,2105295360,2436890624,1837350912
official_ditto_mixda,amazon_google,p70_seed20260726,0.7,20260726,163,0.20608421694857948,0.1411042944785276,0.21845112138790027,0.15646258503401358,6.718241303009563,,,,,2075778560,2436890624,1837350912
official_ditto_mixda,amazon_google,p70_seed20260727,0.7,20260727,163,0.18017519046675598,0.12269938650306748,0.19098732055527584,0.13605442176870747,6.6090669260011055,,,,,2063971840,2436890624,1837350912
official_ditto_mixda,link_lives_release2,p00_seed20260725,0.0,20260725,3250,0.7572383711641358,0.680923076923077,1.0,1.0,569.9638487589982,,,,,3185610240,3697278976,2490589184
official_ditto_mixda,link_lives_release2,p10_seed20260725,0.1,20260725,3250,0.5512034198487781,0.43784615384615383,0.7279126901630577,0.6430185268865792,545.8772214199998,,,,,3185610240,3697278976,2671403008
official_ditto_mixda,link_lives_release2,p10_seed20260726,0.1,20260726,3250,0.5468418919724568,0.4366153846153846,0.7221529082470725,0.641211025756891,533.7478977349965,,,,,3185610240,3697278976,2528788480
official_ditto_mixda,link_lives_release2,p10_seed20260727,0.1,20260727,3250,0.5471767627942876,0.4409230769230769,0.722595134677458,0.6475372797107998,532.7172791529883,,,,,3144286720,3697278976,2578194432
official_ditto_mixda,link_lives_release2,p30_seed20260725,0.3,20260725,3250,0.36368666199972266,0.24984615384615386,0.48028028669573514,0.36692272932670583,457.6979807960015,,,,,3138383360,3697278976,2525839360
official_ditto_mixda,link_lives_release2,p30_seed20260726,0.3,20260726,3250,0.37102402777445787,0.26246153846153847,0.48996992479932877,0.3854496159060099,461.882687705991,,,,,3002606080,3697278976,2585759744
official_ditto_mixda,link_lives_release2,p30_seed20260727,0.3,20260727,3250,0.36441016536191245,0.2590769230769231,0.48123573664352043,0.3804789877993674,457.72682084399275,,,,,3061639680,3697278976,2525839360
official_ditto_mixda,link_lives_release2,p50_seed20260725,0.5,20260725,3250,0.24218787462352395,0.15384615384615385,0.3198304310057583,0.22593764121102575,374.84552493700176,,,,,2961282560,3697278976,2472300544
official_ditto_mixda,link_lives_release2,p50_seed20260726,0.5,20260726,3250,0.24103327920023626,0.15384615384615385,0.3183056860017344,0.22593764121102575,374.5613861469901,,,,,2896345600,3697278976,2471944192
official_ditto_mixda,link_lives_release2,p50_seed20260727,0.5,20260727,3250,0.2392260103434585,0.1529230769230769,0.3159190282125902,0.22458201536375957,374.6473874450021,,,,,2919959040,3697278976,2473259008
official_ditto_mixda,link_lives_release2,p70_seed20260725,0.7,20260725,3250,0.13988682304820896,0.07846153846153846,0.18473287722220785,0.11522819701762313,270.756741788995,,,,,2648404480,3697278976,2368868352
official_ditto_mixda,link_lives_release2,p70_seed20260726,0.7,20260726,3250,0.13762867832382564,0.07476923076923077,0.18175079811690342,0.1098056936285585,270.9211308280064,,,,,2553950720,3697278976,2423345152
official_ditto_mixda,link_lives_release2,p70_seed20260727,0.7,20260727,3250,0.13553236646324207,0.07076923076923076,0.17898243356960664,0.10393131495707184,270.0129096449964,,,,,2666114560,3697278976,2369490944
official_ditto_mixda,walmart_amazon,p00_seed20260725,0.0,20260725,131,0.9693885419076259,0.9541984732824428,1.0,1.0,13.114805406003143,,,,,2601177600,3003121664,1835134976
official_ditto_mixda,walmart_amazon,p10_seed20260725,0.1,20260725,131,0.8980037562098631,0.8549618320610687,0.9263610176810144,0.8959999999999999,11.86948919898714,,,,,2565757440,3003121664,1844350976
official_ditto_mixda,walmart_amazon,p10_seed20260726,0.1,20260726,131,0.9386968516029406,0.916030534351145,0.9683391241201508,0.96,11.821815090996097,,,,,2601177600,3003121664,1845698560
official_ditto_mixda,walmart_amazon,p10_seed20260727,0.1,20260727,131,0.8932284353303155,0.8549618320610687,0.921434901193037,0.8959999999999999,11.916111257000011,,,,,2589370880,3003121664,1845825536
official_ditto_mixda,walmart_amazon,p30_seed20260725,0.3,20260725,131,0.7185883742581162,0.6793893129770993,0.7412800370468906,0.712,10.51968522000243,,,,,2565757440,3003121664,1844789248
official_ditto_mixda,walmart_amazon,p30_seed20260726,0.3,20260726,131,0.7721521263168438,0.7175572519083969,0.7965352311647429,0.7519999999999999,10.607896575995255,,,,,2483110400,3003121664,1844961280
official_ditto_mixda,walmart_amazon,p30_seed20260727,0.3,20260727,131,0.6726124322171538,0.6106870229007634,0.6938522616468555,0.64,10.382377521003946,,,,,2506723840,3003121664,1845837824
official_ditto_mixda,walmart_amazon,p50_seed20260725,0.5,20260725,131,0.47313064025137547,0.40458015267175573,0.48807121169424816,0.424,8.876380501998938,,,,,2465400320,3003121664,1845837824
official_ditto_mixda,walmart_amazon,p50_seed20260726,0.5,20260726,131,0.5391786915201731,0.48091603053435117,0.5562049355969714,0.504,9.038837022002554,,,,,2483110400,3003121664,1845850112
official_ditto_mixda,walmart_amazon,p50_seed20260727,0.5,20260727,131,0.5042126547582984,0.45038167938931295,0.5201347374769624,0.472,8.861442359993816,,,,,2506723840,3003121664,1845850112
official_ditto_mixda,walmart_amazon,p70_seed20260725,0.7,20260725,131,0.34544020659745606,0.2748091603053435,0.35634855546948835,0.288,7.129283742004191,,,,,2394560000,3003121664,1845850112
official_ditto_mixda,walmart_amazon,p70_seed20260726,0.7,20260726,131,0.33132813847562875,0.2748091603053435,0.3417908549069702,0.288,7.222686316992622,,,,,2447690240,3003121664,1845850112
official_ditto_mixda,walmart_amazon,p70_seed20260727,0.7,20260727,131,0.26269140710057687,0.19083969465648856,0.2709867052726202,0.2,7.151128384008189,,,,,2329623040,3003121664,1846046720
official_ditto_mixda,wdc_80_medium_seen,p00_seed20260725,0.0,20260725,500,0.8287919330799464,0.76,1.0,1.0,115.54449552200094,,,,,3185610240,3927965696,1924870144
official_ditto_mixda,wdc_80_medium_seen,p10_seed20260725,0.1,20260725,500,0.7389220022404492,0.662,0.8915651477138253,0.8710526315789474,115.57505249899987,,,,,3185610240,3927965696,1943621632
official_ditto_mixda,wdc_80_medium_seen,p10_seed20260726,0.1,20260726,500,0.7233200528113155,0.636,0.8727402185531927,0.8368421052631579,115.31557136500487,,,,,3185610240,3927965696,1946173440
official_ditto_mixda,wdc_80_medium_seen,p10_seed20260727,0.1,20260727,500,0.7329998467715368,0.654,0.8844196203111822,0.8605263157894737,114.09854402199562,,,,,3185610240,3927965696,1946288128
official_ditto_mixda,wdc_80_medium_seen,p30_seed20260725,0.3,20260725,500,0.5667607392413254,0.492,0.6838395942575552,0.6473684210526316,100.60390423500212,,,,,3185610240,3927965696,1943601152
official_ditto_mixda,wdc_80_medium_seen,p30_seed20260726,0.3,20260726,500,0.5715995338584117,0.498,0.6896779650523872,0.6552631578947369,101.4588017900096,,,,,3185610240,3927965696,1943924736
official_ditto_mixda,wdc_80_medium_seen,p30_seed20260727,0.3,20260727,500,0.5752013722085554,0.504,0.694023854782224,0.6631578947368421,103.836462139996,,,,,3185610240,3927965696,1944068096
official_ditto_mixda,wdc_80_medium_seen,p50_seed20260725,0.5,20260725,500,0.38053145214518463,0.314,0.45913990828923534,0.4131578947368421,88.01729519799119,,,,,3185610240,3927965696,1941164032
official_ditto_mixda,wdc_80_medium_seen,p50_seed20260726,0.5,20260726,500,0.3791377572690175,0.312,0.4574583102662093,0.4105263157894737,87.38345934600511,,,,,3185610240,3927965696,1941172224
official_ditto_mixda,wdc_80_medium_seen,p50_seed20260727,0.5,20260727,500,0.3840144889771431,0.318,0.46334245502375143,0.41842105263157897,90.85547487299482,,,,,3185610240,3927965696,1941172224
official_ditto_mixda,wdc_80_medium_seen,p70_seed20260725,0.7,20260725,500,0.2575130211879263,0.178,0.3107088895411416,0.23421052631578945,75.38182782199874,,,,,3185610240,3927965696,1937182720
official_ditto_mixda,wdc_80_medium_seen,p70_seed20260726,0.7,20260726,500,0.24376502001966935,0.16,0.2941208888385204,0.21052631578947367,74.55547596899851,,,,,3185610240,3927965696,1937047552
official_ditto_mixda,wdc_80_medium_seen,p70_seed20260727,0.7,20260727,500,0.22604421439527475,0.15,0.2727393998096145,0.19736842105263158,76.11401656499947,,,,,3185610240,3927965696,1937047552
official_ditto_mixda,wdc_80_medium_unseen,p00_seed20260725,0.0,20260725,500,0.8402833613720875,0.768,1.0,1.0,124.81792515299458,,,,,3185610240,3927965696,1933185024
official_ditto_mixda,wdc_80_medium_unseen,p10_seed20260725,0.1,20260725,500,0.7546170158755249,0.67,0.8980506464430295,0.8723958333333334,125.64789633599867,,,,,3185610240,3927965696,1951473664
official_ditto_mixda,wdc_80_medium_unseen,p10_seed20260726,0.1,20260726,500,0.7459521696741517,0.656,0.8877388318817789,0.8541666666666666,123.67465370199352,,,,,3185610240,3927965696,1953669120
official_ditto_mixda,wdc_80_medium_unseen,p10_seed20260727,0.1,20260727,500,0.7708196562752803,0.704,0.917332999449875,0.9166666666666666,126.93277750599373,,,,,3185610240,3927965696,1953787904
official_ditto_mixda,wdc_80_medium_unseen,p30_seed20260725,0.3,20260725,500,0.6192424509747186,0.542,0.7369447967689922,0.7057291666666667,107.95312970600207,,,,,3185610240,3927965696,1951830016
official_ditto_mixda,wdc_80_medium_unseen,p30_seed20260726,0.3,20260726,500,0.5817696614390954,0.498,0.6923493766306779,0.6484375,107.0750465279998,,,,,3185610240,3927965696,1951698944
official_ditto_mixda,wdc_80_medium_unseen,p30_seed20260727,0.3,20260727,500,0.614554397598032,0.54,0.7313656628813099,0.703125,110.97096551100549,,,,,3185610240,3927965696,1952751616
official_ditto_mixda,wdc_80_medium_unseen,p50_seed20260725,0.5,20260725,500,0.4094566853792676,0.34,0.4872840570241344,0.44270833333333337,93.78833159300848,,,,,3185610240,3927965696,1949642752
official_ditto_mixda,wdc_80_medium_unseen,p50_seed20260726,0.5,20260726,500,0.44750114106032074,0.384,0.5325598025999254,0.5,92.05269021700951,,,,,3185610240,3927965696,1948712960
official_ditto_mixda,wdc_80_medium_unseen,p50_seed20260727,0.5,20260727,500,0.44236699388327394,0.376,0.5264497837502563,0.4895833333333333,94.42088630699436,,,,,3185610240,3927965696,1949659136
official_ditto_mixda,wdc_80_medium_unseen,p70_seed20260725,0.7,20260725,500,0.27975508991522197,0.2,0.33292946495859876,0.2604166666666667,79.00200090900762,,,,,3185610240,3927965696,1945464832
official_ditto_mixda,wdc_80_medium_unseen,p70_seed20260726,0.7,20260726,500,0.26992790237731484,0.188,0.3212343773373701,0.24479166666666666,77.1874014470086,,,,,3185610240,3927965696,1945468928
official_ditto_mixda,wdc_80_medium_unseen,p70_seed20260727,0.7,20260727,500,0.2900208775226648,0.218,0.34514651944207675,0.2838541666666667,80.60613531600393,,,,,3185610240,3927965696,1945616384
official_ditto_plain,abt_buy,p00_seed20260725,0.0,20260725,154,0.984848484848485,0.974025974025974,1.0,1.0,24.034239795000758,,,,,3185610240,3676307456,1869041664
official_ditto_plain,abt_buy,p10_seed20260725,0.1,20260725,154,0.8970189037153322,0.8701298701298701,0.9108191945417218,0.8933333333333333,22.636475964987767,,,,,3185610240,3676307456,1877196800
official_ditto_plain,abt_buy,p10_seed20260726,0.1,20260726,154,0.8630891227341109,0.8376623376623377,0.8763674169300202,0.86,22.563156467003864,,,,,3185610240,3676307456,1878224896
official_ditto_plain,abt_buy,p10_seed20260727,0.1,20260727,154,0.8874118891438243,0.8636363636363636,0.9010643797460368,0.8866666666666667,22.713697933009826,,,,,3185610240,3676307456,1878265856
official_ditto_plain,abt_buy,p30_seed20260725,0.3,20260725,154,0.6902165559453208,0.6298701298701299,0.7008352721906334,0.6466666666666667,20.484737848993973,,,,,3185610240,3676307456,1877397504
official_ditto_plain,abt_buy,p30_seed20260726,0.3,20260726,154,0.6089649455901613,0.5584415584415584,0.6183336370607792,0.5733333333333333,20.196058575995266,,,,,3185610240,3844079616,1877442560
official_ditto_plain,abt_buy,p30_seed20260727,0.3,20260727,154,0.5701802895274994,0.5,0.5789522939817686,0.5133333333333333,20.36523829199723,,,,,3185610240,3844079616,1877442560
official_ditto_plain,abt_buy,p50_seed20260725,0.5,20260725,154,0.4208505825634635,0.34415584415584416,0.42732520691059367,0.35333333333333333,17.569673691003118,,,,,3185610240,3844079616,1877442560
official_ditto_plain,abt_buy,p50_seed20260726,0.5,20260726,154,0.3540073175320319,0.2792207792207792,0.35945358395560156,0.2866666666666666,17.338716500002192,,,,,3185610240,3844079616,1877446656
official_ditto_plain,abt_buy,p50_seed20260727,0.5,20260727,154,0.37153802569773037,0.2857142857142857,0.37725399532384923,0.29333333333333333,16.939643120000255,,,,,3091156480,3844079616,1877446656
official_ditto_plain,abt_buy,p70_seed20260725,0.7,20260725,154,0.2714872690048626,0.18181818181818182,0.27566399622032195,0.18666666666666668,13.688044615002582,,,,,3185610240,3844079616,1877774336
official_ditto_plain,abt_buy,p70_seed20260726,0.7,20260726,154,0.23511561835581332,0.13636363636363635,0.23873278171513349,0.13999999999999999,12.78121780899528,,,,,3138383360,3844079616,1877774336
official_ditto_plain,abt_buy,p70_seed20260727,0.7,20260727,154,0.28985773389845043,0.2012987012987013,0.2943170836507342,0.2066666666666667,13.522241264989134,,,,,3067543040,3844079616,1877774336
official_ditto_plain,amazon_google,p00_seed20260725,0.0,20260725,163,0.9470935097899036,0.9079754601226994,1.0,1.0,11.630591314999037,,,,,2211555840,2436890624,1853644800
official_ditto_plain,amazon_google,p10_seed20260725,0.1,20260725,163,0.8215123714278919,0.7791411042944786,0.8674036543763565,0.8581081081081082,10.782467542987433,,,,,2211555840,2436890624,1865433088
official_ditto_plain,amazon_google,p10_seed20260726,0.1,20260726,163,0.8023191285312763,0.754601226993865,0.8471382395063155,0.831081081081081,10.743574686988723,,,,,2211555840,2436890624,1866366976
official_ditto_plain,amazon_google,p10_seed20260727,0.1,20260727,163,0.8750312876984983,0.8282208588957055,0.9239122416672552,0.9121621621621622,10.756524452008307,,,,,2211555840,2436890624,1866854400
official_ditto_plain,amazon_google,p30_seed20260725,0.3,20260725,163,0.5544677868570361,0.5030674846625767,0.5854414385967392,0.5540540540540541,9.368457470991416,,,,,2176135680,2436890624,1865826304
official_ditto_plain,amazon_google,p30_seed20260726,0.3,20260726,163,0.5098812687434623,0.44785276073619634,0.5383642306413552,0.49324324324324326,9.251322800002526,,,,,2205652480,2436890624,1865826304
official_ditto_plain,amazon_google,p30_seed20260727,0.3,20260727,163,0.5400724676605735,0.49079754601226994,0.5702419688002922,0.5405405405405406,9.496487850003177,,,,,2211555840,2436890624,1865826304
official_ditto_plain,amazon_google,p50_seed20260725,0.5,20260725,163,0.38646152827955144,0.31901840490797545,0.4080500228169458,0.35135135135135137,7.947655490992474,,,,,2105295360,2436890624,1865826304
official_ditto_plain,amazon_google,p50_seed20260726,0.5,20260726,163,0.3749523253780799,0.3067484662576687,0.3958978933994138,0.33783783783783783,8.193935011004214,,,,,2146618880,2436890624,1865826304
official_ditto_plain,amazon_google,p50_seed20260727,0.5,20260727,163,0.39581457278061677,0.3312883435582822,0.41792554662149617,0.36486486486486486,7.975687869999092,,,,,2117102080,2436890624,1865830400
official_ditto_plain,amazon_google,p70_seed20260725,0.7,20260725,163,0.2970774987240352,0.19631901840490798,0.31367282707906713,0.21621621621621623,6.6727757419866975,,,,,2105295360,2436890624,1865961472
official_ditto_plain,amazon_google,p70_seed20260726,0.7,20260726,163,0.3412244800618049,0.25766871165644173,0.3602859448772906,0.2837837837837838,6.739823191994219,,,,,2075778560,2436890624,1865961472
official_ditto_plain,amazon_google,p70_seed20260727,0.7,20260727,163,0.25589400242864635,0.15337423312883436,0.2701887403762402,0.16891891891891891,6.654707912995946,,,,,2063971840,2436890624,1865961472
official_ditto_plain,link_lives_release2,p00_seed20260725,0.0,20260725,3250,0.6475533736166765,0.5086153846153846,1.0,1.0,577.6049977330113,,,,,3185610240,3697278976,2481242112
official_ditto_plain,link_lives_release2,p10_seed20260725,0.1,20260725,3250,0.5622896987667504,0.4421538461538462,0.8683295025185082,0.869328493647913,551.891582612996,,,,,3185610240,3697278976,2557890560
official_ditto_plain,link_lives_release2,p10_seed20260726,0.1,20260726,3250,0.5557782095188214,0.43538461538461537,0.8582739773475692,0.8560193587416818,545.1914740320062,,,,,3185610240,3697278976,2519191552
official_ditto_plain,link_lives_release2,p10_seed20260727,0.1,20260727,3250,0.5613752049506601,0.4443076923076923,0.8669172732670679,0.8735632183908046,545.1969709279947,,,,,3144286720,3697278976,2623123456
official_ditto_plain,link_lives_release2,p30_seed20260725,0.3,20260725,3250,0.3919542861512166,0.30153846153846153,0.6052849110523459,0.5928614640048397,468.92033506899315,,,,,3138383360,3697278976,2466963456
official_ditto_plain,link_lives_release2,p30_seed20260726,0.3,20260726,3250,0.39233927858405987,0.30123076923076925,0.6058794449526066,0.5922565033272837,472.6381582710019,,,,,3002606080,3697278976,2571104256
official_ditto_plain,link_lives_release2,p30_seed20260727,0.3,20260727,3250,0.3817869699225637,0.2913846153846154,0.5895837864147474,0.5728977616454931,467.7326876820007,,,,,3061639680,3697278976,2467098624
official_ditto_plain,link_lives_release2,p50_seed20260725,0.5,20260725,3250,0.22411155260096624,0.15815384615384614,0.3460896996787643,0.31094978826376285,383.9032078780001,,,,,2961282560,3697278976,2517516288
official_ditto_plain,link_lives_release2,p50_seed20260726,0.5,20260726,3250,0.2314958841301224,0.16738461538461538,0.35749313270840577,0.32909860859044165,383.74673481499485,,,,,2896345600,3697278976,2413170688
official_ditto_plain,link_lives_release2,p50_seed20260727,0.5,20260727,3250,0.22568526041186848,0.16092307692307692,0.34851993612724863,0.3163944343617665,383.47035609600425,,,,,2919959040,3697278976,2518421504
official_ditto_plain,link_lives_release2,p70_seed20260725,0.7,20260725,3250,0.11141984155295859,0.06,0.17206279218446988,0.11796733212341198,277.6596806969901,,,,,2648404480,3697278976,2359468032
official_ditto_plain,link_lives_release2,p70_seed20260726,0.7,20260726,3250,0.1088945997231911,0.059076923076923075,0.1681631262532067,0.11615245009074411,278.16407225700095,,,,,2553950720,3697278976,2463354880
official_ditto_plain,link_lives_release2,p70_seed20260727,0.7,20260727,3250,0.11415495456666605,0.064,0.17628655678078642,0.12583182093163944,276.3311443810089,,,,,2666114560,3697278976,2360094720
official_ditto_plain,walmart_amazon,p00_seed20260725,0.0,20260725,131,0.9664909105217596,0.9541984732824428,1.0,1.0,12.868024695999338,,,,,2601177600,3003121664,1824829440
official_ditto_plain,walmart_amazon,p10_seed20260725,0.1,20260725,131,0.8958682379961006,0.8549618320610687,0.9269287773358019,0.8959999999999999,11.769510864003678,,,,,2565757440,3003121664,1835245568
official_ditto_plain,walmart_amazon,p10_seed20260726,0.1,20260726,131,0.9053110249054758,0.8778625954198473,0.9366989539681694,0.92,11.839288517003297,,,,,2601177600,3003121664,1836437504
official_ditto_plain,walmart_amazon,p10_seed20260727,0.1,20260727,131,0.8795316526014372,0.8549618320610687,0.9100257881645493,0.8959999999999999,11.814505818998441,,,,,2589370880,3003121664,1836560384
official_ditto_plain,walmart_amazon,p30_seed20260725,0.3,20260725,131,0.668832596717319,0.6106870229007634,0.6920216107943012,0.64,10.444238950003637,,,,,2565757440,3003121664,1835581440
official_ditto_plain,walmart_amazon,p30_seed20260726,0.3,20260726,131,0.7537511651549089,0.7099236641221374,0.77988438064875,0.7439999999999999,10.549034408002626,,,,,2483110400,3003121664,1835737088
official_ditto_plain,walmart_amazon,p30_seed20260727,0.3,20260727,131,0.6024277940088091,0.5572519083969466,0.6233144952016039,0.5840000000000001,10.328911367003457,,,,,2506723840,3003121664,1836580864
official_ditto_plain,walmart_amazon,p50_seed20260725,0.5,20260725,131,0.41618212079961414,0.3511450381679389,0.43061152077978515,0.36799999999999994,8.80702420300804,,,,,2465400320,3003121664,1836580864
official_ditto_plain,walmart_amazon,p50_seed20260726,0.5,20260726,131,0.4882721266223713,0.4122137404580153,0.5052009504763763,0.432,8.967451888995129,,,,,2483110400,3003121664,1836593152
official_ditto_plain,walmart_amazon,p50_seed20260727,0.5,20260727,131,0.4282694778429705,0.366412213740458,0.4431179571174336,0.384,8.794374124991009,,,,,2506723840,3003121664,1836593152
official_ditto_plain,walmart_amazon,p70_seed20260725,0.7,20260725,131,0.30728919876838323,0.22137404580152673,0.31794318541753624,0.232,7.108294028003002,,,,,2394560000,3003121664,1836593152
official_ditto_plain,walmart_amazon,p70_seed20260726,0.7,20260726,131,0.3292358344382395,0.2900763358778626,0.3406507302386338,0.304,7.1656698629958555,,,,,2447690240,3003121664,1836593152
official_ditto_plain,walmart_amazon,p70_seed20260727,0.7,20260727,131,0.22783758187209058,0.17557251908396945,0.23573691112013934,0.18399999999999997,7.0849055830040015,,,,,2329623040,3003121664,1836789760
official_ditto_plain,wdc_80_medium_seen,p00_seed20260725,0.0,20260725,500,0.8221057777273402,0.75,1.0,1.0,116.77702513200347,,,,,3185610240,3927965696,1925652480
official_ditto_plain,wdc_80_medium_seen,p10_seed20260725,0.1,20260725,500,0.7277827389808635,0.644,0.8852665419683259,0.8586666666666667,116.35830710698792,,,,,3185610240,3927965696,1942974464
official_ditto_plain,wdc_80_medium_seen,p10_seed20260726,0.1,20260726,500,0.7436262892300249,0.67,0.9045384540244117,0.8933333333333334,114.46735163599078,,,,,3185610240,3927965696,1945464832
official_ditto_plain,wdc_80_medium_seen,p10_seed20260727,0.1,20260727,500,0.7255945234298183,0.642,0.8826048217732746,0.856,114.73037307499908,,,,,3185610240,3927965696,1945690112
official_ditto_plain,wdc_80_medium_seen,p30_seed20260725,0.3,20260725,500,0.563170593797603,0.486,0.6850342243725045,0.648,100.93800955399638,,,,,3185610240,3927965696,1942872064
official_ditto_plain,wdc_80_medium_seen,p30_seed20260726,0.3,20260726,500,0.5722029711554409,0.494,0.6960211041664981,0.6586666666666666,101.94383710899274,,,,,3185610240,3927965696,1944059904
official_ditto_plain,wdc_80_medium_seen,p30_seed20260727,0.3,20260727,500,0.562598698824244,0.474,0.6843385779133103,0.632,104.15904491400579,,,,,3185610240,3927965696,1943212032
official_ditto_plain,wdc_80_medium_seen,p50_seed20260725,0.5,20260725,500,0.38228996154702705,0.314,0.46501310646890676,0.4186666666666667,88.73485712800175,,,,,3185610240,3927965696,1940307968
official_ditto_plain,wdc_80_medium_seen,p50_seed20260726,0.5,20260726,500,0.39033948150488584,0.326,0.47480444984093756,0.4346666666666667,87.87966305599548,,,,,3185610240,3927965696,1940316160
official_ditto_plain,wdc_80_medium_seen,p50_seed20260727,0.5,20260727,500,0.3710758081284569,0.292,0.4513723394017163,0.3893333333333333,91.18813954800135,,,,,3185610240,3927965696,1940131840
official_ditto_plain,wdc_80_medium_seen,p70_seed20260725,0.7,20260725,500,0.25414855181896395,0.176,0.30914337145463405,0.23466666666666666,75.80856629299524,,,,,3185610240,3927965696,1936982016
official_ditto_plain,wdc_80_medium_seen,p70_seed20260726,0.7,20260726,500,0.25749637413192206,0.172,0.3132156239599174,0.2293333333333333,75.87323851999827,,,,,3185610240,3927965696,1936228352
official_ditto_plain,wdc_80_medium_seen,p70_seed20260727,0.7,20260727,500,0.23610960886536794,0.144,0.28720100899677187,0.19199999999999998,76.96385201399971,,,,,3185610240,3927965696,1935958016
official_ditto_plain,wdc_80_medium_unseen,p00_seed20260725,0.0,20260725,500,0.8515820027019013,0.786,1.0,1.0,126.4089208439982,,,,,3185610240,3927965696,1921994752
official_ditto_plain,wdc_80_medium_unseen,p10_seed20260725,0.1,20260725,500,0.7779563967593606,0.696,0.9135425529086556,0.8854961832061068,126.66652851899562,,,,,3185610240,3927965696,1942736896
official_ditto_plain,wdc_80_medium_unseen,p10_seed20260726,0.1,20260726,500,0.7403773589354821,0.652,0.8694140512439331,0.8295165394402035,125.2508448590088,,,,,3185610240,3927965696,1944944640
official_ditto_plain,wdc_80_medium_unseen,p10_seed20260727,0.1,20260727,500,0.7604684612426681,0.676,0.8930067319763123,0.8600508905852418,127.63511876000848,,,,,3185610240,3927965696,1944911872
official_ditto_plain,wdc_80_medium_unseen,p30_seed20260725,0.3,20260725,500,0.6232073523009918,0.54,0.7318230661564924,0.6870229007633588,108.98417959599465,,,,,3185610240,3927965696,1943093248
official_ditto_plain,wdc_80_medium_unseen,p30_seed20260726,0.3,20260726,500,0.5710719007237786,0.482,0.6706011856895523,0.6132315521628499,108.36242253200908,,,,,3185610240,3927965696,1942966272
official_ditto_plain,wdc_80_medium_unseen,p30_seed20260727,0.3,20260727,500,0.612979385295998,0.528,0.719812517586252,0.6717557251908397,111.76176437101094,,,,,3185610240,3927965696,1943379968
official_ditto_plain,wdc_80_medium_unseen,p50_seed20260725,0.5,20260725,500,0.41727586686320456,0.344,0.4900008050185076,0.4376590330788804,94.93101813099929,,,,,3185610240,3927965696,1940369408
official_ditto_plain,wdc_80_medium_unseen,p50_seed20260726,0.5,20260726,500,0.4321860514931999,0.362,0.5075096116662389,0.460559796437659,93.2999404650036,,,,,3185610240,3927965696,1940123648
official_ditto_plain,wdc_80_medium_unseen,p50_seed20260727,0.5,20260727,500,0.43312257156208994,0.364,0.5086093531660811,0.4631043256997455,95.73269877799612,,,,,3185610240,3927965696,1940324352
official_ditto_plain,wdc_80_medium_unseen,p70_seed20260725,0.7,20260725,500,0.2800452491444326,0.186,0.32885294458537684,0.23664122137404578,80.44918964800308,,,,,3185610240,3927965696,1937018880
official_ditto_plain,wdc_80_medium_unseen,p70_seed20260726,0.7,20260726,500,0.26224981468036823,0.164,0.3079560322415239,0.20865139949109415,78.80161450999731,,,,,3185610240,3927965696,1936330752
official_ditto_plain,wdc_80_medium_unseen,p70_seed20260727,0.7,20260727,500,0.2922933711503317,0.214,0.3432357309371765,0.272264631043257,82.1815644879971,,,,,3185610240,3927965696,1937031168
roberta_finetuned,abt_buy,p00_seed20260725,0.0,20260725,154,0.9712121212121212,0.9545454545454546,1.0,1.0,31.997231689005275,,,,,3511768576,4158652416,1482641408
roberta_finetuned,abt_buy,p10_seed20260725,0.1,20260725,154,0.916032472288811,0.8766233766233766,0.9431847608589942,0.9183673469387755,29.859243928003707,,,,,3511768576,4158652416,1494564864
roberta_finetuned,abt_buy,p10_seed20260726,0.1,20260726,154,0.901795904312138,0.8701298701298701,0.9285262041279424,0.91156462585034,29.788624199005426,,,,,3511768576,4158652416,1499664384
roberta_finetuned,abt_buy,p10_seed20260727,0.1,20260727,154,0.9038242016415351,0.8701298701298701,0.9306146225950284,0.91156462585034,30.130756605009083,,,,,3511768576,4158652416,1499910144
roberta_finetuned,abt_buy,p30_seed20260725,0.3,20260725,154,0.7730360542912601,0.7207792207792207,0.795949759488661,0.7551020408163265,27.62756362199434,,,,,3505259008,4263510016,1499103232
roberta_finetuned,abt_buy,p30_seed20260726,0.3,20260726,154,0.6810653855457843,0.6233766233766234,0.7012529710767826,0.6530612244897959,26.830230759005644,,,,,3511768576,4263510016,1498181632
roberta_finetuned,abt_buy,p30_seed20260727,0.3,20260727,154,0.7283962047748734,0.6753246753246753,0.7499867319054859,0.7074829931972789,27.087947759006056,,,,,3511768576,4263510016,1499115520
roberta_finetuned,abt_buy,p50_seed20260725,0.5,20260725,154,0.5374879260068547,0.44805194805194803,0.5534197054048738,0.4693877551020408,23.383882067995728,,,,,3505259008,4263510016,1500098560
roberta_finetuned,abt_buy,p50_seed20260726,0.5,20260726,154,0.48491881950340543,0.38961038961038963,0.4992923882562365,0.40816326530612246,23.1183995110041,,,,,3505259008,4263510016,1500102656
roberta_finetuned,abt_buy,p50_seed20260727,0.5,20260727,154,0.5144633882693136,0.43506493506493504,0.5297126930698081,0.45578231292517,22.590550401000655,,,,,3252983296,4263510016,1500102656
roberta_finetuned,abt_buy,p70_seed20260725,0.7,20260725,154,0.48235597394937774,0.36363636363636365,0.4966535769213562,0.38095238095238093,18.42092670900456,,,,,3349643776,4263510016,1500102656
roberta_finetuned,abt_buy,p70_seed20260726,0.7,20260726,154,0.4200557507518297,0.2987012987012987,0.4325067012421336,0.31292517006802717,17.423763124999823,,,,,3330274816,4263510016,1500102656
roberta_finetuned,abt_buy,p70_seed20260727,0.7,20260727,154,0.45557764296895703,0.33116883116883117,0.4690815044610166,0.3469387755102041,18.45999690699682,,,,,3201619456,4263510016,1500102656
roberta_finetuned,amazon_google,p00_seed20260725,0.0,20260725,163,0.9172947706690039,0.8588957055214724,1.0,1.0,16.080394727003295,,,,,2366898688,2604662784,1478361088
roberta_finetuned,amazon_google,p10_seed20260725,0.1,20260725,163,0.8287818425333262,0.7791411042944786,0.9035065597603666,0.9071428571428571,14.477678630995797,,,,,2323969536,2604662784,1495474176
roberta_finetuned,amazon_google,p10_seed20260726,0.1,20260726,163,0.7827463060842829,0.7116564417177914,0.8533203623448199,0.8285714285714285,14.77237983100349,,,,,2366898688,2604662784,1498427392
roberta_finetuned,amazon_google,p10_seed20260727,0.1,20260727,163,0.8590095330832144,0.8098159509202454,0.9364596425821977,0.9428571428571428,14.95113877899712,,,,,2366898688,2604662784,1498427392
roberta_finetuned,amazon_google,p30_seed20260725,0.3,20260725,163,0.5591860811990189,0.50920245398773,0.6096034765260809,0.5928571428571427,12.97614121499646,,,,,2305602048,2604662784,1498427392
roberta_finetuned,amazon_google,p30_seed20260726,0.3,20260726,163,0.5066658828403247,0.44785276073619634,0.5523479464194501,0.5214285714285715,13.305304995999904,,,,,2360759808,2604662784,1498427392
roberta_finetuned,amazon_google,p30_seed20260727,0.3,20260727,163,0.510439487819004,0.4601226993865031,0.55646178757427,0.5357142857142857,13.28623768700345,,,,,2366898688,2604662784,1498427392
roberta_finetuned,amazon_google,p50_seed20260725,0.5,20260725,163,0.386587428084753,0.3312883435582822,0.42144296516898927,0.3857142857142857,11.067008361002081,,,,,2232316416,2604662784,1498427392
roberta_finetuned,amazon_google,p50_seed20260726,0.5,20260726,163,0.35888186907083175,0.3006134969325153,0.3912394145767244,0.35,11.642463379001128,,,,,2262816256,2604662784,1498431488
roberta_finetuned,amazon_google,p50_seed20260727,0.5,20260727,163,0.3848418042645447,0.3374233128834356,0.4195399522269933,0.39285714285714285,11.095731071996852,,,,,2250610176,2604662784,1498431488
roberta_finetuned,amazon_google,p70_seed20260725,0.7,20260725,163,0.3129432720606635,0.24539877300613497,0.34115889686412026,0.2857142857142857,9.213391027005855,,,,,2232316416,2606759936,1498566656
roberta_finetuned,amazon_google,p70_seed20260726,0.7,20260726,163,0.3481606837699602,0.294478527607362,0.3795515846188011,0.34285714285714286,9.106871743992087,,,,,2183623168,2606759936,1498574848
roberta_finetuned,amazon_google,p70_seed20260727,0.7,20260727,163,0.32204999879657714,0.25153374233128833,0.35108670527108615,0.2928571428571428,8.99021790700499,,,,,2165396992,2606759936,1500143616
roberta_finetuned,link_lives_release2,p00_seed20260725,0.0,20260725,3250,0.9449807369101486,0.9113846153846153,1.0,1.0,951.571049257007,,,,,3906090496,4850712576,2363211776
roberta_finetuned,link_lives_release2,p10_seed20260725,0.1,20260725,3250,0.8039329593214172,0.7267692307692307,0.8507400499507297,0.7974341661039838,906.5536913079995,,,,,3899458048,4850712576,2470580224
roberta_finetuned,link_lives_release2,p10_seed20260726,0.1,20260726,3250,0.8050715197741379,0.7310769230769231,0.8519449003865635,0.8021607022282242,902.5580106030102,,,,,3906090496,4850712576,2491801600
roberta_finetuned,link_lives_release2,p10_seed20260727,0.1,20260727,3250,0.7896981562749092,0.708,0.8356764592440533,0.7768399729912221,897.2296484529943,,,,,3727733248,4850712576,2499473408
roberta_finetuned,link_lives_release2,p30_seed20260725,0.3,20260725,3250,0.4513793771642395,0.3658461538461538,0.4776598712902207,0.4014179608372721,767.7919477950054,,,,,3668612608,4850712576,2444070912
roberta_finetuned,link_lives_release2,p30_seed20260726,0.3,20260726,3250,0.4465774387733689,0.352,0.4725783514207557,0.38622552329507087,771.9509345729894,,,,,3518280192,4850712576,2444324864
roberta_finetuned,link_lives_release2,p30_seed20260727,0.3,20260727,3250,0.4458859850903479,0.35384615384615387,0.4718466394863073,0.3882511816340311,765.058631412001,,,,,3622744576,4850712576,2439401472
roberta_finetuned,link_lives_release2,p50_seed20260725,0.5,20260725,3250,0.21360384786295394,0.14061538461538461,0.22604042550262482,0.15428764348413235,620.7461842460034,,,,,3369031168,4850712576,2382999552
roberta_finetuned,link_lives_release2,p50_seed20260726,0.5,20260726,3250,0.2234043313569752,0.1523076923076923,0.23641151891355128,0.16711681296421338,621.2278804509988,,,,,3369031168,4850712576,2384031744
roberta_finetuned,link_lives_release2,p50_seed20260727,0.5,20260727,3250,0.2180969430485002,0.1473846153846154,0.23079512050332668,0.16171505739365294,620.886527515002,,,,,3388436992,4850712576,2385383424
roberta_finetuned,link_lives_release2,p70_seed20260725,0.7,20260725,3250,0.12226755622600126,0.06584615384615385,0.12938629482097772,0.07224848075624578,447.6421678089973,,,,,3022878208,4850712576,2327277568
roberta_finetuned,link_lives_release2,p70_seed20260726,0.7,20260726,3250,0.12325831364857147,0.06861538461538462,0.13043473674563508,0.07528696826468603,445.68431512200914,,,,,2915140096,4850712576,2327961600
roberta_finetuned,link_lives_release2,p70_seed20260727,0.7,20260727,3250,0.12370685964233588,0.06861538461538462,0.13090939826649425,0.07528696826468603,440.01375140699383,,,,,3073783296,4850712576,2323718144
roberta_finetuned,walmart_amazon,p00_seed20260725,0.0,20260725,131,0.9564249363867684,0.9236641221374046,1.0,1.0,19.247609325000667,,,,,2826859008,3319791616,1481957376
roberta_finetuned,walmart_amazon,p10_seed20260725,0.1,20260725,131,0.894078338963835,0.8473282442748091,0.934812869205952,0.9173553719008264,17.910685303999344,,,,,2764046848,3319791616,1493880832
roberta_finetuned,walmart_amazon,p10_seed20260726,0.1,20260726,131,0.930257897595269,0.9083969465648855,0.9726407815229551,0.9834710743801652,18.050710017996607,,,,,2826859008,3319791616,1498361856
roberta_finetuned,walmart_amazon,p10_seed20260727,0.1,20260727,131,0.8738849972274181,0.8320610687022901,0.9136995115673437,0.9008264462809918,18.039754876997904,,,,,2814280192,3319791616,1498464256
roberta_finetuned,walmart_amazon,p30_seed20260725,0.3,20260725,131,0.6488738483218306,0.5725190839694656,0.6784367739021734,0.6198347107438016,15.897780590006732,,,,,2764046848,3319791616,1497993216
roberta_finetuned,walmart_amazon,p30_seed20260726,0.3,20260726,131,0.7289406584830462,0.6717557251908397,0.7621514566912861,0.7272727272727273,15.928928445006022,,,,,2695190016,3319791616,1497997312
roberta_finetuned,walmart_amazon,p30_seed20260727,0.3,20260727,131,0.6291182168302055,0.5725190839694656,0.6577810687443186,0.6198347107438016,15.544307049989584,,,,,2676453888,3319791616,1498128384
roberta_finetuned,walmart_amazon,p50_seed20260725,0.5,20260725,131,0.4492307079413475,0.37404580152671757,0.46969782034173485,0.40495867768595045,13.419840098998975,,,,,2657736192,3319791616,1498337280
roberta_finetuned,walmart_amazon,p50_seed20260726,0.5,20260726,131,0.5029206432039199,0.45038167938931295,0.5258338883382522,0.48760330578512395,13.506870334997075,,,,,2626580992,3319791616,1498349568
roberta_finetuned,walmart_amazon,p50_seed20260727,0.5,20260727,131,0.45135172371834137,0.40458015267175573,0.4719154703593167,0.4380165289256199,13.28464760001225,,,,,2676453888,3319791616,1498349568
roberta_finetuned,walmart_amazon,p70_seed20260725,0.7,20260725,131,0.3372476209586871,0.2748091603053435,0.3526127436960799,0.2975206611570248,10.572942683007568,,,,,2533422592,3319791616,1499725824
roberta_finetuned,walmart_amazon,p70_seed20260726,0.7,20260726,131,0.3287519932839348,0.2824427480916031,0.3437300521731596,0.3057851239669422,10.660623023009975,,,,,2564424192,3319791616,1503272960
roberta_finetuned,walmart_amazon,p70_seed20260727,0.7,20260727,131,0.22094839144940207,0.16793893129770993,0.23101487952009317,0.18181818181818182,10.523236998997163,,,,,2440724992,3319791616,1505054720
roberta_finetuned,wdc_80_medium_seen,p00_seed20260725,0.0,20260725,500,0.8359539439387266,0.762,1.0,1.0,231.37571993099118,,,,,4965832192,6551502848,1618792448
roberta_finetuned,wdc_80_medium_seen,p10_seed20260725,0.1,20260725,500,0.7593885567082086,0.682,0.9084095627687714,0.89501312335958,228.68938134500058,,,,,4965832192,6551502848,1648029696
roberta_finetuned,wdc_80_medium_seen,p10_seed20260726,0.1,20260726,500,0.7568903373901876,0.678,0.9054210975116422,0.8897637795275591,227.32916606299113,,,,,4965832192,6635388928,1650413568
roberta_finetuned,wdc_80_medium_seen,p10_seed20260727,0.1,20260727,500,0.7472334729435512,0.668,0.8938691878440634,0.8766404199475066,227.84273687899986,,,,,4965832192,6635388928,1650593792
roberta_finetuned,wdc_80_medium_seen,p30_seed20260725,0.3,20260725,500,0.5791044774411107,0.506,0.6927468691786658,0.6640419947506562,214.26586517000396,,,,,4965832192,6656360448,1647685632
roberta_finetuned,wdc_80_medium_seen,p30_seed20260726,0.3,20260726,500,0.5891915724851745,0.514,0.7048134371005024,0.6745406824146982,212.04417248698883,,,,,4965832192,6656360448,1648435200
roberta_finetuned,wdc_80_medium_seen,p30_seed20260727,0.3,20260727,500,0.6027810996947374,0.536,0.7210697479990833,0.7034120734908137,216.91244681000535,,,,,4965832192,6677331968,1648107520
roberta_finetuned,wdc_80_medium_seen,p50_seed20260725,0.5,20260725,500,0.39505625393404986,0.318,0.4725813626438331,0.41732283464566927,199.1186751389905,,,,,4965832192,6677331968,1645723648
roberta_finetuned,wdc_80_medium_seen,p50_seed20260726,0.5,20260726,500,0.41306591711454393,0.346,0.4941252088222945,0.4540682414698162,196.86525656499725,,,,,4965832192,6677331968,1645727744
roberta_finetuned,wdc_80_medium_seen,p50_seed20260727,0.5,20260727,500,0.38466499241355734,0.306,0.46015093917871674,0.4015748031496063,201.85113060000003,,,,,4965832192,6677331968,1644523520
roberta_finetuned,wdc_80_medium_seen,p70_seed20260725,0.7,20260725,500,0.26325062189254084,0.186,0.31491043711355043,0.24409448818897636,178.42917048900563,,,,,4965832192,6677331968,1643843584
roberta_finetuned,wdc_80_medium_seen,p70_seed20260726,0.7,20260726,500,0.27803551627154627,0.194,0.3325966918243592,0.2545931758530184,165.07218047700007,,,,,4965832192,6677331968,1643847680
roberta_finetuned,wdc_80_medium_seen,p70_seed20260727,0.7,20260727,500,0.23453806361075236,0.16,0.2805633794915661,0.2099737532808399,180.1168219300016,,,,,4965832192,6677331968,1643847680
roberta_finetuned,wdc_80_medium_unseen,p00_seed20260725,0.0,20260725,500,0.8371035465128975,0.756,1.0,1.0,238.75377712999762,,,,,4965832192,6551502848,1634926592
roberta_finetuned,wdc_80_medium_unseen,p10_seed20260725,0.1,20260725,500,0.7817525451102016,0.702,0.9338779513797663,0.9285714285714285,236.9419035119936,,,,,4965832192,6551502848,1659895808
roberta_finetuned,wdc_80_medium_unseen,p10_seed20260726,0.1,20260726,500,0.750851212412365,0.662,0.8969633631826889,0.8756613756613757,234.5794262660056,,,,,4965832192,6677331968,1662046208
roberta_finetuned,wdc_80_medium_unseen,p10_seed20260727,0.1,20260727,500,0.7618985099492823,0.672,0.9101604133958158,0.888888888888889,238.0693110600114,,,,,4965832192,6677331968,1662140416
roberta_finetuned,wdc_80_medium_unseen,p30_seed20260725,0.3,20260725,500,0.6171573000786736,0.544,0.7372532378456061,0.7195767195767196,220.43292845900578,,,,,4965832192,6677331968,1659858944
roberta_finetuned,wdc_80_medium_unseen,p30_seed20260726,0.3,20260726,500,0.6178048966082984,0.534,0.7380268536453748,0.7063492063492064,219.24605459500162,,,,,4965832192,6677331968,1660026880
roberta_finetuned,wdc_80_medium_unseen,p30_seed20260727,0.3,20260727,500,0.61155081707561,0.522,0.7305557593479717,0.6904761904761905,222.58957535700756,,,,,4965832192,6677331968,1660235776
roberta_finetuned,wdc_80_medium_unseen,p50_seed20260725,0.5,20260725,500,0.41973595485570525,0.348,0.501414617826181,0.4603174603174603,204.11660617101006,,,,,4965832192,6677331968,1658466304
roberta_finetuned,wdc_80_medium_unseen,p50_seed20260726,0.5,20260726,500,0.43836406757602425,0.362,0.5236676745691822,0.47883597883597884,202.24067614399246,,,,,4965832192,6677331968,1658470400
roberta_finetuned,wdc_80_medium_unseen,p50_seed20260727,0.5,20260727,500,0.44778026776479346,0.374,0.5349162234828668,0.4947089947089947,205.09380904199497,,,,,4965832192,6677331968,1658470400
roberta_finetuned,wdc_80_medium_unseen,p70_seed20260725,0.7,20260725,500,0.24612789965650486,0.166,0.2940232432197833,0.2195767195767196,185.68300022400217,,,,,4965832192,6677331968,1658470400
roberta_finetuned,wdc_80_medium_unseen,p70_seed20260726,0.7,20260726,500,0.24097666664487744,0.16,0.28786960424275854,0.21164021164021166,180.413407207001,,,,,4965832192,6677331968,1658470400
roberta_finetuned,wdc_80_medium_unseen,p70_seed20260727,0.7,20260727,500,0.2691241175277155,0.196,0.3214944180427851,0.25925925925925924,185.95743728800153,,,,,4965832192,6677331968,1658470400
