order,config_id,model,family,dataset,task,metric,n_runs,mean,std,min,max
1,rules,Rules,deterministic,abt_buy,classification,f1,1,0.4013840830449827,,0.4013840830449827,0.4013840830449827
1,rules,Rules,deterministic,abt_buy,ranking,hits_at_1,1,0.6233766233766234,,0.6233766233766234,0.6233766233766234
1,rules,Rules,deterministic,abt_buy,ranking,hits_at_100,1,1.0,,1.0,1.0
1,rules,Rules,deterministic,abt_buy,ranking,hits_at_100_end_to_end,1,1.0,,1.0,1.0
1,rules,Rules,deterministic,abt_buy,ranking,mrr_at_100,1,0.7235993605431154,,0.7235993605431154,0.7235993605431154
1,rules,Rules,deterministic,abt_buy,ranking,ndcg_at_100,1,0.784532209404244,,0.784532209404244,0.784532209404244
1,rules,Rules,deterministic,amazon_google,classification,f1,1,0.5221843003412969,,0.5221843003412969,0.5221843003412969
1,rules,Rules,deterministic,amazon_google,ranking,hits_at_1,1,0.8098159509202454,,0.8098159509202454,0.8098159509202454
1,rules,Rules,deterministic,amazon_google,ranking,hits_at_100,1,1.0,,1.0,1.0
1,rules,Rules,deterministic,amazon_google,ranking,hits_at_100_end_to_end,1,1.0,,1.0,1.0
1,rules,Rules,deterministic,amazon_google,ranking,mrr_at_100,1,0.8876582744680903,,0.8876582744680903,0.8876582744680903
1,rules,Rules,deterministic,amazon_google,ranking,ndcg_at_100,1,0.9121168640146877,,0.9121168640146877,0.9121168640146877
1,rules,Rules,deterministic,link_lives_release2,classification,f1,1,0.5633139808567393,,0.5633139808567393,0.5633139808567393
1,rules,Rules,deterministic,link_lives_release2,ranking,hits_at_1,1,0.5974391005621487,,0.5974391005621487,0.5974391005621487
1,rules,Rules,deterministic,link_lives_release2,ranking,hits_at_100,1,1.0,,1.0,1.0
1,rules,Rules,deterministic,link_lives_release2,ranking,hits_at_100_end_to_end,1,0.9852307692307692,,0.9852307692307692,0.9852307692307692
1,rules,Rules,deterministic,link_lives_release2,ranking,mrr_at_100,1,0.6962840851557598,,0.6962840851557598,0.6962840851557598
1,rules,Rules,deterministic,link_lives_release2,ranking,ndcg_at_100,1,0.7627019690793443,,0.7627019690793443,0.7627019690793443
1,rules,Rules,deterministic,walmart_amazon,classification,f1,1,0.569060773480663,,0.569060773480663,0.569060773480663
1,rules,Rules,deterministic,walmart_amazon,ranking,hits_at_1,1,0.7938931297709924,,0.7938931297709924,0.7938931297709924
1,rules,Rules,deterministic,walmart_amazon,ranking,hits_at_100,1,1.0,,1.0,1.0
1,rules,Rules,deterministic,walmart_amazon,ranking,hits_at_100_end_to_end,1,1.0,,1.0,1.0
1,rules,Rules,deterministic,walmart_amazon,ranking,mrr_at_100,1,0.8590819093344912,,0.8590819093344912,0.8590819093344912
1,rules,Rules,deterministic,walmart_amazon,ranking,ndcg_at_100,1,0.8874872118294995,,0.8874872118294995,0.8874872118294995
1,rules,Rules,deterministic,wdc_80_medium_seen,classification,f1,1,0.28728179551122196,,0.28728179551122196,0.28728179551122196
1,rules,Rules,deterministic,wdc_80_medium_seen,ranking,hits_at_1,1,0.20440881763527055,,0.20440881763527055,0.20440881763527055
1,rules,Rules,deterministic,wdc_80_medium_seen,ranking,hits_at_100,1,1.0,,1.0,1.0
1,rules,Rules,deterministic,wdc_80_medium_seen,ranking,hits_at_100_end_to_end,1,0.998,,0.998,0.998
1,rules,Rules,deterministic,wdc_80_medium_seen,ranking,mrr_at_100,1,0.34843343364644636,,0.34843343364644636,0.34843343364644636
1,rules,Rules,deterministic,wdc_80_medium_seen,ranking,ndcg_at_100,1,0.48485607329171443,,0.48485607329171443,0.48485607329171443
1,rules,Rules,deterministic,wdc_80_medium_unseen,classification,f1,1,0.3424015009380863,,0.3424015009380863,0.3424015009380863
1,rules,Rules,deterministic,wdc_80_medium_unseen,ranking,hits_at_1,1,0.3373493975903614,,0.3373493975903614,0.3373493975903614
1,rules,Rules,deterministic,wdc_80_medium_unseen,ranking,hits_at_100,1,1.0,,1.0,1.0
1,rules,Rules,deterministic,wdc_80_medium_unseen,ranking,hits_at_100_end_to_end,1,0.996,,0.996,0.996
1,rules,Rules,deterministic,wdc_80_medium_unseen,ranking,mrr_at_100,1,0.49376581547440423,,0.49376581547440423,0.49376581547440423
1,rules,Rules,deterministic,wdc_80_medium_unseen,ranking,ndcg_at_100,1,0.6058633131178085,,0.6058633131178085,0.6058633131178085
2,embedding_e5,E5,frozen_embedding,abt_buy,classification,f1,1,0.5023696682464455,,0.5023696682464455,0.5023696682464455
2,embedding_e5,E5,frozen_embedding,abt_buy,ranking,hits_at_1,1,0.8051948051948052,,0.8051948051948052,0.8051948051948052
2,embedding_e5,E5,frozen_embedding,abt_buy,ranking,hits_at_100,1,1.0,,1.0,1.0
2,embedding_e5,E5,frozen_embedding,abt_buy,ranking,hits_at_100_end_to_end,1,1.0,,1.0,1.0
2,embedding_e5,E5,frozen_embedding,abt_buy,ranking,mrr_at_100,1,0.8653979374844035,,0.8653979374844035,0.8653979374844035
2,embedding_e5,E5,frozen_embedding,abt_buy,ranking,ndcg_at_100,1,0.8958551596279223,,0.8958551596279223,0.8958551596279223
2,embedding_e5,E5,frozen_embedding,amazon_google,classification,f1,1,0.5214007782101168,,0.5214007782101168,0.5214007782101168
2,embedding_e5,E5,frozen_embedding,amazon_google,ranking,hits_at_1,1,0.7975460122699386,,0.7975460122699386,0.7975460122699386
2,embedding_e5,E5,frozen_embedding,amazon_google,ranking,hits_at_100,1,1.0,,1.0,1.0
2,embedding_e5,E5,frozen_embedding,amazon_google,ranking,hits_at_100_end_to_end,1,1.0,,1.0,1.0
2,embedding_e5,E5,frozen_embedding,amazon_google,ranking,mrr_at_100,1,0.8738271382172501,,0.8738271382172501,0.8738271382172501
2,embedding_e5,E5,frozen_embedding,amazon_google,ranking,ndcg_at_100,1,0.9030430936089522,,0.9030430936089522,0.9030430936089522
2,embedding_e5,E5,frozen_embedding,link_lives_release2,classification,f1,1,0.7052598817304699,,0.7052598817304699,0.7052598817304699
2,embedding_e5,E5,frozen_embedding,link_lives_release2,ranking,hits_at_1,1,0.6570893191755153,,0.6570893191755153,0.6570893191755153
2,embedding_e5,E5,frozen_embedding,link_lives_release2,ranking,hits_at_100,1,1.0,,1.0,1.0
2,embedding_e5,E5,frozen_embedding,link_lives_release2,ranking,hits_at_100_end_to_end,1,0.9852307692307692,,0.9852307692307692,0.9852307692307692
2,embedding_e5,E5,frozen_embedding,link_lives_release2,ranking,mrr_at_100,1,0.7540832838605647,,0.7540832838605647,0.7540832838605647
2,embedding_e5,E5,frozen_embedding,link_lives_release2,ranking,ndcg_at_100,1,0.8092847357255727,,0.8092847357255727,0.8092847357255727
2,embedding_e5,E5,frozen_embedding,walmart_amazon,classification,f1,1,0.490272373540856,,0.490272373540856,0.490272373540856
2,embedding_e5,E5,frozen_embedding,walmart_amazon,ranking,hits_at_1,1,0.8702290076335878,,0.8702290076335878,0.8702290076335878
2,embedding_e5,E5,frozen_embedding,walmart_amazon,ranking,hits_at_100,1,1.0,,1.0,1.0
2,embedding_e5,E5,frozen_embedding,walmart_amazon,ranking,hits_at_100_end_to_end,1,1.0,,1.0,1.0
2,embedding_e5,E5,frozen_embedding,walmart_amazon,ranking,mrr_at_100,1,0.9210650672482734,,0.9210650672482734,0.9210650672482734
2,embedding_e5,E5,frozen_embedding,walmart_amazon,ranking,ndcg_at_100,1,0.9362109243072744,,0.9362109243072744,0.9362109243072744
2,embedding_e5,E5,frozen_embedding,wdc_80_medium_seen,classification,f1,1,0.3564453125,,0.3564453125,0.3564453125
2,embedding_e5,E5,frozen_embedding,wdc_80_medium_seen,ranking,hits_at_1,1,0.3286573146292585,,0.3286573146292585,0.3286573146292585
2,embedding_e5,E5,frozen_embedding,wdc_80_medium_seen,ranking,hits_at_100,1,1.0,,1.0,1.0
2,embedding_e5,E5,frozen_embedding,wdc_80_medium_seen,ranking,hits_at_100_end_to_end,1,0.998,,0.998,0.998
2,embedding_e5,E5,frozen_embedding,wdc_80_medium_seen,ranking,mrr_at_100,1,0.503337108315655,,0.503337108315655,0.503337108315655
2,embedding_e5,E5,frozen_embedding,wdc_80_medium_seen,ranking,ndcg_at_100,1,0.6178133993907914,,0.6178133993907914,0.6178133993907914
2,embedding_e5,E5,frozen_embedding,wdc_80_medium_unseen,classification,f1,1,0.39572192513368987,,0.39572192513368987,0.39572192513368987
2,embedding_e5,E5,frozen_embedding,wdc_80_medium_unseen,ranking,hits_at_1,1,0.43172690763052207,,0.43172690763052207,0.43172690763052207
2,embedding_e5,E5,frozen_embedding,wdc_80_medium_unseen,ranking,hits_at_100,1,1.0,,1.0,1.0
2,embedding_e5,E5,frozen_embedding,wdc_80_medium_unseen,ranking,hits_at_100_end_to_end,1,0.996,,0.996,0.996
2,embedding_e5,E5,frozen_embedding,wdc_80_medium_unseen,ranking,mrr_at_100,1,0.5962304529889048,,0.5962304529889048,0.5962304529889048
2,embedding_e5,E5,frozen_embedding,wdc_80_medium_unseen,ranking,ndcg_at_100,1,0.6912090666315005,,0.6912090666315005,0.6912090666315005
3,embedding_minilm,MiniLM,frozen_embedding,abt_buy,classification,f1,1,0.33482810164424515,,0.33482810164424515,0.33482810164424515
3,embedding_minilm,MiniLM,frozen_embedding,abt_buy,ranking,hits_at_1,1,0.6233766233766234,,0.6233766233766234,0.6233766233766234
3,embedding_minilm,MiniLM,frozen_embedding,abt_buy,ranking,hits_at_100,1,1.0,,1.0,1.0
3,embedding_minilm,MiniLM,frozen_embedding,abt_buy,ranking,hits_at_100_end_to_end,1,1.0,,1.0,1.0
3,embedding_minilm,MiniLM,frozen_embedding,abt_buy,ranking,mrr_at_100,1,0.7442876387681582,,0.7442876387681582,0.7442876387681582
3,embedding_minilm,MiniLM,frozen_embedding,abt_buy,ranking,ndcg_at_100,1,0.8055686100063212,,0.8055686100063212,0.8055686100063212
3,embedding_minilm,MiniLM,frozen_embedding,amazon_google,classification,f1,1,0.422360248447205,,0.422360248447205,0.422360248447205
3,embedding_minilm,MiniLM,frozen_embedding,amazon_google,ranking,hits_at_1,1,0.7654320987654321,,0.7654320987654321,0.7654320987654321
3,embedding_minilm,MiniLM,frozen_embedding,amazon_google,ranking,hits_at_100,1,1.0,,1.0,1.0
3,embedding_minilm,MiniLM,frozen_embedding,amazon_google,ranking,hits_at_100_end_to_end,1,0.9938650306748467,,0.9938650306748467,0.9938650306748467
3,embedding_minilm,MiniLM,frozen_embedding,amazon_google,ranking,mrr_at_100,1,0.8498053148616754,,0.8498053148616754,0.8498053148616754
3,embedding_minilm,MiniLM,frozen_embedding,amazon_google,ranking,ndcg_at_100,1,0.8816386941208715,,0.8816386941208715,0.8816386941208715
3,embedding_minilm,MiniLM,frozen_embedding,link_lives_release2,classification,f1,1,0.6106623586429726,,0.6106623586429726,0.6106623586429726
3,embedding_minilm,MiniLM,frozen_embedding,link_lives_release2,ranking,hits_at_1,1,0.5386542591267001,,0.5386542591267001,0.5386542591267001
3,embedding_minilm,MiniLM,frozen_embedding,link_lives_release2,ranking,hits_at_100,1,1.0,,1.0,1.0
3,embedding_minilm,MiniLM,frozen_embedding,link_lives_release2,ranking,hits_at_100_end_to_end,1,0.8596923076923076,,0.8596923076923076,0.8596923076923076
3,embedding_minilm,MiniLM,frozen_embedding,link_lives_release2,ranking,mrr_at_100,1,0.6386966117751812,,0.6386966117751812,0.6386966117751812
3,embedding_minilm,MiniLM,frozen_embedding,link_lives_release2,ranking,ndcg_at_100,1,0.7147321721341927,,0.7147321721341927,0.7147321721341927
3,embedding_minilm,MiniLM,frozen_embedding,walmart_amazon,classification,f1,1,0.37393767705382436,,0.37393767705382436,0.37393767705382436
3,embedding_minilm,MiniLM,frozen_embedding,walmart_amazon,ranking,hits_at_1,1,0.7022900763358778,,0.7022900763358778,0.7022900763358778
3,embedding_minilm,MiniLM,frozen_embedding,walmart_amazon,ranking,hits_at_100,1,1.0,,1.0,1.0
3,embedding_minilm,MiniLM,frozen_embedding,walmart_amazon,ranking,hits_at_100_end_to_end,1,1.0,,1.0,1.0
3,embedding_minilm,MiniLM,frozen_embedding,walmart_amazon,ranking,mrr_at_100,1,0.8009086121681542,,0.8009086121681542,0.8009086121681542
3,embedding_minilm,MiniLM,frozen_embedding,walmart_amazon,ranking,ndcg_at_100,1,0.8455267624729792,,0.8455267624729792,0.8455267624729792
3,embedding_minilm,MiniLM,frozen_embedding,wdc_80_medium_seen,classification,f1,1,0.3089788732394366,,0.3089788732394366,0.3089788732394366
3,embedding_minilm,MiniLM,frozen_embedding,wdc_80_medium_seen,ranking,hits_at_1,1,0.24032586558044808,,0.24032586558044808,0.24032586558044808
3,embedding_minilm,MiniLM,frozen_embedding,wdc_80_medium_seen,ranking,hits_at_100,1,1.0,,1.0,1.0
3,embedding_minilm,MiniLM,frozen_embedding,wdc_80_medium_seen,ranking,hits_at_100_end_to_end,1,0.982,,0.982,0.982
3,embedding_minilm,MiniLM,frozen_embedding,wdc_80_medium_seen,ranking,mrr_at_100,1,0.4062051906859387,,0.4062051906859387,0.4062051906859387
3,embedding_minilm,MiniLM,frozen_embedding,wdc_80_medium_seen,ranking,ndcg_at_100,1,0.537046585300638,,0.537046585300638,0.537046585300638
3,embedding_minilm,MiniLM,frozen_embedding,wdc_80_medium_unseen,classification,f1,1,0.34499753573188763,,0.34499753573188763,0.34499753573188763
3,embedding_minilm,MiniLM,frozen_embedding,wdc_80_medium_unseen,ranking,hits_at_1,1,0.3634453781512605,,0.3634453781512605,0.3634453781512605
3,embedding_minilm,MiniLM,frozen_embedding,wdc_80_medium_unseen,ranking,hits_at_100,1,1.0,,1.0,1.0
3,embedding_minilm,MiniLM,frozen_embedding,wdc_80_medium_unseen,ranking,hits_at_100_end_to_end,1,0.952,,0.952,0.952
3,embedding_minilm,MiniLM,frozen_embedding,wdc_80_medium_unseen,ranking,mrr_at_100,1,0.5210359810575946,,0.5210359810575946,0.5210359810575946
3,embedding_minilm,MiniLM,frozen_embedding,wdc_80_medium_unseen,ranking,ndcg_at_100,1,0.6290420092758576,,0.6290420092758576,0.6290420092758576
4,embedding_bge,BGE,frozen_embedding,abt_buy,classification,f1,1,0.4963855421686747,,0.4963855421686747,0.4963855421686747
4,embedding_bge,BGE,frozen_embedding,abt_buy,ranking,hits_at_1,1,0.8181818181818182,,0.8181818181818182,0.8181818181818182
4,embedding_bge,BGE,frozen_embedding,abt_buy,ranking,hits_at_100,1,1.0,,1.0,1.0
4,embedding_bge,BGE,frozen_embedding,abt_buy,ranking,hits_at_100_end_to_end,1,1.0,,1.0,1.0
4,embedding_bge,BGE,frozen_embedding,abt_buy,ranking,mrr_at_100,1,0.8877836809654991,,0.8877836809654991,0.8877836809654991
4,embedding_bge,BGE,frozen_embedding,abt_buy,ranking,ndcg_at_100,1,0.9146447839943735,,0.9146447839943735,0.9146447839943735
4,embedding_bge,BGE,frozen_embedding,amazon_google,classification,f1,1,0.5078740157480315,,0.5078740157480315,0.5078740157480315
4,embedding_bge,BGE,frozen_embedding,amazon_google,ranking,hits_at_1,1,0.8343558282208589,,0.8343558282208589,0.8343558282208589
4,embedding_bge,BGE,frozen_embedding,amazon_google,ranking,hits_at_100,1,1.0,,1.0,1.0
4,embedding_bge,BGE,frozen_embedding,amazon_google,ranking,hits_at_100_end_to_end,1,1.0,,1.0,1.0
4,embedding_bge,BGE,frozen_embedding,amazon_google,ranking,mrr_at_100,1,0.888783765772342,,0.888783765772342,0.888783765772342
4,embedding_bge,BGE,frozen_embedding,amazon_google,ranking,ndcg_at_100,1,0.9108585008452551,,0.9108585008452551,0.9108585008452551
4,embedding_bge,BGE,frozen_embedding,link_lives_release2,classification,f1,1,0.6691094471881472,,0.6691094471881472,0.6691094471881472
4,embedding_bge,BGE,frozen_embedding,link_lives_release2,ranking,hits_at_1,1,0.5618408437200384,,0.5618408437200384,0.5618408437200384
4,embedding_bge,BGE,frozen_embedding,link_lives_release2,ranking,hits_at_100,1,1.0,,1.0,1.0
4,embedding_bge,BGE,frozen_embedding,link_lives_release2,ranking,hits_at_100_end_to_end,1,0.9627692307692308,,0.9627692307692308,0.9627692307692308
4,embedding_bge,BGE,frozen_embedding,link_lives_release2,ranking,mrr_at_100,1,0.6704069937250592,,0.6704069937250592,0.6704069937250592
4,embedding_bge,BGE,frozen_embedding,link_lives_release2,ranking,ndcg_at_100,1,0.7423603924382219,,0.7423603924382219,0.7423603924382219
4,embedding_bge,BGE,frozen_embedding,walmart_amazon,classification,f1,1,0.4663677130044843,,0.4663677130044843,0.4663677130044843
4,embedding_bge,BGE,frozen_embedding,walmart_amazon,ranking,hits_at_1,1,0.7938931297709924,,0.7938931297709924,0.7938931297709924
4,embedding_bge,BGE,frozen_embedding,walmart_amazon,ranking,hits_at_100,1,1.0,,1.0,1.0
4,embedding_bge,BGE,frozen_embedding,walmart_amazon,ranking,hits_at_100_end_to_end,1,1.0,,1.0,1.0
4,embedding_bge,BGE,frozen_embedding,walmart_amazon,ranking,mrr_at_100,1,0.8672711899230319,,0.8672711899230319,0.8672711899230319
4,embedding_bge,BGE,frozen_embedding,walmart_amazon,ranking,ndcg_at_100,1,0.8971902444358406,,0.8971902444358406,0.8971902444358406
4,embedding_bge,BGE,frozen_embedding,wdc_80_medium_seen,classification,f1,1,0.35673076923076924,,0.35673076923076924,0.35673076923076924
4,embedding_bge,BGE,frozen_embedding,wdc_80_medium_seen,ranking,hits_at_1,1,0.34808853118712274,,0.34808853118712274,0.34808853118712274
4,embedding_bge,BGE,frozen_embedding,wdc_80_medium_seen,ranking,hits_at_100,1,1.0,,1.0,1.0
4,embedding_bge,BGE,frozen_embedding,wdc_80_medium_seen,ranking,hits_at_100_end_to_end,1,0.994,,0.994,0.994
4,embedding_bge,BGE,frozen_embedding,wdc_80_medium_seen,ranking,mrr_at_100,1,0.5063740391861297,,0.5063740391861297,0.5063740391861297
4,embedding_bge,BGE,frozen_embedding,wdc_80_medium_seen,ranking,ndcg_at_100,1,0.6180363436502825,,0.6180363436502825,0.6180363436502825
4,embedding_bge,BGE,frozen_embedding,wdc_80_medium_unseen,classification,f1,1,0.4070138150903294,,0.4070138150903294,0.4070138150903294
4,embedding_bge,BGE,frozen_embedding,wdc_80_medium_unseen,ranking,hits_at_1,1,0.4415322580645161,,0.4415322580645161,0.4415322580645161
4,embedding_bge,BGE,frozen_embedding,wdc_80_medium_unseen,ranking,hits_at_100,1,1.0,,1.0,1.0
4,embedding_bge,BGE,frozen_embedding,wdc_80_medium_unseen,ranking,hits_at_100_end_to_end,1,0.992,,0.992,0.992
4,embedding_bge,BGE,frozen_embedding,wdc_80_medium_unseen,ranking,mrr_at_100,1,0.6034686457352678,,0.6034686457352678,0.6034686457352678
4,embedding_bge,BGE,frozen_embedding,wdc_80_medium_unseen,ranking,ndcg_at_100,1,0.6966157356052115,,0.6966157356052115,0.6966157356052115
5,embedding_gte,GTE,frozen_embedding,abt_buy,classification,f1,1,0.5,,0.5,0.5
5,embedding_gte,GTE,frozen_embedding,abt_buy,ranking,hits_at_1,1,0.8181818181818182,,0.8181818181818182,0.8181818181818182
5,embedding_gte,GTE,frozen_embedding,abt_buy,ranking,hits_at_100,1,1.0,,1.0,1.0
5,embedding_gte,GTE,frozen_embedding,abt_buy,ranking,hits_at_100_end_to_end,1,1.0,,1.0,1.0
5,embedding_gte,GTE,frozen_embedding,abt_buy,ranking,mrr_at_100,1,0.8837868480725624,,0.8837868480725624,0.8837868480725624
5,embedding_gte,GTE,frozen_embedding,abt_buy,ranking,ndcg_at_100,1,0.910553278511335,,0.910553278511335,0.910553278511335
5,embedding_gte,GTE,frozen_embedding,amazon_google,classification,f1,1,0.5440900562851783,,0.5440900562851783,0.5440900562851783
5,embedding_gte,GTE,frozen_embedding,amazon_google,ranking,hits_at_1,1,0.8333333333333334,,0.8333333333333334,0.8333333333333334
5,embedding_gte,GTE,frozen_embedding,amazon_google,ranking,hits_at_100,1,1.0,,1.0,1.0
5,embedding_gte,GTE,frozen_embedding,amazon_google,ranking,hits_at_100_end_to_end,1,0.9938650306748467,,0.9938650306748467,0.9938650306748467
5,embedding_gte,GTE,frozen_embedding,amazon_google,ranking,mrr_at_100,1,0.8980354693317655,,0.8980354693317655,0.8980354693317655
5,embedding_gte,GTE,frozen_embedding,amazon_google,ranking,ndcg_at_100,1,0.9193597201669997,,0.9193597201669997,0.9193597201669997
5,embedding_gte,GTE,frozen_embedding,link_lives_release2,classification,f1,1,0.7341927562922038,,0.7341927562922038,0.7341927562922038
5,embedding_gte,GTE,frozen_embedding,link_lives_release2,ranking,hits_at_1,1,0.6285894603976018,,0.6285894603976018,0.6285894603976018
5,embedding_gte,GTE,frozen_embedding,link_lives_release2,ranking,hits_at_100,1,1.0,,1.0,1.0
5,embedding_gte,GTE,frozen_embedding,link_lives_release2,ranking,hits_at_100_end_to_end,1,0.9750769230769231,,0.9750769230769231,0.9750769230769231
5,embedding_gte,GTE,frozen_embedding,link_lives_release2,ranking,mrr_at_100,1,0.7228716793910138,,0.7228716793910138,0.7228716793910138
5,embedding_gte,GTE,frozen_embedding,link_lives_release2,ranking,ndcg_at_100,1,0.7836525236654966,,0.7836525236654966,0.7836525236654966
5,embedding_gte,GTE,frozen_embedding,walmart_amazon,classification,f1,1,0.4986449864498645,,0.4986449864498645,0.4986449864498645
5,embedding_gte,GTE,frozen_embedding,walmart_amazon,ranking,hits_at_1,1,0.8549618320610687,,0.8549618320610687,0.8549618320610687
5,embedding_gte,GTE,frozen_embedding,walmart_amazon,ranking,hits_at_100,1,1.0,,1.0,1.0
5,embedding_gte,GTE,frozen_embedding,walmart_amazon,ranking,hits_at_100_end_to_end,1,1.0,,1.0,1.0
5,embedding_gte,GTE,frozen_embedding,walmart_amazon,ranking,mrr_at_100,1,0.9150127226463104,,0.9150127226463104,0.9150127226463104
5,embedding_gte,GTE,frozen_embedding,walmart_amazon,ranking,ndcg_at_100,1,0.9339357927995758,,0.9339357927995758,0.9339357927995758
5,embedding_gte,GTE,frozen_embedding,wdc_80_medium_seen,classification,f1,1,0.35862735621072983,,0.35862735621072983,0.35862735621072983
5,embedding_gte,GTE,frozen_embedding,wdc_80_medium_seen,ranking,hits_at_1,1,0.36088709677419356,,0.36088709677419356,0.36088709677419356
5,embedding_gte,GTE,frozen_embedding,wdc_80_medium_seen,ranking,hits_at_100,1,1.0,,1.0,1.0
5,embedding_gte,GTE,frozen_embedding,wdc_80_medium_seen,ranking,hits_at_100_end_to_end,1,0.992,,0.992,0.992
5,embedding_gte,GTE,frozen_embedding,wdc_80_medium_seen,ranking,mrr_at_100,1,0.5333424733933323,,0.5333424733933323,0.5333424733933323
5,embedding_gte,GTE,frozen_embedding,wdc_80_medium_seen,ranking,ndcg_at_100,1,0.6408938125092308,,0.6408938125092308,0.6408938125092308
5,embedding_gte,GTE,frozen_embedding,wdc_80_medium_unseen,classification,f1,1,0.4125514403292181,,0.4125514403292181,0.4125514403292181
5,embedding_gte,GTE,frozen_embedding,wdc_80_medium_unseen,ranking,hits_at_1,1,0.47695390781563124,,0.47695390781563124,0.47695390781563124
5,embedding_gte,GTE,frozen_embedding,wdc_80_medium_unseen,ranking,hits_at_100,1,1.0,,1.0,1.0
5,embedding_gte,GTE,frozen_embedding,wdc_80_medium_unseen,ranking,hits_at_100_end_to_end,1,0.998,,0.998,0.998
5,embedding_gte,GTE,frozen_embedding,wdc_80_medium_unseen,ranking,mrr_at_100,1,0.6342629373445894,,0.6342629373445894,0.6342629373445894
5,embedding_gte,GTE,frozen_embedding,wdc_80_medium_unseen,ranking,ndcg_at_100,1,0.7205360990856092,,0.7205360990856092,0.7205360990856092
6,embedding_roberta,RoBERTa embedding,frozen_embedding,abt_buy,classification,f1,1,0.41681901279707495,,0.41681901279707495,0.41681901279707495
6,embedding_roberta,RoBERTa embedding,frozen_embedding,abt_buy,ranking,hits_at_1,1,0.6883116883116883,,0.6883116883116883,0.6883116883116883
6,embedding_roberta,RoBERTa embedding,frozen_embedding,abt_buy,ranking,hits_at_100,1,1.0,,1.0,1.0
6,embedding_roberta,RoBERTa embedding,frozen_embedding,abt_buy,ranking,hits_at_100_end_to_end,1,1.0,,1.0,1.0
6,embedding_roberta,RoBERTa embedding,frozen_embedding,abt_buy,ranking,mrr_at_100,1,0.7849910487611023,,0.7849910487611023,0.7849910487611023
6,embedding_roberta,RoBERTa embedding,frozen_embedding,abt_buy,ranking,ndcg_at_100,1,0.8347457461506123,,0.8347457461506123,0.8347457461506123
6,embedding_roberta,RoBERTa embedding,frozen_embedding,amazon_google,classification,f1,1,0.44635193133047213,,0.44635193133047213,0.44635193133047213
6,embedding_roberta,RoBERTa embedding,frozen_embedding,amazon_google,ranking,hits_at_1,1,0.7177914110429447,,0.7177914110429447,0.7177914110429447
6,embedding_roberta,RoBERTa embedding,frozen_embedding,amazon_google,ranking,hits_at_100,1,1.0,,1.0,1.0
6,embedding_roberta,RoBERTa embedding,frozen_embedding,amazon_google,ranking,hits_at_100_end_to_end,1,1.0,,1.0,1.0
6,embedding_roberta,RoBERTa embedding,frozen_embedding,amazon_google,ranking,mrr_at_100,1,0.8106694611759998,,0.8106694611759998,0.8106694611759998
6,embedding_roberta,RoBERTa embedding,frozen_embedding,amazon_google,ranking,ndcg_at_100,1,0.8508433370441116,,0.8508433370441116,0.8508433370441116
6,embedding_roberta,RoBERTa embedding,frozen_embedding,link_lives_release2,classification,f1,1,0.4324460070316424,,0.4324460070316424,0.4324460070316424
6,embedding_roberta,RoBERTa embedding,frozen_embedding,link_lives_release2,ranking,hits_at_1,1,0.3604060913705584,,0.3604060913705584,0.3604060913705584
6,embedding_roberta,RoBERTa embedding,frozen_embedding,link_lives_release2,ranking,hits_at_100,1,1.0,,1.0,1.0
6,embedding_roberta,RoBERTa embedding,frozen_embedding,link_lives_release2,ranking,hits_at_100_end_to_end,1,0.6667692307692308,,0.6667692307692308,0.6667692307692308
6,embedding_roberta,RoBERTa embedding,frozen_embedding,link_lives_release2,ranking,mrr_at_100,1,0.46457828073342067,,0.46457828073342067,0.46457828073342067
6,embedding_roberta,RoBERTa embedding,frozen_embedding,link_lives_release2,ranking,ndcg_at_100,1,0.5712575476611718,,0.5712575476611718,0.5712575476611718
6,embedding_roberta,RoBERTa embedding,frozen_embedding,walmart_amazon,classification,f1,1,0.38588235294117645,,0.38588235294117645,0.38588235294117645
6,embedding_roberta,RoBERTa embedding,frozen_embedding,walmart_amazon,ranking,hits_at_1,1,0.732824427480916,,0.732824427480916,0.732824427480916
6,embedding_roberta,RoBERTa embedding,frozen_embedding,walmart_amazon,ranking,hits_at_100,1,1.0,,1.0,1.0
6,embedding_roberta,RoBERTa embedding,frozen_embedding,walmart_amazon,ranking,hits_at_100_end_to_end,1,1.0,,1.0,1.0
6,embedding_roberta,RoBERTa embedding,frozen_embedding,walmart_amazon,ranking,mrr_at_100,1,0.8218139155162055,,0.8218139155162055,0.8218139155162055
6,embedding_roberta,RoBERTa embedding,frozen_embedding,walmart_amazon,ranking,ndcg_at_100,1,0.8569228117728004,,0.8569228117728004,0.8569228117728004
6,embedding_roberta,RoBERTa embedding,frozen_embedding,wdc_80_medium_seen,classification,f1,1,0.3433703116745906,,0.3433703116745906,0.3433703116745906
6,embedding_roberta,RoBERTa embedding,frozen_embedding,wdc_80_medium_seen,ranking,hits_at_1,1,0.291497975708502,,0.291497975708502,0.291497975708502
6,embedding_roberta,RoBERTa embedding,frozen_embedding,wdc_80_medium_seen,ranking,hits_at_100,1,1.0,,1.0,1.0
6,embedding_roberta,RoBERTa embedding,frozen_embedding,wdc_80_medium_seen,ranking,hits_at_100_end_to_end,1,0.988,,0.988,0.988
6,embedding_roberta,RoBERTa embedding,frozen_embedding,wdc_80_medium_seen,ranking,mrr_at_100,1,0.4607449715809655,,0.4607449715809655,0.4607449715809655
6,embedding_roberta,RoBERTa embedding,frozen_embedding,wdc_80_medium_seen,ranking,ndcg_at_100,1,0.5818578733278988,,0.5818578733278988,0.5818578733278988
6,embedding_roberta,RoBERTa embedding,frozen_embedding,wdc_80_medium_unseen,classification,f1,1,0.39475123018042646,,0.39475123018042646,0.39475123018042646
6,embedding_roberta,RoBERTa embedding,frozen_embedding,wdc_80_medium_unseen,ranking,hits_at_1,1,0.4188376753507014,,0.4188376753507014,0.4188376753507014
6,embedding_roberta,RoBERTa embedding,frozen_embedding,wdc_80_medium_unseen,ranking,hits_at_100,1,1.0,,1.0,1.0
6,embedding_roberta,RoBERTa embedding,frozen_embedding,wdc_80_medium_unseen,ranking,hits_at_100_end_to_end,1,0.998,,0.998,0.998
6,embedding_roberta,RoBERTa embedding,frozen_embedding,wdc_80_medium_unseen,ranking,mrr_at_100,1,0.5757094274503569,,0.5757094274503569,0.5757094274503569
6,embedding_roberta,RoBERTa embedding,frozen_embedding,wdc_80_medium_unseen,ranking,ndcg_at_100,1,0.6737182998293977,,0.6737182998293977,0.6737182998293977
7,embedding_bert,BERT embedding,frozen_embedding,abt_buy,classification,f1,1,0.20602526724975703,,0.20602526724975703,0.20602526724975703
7,embedding_bert,BERT embedding,frozen_embedding,abt_buy,ranking,hits_at_1,1,0.2992125984251969,,0.2992125984251969,0.2992125984251969
7,embedding_bert,BERT embedding,frozen_embedding,abt_buy,ranking,hits_at_100,1,1.0,,1.0,1.0
7,embedding_bert,BERT embedding,frozen_embedding,abt_buy,ranking,hits_at_100_end_to_end,1,0.8246753246753247,,0.8246753246753247,0.8246753246753247
7,embedding_bert,BERT embedding,frozen_embedding,abt_buy,ranking,mrr_at_100,1,0.4102371221673292,,0.4102371221673292,0.4102371221673292
7,embedding_bert,BERT embedding,frozen_embedding,abt_buy,ranking,ndcg_at_100,1,0.5273004097907966,,0.5273004097907966,0.5273004097907966
7,embedding_bert,BERT embedding,frozen_embedding,amazon_google,classification,f1,1,0.33967391304347827,,0.33967391304347827,0.33967391304347827
7,embedding_bert,BERT embedding,frozen_embedding,amazon_google,ranking,hits_at_1,1,0.6158940397350994,,0.6158940397350994,0.6158940397350994
7,embedding_bert,BERT embedding,frozen_embedding,amazon_google,ranking,hits_at_100,1,1.0,,1.0,1.0
7,embedding_bert,BERT embedding,frozen_embedding,amazon_google,ranking,hits_at_100_end_to_end,1,0.9263803680981595,,0.9263803680981595,0.9263803680981595
7,embedding_bert,BERT embedding,frozen_embedding,amazon_google,ranking,mrr_at_100,1,0.7196484271556152,,0.7196484271556152,0.7196484271556152
7,embedding_bert,BERT embedding,frozen_embedding,amazon_google,ranking,ndcg_at_100,1,0.7757715136612379,,0.7757715136612379,0.7757715136612379
7,embedding_bert,BERT embedding,frozen_embedding,link_lives_release2,classification,f1,1,0.3941677993327567,,0.3941677993327567,0.3941677993327567
7,embedding_bert,BERT embedding,frozen_embedding,link_lives_release2,ranking,hits_at_1,1,0.05734144222415291,,0.05734144222415291,0.05734144222415291
7,embedding_bert,BERT embedding,frozen_embedding,link_lives_release2,ranking,hits_at_100,1,1.0,,1.0,1.0
7,embedding_bert,BERT embedding,frozen_embedding,link_lives_release2,ranking,hits_at_100_end_to_end,1,0.7083076923076923,,0.7083076923076923,0.7083076923076923
7,embedding_bert,BERT embedding,frozen_embedding,link_lives_release2,ranking,mrr_at_100,1,0.14565797106825853,,0.14565797106825853,0.14565797106825853
7,embedding_bert,BERT embedding,frozen_embedding,link_lives_release2,ranking,ndcg_at_100,1,0.30370779591974395,,0.30370779591974395,0.30370779591974395
7,embedding_bert,BERT embedding,frozen_embedding,walmart_amazon,classification,f1,1,0.3113456464379947,,0.3113456464379947,0.3113456464379947
7,embedding_bert,BERT embedding,frozen_embedding,walmart_amazon,ranking,hits_at_1,1,0.6517857142857143,,0.6517857142857143,0.6517857142857143
7,embedding_bert,BERT embedding,frozen_embedding,walmart_amazon,ranking,hits_at_100,1,1.0,,1.0,1.0
7,embedding_bert,BERT embedding,frozen_embedding,walmart_amazon,ranking,hits_at_100_end_to_end,1,0.8549618320610687,,0.8549618320610687,0.8549618320610687
7,embedding_bert,BERT embedding,frozen_embedding,walmart_amazon,ranking,mrr_at_100,1,0.7313425255774197,,0.7313425255774197,0.7313425255774197
7,embedding_bert,BERT embedding,frozen_embedding,walmart_amazon,ranking,ndcg_at_100,1,0.779949282434225,,0.779949282434225,0.779949282434225
7,embedding_bert,BERT embedding,frozen_embedding,wdc_80_medium_seen,classification,f1,1,0.25770308123249297,,0.25770308123249297,0.25770308123249297
7,embedding_bert,BERT embedding,frozen_embedding,wdc_80_medium_seen,ranking,hits_at_1,1,0.21021021021021022,,0.21021021021021022,0.21021021021021022
7,embedding_bert,BERT embedding,frozen_embedding,wdc_80_medium_seen,ranking,hits_at_100,1,1.0,,1.0,1.0
7,embedding_bert,BERT embedding,frozen_embedding,wdc_80_medium_seen,ranking,hits_at_100_end_to_end,1,0.666,,0.666,0.666
7,embedding_bert,BERT embedding,frozen_embedding,wdc_80_medium_seen,ranking,mrr_at_100,1,0.3338148196185009,,0.3338148196185009,0.3338148196185009
7,embedding_bert,BERT embedding,frozen_embedding,wdc_80_medium_seen,ranking,ndcg_at_100,1,0.4673472287664264,,0.4673472287664264,0.4673472287664264
7,embedding_bert,BERT embedding,frozen_embedding,wdc_80_medium_unseen,classification,f1,1,0.27388535031847133,,0.27388535031847133,0.27388535031847133
7,embedding_bert,BERT embedding,frozen_embedding,wdc_80_medium_unseen,ranking,hits_at_1,1,0.26062322946175637,,0.26062322946175637,0.26062322946175637
7,embedding_bert,BERT embedding,frozen_embedding,wdc_80_medium_unseen,ranking,hits_at_100,1,1.0,,1.0,1.0
7,embedding_bert,BERT embedding,frozen_embedding,wdc_80_medium_unseen,ranking,hits_at_100_end_to_end,1,0.706,,0.706,0.706
7,embedding_bert,BERT embedding,frozen_embedding,wdc_80_medium_unseen,ranking,mrr_at_100,1,0.3835028583296913,,0.3835028583296913,0.3835028583296913
7,embedding_bert,BERT embedding,frozen_embedding,wdc_80_medium_unseen,ranking,ndcg_at_100,1,0.5073474182674983,,0.5073474182674983,0.5073474182674983
8,embedding_jina,Jina embedding,frozen_embedding,abt_buy,classification,f1,1,0.43478260869565216,,0.43478260869565216,0.43478260869565216
8,embedding_jina,Jina embedding,frozen_embedding,abt_buy,ranking,hits_at_1,1,0.7987012987012987,,0.7987012987012987,0.7987012987012987
8,embedding_jina,Jina embedding,frozen_embedding,abt_buy,ranking,hits_at_100,1,1.0,,1.0,1.0
8,embedding_jina,Jina embedding,frozen_embedding,abt_buy,ranking,hits_at_100_end_to_end,1,1.0,,1.0,1.0
8,embedding_jina,Jina embedding,frozen_embedding,abt_buy,ranking,mrr_at_100,1,0.8501823573252144,,0.8501823573252144,0.8501823573252144
8,embedding_jina,Jina embedding,frozen_embedding,abt_buy,ranking,ndcg_at_100,1,0.8824005485545862,,0.8824005485545862,0.8824005485545862
8,embedding_jina,Jina embedding,frozen_embedding,amazon_google,classification,f1,1,0.3401360544217687,,0.3401360544217687,0.3401360544217687
8,embedding_jina,Jina embedding,frozen_embedding,amazon_google,ranking,hits_at_1,1,0.6770186335403726,,0.6770186335403726,0.6770186335403726
8,embedding_jina,Jina embedding,frozen_embedding,amazon_google,ranking,hits_at_100,1,1.0,,1.0,1.0
8,embedding_jina,Jina embedding,frozen_embedding,amazon_google,ranking,hits_at_100_end_to_end,1,0.9877300613496932,,0.9877300613496932,0.9877300613496932
8,embedding_jina,Jina embedding,frozen_embedding,amazon_google,ranking,mrr_at_100,1,0.7542341109428337,,0.7542341109428337,0.7542341109428337
8,embedding_jina,Jina embedding,frozen_embedding,amazon_google,ranking,ndcg_at_100,1,0.8071457041874973,,0.8071457041874973,0.8071457041874973
8,embedding_jina,Jina embedding,frozen_embedding,link_lives_release2,classification,f1,1,0.5862984599044079,,0.5862984599044079,0.5862984599044079
8,embedding_jina,Jina embedding,frozen_embedding,link_lives_release2,ranking,hits_at_1,1,0.3872812920592194,,0.3872812920592194,0.3872812920592194
8,embedding_jina,Jina embedding,frozen_embedding,link_lives_release2,ranking,hits_at_100,1,1.0,,1.0,1.0
8,embedding_jina,Jina embedding,frozen_embedding,link_lives_release2,ranking,hits_at_100_end_to_end,1,0.9144615384615384,,0.9144615384615384,0.9144615384615384
8,embedding_jina,Jina embedding,frozen_embedding,link_lives_release2,ranking,mrr_at_100,1,0.5479886556350893,,0.5479886556350893,0.5479886556350893
8,embedding_jina,Jina embedding,frozen_embedding,link_lives_release2,ranking,ndcg_at_100,1,0.6464782185279686,,0.6464782185279686,0.6464782185279686
8,embedding_jina,Jina embedding,frozen_embedding,walmart_amazon,classification,f1,1,0.3398230088495575,,0.3398230088495575,0.3398230088495575
8,embedding_jina,Jina embedding,frozen_embedding,walmart_amazon,ranking,hits_at_1,1,0.6611570247933884,,0.6611570247933884,0.6611570247933884
8,embedding_jina,Jina embedding,frozen_embedding,walmart_amazon,ranking,hits_at_100,1,1.0,,1.0,1.0
8,embedding_jina,Jina embedding,frozen_embedding,walmart_amazon,ranking,hits_at_100_end_to_end,1,0.9236641221374046,,0.9236641221374046,0.9236641221374046
8,embedding_jina,Jina embedding,frozen_embedding,walmart_amazon,ranking,mrr_at_100,1,0.7482784136618941,,0.7482784136618941,0.7482784136618941
8,embedding_jina,Jina embedding,frozen_embedding,walmart_amazon,ranking,ndcg_at_100,1,0.7984494979155544,,0.7984494979155544,0.7984494979155544
8,embedding_jina,Jina embedding,frozen_embedding,wdc_80_medium_seen,classification,f1,1,0.2930943595150237,,0.2930943595150237,0.2930943595150237
8,embedding_jina,Jina embedding,frozen_embedding,wdc_80_medium_seen,ranking,hits_at_1,1,0.2946859903381642,,0.2946859903381642,0.2946859903381642
8,embedding_jina,Jina embedding,frozen_embedding,wdc_80_medium_seen,ranking,hits_at_100,1,1.0,,1.0,1.0
8,embedding_jina,Jina embedding,frozen_embedding,wdc_80_medium_seen,ranking,hits_at_100_end_to_end,1,0.828,,0.828,0.828
8,embedding_jina,Jina embedding,frozen_embedding,wdc_80_medium_seen,ranking,mrr_at_100,1,0.45911941339459,,0.45911941339459,0.45911941339459
8,embedding_jina,Jina embedding,frozen_embedding,wdc_80_medium_seen,ranking,ndcg_at_100,1,0.5780082124055307,,0.5780082124055307,0.5780082124055307
8,embedding_jina,Jina embedding,frozen_embedding,wdc_80_medium_unseen,classification,f1,1,0.3337222870478413,,0.3337222870478413,0.3337222870478413
8,embedding_jina,Jina embedding,frozen_embedding,wdc_80_medium_unseen,ranking,hits_at_1,1,0.4295942720763723,,0.4295942720763723,0.4295942720763723
8,embedding_jina,Jina embedding,frozen_embedding,wdc_80_medium_unseen,ranking,hits_at_100,1,1.0,,1.0,1.0
8,embedding_jina,Jina embedding,frozen_embedding,wdc_80_medium_unseen,ranking,hits_at_100_end_to_end,1,0.838,,0.838,0.838
8,embedding_jina,Jina embedding,frozen_embedding,wdc_80_medium_unseen,ranking,mrr_at_100,1,0.5747704555620761,,0.5747704555620761,0.5747704555620761
8,embedding_jina,Jina embedding,frozen_embedding,wdc_80_medium_unseen,ranking,ndcg_at_100,1,0.6704366661922032,,0.6704366661922032,0.6704366661922032
9,equal_fusion_e5,Equal fusion + E5,scalar_fusion,abt_buy,classification,f1,1,0.4963855421686747,,0.4963855421686747,0.4963855421686747
9,equal_fusion_e5,Equal fusion + E5,scalar_fusion,abt_buy,ranking,hits_at_1,1,0.6753246753246753,,0.6753246753246753,0.6753246753246753
9,equal_fusion_e5,Equal fusion + E5,scalar_fusion,abt_buy,ranking,hits_at_100,1,1.0,,1.0,1.0
9,equal_fusion_e5,Equal fusion + E5,scalar_fusion,abt_buy,ranking,hits_at_100_end_to_end,1,1.0,,1.0,1.0
9,equal_fusion_e5,Equal fusion + E5,scalar_fusion,abt_buy,ranking,mrr_at_100,1,0.7863615570920264,,0.7863615570920264,0.7863615570920264
9,equal_fusion_e5,Equal fusion + E5,scalar_fusion,abt_buy,ranking,ndcg_at_100,1,0.8363490113117268,,0.8363490113117268,0.8363490113117268
9,equal_fusion_e5,Equal fusion + E5,scalar_fusion,amazon_google,classification,f1,1,0.5330882352941176,,0.5330882352941176,0.5330882352941176
9,equal_fusion_e5,Equal fusion + E5,scalar_fusion,amazon_google,ranking,hits_at_1,1,0.8404907975460123,,0.8404907975460123,0.8404907975460123
9,equal_fusion_e5,Equal fusion + E5,scalar_fusion,amazon_google,ranking,hits_at_100,1,1.0,,1.0,1.0
9,equal_fusion_e5,Equal fusion + E5,scalar_fusion,amazon_google,ranking,hits_at_100_end_to_end,1,1.0,,1.0,1.0
9,equal_fusion_e5,Equal fusion + E5,scalar_fusion,amazon_google,ranking,mrr_at_100,1,0.9076887605758049,,0.9076887605758049,0.9076887605758049
9,equal_fusion_e5,Equal fusion + E5,scalar_fusion,amazon_google,ranking,ndcg_at_100,1,0.9295432975853392,,0.9295432975853392,0.9295432975853392
9,equal_fusion_e5,Equal fusion + E5,scalar_fusion,link_lives_release2,classification,f1,1,0.6706569343065694,,0.6706569343065694,0.6706569343065694
9,equal_fusion_e5,Equal fusion + E5,scalar_fusion,link_lives_release2,ranking,hits_at_1,1,0.6236727045596502,,0.6236727045596502,0.6236727045596502
9,equal_fusion_e5,Equal fusion + E5,scalar_fusion,link_lives_release2,ranking,hits_at_100,1,1.0,,1.0,1.0
9,equal_fusion_e5,Equal fusion + E5,scalar_fusion,link_lives_release2,ranking,hits_at_100_end_to_end,1,0.9852307692307692,,0.9852307692307692,0.9852307692307692
9,equal_fusion_e5,Equal fusion + E5,scalar_fusion,link_lives_release2,ranking,mrr_at_100,1,0.7212661807429828,,0.7212661807429828,0.7212661807429828
9,equal_fusion_e5,Equal fusion + E5,scalar_fusion,link_lives_release2,ranking,ndcg_at_100,1,0.7829027261785055,,0.7829027261785055,0.7829027261785055
9,equal_fusion_e5,Equal fusion + E5,scalar_fusion,walmart_amazon,classification,f1,1,0.5474254742547425,,0.5474254742547425,0.5474254742547425
9,equal_fusion_e5,Equal fusion + E5,scalar_fusion,walmart_amazon,ranking,hits_at_1,1,0.8473282442748091,,0.8473282442748091,0.8473282442748091
9,equal_fusion_e5,Equal fusion + E5,scalar_fusion,walmart_amazon,ranking,hits_at_100,1,1.0,,1.0,1.0
9,equal_fusion_e5,Equal fusion + E5,scalar_fusion,walmart_amazon,ranking,hits_at_100_end_to_end,1,1.0,,1.0,1.0
9,equal_fusion_e5,Equal fusion + E5,scalar_fusion,walmart_amazon,ranking,mrr_at_100,1,0.8984278444202107,,0.8984278444202107,0.8984278444202107
9,equal_fusion_e5,Equal fusion + E5,scalar_fusion,walmart_amazon,ranking,ndcg_at_100,1,0.9171381295380905,,0.9171381295380905,0.9171381295380905
9,equal_fusion_e5,Equal fusion + E5,scalar_fusion,wdc_80_medium_seen,classification,f1,1,0.3276477588258628,,0.3276477588258628,0.3276477588258628
9,equal_fusion_e5,Equal fusion + E5,scalar_fusion,wdc_80_medium_seen,ranking,hits_at_1,1,0.22645290581162325,,0.22645290581162325,0.22645290581162325
9,equal_fusion_e5,Equal fusion + E5,scalar_fusion,wdc_80_medium_seen,ranking,hits_at_100,1,1.0,,1.0,1.0
9,equal_fusion_e5,Equal fusion + E5,scalar_fusion,wdc_80_medium_seen,ranking,hits_at_100_end_to_end,1,0.998,,0.998,0.998
9,equal_fusion_e5,Equal fusion + E5,scalar_fusion,wdc_80_medium_seen,ranking,mrr_at_100,1,0.3967670490898617,,0.3967670490898617,0.3967670490898617
9,equal_fusion_e5,Equal fusion + E5,scalar_fusion,wdc_80_medium_seen,ranking,ndcg_at_100,1,0.529012745864702,,0.529012745864702,0.529012745864702
9,equal_fusion_e5,Equal fusion + E5,scalar_fusion,wdc_80_medium_unseen,classification,f1,1,0.3634847853272197,,0.3634847853272197,0.3634847853272197
9,equal_fusion_e5,Equal fusion + E5,scalar_fusion,wdc_80_medium_unseen,ranking,hits_at_1,1,0.37751004016064255,,0.37751004016064255,0.37751004016064255
9,equal_fusion_e5,Equal fusion + E5,scalar_fusion,wdc_80_medium_unseen,ranking,hits_at_100,1,1.0,,1.0,1.0
9,equal_fusion_e5,Equal fusion + E5,scalar_fusion,wdc_80_medium_unseen,ranking,hits_at_100_end_to_end,1,0.996,,0.996,0.996
9,equal_fusion_e5,Equal fusion + E5,scalar_fusion,wdc_80_medium_unseen,ranking,mrr_at_100,1,0.5417920181968136,,0.5417920181968136,0.5417920181968136
9,equal_fusion_e5,Equal fusion + E5,scalar_fusion,wdc_80_medium_unseen,ranking,ndcg_at_100,1,0.6469667732645394,,0.6469667732645394,0.6469667732645394
10,convex_fusion_e5,Convex fusion + E5,scalar_fusion,abt_buy,classification,f1,1,0.4896907216494845,,0.4896907216494845,0.4896907216494845
10,convex_fusion_e5,Convex fusion + E5,scalar_fusion,abt_buy,ranking,hits_at_1,1,0.8181818181818182,,0.8181818181818182,0.8181818181818182
10,convex_fusion_e5,Convex fusion + E5,scalar_fusion,abt_buy,ranking,hits_at_100,1,1.0,,1.0,1.0
10,convex_fusion_e5,Convex fusion + E5,scalar_fusion,abt_buy,ranking,hits_at_100_end_to_end,1,1.0,,1.0,1.0
10,convex_fusion_e5,Convex fusion + E5,scalar_fusion,abt_buy,ranking,mrr_at_100,1,0.877164502164502,,0.877164502164502,0.877164502164502
10,convex_fusion_e5,Convex fusion + E5,scalar_fusion,abt_buy,ranking,ndcg_at_100,1,0.9053123488223063,,0.9053123488223063,0.9053123488223063
10,convex_fusion_e5,Convex fusion + E5,scalar_fusion,amazon_google,classification,f1,1,0.5296052631578947,,0.5296052631578947,0.5296052631578947
10,convex_fusion_e5,Convex fusion + E5,scalar_fusion,amazon_google,ranking,hits_at_1,1,0.8159509202453987,,0.8159509202453987,0.8159509202453987
10,convex_fusion_e5,Convex fusion + E5,scalar_fusion,amazon_google,ranking,hits_at_100,1,1.0,,1.0,1.0
10,convex_fusion_e5,Convex fusion + E5,scalar_fusion,amazon_google,ranking,hits_at_100_end_to_end,1,1.0,,1.0,1.0
10,convex_fusion_e5,Convex fusion + E5,scalar_fusion,amazon_google,ranking,mrr_at_100,1,0.8885553607946246,,0.8885553607946246,0.8885553607946246
10,convex_fusion_e5,Convex fusion + E5,scalar_fusion,amazon_google,ranking,ndcg_at_100,1,0.9156821283554996,,0.9156821283554996,0.9156821283554996
10,convex_fusion_e5,Convex fusion + E5,scalar_fusion,link_lives_release2,classification,f1,1,0.7103089629856225,,0.7103089629856225,0.7103089629856225
10,convex_fusion_e5,Convex fusion + E5,scalar_fusion,link_lives_release2,ranking,hits_at_1,1,0.6817613991255466,,0.6817613991255466,0.6817613991255466
10,convex_fusion_e5,Convex fusion + E5,scalar_fusion,link_lives_release2,ranking,hits_at_100,1,1.0,,1.0,1.0
10,convex_fusion_e5,Convex fusion + E5,scalar_fusion,link_lives_release2,ranking,hits_at_100_end_to_end,1,0.9852307692307692,,0.9852307692307692,0.9852307692307692
10,convex_fusion_e5,Convex fusion + E5,scalar_fusion,link_lives_release2,ranking,mrr_at_100,1,0.7745264199447466,,0.7745264199447466,0.7745264199447466
10,convex_fusion_e5,Convex fusion + E5,scalar_fusion,link_lives_release2,ranking,ndcg_at_100,1,0.8257555403171866,,0.8257555403171866,0.8257555403171866
10,convex_fusion_e5,Convex fusion + E5,scalar_fusion,walmart_amazon,classification,f1,1,0.5617977528089888,,0.5617977528089888,0.5617977528089888
10,convex_fusion_e5,Convex fusion + E5,scalar_fusion,walmart_amazon,ranking,hits_at_1,1,0.916030534351145,,0.916030534351145,0.916030534351145
10,convex_fusion_e5,Convex fusion + E5,scalar_fusion,walmart_amazon,ranking,hits_at_100,1,1.0,,1.0,1.0
10,convex_fusion_e5,Convex fusion + E5,scalar_fusion,walmart_amazon,ranking,hits_at_100_end_to_end,1,1.0,,1.0,1.0
10,convex_fusion_e5,Convex fusion + E5,scalar_fusion,walmart_amazon,ranking,mrr_at_100,1,0.944729189385678,,0.944729189385678,0.944729189385678
10,convex_fusion_e5,Convex fusion + E5,scalar_fusion,walmart_amazon,ranking,ndcg_at_100,1,0.9543221560929235,,0.9543221560929235,0.9543221560929235
10,convex_fusion_e5,Convex fusion + E5,scalar_fusion,wdc_80_medium_seen,classification,f1,1,0.35570469798657717,,0.35570469798657717,0.35570469798657717
10,convex_fusion_e5,Convex fusion + E5,scalar_fusion,wdc_80_medium_seen,ranking,hits_at_1,1,0.3306613226452906,,0.3306613226452906,0.3306613226452906
10,convex_fusion_e5,Convex fusion + E5,scalar_fusion,wdc_80_medium_seen,ranking,hits_at_100,1,1.0,,1.0,1.0
10,convex_fusion_e5,Convex fusion + E5,scalar_fusion,wdc_80_medium_seen,ranking,hits_at_100_end_to_end,1,0.998,,0.998,0.998
10,convex_fusion_e5,Convex fusion + E5,scalar_fusion,wdc_80_medium_seen,ranking,mrr_at_100,1,0.5057836684603716,,0.5057836684603716,0.5057836684603716
10,convex_fusion_e5,Convex fusion + E5,scalar_fusion,wdc_80_medium_seen,ranking,ndcg_at_100,1,0.6198698625520502,,0.6198698625520502,0.6198698625520502
10,convex_fusion_e5,Convex fusion + E5,scalar_fusion,wdc_80_medium_unseen,classification,f1,1,0.3962362780972295,,0.3962362780972295,0.3962362780972295
10,convex_fusion_e5,Convex fusion + E5,scalar_fusion,wdc_80_medium_unseen,ranking,hits_at_1,1,0.43172690763052207,,0.43172690763052207,0.43172690763052207
10,convex_fusion_e5,Convex fusion + E5,scalar_fusion,wdc_80_medium_unseen,ranking,hits_at_100,1,1.0,,1.0,1.0
10,convex_fusion_e5,Convex fusion + E5,scalar_fusion,wdc_80_medium_unseen,ranking,hits_at_100_end_to_end,1,0.996,,0.996,0.996
10,convex_fusion_e5,Convex fusion + E5,scalar_fusion,wdc_80_medium_unseen,ranking,mrr_at_100,1,0.5964529336069293,,0.5964529336069293,0.5964529336069293
10,convex_fusion_e5,Convex fusion + E5,scalar_fusion,wdc_80_medium_unseen,ranking,ndcg_at_100,1,0.691552660364798,,0.691552660364798,0.691552660364798
11,hef_linear_e5,HEF-linear + E5,hef_linear,abt_buy,classification,f1,3,0.6740088105726872,0.0,0.6740088105726872,0.6740088105726872
11,hef_linear_e5,HEF-linear + E5,hef_linear,abt_buy,ranking,hits_at_1,3,0.8246753246753247,0.0,0.8246753246753247,0.8246753246753247
11,hef_linear_e5,HEF-linear + E5,hef_linear,abt_buy,ranking,hits_at_100,3,1.0,0.0,1.0,1.0
11,hef_linear_e5,HEF-linear + E5,hef_linear,abt_buy,ranking,hits_at_100_end_to_end,3,1.0,0.0,1.0,1.0
11,hef_linear_e5,HEF-linear + E5,hef_linear,abt_buy,ranking,mrr_at_100,3,0.8956284786641928,0.0,0.8956284786641928,0.8956284786641928
11,hef_linear_e5,HEF-linear + E5,hef_linear,abt_buy,ranking,ndcg_at_100,3,0.9213964911499355,0.0,0.9213964911499355,0.9213964911499355
11,hef_linear_e5,HEF-linear + E5,hef_linear,amazon_google,classification,f1,3,0.5605095541401274,0.0,0.5605095541401274,0.5605095541401274
11,hef_linear_e5,HEF-linear + E5,hef_linear,amazon_google,ranking,hits_at_1,3,0.8404907975460123,0.0,0.8404907975460123,0.8404907975460123
11,hef_linear_e5,HEF-linear + E5,hef_linear,amazon_google,ranking,hits_at_100,3,1.0,0.0,1.0,1.0
11,hef_linear_e5,HEF-linear + E5,hef_linear,amazon_google,ranking,hits_at_100_end_to_end,3,1.0,0.0,1.0,1.0
11,hef_linear_e5,HEF-linear + E5,hef_linear,amazon_google,ranking,mrr_at_100,3,0.9044770669003798,0.0,0.9044770669003798,0.9044770669003798
11,hef_linear_e5,HEF-linear + E5,hef_linear,amazon_google,ranking,ndcg_at_100,3,0.9245009877810944,0.0,0.9245009877810944,0.9245009877810944
11,hef_linear_e5,HEF-linear + E5,hef_linear,link_lives_release2,classification,f1,3,0.8197187100440404,0.0,0.8197187100440404,0.8197187100440404
11,hef_linear_e5,HEF-linear + E5,hef_linear,link_lives_release2,ranking,hits_at_1,3,0.722048719550281,0.0,0.722048719550281,0.722048719550281
11,hef_linear_e5,HEF-linear + E5,hef_linear,link_lives_release2,ranking,hits_at_100,3,1.0,0.0,1.0,1.0
11,hef_linear_e5,HEF-linear + E5,hef_linear,link_lives_release2,ranking,hits_at_100_end_to_end,3,0.9852307692307692,0.0,0.9852307692307692,0.9852307692307692
11,hef_linear_e5,HEF-linear + E5,hef_linear,link_lives_release2,ranking,mrr_at_100,3,0.8242659306505584,0.0,0.8242659306505584,0.8242659306505584
11,hef_linear_e5,HEF-linear + E5,hef_linear,link_lives_release2,ranking,ndcg_at_100,3,0.8671368499586112,0.0,0.8671368499586112,0.8671368499586112
11,hef_linear_e5,HEF-linear + E5,hef_linear,walmart_amazon,classification,f1,3,0.7231638418079096,0.0,0.7231638418079096,0.7231638418079096
11,hef_linear_e5,HEF-linear + E5,hef_linear,walmart_amazon,ranking,hits_at_1,3,0.9083969465648855,0.0,0.9083969465648855,0.9083969465648855
11,hef_linear_e5,HEF-linear + E5,hef_linear,walmart_amazon,ranking,hits_at_100,3,1.0,0.0,1.0,1.0
11,hef_linear_e5,HEF-linear + E5,hef_linear,walmart_amazon,ranking,hits_at_100_end_to_end,3,1.0,0.0,1.0,1.0
11,hef_linear_e5,HEF-linear + E5,hef_linear,walmart_amazon,ranking,mrr_at_100,3,0.9423967042287652,0.0,0.9423967042287652,0.9423967042287652
11,hef_linear_e5,HEF-linear + E5,hef_linear,walmart_amazon,ranking,ndcg_at_100,3,0.9545300971567229,0.0,0.9545300971567229,0.9545300971567229
11,hef_linear_e5,HEF-linear + E5,hef_linear,wdc_80_medium_seen,classification,f1,3,0.42273819055244194,0.0,0.42273819055244194,0.42273819055244194
11,hef_linear_e5,HEF-linear + E5,hef_linear,wdc_80_medium_seen,ranking,hits_at_1,3,0.43286573146292584,0.0,0.43286573146292584,0.43286573146292584
11,hef_linear_e5,HEF-linear + E5,hef_linear,wdc_80_medium_seen,ranking,hits_at_100,3,1.0,0.0,1.0,1.0
11,hef_linear_e5,HEF-linear + E5,hef_linear,wdc_80_medium_seen,ranking,hits_at_100_end_to_end,3,0.998,0.0,0.998,0.998
11,hef_linear_e5,HEF-linear + E5,hef_linear,wdc_80_medium_seen,ranking,mrr_at_100,3,0.6046386552844647,0.0,0.6046386552844647,0.6046386552844647
11,hef_linear_e5,HEF-linear + E5,hef_linear,wdc_80_medium_seen,ranking,ndcg_at_100,3,0.698440202361663,0.0,0.698440202361663,0.698440202361663
11,hef_linear_e5,HEF-linear + E5,hef_linear,wdc_80_medium_unseen,classification,f1,3,0.4975767366720517,0.0,0.4975767366720517,0.4975767366720517
11,hef_linear_e5,HEF-linear + E5,hef_linear,wdc_80_medium_unseen,ranking,hits_at_1,3,0.5863453815261044,0.0,0.5863453815261044,0.5863453815261044
11,hef_linear_e5,HEF-linear + E5,hef_linear,wdc_80_medium_unseen,ranking,hits_at_100,3,1.0,0.0,1.0,1.0
11,hef_linear_e5,HEF-linear + E5,hef_linear,wdc_80_medium_unseen,ranking,hits_at_100_end_to_end,3,0.996,0.0,0.996,0.996
11,hef_linear_e5,HEF-linear + E5,hef_linear,wdc_80_medium_unseen,ranking,mrr_at_100,3,0.7239956326741548,0.0,0.7239956326741548,0.7239956326741548
11,hef_linear_e5,HEF-linear + E5,hef_linear,wdc_80_medium_unseen,ranking,ndcg_at_100,3,0.7907719255322149,0.0,0.7907719255322149,0.7907719255322149
12,hef_linear_minilm,HEF-linear + MiniLM,hef_linear,abt_buy,classification,f1,3,0.6681318681318681,0.0,0.6681318681318681,0.6681318681318681
12,hef_linear_minilm,HEF-linear + MiniLM,hef_linear,abt_buy,ranking,hits_at_1,3,0.8311688311688312,0.0,0.8311688311688312,0.8311688311688312
12,hef_linear_minilm,HEF-linear + MiniLM,hef_linear,abt_buy,ranking,hits_at_100,3,1.0,0.0,1.0,1.0
12,hef_linear_minilm,HEF-linear + MiniLM,hef_linear,abt_buy,ranking,hits_at_100_end_to_end,3,1.0,0.0,1.0,1.0
12,hef_linear_minilm,HEF-linear + MiniLM,hef_linear,abt_buy,ranking,mrr_at_100,3,0.8960426594880376,0.0,0.8960426594880376,0.8960426594880376
12,hef_linear_minilm,HEF-linear + MiniLM,hef_linear,abt_buy,ranking,ndcg_at_100,3,0.921477660697765,0.0,0.921477660697765,0.921477660697765
12,hef_linear_minilm,HEF-linear + MiniLM,hef_linear,amazon_google,classification,f1,3,0.5520169851380042,0.0,0.5520169851380042,0.5520169851380042
12,hef_linear_minilm,HEF-linear + MiniLM,hef_linear,amazon_google,ranking,hits_at_1,3,0.8580246913580247,0.0,0.8580246913580247,0.8580246913580247
12,hef_linear_minilm,HEF-linear + MiniLM,hef_linear,amazon_google,ranking,hits_at_100,3,1.0,0.0,1.0,1.0
12,hef_linear_minilm,HEF-linear + MiniLM,hef_linear,amazon_google,ranking,hits_at_100_end_to_end,3,0.9938650306748467,0.0,0.9938650306748467,0.9938650306748467
12,hef_linear_minilm,HEF-linear + MiniLM,hef_linear,amazon_google,ranking,mrr_at_100,3,0.9165762563910711,0.0,0.9165762563910711,0.9165762563910711
12,hef_linear_minilm,HEF-linear + MiniLM,hef_linear,amazon_google,ranking,ndcg_at_100,3,0.9357145860892672,0.0,0.9357145860892672,0.9357145860892672
12,hef_linear_minilm,HEF-linear + MiniLM,hef_linear,link_lives_release2,classification,f1,3,0.8269120184013801,0.0,0.8269120184013801,0.8269120184013801
12,hef_linear_minilm,HEF-linear + MiniLM,hef_linear,link_lives_release2,ranking,hits_at_1,3,0.7702219040801718,0.0,0.7702219040801718,0.7702219040801718
12,hef_linear_minilm,HEF-linear + MiniLM,hef_linear,link_lives_release2,ranking,hits_at_100,3,1.0,0.0,1.0,1.0
12,hef_linear_minilm,HEF-linear + MiniLM,hef_linear,link_lives_release2,ranking,hits_at_100_end_to_end,3,0.8596923076923076,0.0,0.8596923076923076,0.8596923076923076
12,hef_linear_minilm,HEF-linear + MiniLM,hef_linear,link_lives_release2,ranking,mrr_at_100,3,0.8647887704068462,0.0,0.8647887704068462,0.8647887704068462
12,hef_linear_minilm,HEF-linear + MiniLM,hef_linear,link_lives_release2,ranking,ndcg_at_100,3,0.8987790604669981,0.0,0.8987790604669981,0.8987790604669981
12,hef_linear_minilm,HEF-linear + MiniLM,hef_linear,walmart_amazon,classification,f1,3,0.7267605633802817,0.0,0.7267605633802817,0.7267605633802817
12,hef_linear_minilm,HEF-linear + MiniLM,hef_linear,walmart_amazon,ranking,hits_at_1,3,0.9007633587786259,0.0,0.9007633587786259,0.9007633587786259
12,hef_linear_minilm,HEF-linear + MiniLM,hef_linear,walmart_amazon,ranking,hits_at_100,3,1.0,0.0,1.0,1.0
12,hef_linear_minilm,HEF-linear + MiniLM,hef_linear,walmart_amazon,ranking,hits_at_100_end_to_end,3,1.0,0.0,1.0,1.0
12,hef_linear_minilm,HEF-linear + MiniLM,hef_linear,walmart_amazon,ranking,mrr_at_100,3,0.9374893977947413,0.0,0.9374893977947413,0.9374893977947413
12,hef_linear_minilm,HEF-linear + MiniLM,hef_linear,walmart_amazon,ranking,ndcg_at_100,3,0.9504968202325667,0.0,0.9504968202325667,0.9504968202325667
12,hef_linear_minilm,HEF-linear + MiniLM,hef_linear,wdc_80_medium_seen,classification,f1,3,0.42142230026338895,0.0,0.42142230026338895,0.42142230026338895
12,hef_linear_minilm,HEF-linear + MiniLM,hef_linear,wdc_80_medium_seen,ranking,hits_at_1,3,0.4154786150712831,0.0,0.4154786150712831,0.4154786150712831
12,hef_linear_minilm,HEF-linear + MiniLM,hef_linear,wdc_80_medium_seen,ranking,hits_at_100,3,1.0,0.0,1.0,1.0
12,hef_linear_minilm,HEF-linear + MiniLM,hef_linear,wdc_80_medium_seen,ranking,hits_at_100_end_to_end,3,0.982,0.0,0.982,0.982
12,hef_linear_minilm,HEF-linear + MiniLM,hef_linear,wdc_80_medium_seen,ranking,mrr_at_100,3,0.5883030862164865,0.0,0.5883030862164865,0.5883030862164865
12,hef_linear_minilm,HEF-linear + MiniLM,hef_linear,wdc_80_medium_seen,ranking,ndcg_at_100,3,0.6856483449897623,0.0,0.6856483449897623,0.6856483449897623
12,hef_linear_minilm,HEF-linear + MiniLM,hef_linear,wdc_80_medium_unseen,classification,f1,3,0.46788990825688076,0.0,0.46788990825688076,0.46788990825688076
12,hef_linear_minilm,HEF-linear + MiniLM,hef_linear,wdc_80_medium_unseen,ranking,hits_at_1,3,0.5777310924369747,0.0,0.5777310924369747,0.5777310924369747
12,hef_linear_minilm,HEF-linear + MiniLM,hef_linear,wdc_80_medium_unseen,ranking,hits_at_100,3,1.0,0.0,1.0,1.0
12,hef_linear_minilm,HEF-linear + MiniLM,hef_linear,wdc_80_medium_unseen,ranking,hits_at_100_end_to_end,3,0.952,0.0,0.952,0.952
12,hef_linear_minilm,HEF-linear + MiniLM,hef_linear,wdc_80_medium_unseen,ranking,mrr_at_100,3,0.717545568511979,0.0,0.717545568511979,0.717545568511979
12,hef_linear_minilm,HEF-linear + MiniLM,hef_linear,wdc_80_medium_unseen,ranking,ndcg_at_100,3,0.7856832096122249,0.0,0.7856832096122249,0.7856832096122249
13,hef_linear_bge,HEF-linear + BGE,hef_linear,abt_buy,classification,f1,3,0.6699507389162561,0.0,0.6699507389162561,0.6699507389162561
13,hef_linear_bge,HEF-linear + BGE,hef_linear,abt_buy,ranking,hits_at_1,3,0.8701298701298701,0.0,0.8701298701298701,0.8701298701298701
13,hef_linear_bge,HEF-linear + BGE,hef_linear,abt_buy,ranking,hits_at_100,3,1.0,0.0,1.0,1.0
13,hef_linear_bge,HEF-linear + BGE,hef_linear,abt_buy,ranking,hits_at_100_end_to_end,3,1.0,0.0,1.0,1.0
13,hef_linear_bge,HEF-linear + BGE,hef_linear,abt_buy,ranking,mrr_at_100,3,0.916991341991342,0.0,0.916991341991342,0.916991341991342
13,hef_linear_bge,HEF-linear + BGE,hef_linear,abt_buy,ranking,ndcg_at_100,3,0.9371188939597731,0.0,0.9371188939597731,0.9371188939597731
13,hef_linear_bge,HEF-linear + BGE,hef_linear,amazon_google,classification,f1,3,0.568935427574171,0.0,0.568935427574171,0.568935427574171
13,hef_linear_bge,HEF-linear + BGE,hef_linear,amazon_google,ranking,hits_at_1,3,0.8588957055214724,0.0,0.8588957055214724,0.8588957055214724
13,hef_linear_bge,HEF-linear + BGE,hef_linear,amazon_google,ranking,hits_at_100,3,1.0,0.0,1.0,1.0
13,hef_linear_bge,HEF-linear + BGE,hef_linear,amazon_google,ranking,hits_at_100_end_to_end,3,1.0,0.0,1.0,1.0
13,hef_linear_bge,HEF-linear + BGE,hef_linear,amazon_google,ranking,mrr_at_100,3,0.9155589638718471,0.0,0.9155589638718471,0.9155589638718471
13,hef_linear_bge,HEF-linear + BGE,hef_linear,amazon_google,ranking,ndcg_at_100,3,0.9355975414839005,0.0,0.9355975414839005,0.9355975414839005
13,hef_linear_bge,HEF-linear + BGE,hef_linear,link_lives_release2,classification,f1,3,0.8266244968372628,0.0,0.8266244968372628,0.8266244968372628
13,hef_linear_bge,HEF-linear + BGE,hef_linear,link_lives_release2,ranking,hits_at_1,3,0.7289868967721317,0.0,0.7289868967721317,0.7289868967721317
13,hef_linear_bge,HEF-linear + BGE,hef_linear,link_lives_release2,ranking,hits_at_100,3,1.0,0.0,1.0,1.0
13,hef_linear_bge,HEF-linear + BGE,hef_linear,link_lives_release2,ranking,hits_at_100_end_to_end,3,0.9627692307692308,0.0,0.9627692307692308,0.9627692307692308
13,hef_linear_bge,HEF-linear + BGE,hef_linear,link_lives_release2,ranking,mrr_at_100,3,0.8344026712821305,0.0,0.8344026712821305,0.8344026712821305
13,hef_linear_bge,HEF-linear + BGE,hef_linear,link_lives_release2,ranking,ndcg_at_100,3,0.8755474584173619,0.0,0.8755474584173619,0.8755474584173619
13,hef_linear_bge,HEF-linear + BGE,hef_linear,walmart_amazon,classification,f1,3,0.7252124645892352,0.0,0.7252124645892352,0.7252124645892352
13,hef_linear_bge,HEF-linear + BGE,hef_linear,walmart_amazon,ranking,hits_at_1,3,0.9083969465648855,0.0,0.9083969465648855,0.9083969465648855
13,hef_linear_bge,HEF-linear + BGE,hef_linear,walmart_amazon,ranking,hits_at_100,3,1.0,0.0,1.0,1.0
13,hef_linear_bge,HEF-linear + BGE,hef_linear,walmart_amazon,ranking,hits_at_100_end_to_end,3,1.0,0.0,1.0,1.0
13,hef_linear_bge,HEF-linear + BGE,hef_linear,walmart_amazon,ranking,mrr_at_100,3,0.9418029807342784,0.0,0.9418029807342784,0.9418029807342784
13,hef_linear_bge,HEF-linear + BGE,hef_linear,walmart_amazon,ranking,ndcg_at_100,3,0.9541857693551894,0.0,0.9541857693551894,0.9541857693551894
13,hef_linear_bge,HEF-linear + BGE,hef_linear,wdc_80_medium_seen,classification,f1,3,0.4480796586059744,0.0,0.4480796586059744,0.4480796586059744
13,hef_linear_bge,HEF-linear + BGE,hef_linear,wdc_80_medium_seen,ranking,hits_at_1,3,0.43661971830985913,0.0,0.43661971830985913,0.43661971830985913
13,hef_linear_bge,HEF-linear + BGE,hef_linear,wdc_80_medium_seen,ranking,hits_at_100,3,1.0,0.0,1.0,1.0
13,hef_linear_bge,HEF-linear + BGE,hef_linear,wdc_80_medium_seen,ranking,hits_at_100_end_to_end,3,0.994,0.0,0.994,0.994
13,hef_linear_bge,HEF-linear + BGE,hef_linear,wdc_80_medium_seen,ranking,mrr_at_100,3,0.6117964598486484,0.0,0.6117964598486484,0.6117964598486484
13,hef_linear_bge,HEF-linear + BGE,hef_linear,wdc_80_medium_seen,ranking,ndcg_at_100,3,0.7040234823826396,0.0,0.7040234823826396,0.7040234823826396
13,hef_linear_bge,HEF-linear + BGE,hef_linear,wdc_80_medium_unseen,classification,f1,3,0.5190839694656488,0.0,0.5190839694656488,0.5190839694656488
13,hef_linear_bge,HEF-linear + BGE,hef_linear,wdc_80_medium_unseen,ranking,hits_at_1,3,0.592741935483871,0.0,0.592741935483871,0.592741935483871
13,hef_linear_bge,HEF-linear + BGE,hef_linear,wdc_80_medium_unseen,ranking,hits_at_100,3,1.0,0.0,1.0,1.0
13,hef_linear_bge,HEF-linear + BGE,hef_linear,wdc_80_medium_unseen,ranking,hits_at_100_end_to_end,3,0.992,0.0,0.992,0.992
13,hef_linear_bge,HEF-linear + BGE,hef_linear,wdc_80_medium_unseen,ranking,mrr_at_100,3,0.7319693495348738,0.0,0.7319693495348738,0.7319693495348738
13,hef_linear_bge,HEF-linear + BGE,hef_linear,wdc_80_medium_unseen,ranking,ndcg_at_100,3,0.7969904133086898,0.0,0.7969904133086898,0.7969904133086898
14,hef_linear_gte,HEF-linear + GTE,hef_linear,abt_buy,classification,f1,3,0.6770601336302895,0.0,0.6770601336302895,0.6770601336302895
14,hef_linear_gte,HEF-linear + GTE,hef_linear,abt_buy,ranking,hits_at_1,3,0.8571428571428571,0.0,0.8571428571428571,0.8571428571428571
14,hef_linear_gte,HEF-linear + GTE,hef_linear,abt_buy,ranking,hits_at_100,3,1.0,0.0,1.0,1.0
14,hef_linear_gte,HEF-linear + GTE,hef_linear,abt_buy,ranking,hits_at_100_end_to_end,3,1.0,0.0,1.0,1.0
14,hef_linear_gte,HEF-linear + GTE,hef_linear,abt_buy,ranking,mrr_at_100,3,0.9131983096268811,0.0,0.9131983096268811,0.9131983096268811
14,hef_linear_gte,HEF-linear + GTE,hef_linear,abt_buy,ranking,ndcg_at_100,3,0.9341407668019847,0.0,0.9341407668019847,0.9341407668019847
14,hef_linear_gte,HEF-linear + GTE,hef_linear,amazon_google,classification,f1,3,0.5764499121265377,0.0,0.5764499121265377,0.5764499121265377
14,hef_linear_gte,HEF-linear + GTE,hef_linear,amazon_google,ranking,hits_at_1,3,0.8518518518518519,0.0,0.8518518518518519,0.8518518518518519
14,hef_linear_gte,HEF-linear + GTE,hef_linear,amazon_google,ranking,hits_at_100,3,1.0,0.0,1.0,1.0
14,hef_linear_gte,HEF-linear + GTE,hef_linear,amazon_google,ranking,hits_at_100_end_to_end,3,0.9938650306748467,0.0,0.9938650306748467,0.9938650306748467
14,hef_linear_gte,HEF-linear + GTE,hef_linear,amazon_google,ranking,mrr_at_100,3,0.9128159905937683,0.0,0.9128159905937683,0.9128159905937683
14,hef_linear_gte,HEF-linear + GTE,hef_linear,amazon_google,ranking,ndcg_at_100,3,0.9342714061455544,0.0,0.9342714061455544,0.9342714061455544
14,hef_linear_gte,HEF-linear + GTE,hef_linear,link_lives_release2,classification,f1,3,0.8305134189031506,0.0,0.8305134189031506,0.8305134189031506
14,hef_linear_gte,HEF-linear + GTE,hef_linear,link_lives_release2,ranking,hits_at_1,3,0.68602082675923,0.0,0.68602082675923,0.68602082675923
14,hef_linear_gte,HEF-linear + GTE,hef_linear,link_lives_release2,ranking,hits_at_100,3,1.0,0.0,1.0,1.0
14,hef_linear_gte,HEF-linear + GTE,hef_linear,link_lives_release2,ranking,hits_at_100_end_to_end,3,0.9750769230769231,0.0,0.9750769230769231,0.9750769230769231
14,hef_linear_gte,HEF-linear + GTE,hef_linear,link_lives_release2,ranking,mrr_at_100,3,0.8054637185647783,0.0,0.8054637185647783,0.8054637185647783
14,hef_linear_gte,HEF-linear + GTE,hef_linear,link_lives_release2,ranking,ndcg_at_100,3,0.8536627996523638,0.0,0.8536627996523638,0.8536627996523638
14,hef_linear_gte,HEF-linear + GTE,hef_linear,walmart_amazon,classification,f1,3,0.740506329113924,0.0,0.740506329113924,0.740506329113924
14,hef_linear_gte,HEF-linear + GTE,hef_linear,walmart_amazon,ranking,hits_at_1,3,0.916030534351145,0.0,0.916030534351145,0.916030534351145
14,hef_linear_gte,HEF-linear + GTE,hef_linear,walmart_amazon,ranking,hits_at_100,3,1.0,0.0,1.0,1.0
14,hef_linear_gte,HEF-linear + GTE,hef_linear,walmart_amazon,ranking,hits_at_100_end_to_end,3,1.0,0.0,1.0,1.0
14,hef_linear_gte,HEF-linear + GTE,hef_linear,walmart_amazon,ranking,mrr_at_100,3,0.9510178117048346,0.0,0.9510178117048346,0.9510178117048346
14,hef_linear_gte,HEF-linear + GTE,hef_linear,walmart_amazon,ranking,ndcg_at_100,3,0.9618116716396726,0.0,0.9618116716396726,0.9618116716396726
14,hef_linear_gte,HEF-linear + GTE,hef_linear,wdc_80_medium_seen,classification,f1,3,0.4592487597448618,0.0,0.4592487597448618,0.4592487597448618
14,hef_linear_gte,HEF-linear + GTE,hef_linear,wdc_80_medium_seen,ranking,hits_at_1,3,0.4737903225806452,0.0,0.4737903225806452,0.4737903225806452
14,hef_linear_gte,HEF-linear + GTE,hef_linear,wdc_80_medium_seen,ranking,hits_at_100,3,1.0,0.0,1.0,1.0
14,hef_linear_gte,HEF-linear + GTE,hef_linear,wdc_80_medium_seen,ranking,hits_at_100_end_to_end,3,0.992,0.0,0.992,0.992
14,hef_linear_gte,HEF-linear + GTE,hef_linear,wdc_80_medium_seen,ranking,mrr_at_100,3,0.6335591151419788,0.0,0.6335591151419788,0.6335591151419788
14,hef_linear_gte,HEF-linear + GTE,hef_linear,wdc_80_medium_seen,ranking,ndcg_at_100,3,0.7204512048172315,0.0,0.7204512048172315,0.7204512048172315
14,hef_linear_gte,HEF-linear + GTE,hef_linear,wdc_80_medium_unseen,classification,f1,3,0.5185185185185185,0.0,0.5185185185185185,0.5185185185185185
14,hef_linear_gte,HEF-linear + GTE,hef_linear,wdc_80_medium_unseen,ranking,hits_at_1,3,0.6052104208416834,0.0,0.6052104208416834,0.6052104208416834
14,hef_linear_gte,HEF-linear + GTE,hef_linear,wdc_80_medium_unseen,ranking,hits_at_100,3,1.0,0.0,1.0,1.0
14,hef_linear_gte,HEF-linear + GTE,hef_linear,wdc_80_medium_unseen,ranking,hits_at_100_end_to_end,3,0.998,0.0,0.998,0.998
14,hef_linear_gte,HEF-linear + GTE,hef_linear,wdc_80_medium_unseen,ranking,mrr_at_100,3,0.7361316491739102,0.0,0.7361316491739102,0.7361316491739102
14,hef_linear_gte,HEF-linear + GTE,hef_linear,wdc_80_medium_unseen,ranking,ndcg_at_100,3,0.7999942127895231,0.0,0.7999942127895231,0.7999942127895231
15,hef_linear_roberta,HEF-linear + RoBERTa embedding,hef_linear,abt_buy,classification,f1,3,0.6363636363636364,0.0,0.6363636363636364,0.6363636363636364
15,hef_linear_roberta,HEF-linear + RoBERTa embedding,hef_linear,abt_buy,ranking,hits_at_1,3,0.8116883116883117,0.0,0.8116883116883117,0.8116883116883117
15,hef_linear_roberta,HEF-linear + RoBERTa embedding,hef_linear,abt_buy,ranking,hits_at_100,3,1.0,0.0,1.0,1.0
15,hef_linear_roberta,HEF-linear + RoBERTa embedding,hef_linear,abt_buy,ranking,hits_at_100_end_to_end,3,1.0,0.0,1.0,1.0
15,hef_linear_roberta,HEF-linear + RoBERTa embedding,hef_linear,abt_buy,ranking,mrr_at_100,3,0.8845633533133533,0.0,0.8845633533133533,0.8845633533133533
15,hef_linear_roberta,HEF-linear + RoBERTa embedding,hef_linear,abt_buy,ranking,ndcg_at_100,3,0.9129084805381646,0.0,0.9129084805381646,0.9129084805381646
15,hef_linear_roberta,HEF-linear + RoBERTa embedding,hef_linear,amazon_google,classification,f1,3,0.5740740740740741,0.0,0.5740740740740741,0.5740740740740741
15,hef_linear_roberta,HEF-linear + RoBERTa embedding,hef_linear,amazon_google,ranking,hits_at_1,3,0.8711656441717791,0.0,0.8711656441717791,0.8711656441717791
15,hef_linear_roberta,HEF-linear + RoBERTa embedding,hef_linear,amazon_google,ranking,hits_at_100,3,1.0,0.0,1.0,1.0
15,hef_linear_roberta,HEF-linear + RoBERTa embedding,hef_linear,amazon_google,ranking,hits_at_100_end_to_end,3,1.0,0.0,1.0,1.0
15,hef_linear_roberta,HEF-linear + RoBERTa embedding,hef_linear,amazon_google,ranking,mrr_at_100,3,0.9238241308793455,0.0,0.9238241308793455,0.9238241308793455
15,hef_linear_roberta,HEF-linear + RoBERTa embedding,hef_linear,amazon_google,ranking,ndcg_at_100,3,0.9407407718440255,0.0,0.9407407718440255,0.9407407718440255
15,hef_linear_roberta,HEF-linear + RoBERTa embedding,hef_linear,link_lives_release2,classification,f1,3,0.8063273727647868,0.0,0.8063273727647868,0.8063273727647868
15,hef_linear_roberta,HEF-linear + RoBERTa embedding,hef_linear,link_lives_release2,ranking,hits_at_1,3,0.3604060913705584,0.0,0.3604060913705584,0.3604060913705584
15,hef_linear_roberta,HEF-linear + RoBERTa embedding,hef_linear,link_lives_release2,ranking,hits_at_100,3,1.0,0.0,1.0,1.0
15,hef_linear_roberta,HEF-linear + RoBERTa embedding,hef_linear,link_lives_release2,ranking,hits_at_100_end_to_end,3,0.6667692307692308,0.0,0.6667692307692308,0.6667692307692308
15,hef_linear_roberta,HEF-linear + RoBERTa embedding,hef_linear,link_lives_release2,ranking,mrr_at_100,3,0.46457828073342067,0.0,0.46457828073342067,0.46457828073342067
15,hef_linear_roberta,HEF-linear + RoBERTa embedding,hef_linear,link_lives_release2,ranking,ndcg_at_100,3,0.5712575476611718,0.0,0.5712575476611718,0.5712575476611718
15,hef_linear_roberta,HEF-linear + RoBERTa embedding,hef_linear,walmart_amazon,classification,f1,3,0.746177370030581,0.0,0.746177370030581,0.746177370030581
15,hef_linear_roberta,HEF-linear + RoBERTa embedding,hef_linear,walmart_amazon,ranking,hits_at_1,3,0.916030534351145,0.0,0.916030534351145,0.916030534351145
15,hef_linear_roberta,HEF-linear + RoBERTa embedding,hef_linear,walmart_amazon,ranking,hits_at_100,3,1.0,0.0,1.0,1.0
15,hef_linear_roberta,HEF-linear + RoBERTa embedding,hef_linear,walmart_amazon,ranking,hits_at_100_end_to_end,3,1.0,0.0,1.0,1.0
15,hef_linear_roberta,HEF-linear + RoBERTa embedding,hef_linear,walmart_amazon,ranking,mrr_at_100,3,0.9500000000000001,0.0,0.9500000000000001,0.9500000000000001
15,hef_linear_roberta,HEF-linear + RoBERTa embedding,hef_linear,walmart_amazon,ranking,ndcg_at_100,3,0.9599713830406942,0.0,0.9599713830406942,0.9599713830406942
15,hef_linear_roberta,HEF-linear + RoBERTa embedding,hef_linear,wdc_80_medium_seen,classification,f1,3,0.43783783783783786,0.0,0.43783783783783786,0.43783783783783786
15,hef_linear_roberta,HEF-linear + RoBERTa embedding,hef_linear,wdc_80_medium_seen,ranking,hits_at_1,3,0.4352226720647773,0.0,0.4352226720647773,0.4352226720647773
15,hef_linear_roberta,HEF-linear + RoBERTa embedding,hef_linear,wdc_80_medium_seen,ranking,hits_at_100,3,1.0,0.0,1.0,1.0
15,hef_linear_roberta,HEF-linear + RoBERTa embedding,hef_linear,wdc_80_medium_seen,ranking,hits_at_100_end_to_end,3,0.988,0.0,0.988,0.988
15,hef_linear_roberta,HEF-linear + RoBERTa embedding,hef_linear,wdc_80_medium_seen,ranking,mrr_at_100,3,0.6056363741048651,0.0,0.6056363741048651,0.6056363741048651
15,hef_linear_roberta,HEF-linear + RoBERTa embedding,hef_linear,wdc_80_medium_seen,ranking,ndcg_at_100,3,0.6992910788320359,0.0,0.6992910788320359,0.6992910788320359
15,hef_linear_roberta,HEF-linear + RoBERTa embedding,hef_linear,wdc_80_medium_unseen,classification,f1,3,0.5101744186046512,0.0,0.5101744186046512,0.5101744186046512
15,hef_linear_roberta,HEF-linear + RoBERTa embedding,hef_linear,wdc_80_medium_unseen,ranking,hits_at_1,3,0.5671342685370742,0.0,0.5671342685370742,0.5671342685370742
15,hef_linear_roberta,HEF-linear + RoBERTa embedding,hef_linear,wdc_80_medium_unseen,ranking,hits_at_100,3,1.0,0.0,1.0,1.0
15,hef_linear_roberta,HEF-linear + RoBERTa embedding,hef_linear,wdc_80_medium_unseen,ranking,hits_at_100_end_to_end,3,0.998,0.0,0.998,0.998
15,hef_linear_roberta,HEF-linear + RoBERTa embedding,hef_linear,wdc_80_medium_unseen,ranking,mrr_at_100,3,0.7090768499419134,0.0,0.7090768499419134,0.7090768499419134
15,hef_linear_roberta,HEF-linear + RoBERTa embedding,hef_linear,wdc_80_medium_unseen,ranking,ndcg_at_100,3,0.7794959043330755,0.0,0.7794959043330755,0.7794959043330755
16,hef_linear_bert,HEF-linear + BERT embedding,hef_linear,abt_buy,classification,f1,3,0.6550976138828634,0.0,0.6550976138828634,0.6550976138828634
16,hef_linear_bert,HEF-linear + BERT embedding,hef_linear,abt_buy,ranking,hits_at_1,3,0.8503937007874016,0.0,0.8503937007874016,0.8503937007874016
16,hef_linear_bert,HEF-linear + BERT embedding,hef_linear,abt_buy,ranking,hits_at_100,3,1.0,0.0,1.0,1.0
16,hef_linear_bert,HEF-linear + BERT embedding,hef_linear,abt_buy,ranking,hits_at_100_end_to_end,3,0.8246753246753247,0.0,0.8246753246753247,0.8246753246753247
16,hef_linear_bert,HEF-linear + BERT embedding,hef_linear,abt_buy,ranking,mrr_at_100,3,0.9070606558795535,0.0,0.9070606558795535,0.9070606558795535
16,hef_linear_bert,HEF-linear + BERT embedding,hef_linear,abt_buy,ranking,ndcg_at_100,3,0.9297052386390774,0.0,0.9297052386390774,0.9297052386390774
16,hef_linear_bert,HEF-linear + BERT embedding,hef_linear,amazon_google,classification,f1,3,0.5505376344086022,0.0,0.5505376344086022,0.5505376344086022
16,hef_linear_bert,HEF-linear + BERT embedding,hef_linear,amazon_google,ranking,hits_at_1,3,0.8675496688741722,0.0,0.8675496688741722,0.8675496688741722
16,hef_linear_bert,HEF-linear + BERT embedding,hef_linear,amazon_google,ranking,hits_at_100,3,1.0,0.0,1.0,1.0
16,hef_linear_bert,HEF-linear + BERT embedding,hef_linear,amazon_google,ranking,hits_at_100_end_to_end,3,0.9263803680981595,0.0,0.9263803680981595,0.9263803680981595
16,hef_linear_bert,HEF-linear + BERT embedding,hef_linear,amazon_google,ranking,mrr_at_100,3,0.9217467962501075,0.0,0.9217467962501075,0.9217467962501075
16,hef_linear_bert,HEF-linear + BERT embedding,hef_linear,amazon_google,ranking,ndcg_at_100,3,0.9396429484931494,0.0,0.9396429484931494,0.9396429484931494
16,hef_linear_bert,HEF-linear + BERT embedding,hef_linear,link_lives_release2,classification,f1,3,0.8188053729637039,0.0,0.8188053729637039,0.8188053729637039
16,hef_linear_bert,HEF-linear + BERT embedding,hef_linear,link_lives_release2,ranking,hits_at_1,3,0.6750651607298002,0.0,0.6750651607298002,0.6750651607298002
16,hef_linear_bert,HEF-linear + BERT embedding,hef_linear,link_lives_release2,ranking,hits_at_100,3,1.0,0.0,1.0,1.0
16,hef_linear_bert,HEF-linear + BERT embedding,hef_linear,link_lives_release2,ranking,hits_at_100_end_to_end,3,0.7083076923076923,0.0,0.7083076923076923,0.7083076923076923
16,hef_linear_bert,HEF-linear + BERT embedding,hef_linear,link_lives_release2,ranking,mrr_at_100,3,0.8212591754856792,0.0,0.8212591754856792,0.8212591754856792
16,hef_linear_bert,HEF-linear + BERT embedding,hef_linear,link_lives_release2,ranking,ndcg_at_100,3,0.8668054670196159,0.0,0.8668054670196159,0.8668054670196159
16,hef_linear_bert,HEF-linear + BERT embedding,hef_linear,walmart_amazon,classification,f1,3,0.7130434782608696,0.0,0.7130434782608696,0.7130434782608696
16,hef_linear_bert,HEF-linear + BERT embedding,hef_linear,walmart_amazon,ranking,hits_at_1,3,0.9375,0.0,0.9375,0.9375
16,hef_linear_bert,HEF-linear + BERT embedding,hef_linear,walmart_amazon,ranking,hits_at_100,3,1.0,0.0,1.0,1.0
16,hef_linear_bert,HEF-linear + BERT embedding,hef_linear,walmart_amazon,ranking,hits_at_100_end_to_end,3,0.8549618320610687,0.0,0.8549618320610687,0.8549618320610687
16,hef_linear_bert,HEF-linear + BERT embedding,hef_linear,walmart_amazon,ranking,mrr_at_100,3,0.9616071428571428,0.0,0.9616071428571428,0.9616071428571428
16,hef_linear_bert,HEF-linear + BERT embedding,hef_linear,walmart_amazon,ranking,ndcg_at_100,3,0.9692749608181174,0.0,0.9692749608181174,0.9692749608181174
16,hef_linear_bert,HEF-linear + BERT embedding,hef_linear,wdc_80_medium_seen,classification,f1,3,0.40452830188679245,0.0,0.40452830188679245,0.40452830188679245
16,hef_linear_bert,HEF-linear + BERT embedding,hef_linear,wdc_80_medium_seen,ranking,hits_at_1,3,0.46546546546546547,0.0,0.46546546546546547,0.46546546546546547
16,hef_linear_bert,HEF-linear + BERT embedding,hef_linear,wdc_80_medium_seen,ranking,hits_at_100,3,1.0,0.0,1.0,1.0
16,hef_linear_bert,HEF-linear + BERT embedding,hef_linear,wdc_80_medium_seen,ranking,hits_at_100_end_to_end,3,0.666,0.0,0.666,0.666
16,hef_linear_bert,HEF-linear + BERT embedding,hef_linear,wdc_80_medium_seen,ranking,mrr_at_100,3,0.6431431527019762,0.0,0.6431431527019762,0.6431431527019762
16,hef_linear_bert,HEF-linear + BERT embedding,hef_linear,wdc_80_medium_seen,ranking,ndcg_at_100,3,0.7293645000772434,0.0,0.7293645000772434,0.7293645000772434
16,hef_linear_bert,HEF-linear + BERT embedding,hef_linear,wdc_80_medium_unseen,classification,f1,3,0.4750378214826021,0.0,0.4750378214826021,0.4750378214826021
16,hef_linear_bert,HEF-linear + BERT embedding,hef_linear,wdc_80_medium_unseen,ranking,hits_at_1,3,0.5864022662889519,0.0,0.5864022662889519,0.5864022662889519
16,hef_linear_bert,HEF-linear + BERT embedding,hef_linear,wdc_80_medium_unseen,ranking,hits_at_100,3,1.0,0.0,1.0,1.0
16,hef_linear_bert,HEF-linear + BERT embedding,hef_linear,wdc_80_medium_unseen,ranking,hits_at_100_end_to_end,3,0.706,0.0,0.706,0.706
16,hef_linear_bert,HEF-linear + BERT embedding,hef_linear,wdc_80_medium_unseen,ranking,mrr_at_100,3,0.7260750797499202,0.0,0.7260750797499202,0.7260750797499202
16,hef_linear_bert,HEF-linear + BERT embedding,hef_linear,wdc_80_medium_unseen,ranking,ndcg_at_100,3,0.7923978318524415,0.0,0.7923978318524415,0.7923978318524415
17,hef_linear_jina,HEF-linear + Jina embedding,hef_linear,abt_buy,classification,f1,3,0.6952595936794582,0.0,0.6952595936794582,0.6952595936794582
17,hef_linear_jina,HEF-linear + Jina embedding,hef_linear,abt_buy,ranking,hits_at_1,3,0.8506493506493507,0.0,0.8506493506493507,0.8506493506493507
17,hef_linear_jina,HEF-linear + Jina embedding,hef_linear,abt_buy,ranking,hits_at_100,3,1.0,0.0,1.0,1.0
17,hef_linear_jina,HEF-linear + Jina embedding,hef_linear,abt_buy,ranking,hits_at_100_end_to_end,3,1.0,0.0,1.0,1.0
17,hef_linear_jina,HEF-linear + Jina embedding,hef_linear,abt_buy,ranking,mrr_at_100,3,0.9069109461966605,0.0,0.9069109461966605,0.9069109461966605
17,hef_linear_jina,HEF-linear + Jina embedding,hef_linear,abt_buy,ranking,ndcg_at_100,3,0.9297330680442163,0.0,0.9297330680442163,0.9297330680442163
17,hef_linear_jina,HEF-linear + Jina embedding,hef_linear,amazon_google,classification,f1,3,0.5446623093681917,0.0,0.5446623093681917,0.5446623093681917
17,hef_linear_jina,HEF-linear + Jina embedding,hef_linear,amazon_google,ranking,hits_at_1,3,0.8509316770186336,0.0,0.8509316770186336,0.8509316770186336
17,hef_linear_jina,HEF-linear + Jina embedding,hef_linear,amazon_google,ranking,hits_at_100,3,1.0,0.0,1.0,1.0
17,hef_linear_jina,HEF-linear + Jina embedding,hef_linear,amazon_google,ranking,hits_at_100_end_to_end,3,0.9877300613496932,0.0,0.9877300613496932,0.9877300613496932
17,hef_linear_jina,HEF-linear + Jina embedding,hef_linear,amazon_google,ranking,mrr_at_100,3,0.9101449275362317,0.0,0.9101449275362317,0.9101449275362317
17,hef_linear_jina,HEF-linear + Jina embedding,hef_linear,amazon_google,ranking,ndcg_at_100,3,0.9321605982446923,0.0,0.9321605982446923,0.9321605982446923
17,hef_linear_jina,HEF-linear + Jina embedding,hef_linear,link_lives_release2,classification,f1,3,0.820969337289812,0.0,0.820969337289812,0.820969337289812
17,hef_linear_jina,HEF-linear + Jina embedding,hef_linear,link_lives_release2,ranking,hits_at_1,3,0.5518169582772544,0.0,0.5518169582772544,0.5518169582772544
17,hef_linear_jina,HEF-linear + Jina embedding,hef_linear,link_lives_release2,ranking,hits_at_100,3,1.0,0.0,1.0,1.0
17,hef_linear_jina,HEF-linear + Jina embedding,hef_linear,link_lives_release2,ranking,hits_at_100_end_to_end,3,0.9144615384615384,0.0,0.9144615384615384,0.9144615384615384
17,hef_linear_jina,HEF-linear + Jina embedding,hef_linear,link_lives_release2,ranking,mrr_at_100,3,0.7406117850979828,0.0,0.7406117850979828,0.7406117850979828
17,hef_linear_jina,HEF-linear + Jina embedding,hef_linear,link_lives_release2,ranking,ndcg_at_100,3,0.8061203130070625,0.0,0.8061203130070625,0.8061203130070625
17,hef_linear_jina,HEF-linear + Jina embedding,hef_linear,walmart_amazon,classification,f1,3,0.7188405797101449,0.0,0.7188405797101449,0.7188405797101449
17,hef_linear_jina,HEF-linear + Jina embedding,hef_linear,walmart_amazon,ranking,hits_at_1,3,0.9008264462809917,0.0,0.9008264462809917,0.9008264462809917
17,hef_linear_jina,HEF-linear + Jina embedding,hef_linear,walmart_amazon,ranking,hits_at_100,3,1.0,0.0,1.0,1.0
17,hef_linear_jina,HEF-linear + Jina embedding,hef_linear,walmart_amazon,ranking,hits_at_100_end_to_end,3,0.9236641221374046,0.0,0.9236641221374046,0.9236641221374046
17,hef_linear_jina,HEF-linear + Jina embedding,hef_linear,walmart_amazon,ranking,mrr_at_100,3,0.937603305785124,0.0,0.937603305785124,0.937603305785124
17,hef_linear_jina,HEF-linear + Jina embedding,hef_linear,walmart_amazon,ranking,ndcg_at_100,3,0.9513346013146041,0.0,0.9513346013146041,0.9513346013146041
17,hef_linear_jina,HEF-linear + Jina embedding,hef_linear,wdc_80_medium_seen,classification,f1,3,0.43026706231454004,0.0,0.43026706231454004,0.43026706231454004
17,hef_linear_jina,HEF-linear + Jina embedding,hef_linear,wdc_80_medium_seen,ranking,hits_at_1,3,0.41304347826086957,0.0,0.41304347826086957,0.41304347826086957
17,hef_linear_jina,HEF-linear + Jina embedding,hef_linear,wdc_80_medium_seen,ranking,hits_at_100,3,1.0,0.0,1.0,1.0
17,hef_linear_jina,HEF-linear + Jina embedding,hef_linear,wdc_80_medium_seen,ranking,hits_at_100_end_to_end,3,0.828,0.0,0.828,0.828
17,hef_linear_jina,HEF-linear + Jina embedding,hef_linear,wdc_80_medium_seen,ranking,mrr_at_100,3,0.5934135617700086,0.0,0.5934135617700086,0.5934135617700086
17,hef_linear_jina,HEF-linear + Jina embedding,hef_linear,wdc_80_medium_seen,ranking,ndcg_at_100,3,0.6900267539495542,0.0,0.6900267539495542,0.6900267539495542
17,hef_linear_jina,HEF-linear + Jina embedding,hef_linear,wdc_80_medium_unseen,classification,f1,3,0.4897959183673469,0.0,0.4897959183673469,0.4897959183673469
17,hef_linear_jina,HEF-linear + Jina embedding,hef_linear,wdc_80_medium_unseen,ranking,hits_at_1,3,0.594272076372315,0.0,0.594272076372315,0.594272076372315
17,hef_linear_jina,HEF-linear + Jina embedding,hef_linear,wdc_80_medium_unseen,ranking,hits_at_100,3,1.0,0.0,1.0,1.0
17,hef_linear_jina,HEF-linear + Jina embedding,hef_linear,wdc_80_medium_unseen,ranking,hits_at_100_end_to_end,3,0.838,0.0,0.838,0.838
17,hef_linear_jina,HEF-linear + Jina embedding,hef_linear,wdc_80_medium_unseen,ranking,mrr_at_100,3,0.7280097423306342,0.0,0.7280097423306342,0.7280097423306342
17,hef_linear_jina,HEF-linear + Jina embedding,hef_linear,wdc_80_medium_unseen,ranking,ndcg_at_100,3,0.7936446108390603,0.0,0.7936446108390603,0.7936446108390603
18,hef_gbdt_e5,HEF-GBDT + E5,hef_gbdt,abt_buy,classification,f1,3,0.7140961868136305,0.0046849237626827136,0.7101123595505618,0.7192575406032483
18,hef_gbdt_e5,HEF-GBDT + E5,hef_gbdt,abt_buy,ranking,hits_at_1,3,0.8787878787878788,0.0037490277220105263,0.8766233766233766,0.8831168831168831
18,hef_gbdt_e5,HEF-GBDT + E5,hef_gbdt,abt_buy,ranking,hits_at_100,3,1.0,0.0,1.0,1.0
18,hef_gbdt_e5,HEF-GBDT + E5,hef_gbdt,abt_buy,ranking,hits_at_100_end_to_end,3,1.0,0.0,1.0,1.0
18,hef_gbdt_e5,HEF-GBDT + E5,hef_gbdt,abt_buy,ranking,mrr_at_100,3,0.9273715041572185,0.003318075295668846,0.9237734487734488,0.9303107606679035
18,hef_gbdt_e5,HEF-GBDT + E5,hef_gbdt,abt_buy,ranking,ndcg_at_100,3,0.9450625786480417,0.0022610460340625545,0.9427017066238169,0.9472084376928577
18,hef_gbdt_e5,HEF-GBDT + E5,hef_gbdt,amazon_google,classification,f1,3,0.5816675381488888,0.009892790804706869,0.5704584040747029,0.5891783567134269
18,hef_gbdt_e5,HEF-GBDT + E5,hef_gbdt,amazon_google,ranking,hits_at_1,3,0.8179959100204499,0.009371320439582501,0.8098159509202454,0.8282208588957055
18,hef_gbdt_e5,HEF-GBDT + E5,hef_gbdt,amazon_google,ranking,hits_at_100,3,1.0,0.0,1.0,1.0
18,hef_gbdt_e5,HEF-GBDT + E5,hef_gbdt,amazon_google,ranking,hits_at_100_end_to_end,3,1.0,0.0,1.0,1.0
18,hef_gbdt_e5,HEF-GBDT + E5,hef_gbdt,amazon_google,ranking,mrr_at_100,3,0.8886832794323913,0.0069264860213167955,0.8809198353757605,0.8942302074203913
18,hef_gbdt_e5,HEF-GBDT + E5,hef_gbdt,amazon_google,ranking,ndcg_at_100,3,0.9125691582097724,0.004632226544151854,0.9074087727428866,0.9163680958431883
18,hef_gbdt_e5,HEF-GBDT + E5,hef_gbdt,link_lives_release2,classification,f1,3,0.8602926699689689,0.0012427960490436305,0.858978102189781,0.861448427212875
18,hef_gbdt_e5,HEF-GBDT + E5,hef_gbdt,link_lives_release2,ranking,hits_at_1,3,0.814699146366854,0.001096778446059989,0.8135540287320425,0.8157401623985009
18,hef_gbdt_e5,HEF-GBDT + E5,hef_gbdt,link_lives_release2,ranking,hits_at_100,3,1.0,0.0,1.0,1.0
18,hef_gbdt_e5,HEF-GBDT + E5,hef_gbdt,link_lives_release2,ranking,hits_at_100_end_to_end,3,0.9852307692307692,0.0,0.9852307692307692,0.9852307692307692
18,hef_gbdt_e5,HEF-GBDT + E5,hef_gbdt,link_lives_release2,ranking,mrr_at_100,3,0.8886190759394839,0.0004990791564796227,0.8882679695746906,0.8891903856693736
18,hef_gbdt_e5,HEF-GBDT + E5,hef_gbdt,link_lives_release2,ranking,ndcg_at_100,3,0.916188751092373,0.0003835173261802179,0.915886452955554,0.9166201632815052
18,hef_gbdt_e5,HEF-GBDT + E5,hef_gbdt,walmart_amazon,classification,f1,3,0.7844407718824102,0.010518392244772752,0.7724550898203593,0.7921348314606742
18,hef_gbdt_e5,HEF-GBDT + E5,hef_gbdt,walmart_amazon,ranking,hits_at_1,3,0.9211195928753181,0.004407253963279593,0.916030534351145,0.9236641221374046
18,hef_gbdt_e5,HEF-GBDT + E5,hef_gbdt,walmart_amazon,ranking,hits_at_100,3,1.0,0.0,1.0,1.0
18,hef_gbdt_e5,HEF-GBDT + E5,hef_gbdt,walmart_amazon,ranking,hits_at_100_end_to_end,3,1.0,0.0,1.0,1.0
18,hef_gbdt_e5,HEF-GBDT + E5,hef_gbdt,walmart_amazon,ranking,mrr_at_100,3,0.9479541239083223,0.002069196692200567,0.9455652490003635,0.9491877079663339
18,hef_gbdt_e5,HEF-GBDT + E5,hef_gbdt,walmart_amazon,ranking,ndcg_at_100,3,0.9588871869099702,0.0016113540751123583,0.9570282987223779,0.9598863661090113
18,hef_gbdt_e5,HEF-GBDT + E5,hef_gbdt,wdc_80_medium_seen,classification,f1,3,0.4790615737322126,0.009970207902665874,0.47293447293447294,0.49056603773584906
18,hef_gbdt_e5,HEF-GBDT + E5,hef_gbdt,wdc_80_medium_seen,ranking,hits_at_1,3,0.4455577822311289,0.00306117280892174,0.44288577154308617,0.44889779559118237
18,hef_gbdt_e5,HEF-GBDT + E5,hef_gbdt,wdc_80_medium_seen,ranking,hits_at_100,3,1.0,0.0,1.0,1.0
18,hef_gbdt_e5,HEF-GBDT + E5,hef_gbdt,wdc_80_medium_seen,ranking,hits_at_100_end_to_end,3,0.998,0.0,0.998,0.998
18,hef_gbdt_e5,HEF-GBDT + E5,hef_gbdt,wdc_80_medium_seen,ranking,mrr_at_100,3,0.6101219593698122,0.0026472770034012935,0.6076679109727272,0.6129273721077552
18,hef_gbdt_e5,HEF-GBDT + E5,hef_gbdt,wdc_80_medium_seen,ranking,ndcg_at_100,3,0.7023104213454474,0.0020187743429002773,0.7003949176338592,0.704418644407192
18,hef_gbdt_e5,HEF-GBDT + E5,hef_gbdt,wdc_80_medium_unseen,classification,f1,3,0.5142137673989498,0.0016046326419122366,0.5124450951683748,0.5155763239875389
18,hef_gbdt_e5,HEF-GBDT + E5,hef_gbdt,wdc_80_medium_unseen,ranking,hits_at_1,3,0.5729585006693441,0.010106873407323642,0.5622489959839357,0.5823293172690763
18,hef_gbdt_e5,HEF-GBDT + E5,hef_gbdt,wdc_80_medium_unseen,ranking,hits_at_100,3,1.0,0.0,1.0,1.0
18,hef_gbdt_e5,HEF-GBDT + E5,hef_gbdt,wdc_80_medium_unseen,ranking,hits_at_100_end_to_end,3,0.996,0.0,0.996,0.996
18,hef_gbdt_e5,HEF-GBDT + E5,hef_gbdt,wdc_80_medium_unseen,ranking,mrr_at_100,3,0.7114663504033678,0.005600450984073123,0.7050619690204344,0.7154450560988478
18,hef_gbdt_e5,HEF-GBDT + E5,hef_gbdt,wdc_80_medium_unseen,ranking,ndcg_at_100,3,0.7809267191241841,0.004212921185829975,0.7761004663327632,0.7838682089487873
19,hef_gbdt_minilm,HEF-GBDT + MiniLM,hef_gbdt,abt_buy,classification,f1,3,0.7117043812359395,0.0017753947255006973,0.7098214285714286,0.7133479212253829
19,hef_gbdt_minilm,HEF-GBDT + MiniLM,hef_gbdt,abt_buy,ranking,hits_at_1,3,0.8809523809523809,0.0037490277220105263,0.8766233766233766,0.8831168831168831
19,hef_gbdt_minilm,HEF-GBDT + MiniLM,hef_gbdt,abt_buy,ranking,hits_at_100,3,1.0,0.0,1.0,1.0
19,hef_gbdt_minilm,HEF-GBDT + MiniLM,hef_gbdt,abt_buy,ranking,hits_at_100_end_to_end,3,1.0,0.0,1.0,1.0
19,hef_gbdt_minilm,HEF-GBDT + MiniLM,hef_gbdt,abt_buy,ranking,mrr_at_100,3,0.9255109308680737,0.0037529823100128025,0.921237889095032,0.9282725211296639
19,hef_gbdt_minilm,HEF-GBDT + MiniLM,hef_gbdt,abt_buy,ranking,ndcg_at_100,3,0.9437254596385714,0.002870389386424763,0.9404621765516175,0.9458594684286922
19,hef_gbdt_minilm,HEF-GBDT + MiniLM,hef_gbdt,amazon_google,classification,f1,3,0.5728565874907338,0.003059733736652319,0.5693693693693693,0.575091575091575
19,hef_gbdt_minilm,HEF-GBDT + MiniLM,hef_gbdt,amazon_google,ranking,hits_at_1,3,0.8209876543209876,0.012345679012345678,0.808641975308642,0.8333333333333334
19,hef_gbdt_minilm,HEF-GBDT + MiniLM,hef_gbdt,amazon_google,ranking,hits_at_100,3,1.0,0.0,1.0,1.0
19,hef_gbdt_minilm,HEF-GBDT + MiniLM,hef_gbdt,amazon_google,ranking,hits_at_100_end_to_end,3,0.9938650306748467,0.0,0.9938650306748467,0.9938650306748467
19,hef_gbdt_minilm,HEF-GBDT + MiniLM,hef_gbdt,amazon_google,ranking,mrr_at_100,3,0.8956987571185102,0.005850969153889482,0.8904788627010849,0.9020233196159123
19,hef_gbdt_minilm,HEF-GBDT + MiniLM,hef_gbdt,amazon_google,ranking,ndcg_at_100,3,0.9175015446568829,0.0037657050737215664,0.9140223207696767,0.9214998698534849
19,hef_gbdt_minilm,HEF-GBDT + MiniLM,hef_gbdt,link_lives_release2,classification,f1,3,0.8551249553294346,0.0031039409612479666,0.8520727272727273,0.8582781456953642
19,hef_gbdt_minilm,HEF-GBDT + MiniLM,hef_gbdt,link_lives_release2,ranking,hits_at_1,3,0.8384633738964448,0.0035850582680306826,0.8350035790980673,0.8421617752326414
19,hef_gbdt_minilm,HEF-GBDT + MiniLM,hef_gbdt,link_lives_release2,ranking,hits_at_100,3,1.0,0.0,1.0,1.0
19,hef_gbdt_minilm,HEF-GBDT + MiniLM,hef_gbdt,link_lives_release2,ranking,hits_at_100_end_to_end,3,0.8596923076923076,0.0,0.8596923076923076,0.8596923076923076
19,hef_gbdt_minilm,HEF-GBDT + MiniLM,hef_gbdt,link_lives_release2,ranking,mrr_at_100,3,0.9085960822018821,0.0018913566705690468,0.9070196442047069,0.9106932559308186
19,hef_gbdt_minilm,HEF-GBDT + MiniLM,hef_gbdt,link_lives_release2,ranking,ndcg_at_100,3,0.9317880858956281,0.0013920108846014684,0.9306466152491556,0.9333388609503448
19,hef_gbdt_minilm,HEF-GBDT + MiniLM,hef_gbdt,walmart_amazon,classification,f1,3,0.7708485905052737,0.013946311208679625,0.7604790419161677,0.7867036011080333
19,hef_gbdt_minilm,HEF-GBDT + MiniLM,hef_gbdt,walmart_amazon,ranking,hits_at_1,3,0.9007633587786259,0.007633587786259499,0.8931297709923665,0.9083969465648855
19,hef_gbdt_minilm,HEF-GBDT + MiniLM,hef_gbdt,walmart_amazon,ranking,hits_at_100,3,1.0,0.0,1.0,1.0
19,hef_gbdt_minilm,HEF-GBDT + MiniLM,hef_gbdt,walmart_amazon,ranking,hits_at_100_end_to_end,3,1.0,0.0,1.0,1.0
19,hef_gbdt_minilm,HEF-GBDT + MiniLM,hef_gbdt,walmart_amazon,ranking,mrr_at_100,3,0.9360485734655997,0.0033573444889017237,0.9322021241287752,0.9383905852417302
19,hef_gbdt_minilm,HEF-GBDT + MiniLM,hef_gbdt,walmart_amazon,ranking,ndcg_at_100,3,0.9498515233794106,0.002876339498917338,0.9465973654881642,0.9520540771091567
19,hef_gbdt_minilm,HEF-GBDT + MiniLM,hef_gbdt,wdc_80_medium_seen,classification,f1,3,0.44071615292101357,0.011917839013921443,0.42792501616031026,0.4515077424612877
19,hef_gbdt_minilm,HEF-GBDT + MiniLM,hef_gbdt,wdc_80_medium_seen,ranking,hits_at_1,3,0.4378818737270876,0.0,0.4378818737270876,0.4378818737270876
19,hef_gbdt_minilm,HEF-GBDT + MiniLM,hef_gbdt,wdc_80_medium_seen,ranking,hits_at_100,3,1.0,0.0,1.0,1.0
19,hef_gbdt_minilm,HEF-GBDT + MiniLM,hef_gbdt,wdc_80_medium_seen,ranking,hits_at_100_end_to_end,3,0.982,0.0,0.982,0.982
19,hef_gbdt_minilm,HEF-GBDT + MiniLM,hef_gbdt,wdc_80_medium_seen,ranking,mrr_at_100,3,0.6008358029866344,0.0016576684302643215,0.5997883133055588,0.6027469694108032
19,hef_gbdt_minilm,HEF-GBDT + MiniLM,hef_gbdt,wdc_80_medium_seen,ranking,ndcg_at_100,3,0.6945714038719532,0.0013682656888790428,0.6937395324808923,0.6961505865261791
19,hef_gbdt_minilm,HEF-GBDT + MiniLM,hef_gbdt,wdc_80_medium_unseen,classification,f1,3,0.47604997402043203,0.00239769623302177,0.47330960854092524,0.47776183644189385
19,hef_gbdt_minilm,HEF-GBDT + MiniLM,hef_gbdt,wdc_80_medium_unseen,ranking,hits_at_1,3,0.5833333333333334,0.00675325683542928,0.5756302521008403,0.5882352941176471
19,hef_gbdt_minilm,HEF-GBDT + MiniLM,hef_gbdt,wdc_80_medium_unseen,ranking,hits_at_100,3,1.0,0.0,1.0,1.0
19,hef_gbdt_minilm,HEF-GBDT + MiniLM,hef_gbdt,wdc_80_medium_unseen,ranking,hits_at_100_end_to_end,3,0.952,0.0,0.952,0.952
19,hef_gbdt_minilm,HEF-GBDT + MiniLM,hef_gbdt,wdc_80_medium_unseen,ranking,mrr_at_100,3,0.7134941351191969,0.005103157878298523,0.7079876796118146,0.7180643469509016
19,hef_gbdt_minilm,HEF-GBDT + MiniLM,hef_gbdt,wdc_80_medium_unseen,ranking,ndcg_at_100,3,0.7821417542640511,0.003953343537807032,0.7779341047742887,0.785778774839998
20,hef_gbdt_bge,HEF-GBDT + BGE,hef_gbdt,abt_buy,classification,f1,3,0.7332439513672113,0.0037580050029790714,0.7289293849658315,0.7358024691358025
20,hef_gbdt_bge,HEF-GBDT + BGE,hef_gbdt,abt_buy,ranking,hits_at_1,3,0.8917748917748918,0.029992221776084467,0.8571428571428571,0.9090909090909091
20,hef_gbdt_bge,HEF-GBDT + BGE,hef_gbdt,abt_buy,ranking,hits_at_100,3,1.0,0.0,1.0,1.0
20,hef_gbdt_bge,HEF-GBDT + BGE,hef_gbdt,abt_buy,ranking,hits_at_100_end_to_end,3,1.0,0.0,1.0,1.0
20,hef_gbdt_bge,HEF-GBDT + BGE,hef_gbdt,abt_buy,ranking,mrr_at_100,3,0.936560409287682,0.014326133107623693,0.9200216450216451,0.9451298701298702
20,hef_gbdt_bge,HEF-GBDT + BGE,hef_gbdt,abt_buy,ranking,ndcg_at_100,3,0.9514217089988244,0.010275531427616351,0.9395573555641081,0.957473820290154
20,hef_gbdt_bge,HEF-GBDT + BGE,hef_gbdt,amazon_google,classification,f1,3,0.5894155369720362,0.00363679526711723,0.5855379188712522,0.5927505330490405
20,hef_gbdt_bge,HEF-GBDT + BGE,hef_gbdt,amazon_google,ranking,hits_at_1,3,0.8139059304703476,0.02154530419806285,0.7914110429447853,0.8343558282208589
20,hef_gbdt_bge,HEF-GBDT + BGE,hef_gbdt,amazon_google,ranking,hits_at_100,3,1.0,0.0,1.0,1.0
20,hef_gbdt_bge,HEF-GBDT + BGE,hef_gbdt,amazon_google,ranking,hits_at_100_end_to_end,3,1.0,0.0,1.0,1.0
20,hef_gbdt_bge,HEF-GBDT + BGE,hef_gbdt,amazon_google,ranking,mrr_at_100,3,0.8925017041581458,0.01299668363963491,0.8786298568507157,0.9043967280163598
20,hef_gbdt_bge,HEF-GBDT + BGE,hef_gbdt,amazon_google,ranking,ndcg_at_100,3,0.9160270614569194,0.00898566104979087,0.9067561532686702,0.9246973390323774
20,hef_gbdt_bge,HEF-GBDT + BGE,hef_gbdt,link_lives_release2,classification,f1,3,0.8622960681707093,0.0010658876835525563,0.8612370229565726,0.8633686690223793
20,hef_gbdt_bge,HEF-GBDT + BGE,hef_gbdt,link_lives_release2,ranking,hits_at_1,3,0.8381804623415362,0.000369031811562566,0.837967401725791,0.8386065835730265
20,hef_gbdt_bge,HEF-GBDT + BGE,hef_gbdt,link_lives_release2,ranking,hits_at_100,3,1.0,0.0,1.0,1.0
20,hef_gbdt_bge,HEF-GBDT + BGE,hef_gbdt,link_lives_release2,ranking,hits_at_100_end_to_end,3,0.9627692307692308,0.0,0.9627692307692308,0.9627692307692308
20,hef_gbdt_bge,HEF-GBDT + BGE,hef_gbdt,link_lives_release2,ranking,mrr_at_100,3,0.9065445473962944,0.000330498210940744,0.9061755390612545,0.9068133350375107
20,hef_gbdt_bge,HEF-GBDT + BGE,hef_gbdt,link_lives_release2,ranking,ndcg_at_100,3,0.9300996058194632,0.00028052545475035375,0.9297816216208402,0.9303120681706208
20,hef_gbdt_bge,HEF-GBDT + BGE,hef_gbdt,walmart_amazon,classification,f1,3,0.7773078086531271,0.005880878198002086,0.7736389684813754,0.7840909090909091
20,hef_gbdt_bge,HEF-GBDT + BGE,hef_gbdt,walmart_amazon,ranking,hits_at_1,3,0.9007633587786259,0.013221761889838715,0.8854961832061069,0.9083969465648855
20,hef_gbdt_bge,HEF-GBDT + BGE,hef_gbdt,walmart_amazon,ranking,hits_at_100,3,1.0,0.0,1.0,1.0
20,hef_gbdt_bge,HEF-GBDT + BGE,hef_gbdt,walmart_amazon,ranking,hits_at_100_end_to_end,3,1.0,0.0,1.0,1.0
20,hef_gbdt_bge,HEF-GBDT + BGE,hef_gbdt,walmart_amazon,ranking,mrr_at_100,3,0.9352011855828649,0.005427563596161669,0.9289587003327461,0.9388040712468193
20,hef_gbdt_bge,HEF-GBDT + BGE,hef_gbdt,walmart_amazon,ranking,ndcg_at_100,3,0.9491542000313491,0.0037841600546135285,0.9447948365552962,0.951592396530413
20,hef_gbdt_bge,HEF-GBDT + BGE,hef_gbdt,wdc_80_medium_seen,classification,f1,3,0.4678921768737859,0.004790602704359159,0.4632068164213788,0.4727815063385533
20,hef_gbdt_bge,HEF-GBDT + BGE,hef_gbdt,wdc_80_medium_seen,ranking,hits_at_1,3,0.46210596914822266,0.007066166165561881,0.45472837022132795,0.4688128772635815
20,hef_gbdt_bge,HEF-GBDT + BGE,hef_gbdt,wdc_80_medium_seen,ranking,hits_at_100,3,1.0,0.0,1.0,1.0
20,hef_gbdt_bge,HEF-GBDT + BGE,hef_gbdt,wdc_80_medium_seen,ranking,hits_at_100_end_to_end,3,0.994,0.0,0.994,0.994
20,hef_gbdt_bge,HEF-GBDT + BGE,hef_gbdt,wdc_80_medium_seen,ranking,mrr_at_100,3,0.6172826871991741,0.0036985842503442657,0.6131361579685034,0.6202415290055492
20,hef_gbdt_bge,HEF-GBDT + BGE,hef_gbdt,wdc_80_medium_seen,ranking,ndcg_at_100,3,0.7072932057212958,0.0028919501927235627,0.7040405763670218,0.7095742551767821
20,hef_gbdt_bge,HEF-GBDT + BGE,hef_gbdt,wdc_80_medium_unseen,classification,f1,3,0.5269880825696732,0.0012820067273810734,0.5255102040816326,0.5278008298755187
20,hef_gbdt_bge,HEF-GBDT + BGE,hef_gbdt,wdc_80_medium_unseen,ranking,hits_at_1,3,0.5987903225806451,0.010668352060744308,0.5866935483870968,0.6068548387096774
20,hef_gbdt_bge,HEF-GBDT + BGE,hef_gbdt,wdc_80_medium_unseen,ranking,hits_at_100,3,1.0,0.0,1.0,1.0
20,hef_gbdt_bge,HEF-GBDT + BGE,hef_gbdt,wdc_80_medium_unseen,ranking,hits_at_100_end_to_end,3,0.992,0.0,0.992,0.992
20,hef_gbdt_bge,HEF-GBDT + BGE,hef_gbdt,wdc_80_medium_unseen,ranking,mrr_at_100,3,0.7268499692138806,0.005464938324376542,0.7218764770176062,0.7327003193938677
20,hef_gbdt_bge,HEF-GBDT + BGE,hef_gbdt,wdc_80_medium_unseen,ranking,ndcg_at_100,3,0.7925504747447694,0.004023216262720809,0.7890697839379395,0.7969553769081462
21,hef_gbdt_gte,HEF-GBDT + GTE,hef_gbdt,abt_buy,classification,f1,3,0.7289785732541363,0.009302865157965131,0.7182795698924731,0.7351598173515982
21,hef_gbdt_gte,HEF-GBDT + GTE,hef_gbdt,abt_buy,ranking,hits_at_1,3,0.9004329004329005,0.009918995010726905,0.8896103896103896,0.9090909090909091
21,hef_gbdt_gte,HEF-GBDT + GTE,hef_gbdt,abt_buy,ranking,hits_at_100,3,1.0,0.0,1.0,1.0
21,hef_gbdt_gte,HEF-GBDT + GTE,hef_gbdt,abt_buy,ranking,hits_at_100_end_to_end,3,1.0,0.0,1.0,1.0
21,hef_gbdt_gte,HEF-GBDT + GTE,hef_gbdt,abt_buy,ranking,mrr_at_100,3,0.9421881149153876,0.0028968423087476877,0.9389020070838251,0.9443722943722944
21,hef_gbdt_gte,HEF-GBDT + GTE,hef_gbdt,abt_buy,ranking,ndcg_at_100,3,0.955683974399596,0.002025704930706927,0.9533796838985485,0.9571842064659821
21,hef_gbdt_gte,HEF-GBDT + GTE,hef_gbdt,amazon_google,classification,f1,3,0.5846455031795056,0.00023913334082138833,0.5843920145190563,0.5848670756646217
21,hef_gbdt_gte,HEF-GBDT + GTE,hef_gbdt,amazon_google,ranking,hits_at_1,3,0.845679012345679,0.0163317982164481,0.8271604938271605,0.8580246913580247
21,hef_gbdt_gte,HEF-GBDT + GTE,hef_gbdt,amazon_google,ranking,hits_at_100,3,1.0,0.0,1.0,1.0
21,hef_gbdt_gte,HEF-GBDT + GTE,hef_gbdt,amazon_google,ranking,hits_at_100_end_to_end,3,0.9938650306748467,0.0,0.9938650306748467,0.9938650306748467
21,hef_gbdt_gte,HEF-GBDT + GTE,hef_gbdt,amazon_google,ranking,mrr_at_100,3,0.9103533868965967,0.007568562249208103,0.9017489711934157,0.9159807956104252
21,hef_gbdt_gte,HEF-GBDT + GTE,hef_gbdt,amazon_google,ranking,ndcg_at_100,3,0.9283055295760632,0.004515640377562589,0.9230968672931629,0.9311181536278411
21,hef_gbdt_gte,HEF-GBDT + GTE,hef_gbdt,link_lives_release2,classification,f1,3,0.857185747707139,0.0008761094253022655,0.8561843640606768,0.8578109016513226
21,hef_gbdt_gte,HEF-GBDT + GTE,hef_gbdt,link_lives_release2,ranking,hits_at_1,3,0.8152939938992322,0.0012753082626467014,0.8141369517197854,0.8166614073840328
21,hef_gbdt_gte,HEF-GBDT + GTE,hef_gbdt,link_lives_release2,ranking,hits_at_100,3,1.0,0.0,1.0,1.0
21,hef_gbdt_gte,HEF-GBDT + GTE,hef_gbdt,link_lives_release2,ranking,hits_at_100_end_to_end,3,0.9750769230769231,0.0,0.9750769230769231,0.9750769230769231
21,hef_gbdt_gte,HEF-GBDT + GTE,hef_gbdt,link_lives_release2,ranking,mrr_at_100,3,0.8919294673521002,0.0006057380606887607,0.8912379244528464,0.8923660402997088
21,hef_gbdt_gte,HEF-GBDT + GTE,hef_gbdt,link_lives_release2,ranking,ndcg_at_100,3,0.919046702813538,0.0004325217515416675,0.9185504926312915,0.9193438655934866
21,hef_gbdt_gte,HEF-GBDT + GTE,hef_gbdt,walmart_amazon,classification,f1,3,0.7880256201487271,0.00489585551159267,0.782608695652174,0.7921348314606742
21,hef_gbdt_gte,HEF-GBDT + GTE,hef_gbdt,walmart_amazon,ranking,hits_at_1,3,0.9134860050890585,0.011660497951541598,0.9007633587786259,0.9236641221374046
21,hef_gbdt_gte,HEF-GBDT + GTE,hef_gbdt,walmart_amazon,ranking,hits_at_100,3,1.0,0.0,1.0,1.0
21,hef_gbdt_gte,HEF-GBDT + GTE,hef_gbdt,walmart_amazon,ranking,hits_at_100_end_to_end,3,1.0,0.0,1.0,1.0
21,hef_gbdt_gte,HEF-GBDT + GTE,hef_gbdt,walmart_amazon,ranking,mrr_at_100,3,0.9447655398037077,0.007852699963354592,0.9368411486732098,0.9525445292620865
21,hef_gbdt_gte,HEF-GBDT + GTE,hef_gbdt,walmart_amazon,ranking,ndcg_at_100,3,0.9568713849798121,0.00595892616017328,0.9509068916869278,0.9628247283600802
21,hef_gbdt_gte,HEF-GBDT + GTE,hef_gbdt,wdc_80_medium_seen,classification,f1,3,0.4812111227045156,0.0008399893630356813,0.48028673835125446,0.4819277108433735
21,hef_gbdt_gte,HEF-GBDT + GTE,hef_gbdt,wdc_80_medium_seen,ranking,hits_at_1,3,0.47513440860215056,0.005073813464563671,0.46975806451612906,0.4798387096774194
21,hef_gbdt_gte,HEF-GBDT + GTE,hef_gbdt,wdc_80_medium_seen,ranking,hits_at_100,3,1.0,0.0,1.0,1.0
21,hef_gbdt_gte,HEF-GBDT + GTE,hef_gbdt,wdc_80_medium_seen,ranking,hits_at_100_end_to_end,3,0.992,0.0,0.992,0.992
21,hef_gbdt_gte,HEF-GBDT + GTE,hef_gbdt,wdc_80_medium_seen,ranking,mrr_at_100,3,0.6292195679633608,0.0030059178797337766,0.6274636031761439,0.6326904219406084
21,hef_gbdt_gte,HEF-GBDT + GTE,hef_gbdt,wdc_80_medium_seen,ranking,ndcg_at_100,3,0.7166775542664069,0.00215128069801608,0.7152523984773976,0.7191521500026051
21,hef_gbdt_gte,HEF-GBDT + GTE,hef_gbdt,wdc_80_medium_unseen,classification,f1,3,0.5249446537626002,0.0020683349823564815,0.5225563909774437,0.5261514441842311
21,hef_gbdt_gte,HEF-GBDT + GTE,hef_gbdt,wdc_80_medium_unseen,ranking,hits_at_1,3,0.6012024048096193,0.005302106835800788,0.5971943887775552,0.6072144288577155
21,hef_gbdt_gte,HEF-GBDT + GTE,hef_gbdt,wdc_80_medium_unseen,ranking,hits_at_100,3,1.0,0.0,1.0,1.0
21,hef_gbdt_gte,HEF-GBDT + GTE,hef_gbdt,wdc_80_medium_unseen,ranking,hits_at_100_end_to_end,3,0.998,0.0,0.998,0.998
21,hef_gbdt_gte,HEF-GBDT + GTE,hef_gbdt,wdc_80_medium_unseen,ranking,mrr_at_100,3,0.7320676567921057,0.0031350333980543887,0.7293660998320317,0.7355052095533057
21,hef_gbdt_gte,HEF-GBDT + GTE,hef_gbdt,wdc_80_medium_unseen,ranking,ndcg_at_100,3,0.7967026065262524,0.0023684642847034074,0.794683791186558,0.7993097975156008
22,hef_gbdt_roberta,HEF-GBDT + RoBERTa embedding,hef_gbdt,abt_buy,classification,f1,3,0.7148199404571219,0.011088881303800459,0.7043478260869566,0.7264367816091954
22,hef_gbdt_roberta,HEF-GBDT + RoBERTa embedding,hef_gbdt,abt_buy,ranking,hits_at_1,3,0.8679653679653679,0.0037490277220105263,0.8636363636363636,0.8701298701298701
22,hef_gbdt_roberta,HEF-GBDT + RoBERTa embedding,hef_gbdt,abt_buy,ranking,hits_at_100,3,1.0,0.0,1.0,1.0
22,hef_gbdt_roberta,HEF-GBDT + RoBERTa embedding,hef_gbdt,abt_buy,ranking,hits_at_100_end_to_end,3,1.0,0.0,1.0,1.0
22,hef_gbdt_roberta,HEF-GBDT + RoBERTa embedding,hef_gbdt,abt_buy,ranking,mrr_at_100,3,0.9201393964380977,0.003849948978582985,0.9156954517344128,0.9224644403215831
22,hef_gbdt_roberta,HEF-GBDT + RoBERTa embedding,hef_gbdt,abt_buy,ranking,ndcg_at_100,3,0.9400976566595156,0.0030879756435145023,0.9365340267577041,0.9419843525768803
22,hef_gbdt_roberta,HEF-GBDT + RoBERTa embedding,hef_gbdt,amazon_google,classification,f1,3,0.5671425512151983,0.009058345367340973,0.5582255083179297,0.5763358778625954
22,hef_gbdt_roberta,HEF-GBDT + RoBERTa embedding,hef_gbdt,amazon_google,ranking,hits_at_1,3,0.8282208588957055,0.018404907975460127,0.8098159509202454,0.8466257668711656
22,hef_gbdt_roberta,HEF-GBDT + RoBERTa embedding,hef_gbdt,amazon_google,ranking,hits_at_100,3,1.0,0.0,1.0,1.0
22,hef_gbdt_roberta,HEF-GBDT + RoBERTa embedding,hef_gbdt,amazon_google,ranking,hits_at_100_end_to_end,3,1.0,0.0,1.0,1.0
22,hef_gbdt_roberta,HEF-GBDT + RoBERTa embedding,hef_gbdt,amazon_google,ranking,mrr_at_100,3,0.8991885698940912,0.011417847072832018,0.8885434095556793,0.911247443762781
22,hef_gbdt_roberta,HEF-GBDT + RoBERTa embedding,hef_gbdt,amazon_google,ranking,ndcg_at_100,3,0.9198346926950133,0.008290954802338752,0.9119767980167627,0.9284996774023996
22,hef_gbdt_roberta,HEF-GBDT + RoBERTa embedding,hef_gbdt,link_lives_release2,classification,f1,3,0.8514304720325797,0.002283119101702291,0.8490241102181401,0.853566229985444
22,hef_gbdt_roberta,HEF-GBDT + RoBERTa embedding,hef_gbdt,link_lives_release2,ranking,hits_at_1,3,0.3537917243501,0.0002664283660312195,0.3534840793724042,0.35394554683894786
22,hef_gbdt_roberta,HEF-GBDT + RoBERTa embedding,hef_gbdt,link_lives_release2,ranking,hits_at_100,3,1.0,0.0,1.0,1.0
22,hef_gbdt_roberta,HEF-GBDT + RoBERTa embedding,hef_gbdt,link_lives_release2,ranking,hits_at_100_end_to_end,3,0.6667692307692308,0.0,0.6667692307692308,0.6667692307692308
22,hef_gbdt_roberta,HEF-GBDT + RoBERTa embedding,hef_gbdt,link_lives_release2,ranking,mrr_at_100,3,0.4543230274940486,0.0004624205603283105,0.4538468468730335,0.45477033488498125
22,hef_gbdt_roberta,HEF-GBDT + RoBERTa embedding,hef_gbdt,link_lives_release2,ranking,ndcg_at_100,3,0.5614433172035249,0.0004862204854431754,0.5610167645625667,0.5619727422134418
22,hef_gbdt_roberta,HEF-GBDT + RoBERTa embedding,hef_gbdt,walmart_amazon,classification,f1,3,0.7811759877206745,0.0052333127303075015,0.7758620689655172,0.7863247863247863
22,hef_gbdt_roberta,HEF-GBDT + RoBERTa embedding,hef_gbdt,walmart_amazon,ranking,hits_at_1,3,0.8982188295165394,0.004407253963279529,0.8931297709923665,0.9007633587786259
22,hef_gbdt_roberta,HEF-GBDT + RoBERTa embedding,hef_gbdt,walmart_amazon,ranking,hits_at_100,3,1.0,0.0,1.0,1.0
22,hef_gbdt_roberta,HEF-GBDT + RoBERTa embedding,hef_gbdt,walmart_amazon,ranking,hits_at_100_end_to_end,3,1.0,0.0,1.0,1.0
22,hef_gbdt_roberta,HEF-GBDT + RoBERTa embedding,hef_gbdt,walmart_amazon,ranking,mrr_at_100,3,0.9383708954319641,0.0023550108173192377,0.9365503453289712,0.941030534351145
22,hef_gbdt_roberta,HEF-GBDT + RoBERTa embedding,hef_gbdt,walmart_amazon,ranking,ndcg_at_100,3,0.9515584355483274,0.0018985566226779975,0.9503595354691518,0.9537473811681636
22,hef_gbdt_roberta,HEF-GBDT + RoBERTa embedding,hef_gbdt,wdc_80_medium_seen,classification,f1,3,0.4570660848920503,0.006248253081460334,0.4512372634643377,0.4636627906976744
22,hef_gbdt_roberta,HEF-GBDT + RoBERTa embedding,hef_gbdt,wdc_80_medium_seen,ranking,hits_at_1,3,0.4493927125506073,0.011270778062408943,0.43724696356275305,0.45951417004048584
22,hef_gbdt_roberta,HEF-GBDT + RoBERTa embedding,hef_gbdt,wdc_80_medium_seen,ranking,hits_at_100,3,1.0,0.0,1.0,1.0
22,hef_gbdt_roberta,HEF-GBDT + RoBERTa embedding,hef_gbdt,wdc_80_medium_seen,ranking,hits_at_100_end_to_end,3,0.988,0.0,0.988,0.988
22,hef_gbdt_roberta,HEF-GBDT + RoBERTa embedding,hef_gbdt,wdc_80_medium_seen,ranking,mrr_at_100,3,0.6110083240361104,0.005344748765932621,0.6063014059282058,0.6168186647506129
22,hef_gbdt_roberta,HEF-GBDT + RoBERTa embedding,hef_gbdt,wdc_80_medium_seen,ranking,ndcg_at_100,3,0.7029446572146993,0.0039539929660071275,0.6995581229300402,0.7072898292439649
22,hef_gbdt_roberta,HEF-GBDT + RoBERTa embedding,hef_gbdt,wdc_80_medium_unseen,classification,f1,3,0.49805700833656713,0.009257064231053902,0.49068825910931174,0.5084473049074819
22,hef_gbdt_roberta,HEF-GBDT + RoBERTa embedding,hef_gbdt,wdc_80_medium_unseen,ranking,hits_at_1,3,0.5731462925851704,0.005302106835800788,0.5691382765531062,0.5791583166332666
22,hef_gbdt_roberta,HEF-GBDT + RoBERTa embedding,hef_gbdt,wdc_80_medium_unseen,ranking,hits_at_100,3,1.0,0.0,1.0,1.0
22,hef_gbdt_roberta,HEF-GBDT + RoBERTa embedding,hef_gbdt,wdc_80_medium_unseen,ranking,hits_at_100_end_to_end,3,0.998,0.0,0.998,0.998
22,hef_gbdt_roberta,HEF-GBDT + RoBERTa embedding,hef_gbdt,wdc_80_medium_unseen,ranking,mrr_at_100,3,0.7092902718153219,0.00322519442893441,0.7063357094920221,0.7127309174904365
22,hef_gbdt_roberta,HEF-GBDT + RoBERTa embedding,hef_gbdt,wdc_80_medium_unseen,ranking,ndcg_at_100,3,0.7790977279990835,0.002317969005210344,0.7769566718762323,0.7815592590505192
23,hef_gbdt_bert,HEF-GBDT + BERT embedding,hef_gbdt,abt_buy,classification,f1,3,0.6930542593309205,0.015656137279221365,0.6751269035532995,0.7040358744394619
23,hef_gbdt_bert,HEF-GBDT + BERT embedding,hef_gbdt,abt_buy,ranking,hits_at_1,3,0.884514435695538,0.019815838412784084,0.8661417322834646,0.905511811023622
23,hef_gbdt_bert,HEF-GBDT + BERT embedding,hef_gbdt,abt_buy,ranking,hits_at_100,3,1.0,0.0,1.0,1.0
23,hef_gbdt_bert,HEF-GBDT + BERT embedding,hef_gbdt,abt_buy,ranking,hits_at_100_end_to_end,3,0.8246753246753247,0.0,0.8246753246753247,0.8246753246753247
23,hef_gbdt_bert,HEF-GBDT + BERT embedding,hef_gbdt,abt_buy,ranking,mrr_at_100,3,0.9303046399503093,0.00984194154905056,0.9200881139857519,0.9397234436604516
23,hef_gbdt_bert,HEF-GBDT + BERT embedding,hef_gbdt,abt_buy,ranking,ndcg_at_100,3,0.9476116681574495,0.007162789297937291,0.9400690732591105,0.9543219275281668
23,hef_gbdt_bert,HEF-GBDT + BERT embedding,hef_gbdt,amazon_google,classification,f1,3,0.5687827349573282,0.011637842925491377,0.5557461406518011,0.578125
23,hef_gbdt_bert,HEF-GBDT + BERT embedding,hef_gbdt,amazon_google,ranking,hits_at_1,3,0.8498896247240618,0.01011606113676785,0.8410596026490066,0.8609271523178808
23,hef_gbdt_bert,HEF-GBDT + BERT embedding,hef_gbdt,amazon_google,ranking,hits_at_100,3,1.0,0.0,1.0,1.0
23,hef_gbdt_bert,HEF-GBDT + BERT embedding,hef_gbdt,amazon_google,ranking,hits_at_100_end_to_end,3,0.9263803680981595,0.0,0.9263803680981595,0.9263803680981595
23,hef_gbdt_bert,HEF-GBDT + BERT embedding,hef_gbdt,amazon_google,ranking,mrr_at_100,3,0.9170556081152107,0.00571334089667831,0.9126458530432039,0.9235099337748344
23,hef_gbdt_bert,HEF-GBDT + BERT embedding,hef_gbdt,amazon_google,ranking,ndcg_at_100,3,0.9336804714210953,0.003421718228562909,0.9308765038642721,0.93749315636118
23,hef_gbdt_bert,HEF-GBDT + BERT embedding,hef_gbdt,link_lives_release2,classification,f1,3,0.8474187577305063,0.005326955886305377,0.8412743163236538,0.8507376337865201
23,hef_gbdt_bert,HEF-GBDT + BERT embedding,hef_gbdt,link_lives_release2,ranking,hits_at_1,3,0.8814074717636837,0.002298654483983148,0.8788010425716768,0.8831450912250217
23,hef_gbdt_bert,HEF-GBDT + BERT embedding,hef_gbdt,link_lives_release2,ranking,hits_at_100,3,1.0,0.0,1.0,1.0
23,hef_gbdt_bert,HEF-GBDT + BERT embedding,hef_gbdt,link_lives_release2,ranking,hits_at_100_end_to_end,3,0.7083076923076923,0.0,0.7083076923076923,0.7083076923076923
23,hef_gbdt_bert,HEF-GBDT + BERT embedding,hef_gbdt,link_lives_release2,ranking,mrr_at_100,3,0.9318020301954404,0.001549333190277168,0.9300167933475926,0.932795298419708
23,hef_gbdt_bert,HEF-GBDT + BERT embedding,hef_gbdt,link_lives_release2,ranking,ndcg_at_100,3,0.9489480780525009,0.0011773381567561439,0.9475938014217266,0.9497280572199744
23,hef_gbdt_bert,HEF-GBDT + BERT embedding,hef_gbdt,walmart_amazon,classification,f1,3,0.7626895310969917,0.014083641319941739,0.7466666666666667,0.773109243697479
23,hef_gbdt_bert,HEF-GBDT + BERT embedding,hef_gbdt,walmart_amazon,ranking,hits_at_1,3,0.9315476190476191,0.0051549131177644975,0.9285714285714286,0.9375
23,hef_gbdt_bert,HEF-GBDT + BERT embedding,hef_gbdt,walmart_amazon,ranking,hits_at_100,3,1.0,0.0,1.0,1.0
23,hef_gbdt_bert,HEF-GBDT + BERT embedding,hef_gbdt,walmart_amazon,ranking,hits_at_100_end_to_end,3,0.8549618320610687,0.0,0.8549618320610687,0.8549618320610687
23,hef_gbdt_bert,HEF-GBDT + BERT embedding,hef_gbdt,walmart_amazon,ranking,mrr_at_100,3,0.9578869047619049,0.001968564963589697,0.9563988095238096,0.9601190476190476
23,hef_gbdt_bert,HEF-GBDT + BERT embedding,hef_gbdt,walmart_amazon,ranking,ndcg_at_100,3,0.9665562613817067,0.001183054135343423,0.9653607314578035,0.9677264320022102
23,hef_gbdt_bert,HEF-GBDT + BERT embedding,hef_gbdt,wdc_80_medium_seen,classification,f1,3,0.44394966902572075,0.003290656859044829,0.44149377593360994,0.44768856447688565
23,hef_gbdt_bert,HEF-GBDT + BERT embedding,hef_gbdt,wdc_80_medium_seen,ranking,hits_at_1,3,0.4794794794794795,0.004587162857813635,0.4744744744744745,0.48348348348348347
23,hef_gbdt_bert,HEF-GBDT + BERT embedding,hef_gbdt,wdc_80_medium_seen,ranking,hits_at_100,3,1.0,0.0,1.0,1.0
23,hef_gbdt_bert,HEF-GBDT + BERT embedding,hef_gbdt,wdc_80_medium_seen,ranking,hits_at_100_end_to_end,3,0.666,0.0,0.666,0.666
23,hef_gbdt_bert,HEF-GBDT + BERT embedding,hef_gbdt,wdc_80_medium_seen,ranking,mrr_at_100,3,0.6398147611585191,0.0013161763262883141,0.6383425693074816,0.6408776727617307
23,hef_gbdt_bert,HEF-GBDT + BERT embedding,hef_gbdt,wdc_80_medium_seen,ranking,ndcg_at_100,3,0.7257480162909001,0.0010166815596414887,0.7245983630496254,0.726528669203189
23,hef_gbdt_bert,HEF-GBDT + BERT embedding,hef_gbdt,wdc_80_medium_unseen,classification,f1,3,0.4760863044063196,0.005368280952261862,0.46988973706530957,0.4793272599859846
23,hef_gbdt_bert,HEF-GBDT + BERT embedding,hef_gbdt,wdc_80_medium_unseen,ranking,hits_at_1,3,0.607176581680831,0.0058970708200173525,0.6005665722379604,0.6118980169971672
23,hef_gbdt_bert,HEF-GBDT + BERT embedding,hef_gbdt,wdc_80_medium_unseen,ranking,hits_at_100,3,1.0,0.0,1.0,1.0
23,hef_gbdt_bert,HEF-GBDT + BERT embedding,hef_gbdt,wdc_80_medium_unseen,ranking,hits_at_100_end_to_end,3,0.706,0.0,0.706,0.706
23,hef_gbdt_bert,HEF-GBDT + BERT embedding,hef_gbdt,wdc_80_medium_unseen,ranking,mrr_at_100,3,0.7323959318871924,0.004419833498666884,0.7280850898402427,0.7369172372676521
23,hef_gbdt_bert,HEF-GBDT + BERT embedding,hef_gbdt,wdc_80_medium_unseen,ranking,ndcg_at_100,3,0.7964697570157603,0.0034115636123941313,0.7931468041174858,0.7999635146409998
24,hef_gbdt_jina,HEF-GBDT + Jina embedding,hef_gbdt,abt_buy,classification,f1,3,0.7025944117189243,0.016241342292215626,0.6853448275862069,0.7175925925925926
24,hef_gbdt_jina,HEF-GBDT + Jina embedding,hef_gbdt,abt_buy,ranking,hits_at_1,3,0.8852813852813852,0.009918995010726905,0.8766233766233766,0.8961038961038961
24,hef_gbdt_jina,HEF-GBDT + Jina embedding,hef_gbdt,abt_buy,ranking,hits_at_100,3,1.0,0.0,1.0,1.0
24,hef_gbdt_jina,HEF-GBDT + Jina embedding,hef_gbdt,abt_buy,ranking,hits_at_100_end_to_end,3,1.0,0.0,1.0,1.0
24,hef_gbdt_jina,HEF-GBDT + Jina embedding,hef_gbdt,abt_buy,ranking,mrr_at_100,3,0.9320122998694428,0.005889887225014032,0.927226345083488,0.9385899814471244
24,hef_gbdt_jina,HEF-GBDT + Jina embedding,hef_gbdt,abt_buy,ranking,ndcg_at_100,3,0.9490222720938526,0.00437134115437793,0.9455121594073591,0.9539186585986784
24,hef_gbdt_jina,HEF-GBDT + Jina embedding,hef_gbdt,amazon_google,classification,f1,3,0.5635860933223364,0.011209057510766212,0.5532646048109966,0.5755102040816327
24,hef_gbdt_jina,HEF-GBDT + Jina embedding,hef_gbdt,amazon_google,ranking,hits_at_1,3,0.8157349896480331,0.01996615064387779,0.8012422360248447,0.8385093167701864
24,hef_gbdt_jina,HEF-GBDT + Jina embedding,hef_gbdt,amazon_google,ranking,hits_at_100,3,1.0,0.0,1.0,1.0
24,hef_gbdt_jina,HEF-GBDT + Jina embedding,hef_gbdt,amazon_google,ranking,hits_at_100_end_to_end,3,0.9877300613496932,0.0,0.9877300613496932,0.9877300613496932
24,hef_gbdt_jina,HEF-GBDT + Jina embedding,hef_gbdt,amazon_google,ranking,mrr_at_100,3,0.8898682178185283,0.0109324036871616,0.88354776693286,0.902491866311742
24,hef_gbdt_jina,HEF-GBDT + Jina embedding,hef_gbdt,amazon_google,ranking,ndcg_at_100,3,0.9137199015037497,0.007697585361603288,0.9092703660203555,0.9226083053313747
24,hef_gbdt_jina,HEF-GBDT + Jina embedding,hef_gbdt,link_lives_release2,classification,f1,3,0.8511363254848973,0.002073345227142077,0.8493580599144079,0.8534136546184738
24,hef_gbdt_jina,HEF-GBDT + Jina embedding,hef_gbdt,link_lives_release2,ranking,hits_at_1,3,0.8365859129654554,0.0033703407809144823,0.8327725437415882,0.8391655450874832
24,hef_gbdt_jina,HEF-GBDT + Jina embedding,hef_gbdt,link_lives_release2,ranking,hits_at_100,3,1.0,0.0,1.0,1.0
24,hef_gbdt_jina,HEF-GBDT + Jina embedding,hef_gbdt,link_lives_release2,ranking,hits_at_100_end_to_end,3,0.9144615384615384,0.0,0.9144615384615384,0.9144615384615384
24,hef_gbdt_jina,HEF-GBDT + Jina embedding,hef_gbdt,link_lives_release2,ranking,mrr_at_100,3,0.9067060598581493,0.0018824112414054215,0.9046131039460081,0.9082605966141087
24,hef_gbdt_jina,HEF-GBDT + Jina embedding,hef_gbdt,link_lives_release2,ranking,ndcg_at_100,3,0.9303045582045116,0.0014035249167787575,0.9287463543295845,0.9314695133590674
24,hef_gbdt_jina,HEF-GBDT + Jina embedding,hef_gbdt,walmart_amazon,classification,f1,3,0.7664895101708336,0.005643562622425354,0.7632311977715878,0.7730061349693251
24,hef_gbdt_jina,HEF-GBDT + Jina embedding,hef_gbdt,walmart_amazon,ranking,hits_at_1,3,0.9201101928374656,0.00477148982801342,0.9173553719008265,0.9256198347107438
24,hef_gbdt_jina,HEF-GBDT + Jina embedding,hef_gbdt,walmart_amazon,ranking,hits_at_100,3,1.0,0.0,1.0,1.0
24,hef_gbdt_jina,HEF-GBDT + Jina embedding,hef_gbdt,walmart_amazon,ranking,hits_at_100_end_to_end,3,0.9236641221374046,0.0,0.9236641221374046,0.9236641221374046
24,hef_gbdt_jina,HEF-GBDT + Jina embedding,hef_gbdt,walmart_amazon,ranking,mrr_at_100,3,0.9479032751760024,0.0027342102160936425,0.9454086317722682,0.9508264462809917
24,hef_gbdt_jina,HEF-GBDT + Jina embedding,hef_gbdt,walmart_amazon,ranking,ndcg_at_100,3,0.9596880096226184,0.0019311526140999237,0.9578958669530224,0.9617332192901705
24,hef_gbdt_jina,HEF-GBDT + Jina embedding,hef_gbdt,wdc_80_medium_seen,classification,f1,3,0.44937309181027324,0.007170565679900116,0.44414353419092756,0.45754716981132076
24,hef_gbdt_jina,HEF-GBDT + Jina embedding,hef_gbdt,wdc_80_medium_seen,ranking,hits_at_1,3,0.43478260869565216,0.012551092808470148,0.42028985507246375,0.4420289855072464
24,hef_gbdt_jina,HEF-GBDT + Jina embedding,hef_gbdt,wdc_80_medium_seen,ranking,hits_at_100,3,1.0,0.0,1.0,1.0
24,hef_gbdt_jina,HEF-GBDT + Jina embedding,hef_gbdt,wdc_80_medium_seen,ranking,hits_at_100_end_to_end,3,0.828,0.0,0.828,0.828
24,hef_gbdt_jina,HEF-GBDT + Jina embedding,hef_gbdt,wdc_80_medium_seen,ranking,mrr_at_100,3,0.6025883497418181,0.007049802709813614,0.5947143905477239,0.6083142656721651
24,hef_gbdt_jina,HEF-GBDT + Jina embedding,hef_gbdt,wdc_80_medium_seen,ranking,ndcg_at_100,3,0.6964640985675182,0.005256319693213937,0.690669335364164,0.7009249494781545
24,hef_gbdt_jina,HEF-GBDT + Jina embedding,hef_gbdt,wdc_80_medium_unseen,classification,f1,3,0.48927978695408475,0.004603373439011955,0.48399106478034254,0.49238578680203043
24,hef_gbdt_jina,HEF-GBDT + Jina embedding,hef_gbdt,wdc_80_medium_unseen,ranking,hits_at_1,3,0.6221161495624503,0.002755848540284603,0.6205250596658711,0.6252983293556086
24,hef_gbdt_jina,HEF-GBDT + Jina embedding,hef_gbdt,wdc_80_medium_unseen,ranking,hits_at_100,3,1.0,0.0,1.0,1.0
24,hef_gbdt_jina,HEF-GBDT + Jina embedding,hef_gbdt,wdc_80_medium_unseen,ranking,hits_at_100_end_to_end,3,0.838,0.0,0.838,0.838
24,hef_gbdt_jina,HEF-GBDT + Jina embedding,hef_gbdt,wdc_80_medium_unseen,ranking,mrr_at_100,3,0.74250118662807,0.0009728808385924416,0.7415018110753572,0.7434452093058018
24,hef_gbdt_jina,HEF-GBDT + Jina embedding,hef_gbdt,wdc_80_medium_unseen,ranking,ndcg_at_100,3,0.8042901984664201,0.0007498875238312929,0.8034662626539484,0.8049327712969154
25,jina_zero_shot,Jina zero-shot,neural_em,abt_buy,classification,average_precision,1,0.6167996507038671,,0.6167996507038671,0.6167996507038671
25,jina_zero_shot,Jina zero-shot,neural_em,abt_buy,classification,f1,1,0.6564885496183206,,0.6564885496183206,0.6564885496183206
25,jina_zero_shot,Jina zero-shot,neural_em,abt_buy,classification,precision,1,0.6898395721925134,,0.6898395721925134,0.6898395721925134
25,jina_zero_shot,Jina zero-shot,neural_em,abt_buy,classification,recall,1,0.6262135922330098,,0.6262135922330098,0.6262135922330098
25,jina_zero_shot,Jina zero-shot,neural_em,abt_buy,classification,roc_auc,1,0.8429398739567365,,0.8429398739567365,0.8429398739567365
25,jina_zero_shot,Jina zero-shot,neural_em,abt_buy,ranking,hits_at_1,1,0.9025974025974026,,0.9025974025974026,0.9025974025974026
25,jina_zero_shot,Jina zero-shot,neural_em,abt_buy,ranking,hits_at_100,1,1.0,,1.0,1.0
25,jina_zero_shot,Jina zero-shot,neural_em,abt_buy,ranking,hits_at_100_end_to_end,1,1.0,,1.0,1.0
25,jina_zero_shot,Jina zero-shot,neural_em,abt_buy,ranking,mrr_at_100,1,0.9376004947433519,,0.9376004947433519,0.9376004947433519
25,jina_zero_shot,Jina zero-shot,neural_em,abt_buy,ranking,ndcg_at_100,1,0.950243293106295,,0.950243293106295,0.950243293106295
25,jina_zero_shot,Jina zero-shot,neural_em,amazon_google,classification,average_precision,1,0.4699520925304415,,0.4699520925304415,0.4699520925304415
25,jina_zero_shot,Jina zero-shot,neural_em,amazon_google,classification,f1,1,0.5517241379310345,,0.5517241379310345,0.5517241379310345
25,jina_zero_shot,Jina zero-shot,neural_em,amazon_google,classification,precision,1,0.4794952681388013,,0.4794952681388013,0.4794952681388013
25,jina_zero_shot,Jina zero-shot,neural_em,amazon_google,classification,recall,1,0.6495726495726496,,0.6495726495726496,0.6495726495726496
25,jina_zero_shot,Jina zero-shot,neural_em,amazon_google,classification,roc_auc,1,0.8169003706886175,,0.8169003706886175,0.8169003706886175
25,jina_zero_shot,Jina zero-shot,neural_em,amazon_google,ranking,hits_at_1,1,0.7607361963190185,,0.7607361963190185,0.7607361963190185
25,jina_zero_shot,Jina zero-shot,neural_em,amazon_google,ranking,hits_at_100,1,1.0,,1.0,1.0
25,jina_zero_shot,Jina zero-shot,neural_em,amazon_google,ranking,hits_at_100_end_to_end,1,1.0,,1.0,1.0
25,jina_zero_shot,Jina zero-shot,neural_em,amazon_google,ranking,mrr_at_100,1,0.854080462822794,,0.854080462822794,0.854080462822794
25,jina_zero_shot,Jina zero-shot,neural_em,amazon_google,ranking,ndcg_at_100,1,0.8875408662018308,,0.8875408662018308,0.8875408662018308
25,jina_zero_shot,Jina zero-shot,neural_em,link_lives_release2,classification,average_precision,1,0.673504920754195,,0.673504920754195,0.673504920754195
25,jina_zero_shot,Jina zero-shot,neural_em,link_lives_release2,classification,f1,1,0.6203385165818082,,0.6203385165818082,0.6203385165818082
25,jina_zero_shot,Jina zero-shot,neural_em,link_lives_release2,classification,precision,1,0.5611152601443864,,0.5611152601443864,0.5611152601443864
25,jina_zero_shot,Jina zero-shot,neural_em,link_lives_release2,classification,recall,1,0.6935384615384615,,0.6935384615384615,0.6935384615384615
25,jina_zero_shot,Jina zero-shot,neural_em,link_lives_release2,classification,roc_auc,1,0.8973646050542344,,0.8973646050542344,0.8973646050542344
25,jina_zero_shot,Jina zero-shot,neural_em,link_lives_release2,ranking,hits_at_1,1,0.3613366645846346,,0.3613366645846346,0.3613366645846346
25,jina_zero_shot,Jina zero-shot,neural_em,link_lives_release2,ranking,hits_at_100,1,1.0,,1.0,1.0
25,jina_zero_shot,Jina zero-shot,neural_em,link_lives_release2,ranking,hits_at_100_end_to_end,1,0.9852307692307692,,0.9852307692307692,0.9852307692307692
25,jina_zero_shot,Jina zero-shot,neural_em,link_lives_release2,ranking,mrr_at_100,1,0.49766757271527257,,0.49766757271527257,0.49766757271527257
25,jina_zero_shot,Jina zero-shot,neural_em,link_lives_release2,ranking,ndcg_at_100,1,0.6057447303155938,,0.6057447303155938,0.6057447303155938
25,jina_zero_shot,Jina zero-shot,neural_em,walmart_amazon,classification,average_precision,1,0.5982068042685555,,0.5982068042685555,0.5982068042685555
25,jina_zero_shot,Jina zero-shot,neural_em,walmart_amazon,classification,f1,1,0.6212534059945504,,0.6212534059945504,0.6212534059945504
25,jina_zero_shot,Jina zero-shot,neural_em,walmart_amazon,classification,precision,1,0.6551724137931034,,0.6551724137931034,0.6551724137931034
25,jina_zero_shot,Jina zero-shot,neural_em,walmart_amazon,classification,recall,1,0.5906735751295337,,0.5906735751295337,0.5906735751295337
25,jina_zero_shot,Jina zero-shot,neural_em,walmart_amazon,classification,roc_auc,1,0.9234844001250669,,0.9234844001250669,0.9234844001250669
25,jina_zero_shot,Jina zero-shot,neural_em,walmart_amazon,ranking,hits_at_1,1,0.8396946564885496,,0.8396946564885496,0.8396946564885496
25,jina_zero_shot,Jina zero-shot,neural_em,walmart_amazon,ranking,hits_at_100,1,1.0,,1.0,1.0
25,jina_zero_shot,Jina zero-shot,neural_em,walmart_amazon,ranking,hits_at_100_end_to_end,1,1.0,,1.0,1.0
25,jina_zero_shot,Jina zero-shot,neural_em,walmart_amazon,ranking,mrr_at_100,1,0.8985262934690416,,0.8985262934690416,0.8985262934690416
25,jina_zero_shot,Jina zero-shot,neural_em,walmart_amazon,ranking,ndcg_at_100,1,0.9173499907576852,,0.9173499907576852,0.9173499907576852
25,jina_zero_shot,Jina zero-shot,neural_em,wdc_80_medium_seen,classification,average_precision,1,0.39947906092258667,,0.39947906092258667,0.39947906092258667
25,jina_zero_shot,Jina zero-shot,neural_em,wdc_80_medium_seen,classification,f1,1,0.46986301369863015,,0.46986301369863015,0.46986301369863015
25,jina_zero_shot,Jina zero-shot,neural_em,wdc_80_medium_seen,classification,precision,1,0.3572916666666667,,0.3572916666666667,0.3572916666666667
25,jina_zero_shot,Jina zero-shot,neural_em,wdc_80_medium_seen,classification,recall,1,0.686,,0.686,0.686
25,jina_zero_shot,Jina zero-shot,neural_em,wdc_80_medium_seen,classification,roc_auc,1,0.86469325,,0.86469325,0.86469325
25,jina_zero_shot,Jina zero-shot,neural_em,wdc_80_medium_seen,ranking,hits_at_1,1,0.5250501002004008,,0.5250501002004008,0.5250501002004008
25,jina_zero_shot,Jina zero-shot,neural_em,wdc_80_medium_seen,ranking,hits_at_100,1,1.0,,1.0,1.0
25,jina_zero_shot,Jina zero-shot,neural_em,wdc_80_medium_seen,ranking,hits_at_100_end_to_end,1,0.998,,0.998,0.998
25,jina_zero_shot,Jina zero-shot,neural_em,wdc_80_medium_seen,ranking,mrr_at_100,1,0.6671205125429628,,0.6671205125429628,0.6671205125429628
25,jina_zero_shot,Jina zero-shot,neural_em,wdc_80_medium_seen,ranking,ndcg_at_100,1,0.7454774911675032,,0.7454774911675032,0.7454774911675032
25,jina_zero_shot,Jina zero-shot,neural_em,wdc_80_medium_unseen,classification,average_precision,1,0.4787771979994579,,0.4787771979994579,0.4787771979994579
25,jina_zero_shot,Jina zero-shot,neural_em,wdc_80_medium_unseen,classification,f1,1,0.5025706940874036,,0.5025706940874036,0.5025706940874036
25,jina_zero_shot,Jina zero-shot,neural_em,wdc_80_medium_unseen,classification,precision,1,0.3702651515151515,,0.3702651515151515,0.3702651515151515
25,jina_zero_shot,Jina zero-shot,neural_em,wdc_80_medium_unseen,classification,recall,1,0.782,,0.782,0.782
25,jina_zero_shot,Jina zero-shot,neural_em,wdc_80_medium_unseen,classification,roc_auc,1,0.89057075,,0.89057075,0.89057075
25,jina_zero_shot,Jina zero-shot,neural_em,wdc_80_medium_unseen,ranking,hits_at_1,1,0.6405622489959839,,0.6405622489959839,0.6405622489959839
25,jina_zero_shot,Jina zero-shot,neural_em,wdc_80_medium_unseen,ranking,hits_at_100,1,1.0,,1.0,1.0
25,jina_zero_shot,Jina zero-shot,neural_em,wdc_80_medium_unseen,ranking,hits_at_100_end_to_end,1,0.996,,0.996,0.996
25,jina_zero_shot,Jina zero-shot,neural_em,wdc_80_medium_unseen,ranking,mrr_at_100,1,0.757832964299663,,0.757832964299663,0.757832964299663
25,jina_zero_shot,Jina zero-shot,neural_em,wdc_80_medium_unseen,ranking,ndcg_at_100,1,0.8158727813431099,,0.8158727813431099,0.8158727813431099
26,jina_finetuned,Jina fine-tuned,neural_em,abt_buy,classification,average_precision,3,0.9362599757651707,0.011215983585225714,0.9258593391487469,0.948143733028283
26,jina_finetuned,Jina fine-tuned,neural_em,abt_buy,classification,f1,3,0.8974393580659871,0.01573740260011199,0.8878281622911695,0.9156010230179028
26,jina_finetuned,Jina fine-tuned,neural_em,abt_buy,classification,precision,3,0.9223742645536567,0.04728742735706871,0.8732394366197183,0.9675675675675676
26,jina_finetuned,Jina fine-tuned,neural_em,abt_buy,classification,recall,3,0.8754045307443366,0.02491068659925677,0.8543689320388349,0.9029126213592233
26,jina_finetuned,Jina fine-tuned,neural_em,abt_buy,classification,roc_auc,3,0.9763049073600939,0.0041321809227397805,0.9732143871004372,0.9809984102651451
26,jina_finetuned,Jina fine-tuned,neural_em,abt_buy,ranking,hits_at_1,3,0.9415584415584416,0.006493506493506496,0.935064935064935,0.948051948051948
26,jina_finetuned,Jina fine-tuned,neural_em,abt_buy,ranking,hits_at_100,3,1.0,0.0,1.0,1.0
26,jina_finetuned,Jina fine-tuned,neural_em,abt_buy,ranking,hits_at_100_end_to_end,3,1.0,0.0,1.0,1.0
26,jina_finetuned,Jina fine-tuned,neural_em,abt_buy,ranking,mrr_at_100,3,0.963612532248896,0.0017586668789614029,0.9618506493506493,0.9653679653679655
26,jina_finetuned,Jina fine-tuned,neural_em,amazon_google,classification,average_precision,3,0.748212314867753,0.033833260335087455,0.7096636053757635,0.772980962314219
26,jina_finetuned,Jina fine-tuned,neural_em,amazon_google,classification,f1,3,0.7587592735968289,0.005232030310106163,0.752851711026616,0.7628083491461101
26,jina_finetuned,Jina fine-tuned,neural_em,amazon_google,classification,precision,3,0.6859169965167915,0.0077902784672073,0.678082191780822,0.6936619718309859
26,jina_finetuned,Jina fine-tuned,neural_em,amazon_google,classification,recall,3,0.849002849002849,0.008896008544727031,0.8418803418803419,0.8589743589743589
26,jina_finetuned,Jina fine-tuned,neural_em,amazon_google,classification,roc_auc,3,0.9629702272975706,0.0039017063078786844,0.9585092340070486,0.9657465868004964
26,jina_finetuned,Jina fine-tuned,neural_em,amazon_google,ranking,hits_at_1,3,0.8629856850715746,0.009371320439582501,0.852760736196319,0.8711656441717791
26,jina_finetuned,Jina fine-tuned,neural_em,amazon_google,ranking,hits_at_100,3,1.0,0.0,1.0,1.0
26,jina_finetuned,Jina fine-tuned,neural_em,amazon_google,ranking,hits_at_100_end_to_end,3,1.0,0.0,1.0,1.0
26,jina_finetuned,Jina fine-tuned,neural_em,amazon_google,ranking,mrr_at_100,3,0.9205180640763462,0.004272919560085551,0.915848670756646,0.9242331288343557
26,jina_finetuned,Jina fine-tuned,neural_em,link_lives_release2,classification,average_precision,3,0.9708900043891241,0.0065004042022313675,0.964041644533844,0.9769750545243895
26,jina_finetuned,Jina fine-tuned,neural_em,link_lives_release2,classification,f1,3,0.9320421619843211,0.006754496527938473,0.9256296296296296,0.9390932682033277
26,jina_finetuned,Jina fine-tuned,neural_em,link_lives_release2,classification,precision,3,0.9125017171610865,0.019640423180997707,0.8925714285714286,0.9318388367161466
26,jina_finetuned,Jina fine-tuned,neural_em,link_lives_release2,classification,recall,3,0.9527179487179487,0.007638788176970426,0.9464615384615385,0.9612307692307692
26,jina_finetuned,Jina fine-tuned,neural_em,link_lives_release2,classification,roc_auc,3,0.9950241966853506,0.00037014779888448345,0.9945971151454863,0.9952522430317754
26,jina_finetuned,Jina fine-tuned,neural_em,link_lives_release2,ranking,hits_at_1,3,0.8973558192796168,0.02689510803066236,0.8663335415365396,0.9141161773891318
26,jina_finetuned,Jina fine-tuned,neural_em,link_lives_release2,ranking,hits_at_100,3,1.0,0.0,1.0,1.0
26,jina_finetuned,Jina fine-tuned,neural_em,link_lives_release2,ranking,hits_at_100_end_to_end,3,0.9852307692307692,0.0,0.9852307692307692,0.9852307692307692
26,jina_finetuned,Jina fine-tuned,neural_em,link_lives_release2,ranking,mrr_at_100,3,0.9440309056548739,0.016207563905636237,0.9253162437188045,0.9534669717437798
26,jina_finetuned,Jina fine-tuned,neural_em,walmart_amazon,classification,average_precision,3,0.8615414145915197,0.03625128991340089,0.8200633860500329,0.8871626293517093
26,jina_finetuned,Jina fine-tuned,neural_em,walmart_amazon,classification,f1,3,0.8594039314528019,0.0040068559550517765,0.8548387096774194,0.8623376623376623
26,jina_finetuned,Jina fine-tuned,neural_em,walmart_amazon,classification,precision,3,0.8869658222564696,0.02176056995089438,0.8645833333333334,0.9080459770114943
26,jina_finetuned,Jina fine-tuned,neural_em,walmart_amazon,classification,recall,3,0.8341968911917098,0.022584968619381682,0.8186528497409327,0.8601036269430051
26,jina_finetuned,Jina fine-tuned,neural_em,walmart_amazon,classification,roc_auc,3,0.9825027172294681,0.002417537529808176,0.9810124285331426,0.9852920649455066
26,jina_finetuned,Jina fine-tuned,neural_em,walmart_amazon,ranking,hits_at_1,3,0.9287531806615776,0.011660497951541598,0.916030534351145,0.9389312977099237
26,jina_finetuned,Jina fine-tuned,neural_em,walmart_amazon,ranking,hits_at_100,3,1.0,0.0,1.0,1.0
26,jina_finetuned,Jina fine-tuned,neural_em,walmart_amazon,ranking,hits_at_100_end_to_end,3,1.0,0.0,1.0,1.0
26,jina_finetuned,Jina fine-tuned,neural_em,walmart_amazon,ranking,mrr_at_100,3,0.9562583303041319,0.006728715051509693,0.9491094147582698,0.9624681933842238
26,jina_finetuned,Jina fine-tuned,neural_em,wdc_80_medium_seen,classification,average_precision,3,0.7639183606097399,0.01592276224838244,0.7463342698398616,0.7773616608217148
26,jina_finetuned,Jina fine-tuned,neural_em,wdc_80_medium_seen,classification,f1,3,0.7513733462020865,0.0027154907724086888,0.7482394366197183,0.7530288909599254
26,jina_finetuned,Jina fine-tuned,neural_em,wdc_80_medium_seen,classification,precision,3,0.6968971266943169,0.025572935600287085,0.6682389937106918,0.717391304347826
26,jina_finetuned,Jina fine-tuned,neural_em,wdc_80_medium_seen,classification,recall,3,0.8166666666666667,0.02995552258488126,0.792,0.85
26,jina_finetuned,Jina fine-tuned,neural_em,wdc_80_medium_seen,classification,roc_auc,3,0.9468476666666666,0.0032036968619600843,0.9446155,0.9505184999999999
26,jina_finetuned,Jina fine-tuned,neural_em,wdc_80_medium_seen,ranking,hits_at_1,3,0.7995991983967936,0.029926221489114353,0.7775551102204409,0.8336673346693386
26,jina_finetuned,Jina fine-tuned,neural_em,wdc_80_medium_seen,ranking,hits_at_100,3,1.0,0.0,1.0,1.0
26,jina_finetuned,Jina fine-tuned,neural_em,wdc_80_medium_seen,ranking,hits_at_100_end_to_end,3,0.998,0.0,0.998,0.998
26,jina_finetuned,Jina fine-tuned,neural_em,wdc_80_medium_seen,ranking,mrr_at_100,3,0.8645840947661777,0.019629844442988015,0.8464667880097351,0.8854390691715509
26,jina_finetuned,Jina fine-tuned,neural_em,wdc_80_medium_unseen,classification,average_precision,3,0.7652832069253195,0.031901473411676026,0.7329596203882283,0.7967451087186519
26,jina_finetuned,Jina fine-tuned,neural_em,wdc_80_medium_unseen,classification,f1,3,0.7395250653959681,0.009391525407977337,0.7326732673267327,0.7502304147465437
26,jina_finetuned,Jina fine-tuned,neural_em,wdc_80_medium_unseen,classification,precision,3,0.668199327449399,0.026549135732525063,0.6427503736920778,0.6957264957264957
26,jina_finetuned,Jina fine-tuned,neural_em,wdc_80_medium_unseen,classification,recall,3,0.8293333333333333,0.02655811238272281,0.814,0.86
26,jina_finetuned,Jina fine-tuned,neural_em,wdc_80_medium_unseen,classification,roc_auc,3,0.9578096666666668,0.005573966273743749,0.9517812500000001,0.9627765
26,jina_finetuned,Jina fine-tuned,neural_em,wdc_80_medium_unseen,ranking,hits_at_1,3,0.8132530120481928,0.012540156623289988,0.7991967871485943,0.8232931726907631
26,jina_finetuned,Jina fine-tuned,neural_em,wdc_80_medium_unseen,ranking,hits_at_100,3,1.0,0.0,1.0,1.0
26,jina_finetuned,Jina fine-tuned,neural_em,wdc_80_medium_unseen,ranking,hits_at_100_end_to_end,3,0.996,0.0,0.996,0.996
26,jina_finetuned,Jina fine-tuned,neural_em,wdc_80_medium_unseen,ranking,mrr_at_100,3,0.8761036199786558,0.0118442308307629,0.8624342608956773,0.8833220581263528
27,tuned_roberta,Tuned RoBERTa,neural_em,abt_buy,classification,average_precision,3,0.970590792825941,0.0029709493634896464,0.9671614325406342,0.9723839340773712
27,tuned_roberta,Tuned RoBERTa,neural_em,abt_buy,classification,f1,3,0.9081467023346297,0.006447205657516212,0.9016786570743405,0.914572864321608
27,tuned_roberta,Tuned RoBERTa,neural_em,abt_buy,classification,precision,3,0.9226153124941526,0.028981995625134063,0.8909952606635071,0.9479166666666666
27,tuned_roberta,Tuned RoBERTa,neural_em,abt_buy,classification,recall,3,0.894822006472492,0.015604612881865616,0.883495145631068,0.912621359223301
27,tuned_roberta,Tuned RoBERTa,neural_em,abt_buy,classification,roc_auc,3,0.9954086943356233,0.00038332463223965244,0.9949682053029012,0.9956665531141772
27,tuned_roberta,Tuned RoBERTa,neural_em,abt_buy,ranking,hits_at_1,3,0.9632034632034632,0.013517311684845032,0.948051948051948,0.974025974025974
27,tuned_roberta,Tuned RoBERTa,neural_em,abt_buy,ranking,hits_at_100,3,1.0,0.0,1.0,1.0
27,tuned_roberta,Tuned RoBERTa,neural_em,abt_buy,ranking,hits_at_100_end_to_end,3,1.0,0.0,1.0,1.0
27,tuned_roberta,Tuned RoBERTa,neural_em,abt_buy,ranking,mrr_at_100,3,0.9768853983083233,0.007490734651235758,0.9699792960662527,0.984848484848485
27,tuned_roberta,Tuned RoBERTa,neural_em,abt_buy,ranking,ndcg_at_100,3,0.9810688446106881,0.005571632693630814,0.9760406260376429,0.9870587062415238
27,tuned_roberta,Tuned RoBERTa,neural_em,amazon_google,classification,average_precision,3,0.815102775164067,0.005928043078316206,0.8097684284027976,0.8214848177498385
27,tuned_roberta,Tuned RoBERTa,neural_em,amazon_google,classification,f1,3,0.7622027950443284,0.00739362946388447,0.7544910179640718,0.7692307692307693
27,tuned_roberta,Tuned RoBERTa,neural_em,amazon_google,classification,precision,3,0.731301605206341,0.02115578675692901,0.7078651685393258,0.7489878542510121
27,tuned_roberta,Tuned RoBERTa,neural_em,amazon_google,classification,recall,3,0.7962962962962963,0.009869235370762862,0.7905982905982906,0.8076923076923077
27,tuned_roberta,Tuned RoBERTa,neural_em,amazon_google,classification,roc_auc,3,0.9734737632989211,0.0013084513299311167,0.9720208963773801,0.9745592624417296
27,tuned_roberta,Tuned RoBERTa,neural_em,amazon_google,ranking,hits_at_1,3,0.901840490797546,0.016231603135365598,0.8834355828220859,0.9141104294478528
27,tuned_roberta,Tuned RoBERTa,neural_em,amazon_google,ranking,hits_at_100,3,1.0,0.0,1.0,1.0
27,tuned_roberta,Tuned RoBERTa,neural_em,amazon_google,ranking,hits_at_100_end_to_end,3,1.0,0.0,1.0,1.0
27,tuned_roberta,Tuned RoBERTa,neural_em,amazon_google,ranking,mrr_at_100,3,0.9441306755553517,0.008551178446398983,0.9350374914792092,0.9520101575316298
27,tuned_roberta,Tuned RoBERTa,neural_em,amazon_google,ranking,ndcg_at_100,3,0.9581340347375604,0.006090451979318468,0.9515749013788782,0.9636106295231512
27,tuned_roberta,Tuned RoBERTa,neural_em,link_lives_release2,classification,average_precision,3,0.9839530990017396,0.0012130222389146335,0.9827338441601441,0.9851597910551659
27,tuned_roberta,Tuned RoBERTa,neural_em,link_lives_release2,classification,f1,3,0.9386961887919711,0.003024811624999481,0.9354449472096531,0.9414270500532481
27,tuned_roberta,Tuned RoBERTa,neural_em,link_lives_release2,classification,precision,3,0.9217769126476764,0.008069116760002366,0.9167887489012599,0.931086367739994
27,tuned_roberta,Tuned RoBERTa,neural_em,link_lives_release2,classification,recall,3,0.9563076923076923,0.005698541285369937,0.952,0.9627692307692308
27,tuned_roberta,Tuned RoBERTa,neural_em,link_lives_release2,classification,roc_auc,3,0.996722125507751,0.0003212315086338267,0.996415405658753,0.9970561284028083
27,tuned_roberta,Tuned RoBERTa,neural_em,link_lives_release2,ranking,hits_at_1,3,0.6570893191755153,0.0,0.6570893191755153,0.6570893191755153
27,tuned_roberta,Tuned RoBERTa,neural_em,link_lives_release2,ranking,hits_at_100,3,1.0,0.0,1.0,1.0
27,tuned_roberta,Tuned RoBERTa,neural_em,link_lives_release2,ranking,hits_at_100_end_to_end,3,0.9852307692307692,0.0,0.9852307692307692,0.9852307692307692
27,tuned_roberta,Tuned RoBERTa,neural_em,link_lives_release2,ranking,mrr_at_100,3,0.7539907491021961,8.013745148020218e-05,0.7539444817230119,0.7540832838605647
27,tuned_roberta,Tuned RoBERTa,neural_em,link_lives_release2,ranking,ndcg_at_100,3,0.8092023870184719,7.131607231804454e-05,0.8091612126649216,0.8092847357255727
27,tuned_roberta,Tuned RoBERTa,neural_em,walmart_amazon,classification,average_precision,3,0.9184324113253182,0.03591897284392177,0.8770786327608496,0.9418609108621246
27,tuned_roberta,Tuned RoBERTa,neural_em,walmart_amazon,classification,f1,3,0.8769318777643912,0.0047578485321587444,0.8729281767955801,0.8821917808219178
27,tuned_roberta,Tuned RoBERTa,neural_em,walmart_amazon,classification,precision,3,0.928737330506531,0.011690490194656943,0.9152542372881356,0.936046511627907
27,tuned_roberta,Tuned RoBERTa,neural_em,walmart_amazon,classification,recall,3,0.8307426597582038,0.010785834194125016,0.8186528497409327,0.8393782383419689
27,tuned_roberta,Tuned RoBERTa,neural_em,walmart_amazon,classification,roc_auc,3,0.983896227889941,0.0019866919930087742,0.9816028676076469,0.9850910644095051
27,tuned_roberta,Tuned RoBERTa,neural_em,walmart_amazon,ranking,hits_at_1,3,0.9440203562340967,0.030850777742957153,0.9083969465648855,0.9618320610687023
27,tuned_roberta,Tuned RoBERTa,neural_em,walmart_amazon,ranking,hits_at_100,3,1.0,0.0,1.0,1.0
27,tuned_roberta,Tuned RoBERTa,neural_em,walmart_amazon,ranking,hits_at_100_end_to_end,3,1.0,0.0,1.0,1.0
27,tuned_roberta,Tuned RoBERTa,neural_em,walmart_amazon,ranking,mrr_at_100,3,0.9670826770063411,0.017207153318640228,0.9472313098267297,0.9777353689567428
27,tuned_roberta,Tuned RoBERTa,neural_em,walmart_amazon,ranking,ndcg_at_100,3,0.9723178986036536,0.012057983014516249,0.9584587979863223,0.9804045798199424
27,tuned_roberta,Tuned RoBERTa,neural_em,wdc_80_medium_seen,classification,average_precision,3,0.8042928969113595,0.006027858540699029,0.7987272673299978,0.8106955050813621
27,tuned_roberta,Tuned RoBERTa,neural_em,wdc_80_medium_seen,classification,f1,3,0.7262304504271563,0.0025464906731524177,0.723404255319149,0.7283464566929134
27,tuned_roberta,Tuned RoBERTa,neural_em,wdc_80_medium_seen,classification,precision,3,0.6863131504586517,0.02670025050417899,0.66890756302521,0.7170542635658915
27,tuned_roberta,Tuned RoBERTa,neural_em,wdc_80_medium_seen,classification,recall,3,0.7726666666666667,0.029143323992525883,0.74,0.796
27,tuned_roberta,Tuned RoBERTa,neural_em,wdc_80_medium_seen,classification,roc_auc,3,0.9596499166666667,0.0013922600631107365,0.95840225,0.9611517499999999
27,tuned_roberta,Tuned RoBERTa,neural_em,wdc_80_medium_seen,ranking,hits_at_1,3,0.7421509686038744,0.00925611654011425,0.7314629258517034,0.7474949899799599
27,tuned_roberta,Tuned RoBERTa,neural_em,wdc_80_medium_seen,ranking,hits_at_100,3,1.0,0.0,1.0,1.0
27,tuned_roberta,Tuned RoBERTa,neural_em,wdc_80_medium_seen,ranking,hits_at_100_end_to_end,3,0.998,0.0,0.998,0.998
27,tuned_roberta,Tuned RoBERTa,neural_em,wdc_80_medium_seen,ranking,mrr_at_100,3,0.8216828782600104,0.006658666589985863,0.8143827790653099,0.8274232040513703
27,tuned_roberta,Tuned RoBERTa,neural_em,wdc_80_medium_seen,ranking,ndcg_at_100,3,0.8633644042215756,0.004905681445962174,0.8580258213590103,0.8676739274090136
27,tuned_roberta,Tuned RoBERTa,neural_em,wdc_80_medium_unseen,classification,average_precision,3,0.7782403935440717,0.0123272042580237,0.7649160697200348,0.789239231694085
27,tuned_roberta,Tuned RoBERTa,neural_em,wdc_80_medium_unseen,classification,f1,3,0.6996747331155094,0.00629329228832807,0.6956521739130435,0.7069271758436945
27,tuned_roberta,Tuned RoBERTa,neural_em,wdc_80_medium_unseen,classification,precision,3,0.6272964858260396,0.018348771091902735,0.6062407132243685,0.6398659966499163
27,tuned_roberta,Tuned RoBERTa,neural_em,wdc_80_medium_unseen,classification,recall,3,0.792,0.026229754097207975,0.764,0.816
27,tuned_roberta,Tuned RoBERTa,neural_em,wdc_80_medium_unseen,classification,roc_auc,3,0.9566229999999999,0.003238500115794253,0.952922,0.9589369999999999
27,tuned_roberta,Tuned RoBERTa,neural_em,wdc_80_medium_unseen,ranking,hits_at_1,3,0.7443105756358768,0.006454920188080977,0.7369477911646586,0.748995983935743
27,tuned_roberta,Tuned RoBERTa,neural_em,wdc_80_medium_unseen,ranking,hits_at_100,3,1.0,0.0,1.0,1.0
27,tuned_roberta,Tuned RoBERTa,neural_em,wdc_80_medium_unseen,ranking,hits_at_100_end_to_end,3,0.996,0.0,0.996,0.996
27,tuned_roberta,Tuned RoBERTa,neural_em,wdc_80_medium_unseen,ranking,mrr_at_100,3,0.8284683786267844,0.0019273220417528117,0.8262543894419222,0.8297709727325359
27,tuned_roberta,Tuned RoBERTa,neural_em,wdc_80_medium_unseen,ranking,ndcg_at_100,3,0.8694351428711783,0.0014496082229427144,0.8677910840445514,0.8705295083470428
28,ditto_style_mixda,Ditto-style RoBERTa + MixDA,neural_em,abt_buy,classification,average_precision,3,0.9353600963218298,0.018389744098343524,0.9181852417326732,0.954761910579318
28,ditto_style_mixda,Ditto-style RoBERTa + MixDA,neural_em,abt_buy,classification,f1,3,0.9078406736685065,0.008430171747014884,0.8990384615384616,0.9158415841584159
28,ditto_style_mixda,Ditto-style RoBERTa + MixDA,neural_em,abt_buy,classification,precision,3,0.916480913465838,0.023039213583631347,0.8904761904761904,0.9343434343434344
28,ditto_style_mixda,Ditto-style RoBERTa + MixDA,neural_em,abt_buy,classification,recall,3,0.8996763754045308,0.007415171027436631,0.8932038834951457,0.9077669902912622
28,ditto_style_mixda,Ditto-style RoBERTa + MixDA,neural_em,abt_buy,classification,roc_auc,3,0.9931196653986639,0.0013031178941249988,0.9918071878725941,0.9944132175097938
28,ditto_style_mixda,Ditto-style RoBERTa + MixDA,neural_em,abt_buy,ranking,hits_at_1,3,0.9415584415584416,0.02830453859441998,0.9090909090909091,0.961038961038961
28,ditto_style_mixda,Ditto-style RoBERTa + MixDA,neural_em,abt_buy,ranking,hits_at_100,3,1.0,0.0,1.0,1.0
28,ditto_style_mixda,Ditto-style RoBERTa + MixDA,neural_em,abt_buy,ranking,hits_at_100_end_to_end,3,1.0,0.0,1.0,1.0
28,ditto_style_mixda,Ditto-style RoBERTa + MixDA,neural_em,abt_buy,ranking,mrr_at_100,3,0.9624521862617101,0.017641658550890088,0.9422387136672852,0.9747474747474748
28,ditto_style_mixda,Ditto-style RoBERTa + MixDA,neural_em,abt_buy,ranking,ndcg_at_100,3,0.9697334845020965,0.01351672817840459,0.954295895502977,0.9794429007812957
28,ditto_style_mixda,Ditto-style RoBERTa + MixDA,neural_em,amazon_google,classification,average_precision,3,0.8116965491189622,0.01023564542823204,0.8021126529738272,0.8224785003920244
28,ditto_style_mixda,Ditto-style RoBERTa + MixDA,neural_em,amazon_google,classification,f1,3,0.7498875796299204,0.020974861280419754,0.7261146496815286,0.7657841140529531
28,ditto_style_mixda,Ditto-style RoBERTa + MixDA,neural_em,amazon_google,classification,precision,3,0.7293254187018477,0.00697375261370033,0.7215189873417721,0.7349397590361446
28,ditto_style_mixda,Ditto-style RoBERTa + MixDA,neural_em,amazon_google,classification,recall,3,0.7720797720797721,0.03733715789766715,0.7307692307692307,0.8034188034188035
28,ditto_style_mixda,Ditto-style RoBERTa + MixDA,neural_em,amazon_google,classification,roc_auc,3,0.9709260573757903,0.002810713619548824,0.9678262620224738,0.9733087591271176
28,ditto_style_mixda,Ditto-style RoBERTa + MixDA,neural_em,amazon_google,ranking,hits_at_1,3,0.8711656441717791,0.026741711310065454,0.8404907975460123,0.8895705521472392
28,ditto_style_mixda,Ditto-style RoBERTa + MixDA,neural_em,amazon_google,ranking,hits_at_100,3,1.0,0.0,1.0,1.0
28,ditto_style_mixda,Ditto-style RoBERTa + MixDA,neural_em,amazon_google,ranking,hits_at_100_end_to_end,3,1.0,0.0,1.0,1.0
28,ditto_style_mixda,Ditto-style RoBERTa + MixDA,neural_em,amazon_google,ranking,mrr_at_100,3,0.9196124458713212,0.020411329115094655,0.896206802564117,0.9337140697836882
28,ditto_style_mixda,Ditto-style RoBERTa + MixDA,neural_em,amazon_google,ranking,ndcg_at_100,3,0.9389021572056246,0.015459841249710978,0.9212394927754849,0.9499761230036663
28,ditto_style_mixda,Ditto-style RoBERTa + MixDA,neural_em,link_lives_release2,classification,average_precision,3,0.9728782607072964,0.004384746468542108,0.9678825872556943,0.9760891448839104
28,ditto_style_mixda,Ditto-style RoBERTa + MixDA,neural_em,link_lives_release2,classification,f1,3,0.9446015462195481,0.0018306528392344693,0.9427619624470018,0.9464231354642314
28,ditto_style_mixda,Ditto-style RoBERTa + MixDA,neural_em,link_lives_release2,classification,precision,3,0.9288846608270523,0.007219974455267503,0.922062701435687,0.9364457831325301
28,ditto_style_mixda,Ditto-style RoBERTa + MixDA,neural_em,link_lives_release2,classification,recall,3,0.9609230769230769,0.006424804005483422,0.9566153846153846,0.9683076923076923
28,ditto_style_mixda,Ditto-style RoBERTa + MixDA,neural_em,link_lives_release2,classification,roc_auc,3,0.9959405461072957,0.000360387426613889,0.9956106689878138,0.9963251774338568
28,ditto_style_mixda,Ditto-style RoBERTa + MixDA,neural_em,link_lives_release2,ranking,hits_at_1,3,0.7431813449927129,0.0352231277931517,0.7058088694565896,0.7757651467832605
28,ditto_style_mixda,Ditto-style RoBERTa + MixDA,neural_em,link_lives_release2,ranking,hits_at_100,3,1.0,0.0,1.0,1.0
28,ditto_style_mixda,Ditto-style RoBERTa + MixDA,neural_em,link_lives_release2,ranking,hits_at_100_end_to_end,3,0.9852307692307692,0.0,0.9852307692307692,0.9852307692307692
28,ditto_style_mixda,Ditto-style RoBERTa + MixDA,neural_em,link_lives_release2,ranking,mrr_at_100,3,0.8138133768861223,0.027703795949141723,0.7846150827236905,0.8397304311720628
28,ditto_style_mixda,Ditto-style RoBERTa + MixDA,neural_em,link_lives_release2,ranking,ndcg_at_100,3,0.8555072077059817,0.02128179736610465,0.8331077781264203,0.8754598685720639
28,ditto_style_mixda,Ditto-style RoBERTa + MixDA,neural_em,walmart_amazon,classification,average_precision,3,0.9225599045060354,0.01408566979285635,0.9086403138830745,0.9368059774117522
28,ditto_style_mixda,Ditto-style RoBERTa + MixDA,neural_em,walmart_amazon,classification,f1,3,0.8808617107778979,0.010344700649587814,0.8729281767955801,0.8925619834710744
28,ditto_style_mixda,Ditto-style RoBERTa + MixDA,neural_em,walmart_amazon,classification,precision,3,0.9464558568630966,0.010023321584917503,0.9349112426035503,0.9529411764705882
28,ditto_style_mixda,Ditto-style RoBERTa + MixDA,neural_em,walmart_amazon,classification,recall,3,0.8238341968911918,0.013708556015878693,0.8134715025906736,0.8393782383419689
28,ditto_style_mixda,Ditto-style RoBERTa + MixDA,neural_em,walmart_amazon,classification,roc_auc,3,0.98036801709249,0.002324511438891265,0.9777336072896194,0.9821304940146507
28,ditto_style_mixda,Ditto-style RoBERTa + MixDA,neural_em,walmart_amazon,ranking,hits_at_1,3,0.9414758269720102,0.004407253963279593,0.9389312977099237,0.9465648854961832
28,ditto_style_mixda,Ditto-style RoBERTa + MixDA,neural_em,walmart_amazon,ranking,hits_at_100,3,1.0,0.0,1.0,1.0
28,ditto_style_mixda,Ditto-style RoBERTa + MixDA,neural_em,walmart_amazon,ranking,hits_at_100_end_to_end,3,1.0,0.0,1.0,1.0
28,ditto_style_mixda,Ditto-style RoBERTa + MixDA,neural_em,walmart_amazon,ranking,mrr_at_100,3,0.964729079232896,0.0027689734291385317,0.9616172631439807,0.9669211195928753
28,ditto_style_mixda,Ditto-style RoBERTa + MixDA,neural_em,walmart_amazon,ranking,ndcg_at_100,3,0.9710838269375129,0.0023551620196338666,0.9683677671147431,0.9725603997444148
28,ditto_style_mixda,Ditto-style RoBERTa + MixDA,neural_em,wdc_80_medium_seen,classification,average_precision,3,0.8225136410695606,0.012434564696823282,0.8081559049148944,0.8297923018531743
28,ditto_style_mixda,Ditto-style RoBERTa + MixDA,neural_em,wdc_80_medium_seen,classification,f1,3,0.7345928267342691,0.00965996137646398,0.726605504587156,0.7453294001966568
28,ditto_style_mixda,Ditto-style RoBERTa + MixDA,neural_em,wdc_80_medium_seen,classification,precision,3,0.696310288476033,0.0325453804924526,0.6711864406779661,0.7330754352030948
28,ditto_style_mixda,Ditto-style RoBERTa + MixDA,neural_em,wdc_80_medium_seen,classification,recall,3,0.7786666666666667,0.018147543451754948,0.758,0.792
28,ditto_style_mixda,Ditto-style RoBERTa + MixDA,neural_em,wdc_80_medium_seen,classification,roc_auc,3,0.9638724999999999,0.003121975406293276,0.9602682499999999,0.9657359999999999
28,ditto_style_mixda,Ditto-style RoBERTa + MixDA,neural_em,wdc_80_medium_seen,ranking,hits_at_1,3,0.7501670006680027,0.012079586720123676,0.7374749498997996,0.7615230460921844
28,ditto_style_mixda,Ditto-style RoBERTa + MixDA,neural_em,wdc_80_medium_seen,ranking,hits_at_100,3,1.0,0.0,1.0,1.0
28,ditto_style_mixda,Ditto-style RoBERTa + MixDA,neural_em,wdc_80_medium_seen,ranking,hits_at_100_end_to_end,3,0.998,0.0,0.998,0.998
28,ditto_style_mixda,Ditto-style RoBERTa + MixDA,neural_em,wdc_80_medium_seen,ranking,mrr_at_100,3,0.8233150231026255,0.005941746594931995,0.8179065995017161,0.8296751982799797
28,ditto_style_mixda,Ditto-style RoBERTa + MixDA,neural_em,wdc_80_medium_seen,ranking,ndcg_at_100,3,0.8638555712166491,0.004122656850427105,0.8604985820147721,0.8684571236566039
28,ditto_style_mixda,Ditto-style RoBERTa + MixDA,neural_em,wdc_80_medium_unseen,classification,average_precision,3,0.7751877231841023,0.015265677717590173,0.761128531551686,0.791425753403594
28,ditto_style_mixda,Ditto-style RoBERTa + MixDA,neural_em,wdc_80_medium_unseen,classification,f1,3,0.7194337135882146,0.004406975690798568,0.7158469945355191,0.7243532560214094
28,ditto_style_mixda,Ditto-style RoBERTa + MixDA,neural_em,wdc_80_medium_unseen,classification,precision,3,0.6737822248046588,0.03173325973688511,0.6537842190016103,0.7103718199608611
28,ditto_style_mixda,Ditto-style RoBERTa + MixDA,neural_em,wdc_80_medium_unseen,classification,recall,3,0.7746666666666667,0.04410593308539495,0.726,0.812
28,ditto_style_mixda,Ditto-style RoBERTa + MixDA,neural_em,wdc_80_medium_unseen,classification,roc_auc,3,0.95560325,0.0036632949905105808,0.9519197500000001,0.959246
28,ditto_style_mixda,Ditto-style RoBERTa + MixDA,neural_em,wdc_80_medium_unseen,ranking,hits_at_1,3,0.749665327978581,0.006454920188080937,0.7449799196787149,0.7570281124497992
28,ditto_style_mixda,Ditto-style RoBERTa + MixDA,neural_em,wdc_80_medium_unseen,ranking,hits_at_100,3,1.0,0.0,1.0,1.0
28,ditto_style_mixda,Ditto-style RoBERTa + MixDA,neural_em,wdc_80_medium_unseen,ranking,hits_at_100_end_to_end,3,0.996,0.0,0.996,0.996
28,ditto_style_mixda,Ditto-style RoBERTa + MixDA,neural_em,wdc_80_medium_unseen,ranking,mrr_at_100,3,0.8251222390011926,0.004803541104708567,0.8200892450091694,0.8296575811502108
28,ditto_style_mixda,Ditto-style RoBERTa + MixDA,neural_em,wdc_80_medium_unseen,ranking,ndcg_at_100,3,0.8650221273665194,0.003745164781462216,0.8609781623907574,0.8683711440274392
29,official_ditto_plain,Official Ditto,neural_em,abt_buy,classification,average_precision,3,0.9663683226285071,0.005110896142442195,0.9605534996767267,0.9701487374883633
29,official_ditto_plain,Official Ditto,neural_em,abt_buy,classification,f1,3,0.8999045547308703,0.00821654974880171,0.8905472636815921,0.905940594059406
29,official_ditto_plain,Official Ditto,neural_em,abt_buy,classification,precision,3,0.9204551994617259,0.006229598345369237,0.9132653061224489,0.9242424242424242
29,official_ditto_plain,Official Ditto,neural_em,abt_buy,classification,recall,3,0.8802588996763754,0.010105174754690022,0.8689320388349514,0.8883495145631068
29,official_ditto_plain,Official Ditto,neural_em,abt_buy,classification,roc_auc,3,0.9940361286171199,0.0015965702728178652,0.9922415261454607,0.9952989269289729
29,official_ditto_plain,Official Ditto,neural_em,abt_buy,ranking,hits_at_1,3,0.9588744588744589,0.007498055444021117,0.9545454545454546,0.9675324675324676
29,official_ditto_plain,Official Ditto,neural_em,abt_buy,ranking,hits_at_100,3,1.0,0.0,1.0,1.0
29,official_ditto_plain,Official Ditto,neural_em,abt_buy,ranking,hits_at_100_end_to_end,3,1.0,0.0,1.0,1.0
29,official_ditto_plain,Official Ditto,neural_em,abt_buy,ranking,mrr_at_100,3,0.9737817216200675,0.003952958540198098,0.9709663769814146,0.9783008658008658
29,official_ditto_plain,Official Ditto,neural_em,abt_buy,ranking,ndcg_at_100,3,0.9786419126906701,0.00318684710534642,0.9759781495771621,0.9821724913682642
29,official_ditto_plain,Official Ditto,neural_em,amazon_google,classification,average_precision,3,0.7698324705089614,0.02513790596429525,0.74956338371305,0.7979611075660767
29,official_ditto_plain,Official Ditto,neural_em,amazon_google,classification,f1,3,0.7321151432209296,0.02768804600833604,0.7003891050583657,0.7514018691588785
29,official_ditto_plain,Official Ditto,neural_em,amazon_google,classification,precision,3,0.6681193888350844,0.025436655071479065,0.6428571428571429,0.6937269372693727
29,official_ditto_plain,Official Ditto,neural_em,amazon_google,classification,recall,3,0.8105413105413105,0.04529376950309011,0.7692307692307693,0.8589743589743589
29,official_ditto_plain,Official Ditto,neural_em,amazon_google,classification,roc_auc,3,0.9703300360172628,0.0012427106023544187,0.9689543094108417,0.9713712573110338
29,official_ditto_plain,Official Ditto,neural_em,amazon_google,ranking,hits_at_1,3,0.8957055214723926,0.028113961318747493,0.8711656441717791,0.9263803680981595
29,official_ditto_plain,Official Ditto,neural_em,amazon_google,ranking,hits_at_100,3,1.0,0.0,1.0,1.0
29,official_ditto_plain,Official Ditto,neural_em,amazon_google,ranking,hits_at_100_end_to_end,3,1.0,0.0,1.0,1.0
29,official_ditto_plain,Official Ditto,neural_em,amazon_google,ranking,mrr_at_100,3,0.9397425371355281,0.01652305280558954,0.9266163284568193,0.9582968156587789
29,official_ditto_plain,Official Ditto,neural_em,amazon_google,ranking,ndcg_at_100,3,0.9534662027900909,0.011213077872037158,0.9448362533922138,0.9661403697590355
29,official_ditto_plain,Official Ditto,neural_em,link_lives_release2,classification,average_precision,3,0.9814444589033925,0.002617736874818381,0.9796746746855883,0.9844514830092713
29,official_ditto_plain,Official Ditto,neural_em,link_lives_release2,classification,f1,3,0.9419036785044149,0.0006306207322233532,0.94140625,0.9426129426129426
29,official_ditto_plain,Official Ditto,neural_em,link_lives_release2,classification,precision,3,0.9266546459088413,0.007816464723506918,0.9198473282442748,0.93519079345851
29,official_ditto_plain,Official Ditto,neural_em,link_lives_release2,classification,recall,3,0.9577435897435898,0.007018712660892561,0.9501538461538461,0.964
29,official_ditto_plain,Official Ditto,neural_em,link_lives_release2,classification,roc_auc,3,0.9950026654933395,0.0021218275214499095,0.9925726378818894,0.9964885600596864
29,official_ditto_plain,Official Ditto,neural_em,link_lives_release2,ranking,hits_at_1,3,0.6545908806995627,0.0,0.6545908806995627,0.6545908806995627
29,official_ditto_plain,Official Ditto,neural_em,link_lives_release2,ranking,hits_at_100,3,1.0,0.0,1.0,1.0
29,official_ditto_plain,Official Ditto,neural_em,link_lives_release2,ranking,hits_at_100_end_to_end,3,0.9852307692307692,0.0,0.9852307692307692,0.9852307692307692
29,official_ditto_plain,Official Ditto,neural_em,link_lives_release2,ranking,mrr_at_100,3,0.751197028045878,0.0,0.751197028045878,0.751197028045878
29,official_ditto_plain,Official Ditto,neural_em,link_lives_release2,ranking,ndcg_at_100,3,0.8065937975559428,0.0,0.8065937975559428,0.8065937975559428
29,official_ditto_plain,Official Ditto,neural_em,walmart_amazon,classification,average_precision,3,0.8831396865989799,0.02035060395411888,0.8612793517337202,0.9015358704380632
29,official_ditto_plain,Official Ditto,neural_em,walmart_amazon,classification,f1,3,0.8551479468599034,0.01268183335855834,0.8478260869565217,0.8697916666666666
29,official_ditto_plain,Official Ditto,neural_em,walmart_amazon,classification,precision,3,0.8857342308651209,0.009862887171496703,0.8743455497382199,0.8914285714285715
29,official_ditto_plain,Official Ditto,neural_em,walmart_amazon,classification,recall,3,0.8272884283246977,0.03290597389163669,0.8082901554404145,0.8652849740932642
29,official_ditto_plain,Official Ditto,neural_em,walmart_amazon,classification,roc_auc,3,0.9587497580549104,0.015602893396725255,0.9453808960157227,0.9758938940503842
29,official_ditto_plain,Official Ditto,neural_em,walmart_amazon,ranking,hits_at_1,3,0.9440203562340967,0.011660497951541598,0.9312977099236641,0.9541984732824428
29,official_ditto_plain,Official Ditto,neural_em,walmart_amazon,ranking,hits_at_100,3,1.0,0.0,1.0,1.0
29,official_ditto_plain,Official Ditto,neural_em,walmart_amazon,ranking,hits_at_100_end_to_end,3,1.0,0.0,1.0,1.0
29,official_ditto_plain,Official Ditto,neural_em,walmart_amazon,ranking,mrr_at_100,3,0.959163950192658,0.008684801289606315,0.9512555513918654,0.9684584393553859
29,official_ditto_plain,Official Ditto,neural_em,walmart_amazon,ranking,ndcg_at_100,3,0.9640603359008573,0.008322460108459058,0.9571544598457727,0.9733007603595499
29,official_ditto_plain,Official Ditto,neural_em,wdc_80_medium_seen,classification,average_precision,3,0.7943504878508136,0.019352722265917204,0.779567050055024,0.8162547990156069
29,official_ditto_plain,Official Ditto,neural_em,wdc_80_medium_seen,classification,f1,3,0.721572935752835,0.007416866950547274,0.7169441723800196,0.7301275760549558
29,official_ditto_plain,Official Ditto,neural_em,wdc_80_medium_seen,classification,precision,3,0.7077014537206697,0.007876551423947366,0.7024952015355086,0.7167630057803468
29,official_ditto_plain,Official Ditto,neural_em,wdc_80_medium_seen,classification,recall,3,0.736,0.006928203230275516,0.732,0.744
29,official_ditto_plain,Official Ditto,neural_em,wdc_80_medium_seen,classification,roc_auc,3,0.9518006666666666,0.007524447198687424,0.9456669999999998,0.96019675
29,official_ditto_plain,Official Ditto,neural_em,wdc_80_medium_seen,ranking,hits_at_1,3,0.7388109552438209,0.0050433095759991695,0.7334669338677354,0.7434869739478958
29,official_ditto_plain,Official Ditto,neural_em,wdc_80_medium_seen,ranking,hits_at_100,3,1.0,0.0,1.0,1.0
29,official_ditto_plain,Official Ditto,neural_em,wdc_80_medium_seen,ranking,hits_at_100_end_to_end,3,0.998,0.0,0.998,0.998
29,official_ditto_plain,Official Ditto,neural_em,wdc_80_medium_seen,ranking,mrr_at_100,3,0.8132326868941898,0.01368836359466131,0.7975151300343711,0.8225371840617599
29,official_ditto_plain,Official Ditto,neural_em,wdc_80_medium_seen,ranking,ndcg_at_100,3,0.8559500076094274,0.011500435526777108,0.8428090602289628,0.8641777814424982
29,official_ditto_plain,Official Ditto,neural_em,wdc_80_medium_unseen,classification,average_precision,3,0.760198801750221,0.02007032343844792,0.7434447930401874,0.7824428633645124
29,official_ditto_plain,Official Ditto,neural_em,wdc_80_medium_unseen,classification,f1,3,0.7033451080401065,0.016425999760399795,0.6845513413506013,0.7149576669802445
29,official_ditto_plain,Official Ditto,neural_em,wdc_80_medium_unseen,classification,precision,3,0.6606671358185635,0.020776704939526807,0.6368330464716007,0.6749555950266429
29,official_ditto_plain,Official Ditto,neural_em,wdc_80_medium_unseen,classification,recall,3,0.752,0.010583005244258372,0.74,0.76
29,official_ditto_plain,Official Ditto,neural_em,wdc_80_medium_unseen,classification,roc_auc,3,0.9479581666666667,0.006779962363157601,0.94082625,0.9543205
29,official_ditto_plain,Official Ditto,neural_em,wdc_80_medium_unseen,ranking,hits_at_1,3,0.7576974564926372,0.0099053872737274,0.751004016064257,0.7690763052208835
29,official_ditto_plain,Official Ditto,neural_em,wdc_80_medium_unseen,ranking,hits_at_100,3,1.0,0.0,1.0,1.0
29,official_ditto_plain,Official Ditto,neural_em,wdc_80_medium_unseen,ranking,hits_at_100_end_to_end,3,0.996,0.0,0.996,0.996
29,official_ditto_plain,Official Ditto,neural_em,wdc_80_medium_unseen,ranking,mrr_at_100,3,0.83168201811836,0.0014126803330220287,0.830687698470495,0.833299071710339
29,official_ditto_plain,Official Ditto,neural_em,wdc_80_medium_unseen,ranking,ndcg_at_100,3,0.870738487935306,0.001811011012534298,0.8690716849171604,0.8726655469143144
30,official_ditto_mixda,Official Ditto + MixDA,neural_em,abt_buy,classification,average_precision,3,0.9585343834406279,0.007361712440855064,0.9518131889454283,0.9664020826928549
30,official_ditto_mixda,Official Ditto + MixDA,neural_em,abt_buy,classification,f1,3,0.8971790042365058,0.006063390621773394,0.8905472636815921,0.9024390243902439
30,official_ditto_mixda,Official Ditto + MixDA,neural_em,abt_buy,classification,precision,3,0.9047862734837525,0.009685669798412625,0.8942307692307693,0.9132653061224489
30,official_ditto_mixda,Official Ditto + MixDA,neural_em,abt_buy,classification,recall,3,0.889967637540453,0.018378344161165988,0.8689320388349514,0.9029126213592233
30,official_ditto_mixda,Official Ditto + MixDA,neural_em,abt_buy,classification,roc_auc,3,0.990824485701849,0.001882614866484896,0.9897078862204054,0.9929980696076761
30,official_ditto_mixda,Official Ditto + MixDA,neural_em,abt_buy,ranking,hits_at_1,3,0.9372294372294373,0.007498055444021117,0.9285714285714286,0.9415584415584416
30,official_ditto_mixda,Official Ditto + MixDA,neural_em,abt_buy,ranking,hits_at_100,3,1.0,0.0,1.0,1.0
30,official_ditto_mixda,Official Ditto + MixDA,neural_em,abt_buy,ranking,hits_at_100_end_to_end,3,1.0,0.0,1.0,1.0
30,official_ditto_mixda,Official Ditto + MixDA,neural_em,abt_buy,ranking,mrr_at_100,3,0.9574362986700649,0.0023109062248360224,0.9548110979929161,0.9591630591630591
30,official_ditto_mixda,Official Ditto + MixDA,neural_em,abt_buy,ranking,ndcg_at_100,3,0.9657052715163744,0.0013658183175657825,0.9641936265401236,0.9668505253539442
30,official_ditto_mixda,Official Ditto + MixDA,neural_em,amazon_google,classification,average_precision,3,0.7927474922027545,0.01851708630598147,0.773577479332291,0.8105340497213402
30,official_ditto_mixda,Official Ditto + MixDA,neural_em,amazon_google,classification,f1,3,0.7441807302747998,0.006355857976714687,0.7402862985685071,0.7515151515151515
30,official_ditto_mixda,Official Ditto + MixDA,neural_em,amazon_google,classification,precision,3,0.7011503946529792,0.01750532867611686,0.6810035842293907,0.7126436781609196
30,official_ditto_mixda,Official Ditto + MixDA,neural_em,amazon_google,classification,recall,3,0.7934472934472935,0.019270298088986712,0.7735042735042735,0.811965811965812
30,official_ditto_mixda,Official Ditto + MixDA,neural_em,amazon_google,classification,roc_auc,3,0.9693977797426073,0.003311564728675692,0.9669929390667613,0.9731748878179184
30,official_ditto_mixda,Official Ditto + MixDA,neural_em,amazon_google,ranking,hits_at_1,3,0.8711656441717791,0.01623160313536562,0.852760736196319,0.8834355828220859
30,official_ditto_mixda,Official Ditto + MixDA,neural_em,amazon_google,ranking,hits_at_100,3,1.0,0.0,1.0,1.0
30,official_ditto_mixda,Official Ditto + MixDA,neural_em,amazon_google,ranking,hits_at_100_end_to_end,3,1.0,0.0,1.0,1.0
30,official_ditto_mixda,Official Ditto + MixDA,neural_em,amazon_google,ranking,mrr_at_100,3,0.9233427746336256,0.011563858028572753,0.9100370523630519,0.9309657536219361
30,official_ditto_mixda,Official Ditto + MixDA,neural_em,amazon_google,ranking,ndcg_at_100,3,0.9417190860528017,0.008845447925712334,0.9315055510211304,0.9468945967436078
30,official_ditto_mixda,Official Ditto + MixDA,neural_em,link_lives_release2,classification,average_precision,3,0.9635728709391538,0.01593203984283813,0.9498202794474261,0.9810312063749841
30,official_ditto_mixda,Official Ditto + MixDA,neural_em,link_lives_release2,classification,f1,3,0.9452541917942754,0.0011271712949278694,0.944074969770254,0.9463208685162847
30,official_ditto_mixda,Official Ditto + MixDA,neural_em,link_lives_release2,classification,precision,3,0.9277953154442141,6.497207685717274e-05,0.9277251184834123,0.9278533412182141
30,official_ditto_mixda,Official Ditto + MixDA,neural_em,link_lives_release2,classification,recall,3,0.9633846153846154,0.0023230259800833468,0.9609230769230769,0.9655384615384616
30,official_ditto_mixda,Official Ditto + MixDA,neural_em,link_lives_release2,classification,roc_auc,3,0.9944765493977133,0.0024537130973148196,0.9918976909685688,0.9967822585273469
30,official_ditto_mixda,Official Ditto + MixDA,neural_em,link_lives_release2,ranking,hits_at_1,3,0.6543826774932333,0.00018030926583061517,0.6542785758900687,0.6545908806995627
30,official_ditto_mixda,Official Ditto + MixDA,neural_em,link_lives_release2,ranking,hits_at_100,3,1.0,0.0,1.0,1.0
30,official_ditto_mixda,Official Ditto + MixDA,neural_em,link_lives_release2,ranking,hits_at_100_end_to_end,3,0.9852307692307692,0.0,0.9852307692307692,0.9852307692307692
30,official_ditto_mixda,Official Ditto + MixDA,neural_em,link_lives_release2,ranking,mrr_at_100,3,0.7509909068716117,0.00017850617317239042,0.7508878462844787,0.751197028045878
30,official_ditto_mixda,Official Ditto + MixDA,neural_em,link_lives_release2,ranking,ndcg_at_100,3,0.8064168644897808,0.00015322853006582206,0.8063283979566997,0.8065937975559428
30,official_ditto_mixda,Official Ditto + MixDA,neural_em,walmart_amazon,classification,average_precision,3,0.9019159760626323,0.0338584243847015,0.8636085645656825,0.9278372197767979
30,official_ditto_mixda,Official Ditto + MixDA,neural_em,walmart_amazon,classification,f1,3,0.8660622876942443,0.008333357031610374,0.8608923884514436,0.8756756756756757
30,official_ditto_mixda,Official Ditto + MixDA,neural_em,walmart_amazon,classification,precision,3,0.8853385718172099,0.025981736882072122,0.868421052631579,0.9152542372881356
30,official_ditto_mixda,Official Ditto + MixDA,neural_em,walmart_amazon,classification,recall,3,0.8480138169257341,0.007914638505968664,0.8393782383419689,0.8549222797927462
30,official_ditto_mixda,Official Ditto + MixDA,neural_em,walmart_amazon,classification,roc_auc,3,0.9780351080936216,0.0034922615753956213,0.9740402224405931,0.9805085313560836
30,official_ditto_mixda,Official Ditto + MixDA,neural_em,walmart_amazon,ranking,hits_at_1,3,0.9338422391857507,0.0360749284446764,0.8931297709923665,0.9618320610687023
30,official_ditto_mixda,Official Ditto + MixDA,neural_em,walmart_amazon,ranking,hits_at_100,3,1.0,0.0,1.0,1.0
30,official_ditto_mixda,Official Ditto + MixDA,neural_em,walmart_amazon,ranking,hits_at_100_end_to_end,3,1.0,0.0,1.0,1.0
30,official_ditto_mixda,Official Ditto + MixDA,neural_em,walmart_amazon,ranking,mrr_at_100,3,0.9578643234814412,0.0193010315279822,0.9356584430431094,0.970611640030115
30,official_ditto_mixda,Official Ditto + MixDA,neural_em,walmart_amazon,ranking,ndcg_at_100,3,0.9646263100211775,0.01298009972694506,0.9496742913858494,0.9730027875326386
30,official_ditto_mixda,Official Ditto + MixDA,neural_em,wdc_80_medium_seen,classification,average_precision,3,0.8174192206062701,0.004660299247358501,0.8143708191121365,0.8227838412942878
30,official_ditto_mixda,Official Ditto + MixDA,neural_em,wdc_80_medium_seen,classification,f1,3,0.7354160739047779,0.008065578300738426,0.7267709291628335,0.7427385892116183
30,official_ditto_mixda,Official Ditto + MixDA,neural_em,wdc_80_medium_seen,classification,precision,3,0.7228010218743345,0.04932913539641843,0.6729131175468483,0.771551724137931
30,official_ditto_mixda,Official Ditto + MixDA,neural_em,wdc_80_medium_seen,classification,recall,3,0.752,0.0370405183549043,0.716,0.79
30,official_ditto_mixda,Official Ditto + MixDA,neural_em,wdc_80_medium_seen,classification,roc_auc,3,0.961852,0.0003591125345904421,0.9616212500000001,0.96226575
30,official_ditto_mixda,Official Ditto + MixDA,neural_em,wdc_80_medium_seen,ranking,hits_at_1,3,0.7388109552438209,0.009036572650947693,0.7294589178356713,0.7474949899799599
30,official_ditto_mixda,Official Ditto + MixDA,neural_em,wdc_80_medium_seen,ranking,hits_at_100,3,1.0,0.0,1.0,1.0
30,official_ditto_mixda,Official Ditto + MixDA,neural_em,wdc_80_medium_seen,ranking,hits_at_100_end_to_end,3,0.998,0.0,0.998,0.998
30,official_ditto_mixda,Official Ditto + MixDA,neural_em,wdc_80_medium_seen,ranking,mrr_at_100,3,0.8108379887704347,0.004940595560273335,0.8051799401975173,0.8142989539165261
30,official_ditto_mixda,Official Ditto + MixDA,neural_em,wdc_80_medium_seen,ranking,ndcg_at_100,3,0.8534846991287858,0.0038435324968075324,0.8491027657340172,0.8562853680870111
30,official_ditto_mixda,Official Ditto + MixDA,neural_em,wdc_80_medium_unseen,classification,average_precision,3,0.7703381194621376,0.007893859781977361,0.7631594105861341,0.7787918984717317
30,official_ditto_mixda,Official Ditto + MixDA,neural_em,wdc_80_medium_unseen,classification,f1,3,0.7011777335733005,0.006355918225909939,0.6939471440750213,0.7058823529411765
30,official_ditto_mixda,Official Ditto + MixDA,neural_em,wdc_80_medium_unseen,classification,precision,3,0.6480426135617892,0.04100944024496439,0.6047548291233283,0.6863117870722434
30,official_ditto_mixda,Official Ditto + MixDA,neural_em,wdc_80_medium_unseen,classification,recall,3,0.768,0.045999999999999985,0.722,0.814
30,official_ditto_mixda,Official Ditto + MixDA,neural_em,wdc_80_medium_unseen,classification,roc_auc,3,0.9546784166666666,0.003996099851209082,0.95073425,0.9587245
30,official_ditto_mixda,Official Ditto + MixDA,neural_em,wdc_80_medium_unseen,ranking,hits_at_1,3,0.7536813922356091,0.013065074495276524,0.7409638554216867,0.7670682730923695
30,official_ditto_mixda,Official Ditto + MixDA,neural_em,wdc_80_medium_unseen,ranking,hits_at_100,3,1.0,0.0,1.0,1.0
30,official_ditto_mixda,Official Ditto + MixDA,neural_em,wdc_80_medium_unseen,ranking,hits_at_100_end_to_end,3,0.996,0.0,0.996,0.996
30,official_ditto_mixda,Official Ditto + MixDA,neural_em,wdc_80_medium_unseen,ranking,mrr_at_100,3,0.8250654997979044,0.011444229335636946,0.813183531503334,0.8360149275329493
30,official_ditto_mixda,Official Ditto + MixDA,neural_em,wdc_80_medium_unseen,ranking,ndcg_at_100,3,0.8646450808501261,0.009513273784226,0.8545584877802098,0.8734563819332608
31,anymatch,AnyMatch,neural_em,abt_buy,classification,f1,3,0.6029614250794197,0.05331381198902977,0.5460420032310178,0.6517311608961304
31,anymatch,AnyMatch,neural_em,abt_buy,classification,precision,3,0.518225091251703,0.09509545722776419,0.4092009685230024,0.584070796460177
31,anymatch,AnyMatch,neural_em,abt_buy,classification,recall,3,0.7459546925566343,0.09366961578256502,0.6407766990291263,0.8203883495145631
31,anymatch,AnyMatch,neural_em,abt_buy,ranking,hits_at_1,3,0.7402597402597403,0.02830453859441998,0.7077922077922078,0.7597402597402597
31,anymatch,AnyMatch,neural_em,abt_buy,ranking,hits_at_100,3,1.0,0.0,1.0,1.0
31,anymatch,AnyMatch,neural_em,abt_buy,ranking,hits_at_100_end_to_end,3,1.0,0.0,1.0,1.0
31,anymatch,AnyMatch,neural_em,abt_buy,ranking,mrr_at_100,3,0.8161583697259105,0.022430892661692906,0.7912474292767412,0.8347562116466598
31,anymatch,AnyMatch,neural_em,abt_buy,ranking,ndcg_at_100,3,0.8539463444658012,0.018897059792448587,0.8328925377777741,0.8694383043811708
31,anymatch,AnyMatch,neural_em,amazon_google,classification,f1,3,0.429632209234734,0.03641781090669923,0.4054669703872437,0.47151898734177217
31,anymatch,AnyMatch,neural_em,amazon_google,classification,precision,3,0.3136597216780743,0.05302987340753362,0.27639751552795033,0.3743718592964824
31,anymatch,AnyMatch,neural_em,amazon_google,classification,recall,3,0.7022792022792023,0.06227205981308945,0.6367521367521367,0.7606837606837606
31,anymatch,AnyMatch,neural_em,amazon_google,ranking,hits_at_1,3,0.5685071574642127,0.05217730397616797,0.5153374233128835,0.6196319018404908
31,anymatch,AnyMatch,neural_em,amazon_google,ranking,hits_at_100,3,1.0,0.0,1.0,1.0
31,anymatch,AnyMatch,neural_em,amazon_google,ranking,hits_at_100_end_to_end,3,1.0,0.0,1.0,1.0
31,anymatch,AnyMatch,neural_em,amazon_google,ranking,mrr_at_100,3,0.6561373967900473,0.046449166449589865,0.6122520025716581,0.7047836366339454
31,anymatch,AnyMatch,neural_em,amazon_google,ranking,ndcg_at_100,3,0.7210704668539906,0.03585933030701464,0.6880103886474821,0.759191360312787
31,anymatch,AnyMatch,neural_em,link_lives_release2,classification,f1,3,0.32322731773286,0.027906518780679436,0.291675722668985,0.3446728971962617
31,anymatch,AnyMatch,neural_em,link_lives_release2,classification,precision,3,0.4690109461705888,0.02887983718939303,0.439047619047619,0.4966691339748335
31,anymatch,AnyMatch,neural_em,link_lives_release2,classification,recall,3,0.24933333333333332,0.03931283522981655,0.20646153846153847,0.2836923076923077
31,anymatch,AnyMatch,neural_em,link_lives_release2,ranking,hits_at_1,3,0.24838642515094733,0.08817915834280855,0.18238600874453467,0.3485321673953779
31,anymatch,AnyMatch,neural_em,link_lives_release2,ranking,hits_at_100,3,1.0,0.0,1.0,1.0
31,anymatch,AnyMatch,neural_em,link_lives_release2,ranking,hits_at_100_end_to_end,3,0.9852307692307692,0.0,0.9852307692307692,0.9852307692307692
31,anymatch,AnyMatch,neural_em,link_lives_release2,ranking,mrr_at_100,3,0.39665119613371086,0.08061530286333927,0.3462079388167404,0.48962557675983465
31,anymatch,AnyMatch,neural_em,link_lives_release2,ranking,ndcg_at_100,3,0.5258771354477216,0.06392383583511484,0.48842064345529956,0.5996872767779798
31,anymatch,AnyMatch,neural_em,walmart_amazon,classification,f1,3,0.49693072982210296,0.09491513104129645,0.4171632896305125,0.6019047619047619
31,anymatch,AnyMatch,neural_em,walmart_amazon,classification,precision,3,0.3560766729012467,0.10680454497938308,0.2708978328173375,0.4759036144578313
31,anymatch,AnyMatch,neural_em,walmart_amazon,classification,recall,3,0.8704663212435233,0.04605282081510667,0.8186528497409327,0.9067357512953368
31,anymatch,AnyMatch,neural_em,walmart_amazon,ranking,hits_at_1,3,0.6921119592875318,0.05729430152263466,0.6335877862595419,0.7480916030534351
31,anymatch,AnyMatch,neural_em,walmart_amazon,ranking,hits_at_100,3,1.0,0.0,1.0,1.0
31,anymatch,AnyMatch,neural_em,walmart_amazon,ranking,hits_at_100_end_to_end,3,1.0,0.0,1.0,1.0
31,anymatch,AnyMatch,neural_em,walmart_amazon,ranking,mrr_at_100,3,0.7765630801834533,0.05130691434474345,0.7217604252969005,0.8234554625652877
31,anymatch,AnyMatch,neural_em,walmart_amazon,ranking,ndcg_at_100,3,0.8208036208336236,0.040585593137163554,0.776500113239537,0.8561875241703643
31,anymatch,AnyMatch,neural_em,wdc_80_medium_seen,classification,average_precision,3,0.5312671494924217,0.051602784876244014,0.4721023954659648,0.5669729501987778
31,anymatch,AnyMatch,neural_em,wdc_80_medium_seen,classification,f1,3,0.3666066631694276,0.005523981200980228,0.3617200674536256,0.3726003490401396
31,anymatch,AnyMatch,neural_em,wdc_80_medium_seen,ranking,hits_at_1,3,0.20507682030728122,0.032581826047447415,0.17635270541082165,0.24048096192384769
31,anymatch,AnyMatch,neural_em,wdc_80_medium_seen,ranking,hits_at_100,3,1.0,0.0,1.0,1.0
31,anymatch,AnyMatch,neural_em,wdc_80_medium_seen,ranking,hits_at_100_end_to_end,3,0.998,0.0,0.998,0.998
31,anymatch,AnyMatch,neural_em,wdc_80_medium_seen,ranking,mrr_at_100,3,0.3392906507435755,0.03351529915147376,0.3122219870231119,0.37677787095791027
31,anymatch,AnyMatch,neural_em,wdc_80_medium_seen,ranking,ndcg_at_100,3,0.47519668845504576,0.02716746711346054,0.453785336697836,0.5057577611140661
31,anymatch,AnyMatch,neural_em,wdc_80_medium_unseen,classification,average_precision,3,0.5200650246899935,0.013188894956152795,0.5053894289549041,0.5309266156175239
31,anymatch,AnyMatch,neural_em,wdc_80_medium_unseen,classification,f1,3,0.40281278336711784,0.05934367073913444,0.33432171979243885,0.4389027431421446
31,anymatch,AnyMatch,neural_em,wdc_80_medium_unseen,ranking,hits_at_1,3,0.1713520749665328,0.013668392139666755,0.1606425702811245,0.18674698795180722
31,anymatch,AnyMatch,neural_em,wdc_80_medium_unseen,ranking,hits_at_100,3,1.0,0.0,1.0,1.0
31,anymatch,AnyMatch,neural_em,wdc_80_medium_unseen,ranking,hits_at_100_end_to_end,3,0.996,0.0,0.996,0.996
31,anymatch,AnyMatch,neural_em,wdc_80_medium_unseen,ranking,mrr_at_100,3,0.3145910842808327,0.017907797969119062,0.29483683960238904,0.32976127671130784
31,anymatch,AnyMatch,neural_em,wdc_80_medium_unseen,ranking,ndcg_at_100,3,0.45494203068082356,0.014732100718457607,0.4383676810378192,0.4665462813248477
32,hef_gbdt_mixda_e5,HEF-GBDT + MixDA-style augmentation + E5,mixda_hef,abt_buy,classification,average_precision,3,0.7881710117877896,0.0,0.7881710117877896,0.7881710117877896
32,hef_gbdt_mixda_e5,HEF-GBDT + MixDA-style augmentation + E5,mixda_hef,abt_buy,classification,f1,3,0.72544080604534,0.0,0.72544080604534,0.72544080604534
32,hef_gbdt_mixda_e5,HEF-GBDT + MixDA-style augmentation + E5,mixda_hef,abt_buy,classification,precision,3,0.7539267015706806,0.0,0.7539267015706806,0.7539267015706806
32,hef_gbdt_mixda_e5,HEF-GBDT + MixDA-style augmentation + E5,mixda_hef,abt_buy,classification,recall,3,0.6990291262135923,0.0,0.6990291262135923,0.6990291262135923
32,hef_gbdt_mixda_e5,HEF-GBDT + MixDA-style augmentation + E5,mixda_hef,abt_buy,classification,roc_auc,3,0.9511511383637087,0.0,0.9511511383637087,0.9511511383637087
32,hef_gbdt_mixda_e5,HEF-GBDT + MixDA-style augmentation + E5,mixda_hef,abt_buy,ranking,hits_at_1,3,0.9090909090909091,0.0,0.9090909090909091,0.9090909090909091
32,hef_gbdt_mixda_e5,HEF-GBDT + MixDA-style augmentation + E5,mixda_hef,abt_buy,ranking,hits_at_100,3,1.0,0.0,1.0,1.0
32,hef_gbdt_mixda_e5,HEF-GBDT + MixDA-style augmentation + E5,mixda_hef,abt_buy,ranking,hits_at_100_end_to_end,3,1.0,0.0,1.0,1.0
32,hef_gbdt_mixda_e5,HEF-GBDT + MixDA-style augmentation + E5,mixda_hef,abt_buy,ranking,mrr_at_100,3,0.9461038961038962,0.0,0.9461038961038962,0.9461038961038962
32,hef_gbdt_mixda_e5,HEF-GBDT + MixDA-style augmentation + E5,mixda_hef,abt_buy,ranking,ndcg_at_100,3,0.9591906801370207,0.0,0.9591906801370207,0.9591906801370207
32,hef_gbdt_mixda_e5,HEF-GBDT + MixDA-style augmentation + E5,mixda_hef,amazon_google,classification,average_precision,3,0.6276388512386235,0.0,0.6276388512386235,0.6276388512386235
32,hef_gbdt_mixda_e5,HEF-GBDT + MixDA-style augmentation + E5,mixda_hef,amazon_google,classification,f1,3,0.5995717344753747,0.0,0.5995717344753747,0.5995717344753747
32,hef_gbdt_mixda_e5,HEF-GBDT + MixDA-style augmentation + E5,mixda_hef,amazon_google,classification,precision,3,0.6008583690987125,0.0,0.6008583690987125,0.6008583690987125
32,hef_gbdt_mixda_e5,HEF-GBDT + MixDA-style augmentation + E5,mixda_hef,amazon_google,classification,recall,3,0.5982905982905983,0.0,0.5982905982905983,0.5982905982905983
32,hef_gbdt_mixda_e5,HEF-GBDT + MixDA-style augmentation + E5,mixda_hef,amazon_google,classification,roc_auc,3,0.9250881060011708,0.0,0.9250881060011708,0.9250881060011708
32,hef_gbdt_mixda_e5,HEF-GBDT + MixDA-style augmentation + E5,mixda_hef,amazon_google,ranking,hits_at_1,3,0.803680981595092,0.0,0.803680981595092,0.803680981595092
32,hef_gbdt_mixda_e5,HEF-GBDT + MixDA-style augmentation + E5,mixda_hef,amazon_google,ranking,hits_at_100,3,1.0,0.0,1.0,1.0
32,hef_gbdt_mixda_e5,HEF-GBDT + MixDA-style augmentation + E5,mixda_hef,amazon_google,ranking,hits_at_100_end_to_end,3,1.0,0.0,1.0,1.0
32,hef_gbdt_mixda_e5,HEF-GBDT + MixDA-style augmentation + E5,mixda_hef,amazon_google,ranking,mrr_at_100,3,0.8784318242440408,0.0,0.8784318242440408,0.8784318242440408
32,hef_gbdt_mixda_e5,HEF-GBDT + MixDA-style augmentation + E5,mixda_hef,amazon_google,ranking,ndcg_at_100,3,0.9061109764043718,0.0,0.9061109764043718,0.9061109764043718
32,hef_gbdt_mixda_e5,HEF-GBDT + MixDA-style augmentation + E5,mixda_hef,link_lives_release2,classification,average_precision,3,0.9391365781745509,0.0,0.9391365781745509,0.9391365781745509
32,hef_gbdt_mixda_e5,HEF-GBDT + MixDA-style augmentation + E5,mixda_hef,link_lives_release2,classification,f1,3,0.8595161760419703,0.0,0.8595161760419703,0.8595161760419703
32,hef_gbdt_mixda_e5,HEF-GBDT + MixDA-style augmentation + E5,mixda_hef,link_lives_release2,classification,precision,3,0.8164451827242525,0.0,0.8164451827242525,0.8164451827242525
32,hef_gbdt_mixda_e5,HEF-GBDT + MixDA-style augmentation + E5,mixda_hef,link_lives_release2,classification,recall,3,0.9073846153846153,0.0,0.9073846153846153,0.9073846153846153
32,hef_gbdt_mixda_e5,HEF-GBDT + MixDA-style augmentation + E5,mixda_hef,link_lives_release2,classification,roc_auc,3,0.9831869320681806,0.0,0.9831869320681806,0.9831869320681806
32,hef_gbdt_mixda_e5,HEF-GBDT + MixDA-style augmentation + E5,mixda_hef,link_lives_release2,ranking,hits_at_1,3,0.0009369144284821987,0.0,0.0009369144284821987,0.0009369144284821987
32,hef_gbdt_mixda_e5,HEF-GBDT + MixDA-style augmentation + E5,mixda_hef,link_lives_release2,ranking,hits_at_100,3,1.0,0.0,1.0,1.0
32,hef_gbdt_mixda_e5,HEF-GBDT + MixDA-style augmentation + E5,mixda_hef,link_lives_release2,ranking,hits_at_100_end_to_end,3,0.9852307692307692,0.0,0.9852307692307692,0.9852307692307692
32,hef_gbdt_mixda_e5,HEF-GBDT + MixDA-style augmentation + E5,mixda_hef,link_lives_release2,ranking,mrr_at_100,3,0.012514407498468648,0.0,0.012514407498468648,0.012514407498468648
32,hef_gbdt_mixda_e5,HEF-GBDT + MixDA-style augmentation + E5,mixda_hef,link_lives_release2,ranking,ndcg_at_100,3,0.15390897210153956,0.0,0.15390897210153956,0.15390897210153956
32,hef_gbdt_mixda_e5,HEF-GBDT + MixDA-style augmentation + E5,mixda_hef,walmart_amazon,classification,average_precision,3,0.8524774837617544,0.0,0.8524774837617544,0.8524774837617544
32,hef_gbdt_mixda_e5,HEF-GBDT + MixDA-style augmentation + E5,mixda_hef,walmart_amazon,classification,f1,3,0.7784431137724551,0.0,0.7784431137724551,0.7784431137724551
32,hef_gbdt_mixda_e5,HEF-GBDT + MixDA-style augmentation + E5,mixda_hef,walmart_amazon,classification,precision,3,0.9219858156028369,0.0,0.9219858156028369,0.9219858156028369
32,hef_gbdt_mixda_e5,HEF-GBDT + MixDA-style augmentation + E5,mixda_hef,walmart_amazon,classification,recall,3,0.6735751295336787,0.0,0.6735751295336787,0.6735751295336787
32,hef_gbdt_mixda_e5,HEF-GBDT + MixDA-style augmentation + E5,mixda_hef,walmart_amazon,classification,roc_auc,3,0.9590265990709309,0.0,0.9590265990709309,0.9590265990709309
32,hef_gbdt_mixda_e5,HEF-GBDT + MixDA-style augmentation + E5,mixda_hef,walmart_amazon,ranking,hits_at_1,3,0.8473282442748091,0.0,0.8473282442748091,0.8473282442748091
32,hef_gbdt_mixda_e5,HEF-GBDT + MixDA-style augmentation + E5,mixda_hef,walmart_amazon,ranking,hits_at_100,3,1.0,0.0,1.0,1.0
32,hef_gbdt_mixda_e5,HEF-GBDT + MixDA-style augmentation + E5,mixda_hef,walmart_amazon,ranking,hits_at_100_end_to_end,3,1.0,0.0,1.0,1.0
32,hef_gbdt_mixda_e5,HEF-GBDT + MixDA-style augmentation + E5,mixda_hef,walmart_amazon,ranking,mrr_at_100,3,0.8771157161563906,0.0,0.8771157161563906,0.8771157161563906
32,hef_gbdt_mixda_e5,HEF-GBDT + MixDA-style augmentation + E5,mixda_hef,walmart_amazon,ranking,ndcg_at_100,3,0.8961703259887049,0.0,0.8961703259887049,0.8961703259887049
32,hef_gbdt_mixda_e5,HEF-GBDT + MixDA-style augmentation + E5,mixda_hef,wdc_80_medium_seen,classification,average_precision,3,0.4560042902168039,0.0,0.4560042902168039,0.4560042902168039
32,hef_gbdt_mixda_e5,HEF-GBDT + MixDA-style augmentation + E5,mixda_hef,wdc_80_medium_seen,classification,f1,3,0.47043189368770766,0.0,0.47043189368770766,0.47043189368770766
32,hef_gbdt_mixda_e5,HEF-GBDT + MixDA-style augmentation + E5,mixda_hef,wdc_80_medium_seen,classification,precision,3,0.3522388059701492,0.0,0.3522388059701492,0.3522388059701492
32,hef_gbdt_mixda_e5,HEF-GBDT + MixDA-style augmentation + E5,mixda_hef,wdc_80_medium_seen,classification,recall,3,0.708,0.0,0.708,0.708
32,hef_gbdt_mixda_e5,HEF-GBDT + MixDA-style augmentation + E5,mixda_hef,wdc_80_medium_seen,classification,roc_auc,3,0.8737774999999999,0.0,0.8737774999999999,0.8737774999999999
32,hef_gbdt_mixda_e5,HEF-GBDT + MixDA-style augmentation + E5,mixda_hef,wdc_80_medium_seen,ranking,hits_at_1,3,0.44488977955911824,0.0,0.44488977955911824,0.44488977955911824
32,hef_gbdt_mixda_e5,HEF-GBDT + MixDA-style augmentation + E5,mixda_hef,wdc_80_medium_seen,ranking,hits_at_100,3,1.0,0.0,1.0,1.0
32,hef_gbdt_mixda_e5,HEF-GBDT + MixDA-style augmentation + E5,mixda_hef,wdc_80_medium_seen,ranking,hits_at_100_end_to_end,3,0.998,0.0,0.998,0.998
32,hef_gbdt_mixda_e5,HEF-GBDT + MixDA-style augmentation + E5,mixda_hef,wdc_80_medium_seen,ranking,mrr_at_100,3,0.5936810958623491,0.0,0.5936810958623491,0.5936810958623491
32,hef_gbdt_mixda_e5,HEF-GBDT + MixDA-style augmentation + E5,mixda_hef,wdc_80_medium_seen,ranking,ndcg_at_100,3,0.6880520600616102,0.0,0.6880520600616102,0.6880520600616102
32,hef_gbdt_mixda_e5,HEF-GBDT + MixDA-style augmentation + E5,mixda_hef,wdc_80_medium_unseen,classification,average_precision,3,0.47886340685238,0.0,0.47886340685238,0.47886340685238
32,hef_gbdt_mixda_e5,HEF-GBDT + MixDA-style augmentation + E5,mixda_hef,wdc_80_medium_unseen,classification,f1,3,0.5127055306427504,0.0,0.5127055306427504,0.5127055306427504
32,hef_gbdt_mixda_e5,HEF-GBDT + MixDA-style augmentation + E5,mixda_hef,wdc_80_medium_unseen,classification,precision,3,0.40930787589498807,0.0,0.40930787589498807,0.40930787589498807
32,hef_gbdt_mixda_e5,HEF-GBDT + MixDA-style augmentation + E5,mixda_hef,wdc_80_medium_unseen,classification,recall,3,0.686,0.0,0.686,0.686
32,hef_gbdt_mixda_e5,HEF-GBDT + MixDA-style augmentation + E5,mixda_hef,wdc_80_medium_unseen,classification,roc_auc,3,0.894385,0.0,0.894385,0.894385
32,hef_gbdt_mixda_e5,HEF-GBDT + MixDA-style augmentation + E5,mixda_hef,wdc_80_medium_unseen,ranking,hits_at_1,3,0.5160642570281124,0.0,0.5160642570281124,0.5160642570281124
32,hef_gbdt_mixda_e5,HEF-GBDT + MixDA-style augmentation + E5,mixda_hef,wdc_80_medium_unseen,ranking,hits_at_100,3,1.0,0.0,1.0,1.0
32,hef_gbdt_mixda_e5,HEF-GBDT + MixDA-style augmentation + E5,mixda_hef,wdc_80_medium_unseen,ranking,hits_at_100_end_to_end,3,0.996,0.0,0.996,0.996
32,hef_gbdt_mixda_e5,HEF-GBDT + MixDA-style augmentation + E5,mixda_hef,wdc_80_medium_unseen,ranking,mrr_at_100,3,0.676902151372665,0.0,0.676902151372665,0.676902151372665
32,hef_gbdt_mixda_e5,HEF-GBDT + MixDA-style augmentation + E5,mixda_hef,wdc_80_medium_unseen,ranking,ndcg_at_100,3,0.7547249920122814,0.0,0.7547249920122814,0.7547249920122814
33,hef_gbdt_mixda_jina,HEF-GBDT + MixDA-style augmentation + Jina embedding,mixda_hef,abt_buy,classification,average_precision,3,0.8089498594114385,0.0,0.8089498594114385,0.8089498594114385
33,hef_gbdt_mixda_jina,HEF-GBDT + MixDA-style augmentation + Jina embedding,mixda_hef,abt_buy,classification,f1,3,0.7128712871287128,0.0,0.7128712871287128,0.7128712871287128
33,hef_gbdt_mixda_jina,HEF-GBDT + MixDA-style augmentation + Jina embedding,mixda_hef,abt_buy,classification,precision,3,0.7272727272727273,0.0,0.7272727272727273,0.7272727272727273
33,hef_gbdt_mixda_jina,HEF-GBDT + MixDA-style augmentation + Jina embedding,mixda_hef,abt_buy,classification,recall,3,0.6990291262135923,0.0,0.6990291262135923,0.6990291262135923
33,hef_gbdt_mixda_jina,HEF-GBDT + MixDA-style augmentation + Jina embedding,mixda_hef,abt_buy,classification,roc_auc,3,0.9646269800715381,0.0,0.9646269800715381,0.9646269800715381
33,hef_gbdt_mixda_jina,HEF-GBDT + MixDA-style augmentation + Jina embedding,mixda_hef,abt_buy,ranking,hits_at_1,3,0.8896103896103896,0.0,0.8896103896103896,0.8896103896103896
33,hef_gbdt_mixda_jina,HEF-GBDT + MixDA-style augmentation + Jina embedding,mixda_hef,abt_buy,ranking,hits_at_100,3,1.0,0.0,1.0,1.0
33,hef_gbdt_mixda_jina,HEF-GBDT + MixDA-style augmentation + Jina embedding,mixda_hef,abt_buy,ranking,hits_at_100_end_to_end,3,1.0,0.0,1.0,1.0
33,hef_gbdt_mixda_jina,HEF-GBDT + MixDA-style augmentation + Jina embedding,mixda_hef,abt_buy,ranking,mrr_at_100,3,0.9328568617529656,0.0,0.9328568617529656,0.9328568617529656
33,hef_gbdt_mixda_jina,HEF-GBDT + MixDA-style augmentation + Jina embedding,mixda_hef,abt_buy,ranking,ndcg_at_100,3,0.9493725082266997,0.0,0.9493725082266997,0.9493725082266997
33,hef_gbdt_mixda_jina,HEF-GBDT + MixDA-style augmentation + Jina embedding,mixda_hef,amazon_google,classification,average_precision,3,0.6172853987105542,0.0,0.6172853987105542,0.6172853987105542
33,hef_gbdt_mixda_jina,HEF-GBDT + MixDA-style augmentation + Jina embedding,mixda_hef,amazon_google,classification,f1,3,0.5708502024291497,0.0,0.5708502024291497,0.5708502024291497
33,hef_gbdt_mixda_jina,HEF-GBDT + MixDA-style augmentation + Jina embedding,mixda_hef,amazon_google,classification,precision,3,0.5423076923076923,0.0,0.5423076923076923,0.5423076923076923
33,hef_gbdt_mixda_jina,HEF-GBDT + MixDA-style augmentation + Jina embedding,mixda_hef,amazon_google,classification,recall,3,0.6025641025641025,0.0,0.6025641025641025,0.6025641025641025
33,hef_gbdt_mixda_jina,HEF-GBDT + MixDA-style augmentation + Jina embedding,mixda_hef,amazon_google,classification,roc_auc,3,0.9262483240142297,0.0,0.9262483240142297,0.9262483240142297
33,hef_gbdt_mixda_jina,HEF-GBDT + MixDA-style augmentation + Jina embedding,mixda_hef,amazon_google,ranking,hits_at_1,3,0.7730061349693251,0.0,0.7730061349693251,0.7730061349693251
33,hef_gbdt_mixda_jina,HEF-GBDT + MixDA-style augmentation + Jina embedding,mixda_hef,amazon_google,ranking,hits_at_100,3,1.0,0.0,1.0,1.0
33,hef_gbdt_mixda_jina,HEF-GBDT + MixDA-style augmentation + Jina embedding,mixda_hef,amazon_google,ranking,hits_at_100_end_to_end,3,1.0,0.0,1.0,1.0
33,hef_gbdt_mixda_jina,HEF-GBDT + MixDA-style augmentation + Jina embedding,mixda_hef,amazon_google,ranking,mrr_at_100,3,0.8598256889667931,0.0,0.8598256889667931,0.8598256889667931
33,hef_gbdt_mixda_jina,HEF-GBDT + MixDA-style augmentation + Jina embedding,mixda_hef,amazon_google,ranking,ndcg_at_100,3,0.8933152125800247,0.0,0.8933152125800247,0.8933152125800247
33,hef_gbdt_mixda_jina,HEF-GBDT + MixDA-style augmentation + Jina embedding,mixda_hef,link_lives_release2,classification,average_precision,3,0.9359518775332127,0.0,0.9359518775332127,0.9359518775332127
33,hef_gbdt_mixda_jina,HEF-GBDT + MixDA-style augmentation + Jina embedding,mixda_hef,link_lives_release2,classification,f1,3,0.845578902834579,0.0,0.845578902834579,0.845578902834579
33,hef_gbdt_mixda_jina,HEF-GBDT + MixDA-style augmentation + Jina embedding,mixda_hef,link_lives_release2,classification,precision,3,0.7805259047123145,0.0,0.7805259047123145,0.7805259047123145
33,hef_gbdt_mixda_jina,HEF-GBDT + MixDA-style augmentation + Jina embedding,mixda_hef,link_lives_release2,classification,recall,3,0.9224615384615384,0.0,0.9224615384615384,0.9224615384615384
33,hef_gbdt_mixda_jina,HEF-GBDT + MixDA-style augmentation + Jina embedding,mixda_hef,link_lives_release2,classification,roc_auc,3,0.9825915769135116,0.0,0.9825915769135116,0.9825915769135116
33,hef_gbdt_mixda_jina,HEF-GBDT + MixDA-style augmentation + Jina embedding,mixda_hef,link_lives_release2,ranking,hits_at_1,3,0.6049344159900062,0.0,0.6049344159900062,0.6049344159900062
33,hef_gbdt_mixda_jina,HEF-GBDT + MixDA-style augmentation + Jina embedding,mixda_hef,link_lives_release2,ranking,hits_at_100,3,1.0,0.0,1.0,1.0
33,hef_gbdt_mixda_jina,HEF-GBDT + MixDA-style augmentation + Jina embedding,mixda_hef,link_lives_release2,ranking,hits_at_100_end_to_end,3,0.9852307692307692,0.0,0.9852307692307692,0.9852307692307692
33,hef_gbdt_mixda_jina,HEF-GBDT + MixDA-style augmentation + Jina embedding,mixda_hef,link_lives_release2,ranking,mrr_at_100,3,0.7256077832244902,0.0,0.7256077832244902,0.7256077832244902
33,hef_gbdt_mixda_jina,HEF-GBDT + MixDA-style augmentation + Jina embedding,mixda_hef,link_lives_release2,ranking,ndcg_at_100,3,0.7881412633067914,0.0,0.7881412633067914,0.7881412633067914
33,hef_gbdt_mixda_jina,HEF-GBDT + MixDA-style augmentation + Jina embedding,mixda_hef,walmart_amazon,classification,average_precision,3,0.839922642163584,0.0,0.839922642163584,0.839922642163584
33,hef_gbdt_mixda_jina,HEF-GBDT + MixDA-style augmentation + Jina embedding,mixda_hef,walmart_amazon,classification,f1,3,0.7675070028011205,0.0,0.7675070028011205,0.7675070028011205
33,hef_gbdt_mixda_jina,HEF-GBDT + MixDA-style augmentation + Jina embedding,mixda_hef,walmart_amazon,classification,precision,3,0.8353658536585366,0.0,0.8353658536585366,0.8353658536585366
33,hef_gbdt_mixda_jina,HEF-GBDT + MixDA-style augmentation + Jina embedding,mixda_hef,walmart_amazon,classification,recall,3,0.7098445595854922,0.0,0.7098445595854922,0.7098445595854922
33,hef_gbdt_mixda_jina,HEF-GBDT + MixDA-style augmentation + Jina embedding,mixda_hef,walmart_amazon,classification,roc_auc,3,0.9499871582990888,0.0,0.9499871582990888,0.9499871582990888
33,hef_gbdt_mixda_jina,HEF-GBDT + MixDA-style augmentation + Jina embedding,mixda_hef,walmart_amazon,ranking,hits_at_1,3,0.8091603053435115,0.0,0.8091603053435115,0.8091603053435115
33,hef_gbdt_mixda_jina,HEF-GBDT + MixDA-style augmentation + Jina embedding,mixda_hef,walmart_amazon,ranking,hits_at_100,3,1.0,0.0,1.0,1.0
33,hef_gbdt_mixda_jina,HEF-GBDT + MixDA-style augmentation + Jina embedding,mixda_hef,walmart_amazon,ranking,hits_at_100_end_to_end,3,1.0,0.0,1.0,1.0
33,hef_gbdt_mixda_jina,HEF-GBDT + MixDA-style augmentation + Jina embedding,mixda_hef,walmart_amazon,ranking,mrr_at_100,3,0.853111311653089,0.0,0.853111311653089,0.853111311653089
33,hef_gbdt_mixda_jina,HEF-GBDT + MixDA-style augmentation + Jina embedding,mixda_hef,walmart_amazon,ranking,ndcg_at_100,3,0.8746622889835132,0.0,0.8746622889835132,0.8746622889835132
33,hef_gbdt_mixda_jina,HEF-GBDT + MixDA-style augmentation + Jina embedding,mixda_hef,wdc_80_medium_seen,classification,average_precision,3,0.4215076015768627,0.0,0.4215076015768627,0.4215076015768627
33,hef_gbdt_mixda_jina,HEF-GBDT + MixDA-style augmentation + Jina embedding,mixda_hef,wdc_80_medium_seen,classification,f1,3,0.44129554655870445,0.0,0.44129554655870445,0.44129554655870445
33,hef_gbdt_mixda_jina,HEF-GBDT + MixDA-style augmentation + Jina embedding,mixda_hef,wdc_80_medium_seen,classification,precision,3,0.3329938900203666,0.0,0.3329938900203666,0.3329938900203666
33,hef_gbdt_mixda_jina,HEF-GBDT + MixDA-style augmentation + Jina embedding,mixda_hef,wdc_80_medium_seen,classification,recall,3,0.654,0.0,0.654,0.654
33,hef_gbdt_mixda_jina,HEF-GBDT + MixDA-style augmentation + Jina embedding,mixda_hef,wdc_80_medium_seen,classification,roc_auc,3,0.8552675,0.0,0.8552675,0.8552675
33,hef_gbdt_mixda_jina,HEF-GBDT + MixDA-style augmentation + Jina embedding,mixda_hef,wdc_80_medium_seen,ranking,hits_at_1,3,0.40681362725450904,0.0,0.40681362725450904,0.40681362725450904
33,hef_gbdt_mixda_jina,HEF-GBDT + MixDA-style augmentation + Jina embedding,mixda_hef,wdc_80_medium_seen,ranking,hits_at_100,3,1.0,0.0,1.0,1.0
33,hef_gbdt_mixda_jina,HEF-GBDT + MixDA-style augmentation + Jina embedding,mixda_hef,wdc_80_medium_seen,ranking,hits_at_100_end_to_end,3,0.998,0.0,0.998,0.998
33,hef_gbdt_mixda_jina,HEF-GBDT + MixDA-style augmentation + Jina embedding,mixda_hef,wdc_80_medium_seen,ranking,mrr_at_100,3,0.5679316802921908,0.0,0.5679316802921908,0.5679316802921908
33,hef_gbdt_mixda_jina,HEF-GBDT + MixDA-style augmentation + Jina embedding,mixda_hef,wdc_80_medium_seen,ranking,ndcg_at_100,3,0.6674973858078816,0.0,0.6674973858078816,0.6674973858078816
33,hef_gbdt_mixda_jina,HEF-GBDT + MixDA-style augmentation + Jina embedding,mixda_hef,wdc_80_medium_unseen,classification,average_precision,3,0.4648646387828881,0.0,0.4648646387828881,0.4648646387828881
33,hef_gbdt_mixda_jina,HEF-GBDT + MixDA-style augmentation + Jina embedding,mixda_hef,wdc_80_medium_unseen,classification,f1,3,0.49217002237136465,0.0,0.49217002237136465,0.49217002237136465
33,hef_gbdt_mixda_jina,HEF-GBDT + MixDA-style augmentation + Jina embedding,mixda_hef,wdc_80_medium_unseen,classification,precision,3,0.3923900118906064,0.0,0.3923900118906064,0.3923900118906064
33,hef_gbdt_mixda_jina,HEF-GBDT + MixDA-style augmentation + Jina embedding,mixda_hef,wdc_80_medium_unseen,classification,recall,3,0.66,0.0,0.66,0.66
33,hef_gbdt_mixda_jina,HEF-GBDT + MixDA-style augmentation + Jina embedding,mixda_hef,wdc_80_medium_unseen,classification,roc_auc,3,0.8810325,0.0,0.8810325,0.8810325
33,hef_gbdt_mixda_jina,HEF-GBDT + MixDA-style augmentation + Jina embedding,mixda_hef,wdc_80_medium_unseen,ranking,hits_at_1,3,0.5180722891566265,0.0,0.5180722891566265,0.5180722891566265
33,hef_gbdt_mixda_jina,HEF-GBDT + MixDA-style augmentation + Jina embedding,mixda_hef,wdc_80_medium_unseen,ranking,hits_at_100,3,1.0,0.0,1.0,1.0
33,hef_gbdt_mixda_jina,HEF-GBDT + MixDA-style augmentation + Jina embedding,mixda_hef,wdc_80_medium_unseen,ranking,hits_at_100_end_to_end,3,0.996,0.0,0.996,0.996
33,hef_gbdt_mixda_jina,HEF-GBDT + MixDA-style augmentation + Jina embedding,mixda_hef,wdc_80_medium_unseen,ranking,mrr_at_100,3,0.6628473319455916,0.0,0.6628473319455916,0.6628473319455916
33,hef_gbdt_mixda_jina,HEF-GBDT + MixDA-style augmentation + Jina embedding,mixda_hef,wdc_80_medium_unseen,ranking,ndcg_at_100,3,0.7422336142532503,0.0,0.7422336142532503,0.7422336142532503
34,hef_gbdt_mixda_roberta,HEF-GBDT + MixDA-style augmentation + RoBERTa embedding,mixda_hef,abt_buy,classification,average_precision,3,0.8051713155155429,0.0,0.8051713155155429,0.8051713155155429
34,hef_gbdt_mixda_roberta,HEF-GBDT + MixDA-style augmentation + RoBERTa embedding,mixda_hef,abt_buy,classification,f1,3,0.7255369928400954,0.0,0.7255369928400954,0.7255369928400954
34,hef_gbdt_mixda_roberta,HEF-GBDT + MixDA-style augmentation + RoBERTa embedding,mixda_hef,abt_buy,classification,precision,3,0.7136150234741784,0.0,0.7136150234741784,0.7136150234741784
34,hef_gbdt_mixda_roberta,HEF-GBDT + MixDA-style augmentation + RoBERTa embedding,mixda_hef,abt_buy,classification,recall,3,0.7378640776699029,0.0,0.7378640776699029,0.7378640776699029
34,hef_gbdt_mixda_roberta,HEF-GBDT + MixDA-style augmentation + RoBERTa embedding,mixda_hef,abt_buy,classification,roc_auc,3,0.9568912167149266,0.0,0.9568912167149266,0.9568912167149266
34,hef_gbdt_mixda_roberta,HEF-GBDT + MixDA-style augmentation + RoBERTa embedding,mixda_hef,abt_buy,ranking,hits_at_1,3,0.8831168831168831,0.0,0.8831168831168831,0.8831168831168831
34,hef_gbdt_mixda_roberta,HEF-GBDT + MixDA-style augmentation + RoBERTa embedding,mixda_hef,abt_buy,ranking,hits_at_100,3,1.0,0.0,1.0,1.0
34,hef_gbdt_mixda_roberta,HEF-GBDT + MixDA-style augmentation + RoBERTa embedding,mixda_hef,abt_buy,ranking,hits_at_100_end_to_end,3,1.0,0.0,1.0,1.0
34,hef_gbdt_mixda_roberta,HEF-GBDT + MixDA-style augmentation + RoBERTa embedding,mixda_hef,abt_buy,ranking,mrr_at_100,3,0.9254277468563182,0.0,0.9254277468563182,0.9254277468563182
34,hef_gbdt_mixda_roberta,HEF-GBDT + MixDA-style augmentation + RoBERTa embedding,mixda_hef,abt_buy,ranking,ndcg_at_100,3,0.9430444420917398,0.0,0.9430444420917398,0.9430444420917398
34,hef_gbdt_mixda_roberta,HEF-GBDT + MixDA-style augmentation + RoBERTa embedding,mixda_hef,amazon_google,classification,average_precision,3,0.6412032144521013,0.0,0.6412032144521013,0.6412032144521013
34,hef_gbdt_mixda_roberta,HEF-GBDT + MixDA-style augmentation + RoBERTa embedding,mixda_hef,amazon_google,classification,f1,3,0.5799256505576208,0.0,0.5799256505576208,0.5799256505576208
34,hef_gbdt_mixda_roberta,HEF-GBDT + MixDA-style augmentation + RoBERTa embedding,mixda_hef,amazon_google,classification,precision,3,0.5131578947368421,0.0,0.5131578947368421,0.5131578947368421
34,hef_gbdt_mixda_roberta,HEF-GBDT + MixDA-style augmentation + RoBERTa embedding,mixda_hef,amazon_google,classification,recall,3,0.6666666666666666,0.0,0.6666666666666666,0.6666666666666666
34,hef_gbdt_mixda_roberta,HEF-GBDT + MixDA-style augmentation + RoBERTa embedding,mixda_hef,amazon_google,classification,roc_auc,3,0.9282999796598631,0.0,0.9282999796598631,0.9282999796598631
34,hef_gbdt_mixda_roberta,HEF-GBDT + MixDA-style augmentation + RoBERTa embedding,mixda_hef,amazon_google,ranking,hits_at_1,3,0.7914110429447853,0.0,0.7914110429447853,0.7914110429447853
34,hef_gbdt_mixda_roberta,HEF-GBDT + MixDA-style augmentation + RoBERTa embedding,mixda_hef,amazon_google,ranking,hits_at_100,3,1.0,0.0,1.0,1.0
34,hef_gbdt_mixda_roberta,HEF-GBDT + MixDA-style augmentation + RoBERTa embedding,mixda_hef,amazon_google,ranking,hits_at_100_end_to_end,3,1.0,0.0,1.0,1.0
34,hef_gbdt_mixda_roberta,HEF-GBDT + MixDA-style augmentation + RoBERTa embedding,mixda_hef,amazon_google,ranking,mrr_at_100,3,0.8791905528177277,0.0,0.8791905528177277,0.8791905528177277
34,hef_gbdt_mixda_roberta,HEF-GBDT + MixDA-style augmentation + RoBERTa embedding,mixda_hef,amazon_google,ranking,ndcg_at_100,3,0.9087958951339262,0.0,0.9087958951339262,0.9087958951339262
34,hef_gbdt_mixda_roberta,HEF-GBDT + MixDA-style augmentation + RoBERTa embedding,mixda_hef,link_lives_release2,classification,average_precision,3,0.9320706129138538,0.0,0.9320706129138538,0.9320706129138538
34,hef_gbdt_mixda_roberta,HEF-GBDT + MixDA-style augmentation + RoBERTa embedding,mixda_hef,link_lives_release2,classification,f1,3,0.8375035141973574,0.0,0.8375035141973574,0.8375035141973574
34,hef_gbdt_mixda_roberta,HEF-GBDT + MixDA-style augmentation + RoBERTa embedding,mixda_hef,link_lives_release2,classification,precision,3,0.7709627329192547,0.0,0.7709627329192547,0.7709627329192547
34,hef_gbdt_mixda_roberta,HEF-GBDT + MixDA-style augmentation + RoBERTa embedding,mixda_hef,link_lives_release2,classification,recall,3,0.9166153846153846,0.0,0.9166153846153846,0.9166153846153846
34,hef_gbdt_mixda_roberta,HEF-GBDT + MixDA-style augmentation + RoBERTa embedding,mixda_hef,link_lives_release2,classification,roc_auc,3,0.981291374131961,0.0,0.981291374131961,0.981291374131961
34,hef_gbdt_mixda_roberta,HEF-GBDT + MixDA-style augmentation + RoBERTa embedding,mixda_hef,link_lives_release2,ranking,hits_at_1,3,0.6055590256089943,0.0,0.6055590256089943,0.6055590256089943
34,hef_gbdt_mixda_roberta,HEF-GBDT + MixDA-style augmentation + RoBERTa embedding,mixda_hef,link_lives_release2,ranking,hits_at_100,3,1.0,0.0,1.0,1.0
34,hef_gbdt_mixda_roberta,HEF-GBDT + MixDA-style augmentation + RoBERTa embedding,mixda_hef,link_lives_release2,ranking,hits_at_100_end_to_end,3,0.9852307692307692,0.0,0.9852307692307692,0.9852307692307692
34,hef_gbdt_mixda_roberta,HEF-GBDT + MixDA-style augmentation + RoBERTa embedding,mixda_hef,link_lives_release2,ranking,mrr_at_100,3,0.7259200880339842,0.0,0.7259200880339842,0.7259200880339842
34,hef_gbdt_mixda_roberta,HEF-GBDT + MixDA-style augmentation + RoBERTa embedding,mixda_hef,link_lives_release2,ranking,ndcg_at_100,3,0.7883717881327927,0.0,0.7883717881327927,0.7883717881327927
34,hef_gbdt_mixda_roberta,HEF-GBDT + MixDA-style augmentation + RoBERTa embedding,mixda_hef,walmart_amazon,classification,average_precision,3,0.8431935307151118,0.0,0.8431935307151118,0.8431935307151118
34,hef_gbdt_mixda_roberta,HEF-GBDT + MixDA-style augmentation + RoBERTa embedding,mixda_hef,walmart_amazon,classification,f1,3,0.7917888563049853,0.0,0.7917888563049853,0.7917888563049853
34,hef_gbdt_mixda_roberta,HEF-GBDT + MixDA-style augmentation + RoBERTa embedding,mixda_hef,walmart_amazon,classification,precision,3,0.9121621621621622,0.0,0.9121621621621622,0.9121621621621622
34,hef_gbdt_mixda_roberta,HEF-GBDT + MixDA-style augmentation + RoBERTa embedding,mixda_hef,walmart_amazon,classification,recall,3,0.6994818652849741,0.0,0.6994818652849741,0.6994818652849741
34,hef_gbdt_mixda_roberta,HEF-GBDT + MixDA-style augmentation + RoBERTa embedding,mixda_hef,walmart_amazon,classification,roc_auc,3,0.9465841075576202,0.0,0.9465841075576202,0.9465841075576202
34,hef_gbdt_mixda_roberta,HEF-GBDT + MixDA-style augmentation + RoBERTa embedding,mixda_hef,walmart_amazon,ranking,hits_at_1,3,0.7786259541984732,0.0,0.7786259541984732,0.7786259541984732
34,hef_gbdt_mixda_roberta,HEF-GBDT + MixDA-style augmentation + RoBERTa embedding,mixda_hef,walmart_amazon,ranking,hits_at_100,3,1.0,0.0,1.0,1.0
34,hef_gbdt_mixda_roberta,HEF-GBDT + MixDA-style augmentation + RoBERTa embedding,mixda_hef,walmart_amazon,ranking,hits_at_100_end_to_end,3,1.0,0.0,1.0,1.0
34,hef_gbdt_mixda_roberta,HEF-GBDT + MixDA-style augmentation + RoBERTa embedding,mixda_hef,walmart_amazon,ranking,mrr_at_100,3,0.8414355407103499,0.0,0.8414355407103499,0.8414355407103499
34,hef_gbdt_mixda_roberta,HEF-GBDT + MixDA-style augmentation + RoBERTa embedding,mixda_hef,walmart_amazon,ranking,ndcg_at_100,3,0.869452087939278,0.0,0.869452087939278,0.869452087939278
34,hef_gbdt_mixda_roberta,HEF-GBDT + MixDA-style augmentation + RoBERTa embedding,mixda_hef,wdc_80_medium_seen,classification,average_precision,3,0.46032399479824876,0.0,0.46032399479824876,0.46032399479824876
34,hef_gbdt_mixda_roberta,HEF-GBDT + MixDA-style augmentation + RoBERTa embedding,mixda_hef,wdc_80_medium_seen,classification,f1,3,0.4482084690553746,0.0,0.4482084690553746,0.4482084690553746
34,hef_gbdt_mixda_roberta,HEF-GBDT + MixDA-style augmentation + RoBERTa embedding,mixda_hef,wdc_80_medium_seen,classification,precision,3,0.3323671497584541,0.0,0.3323671497584541,0.3323671497584541
34,hef_gbdt_mixda_roberta,HEF-GBDT + MixDA-style augmentation + RoBERTa embedding,mixda_hef,wdc_80_medium_seen,classification,recall,3,0.688,0.0,0.688,0.688
34,hef_gbdt_mixda_roberta,HEF-GBDT + MixDA-style augmentation + RoBERTa embedding,mixda_hef,wdc_80_medium_seen,classification,roc_auc,3,0.8665714999999999,0.0,0.8665714999999999,0.8665714999999999
34,hef_gbdt_mixda_roberta,HEF-GBDT + MixDA-style augmentation + RoBERTa embedding,mixda_hef,wdc_80_medium_seen,ranking,hits_at_1,3,0.41282565130260523,0.0,0.41282565130260523,0.41282565130260523
34,hef_gbdt_mixda_roberta,HEF-GBDT + MixDA-style augmentation + RoBERTa embedding,mixda_hef,wdc_80_medium_seen,ranking,hits_at_100,3,1.0,0.0,1.0,1.0
34,hef_gbdt_mixda_roberta,HEF-GBDT + MixDA-style augmentation + RoBERTa embedding,mixda_hef,wdc_80_medium_seen,ranking,hits_at_100_end_to_end,3,0.998,0.0,0.998,0.998
34,hef_gbdt_mixda_roberta,HEF-GBDT + MixDA-style augmentation + RoBERTa embedding,mixda_hef,wdc_80_medium_seen,ranking,mrr_at_100,3,0.573874625052259,0.0,0.573874625052259,0.573874625052259
34,hef_gbdt_mixda_roberta,HEF-GBDT + MixDA-style augmentation + RoBERTa embedding,mixda_hef,wdc_80_medium_seen,ranking,ndcg_at_100,3,0.6727295083943405,0.0,0.6727295083943405,0.6727295083943405
34,hef_gbdt_mixda_roberta,HEF-GBDT + MixDA-style augmentation + RoBERTa embedding,mixda_hef,wdc_80_medium_unseen,classification,average_precision,3,0.49385677609350936,0.0,0.49385677609350936,0.49385677609350936
34,hef_gbdt_mixda_roberta,HEF-GBDT + MixDA-style augmentation + RoBERTa embedding,mixda_hef,wdc_80_medium_unseen,classification,f1,3,0.5186267348429511,0.0,0.5186267348429511,0.5186267348429511
34,hef_gbdt_mixda_roberta,HEF-GBDT + MixDA-style augmentation + RoBERTa embedding,mixda_hef,wdc_80_medium_unseen,classification,precision,3,0.4085155350978136,0.0,0.4085155350978136,0.4085155350978136
34,hef_gbdt_mixda_roberta,HEF-GBDT + MixDA-style augmentation + RoBERTa embedding,mixda_hef,wdc_80_medium_unseen,classification,recall,3,0.71,0.0,0.71,0.71
34,hef_gbdt_mixda_roberta,HEF-GBDT + MixDA-style augmentation + RoBERTa embedding,mixda_hef,wdc_80_medium_unseen,classification,roc_auc,3,0.8920637499999999,0.0,0.8920637499999999,0.8920637499999999
34,hef_gbdt_mixda_roberta,HEF-GBDT + MixDA-style augmentation + RoBERTa embedding,mixda_hef,wdc_80_medium_unseen,ranking,hits_at_1,3,0.4959839357429719,0.0,0.4959839357429719,0.4959839357429719
34,hef_gbdt_mixda_roberta,HEF-GBDT + MixDA-style augmentation + RoBERTa embedding,mixda_hef,wdc_80_medium_unseen,ranking,hits_at_100,3,1.0,0.0,1.0,1.0
34,hef_gbdt_mixda_roberta,HEF-GBDT + MixDA-style augmentation + RoBERTa embedding,mixda_hef,wdc_80_medium_unseen,ranking,hits_at_100_end_to_end,3,0.996,0.0,0.996,0.996
34,hef_gbdt_mixda_roberta,HEF-GBDT + MixDA-style augmentation + RoBERTa embedding,mixda_hef,wdc_80_medium_unseen,ranking,mrr_at_100,3,0.6559820784971387,0.0,0.6559820784971387,0.6559820784971387
34,hef_gbdt_mixda_roberta,HEF-GBDT + MixDA-style augmentation + RoBERTa embedding,mixda_hef,wdc_80_medium_unseen,ranking,ndcg_at_100,3,0.7384065288455124,0.0,0.7384065288455124,0.7384065288455124
35,hef_gbdt_mixda_bert,HEF-GBDT + MixDA-style augmentation + BERT embedding,mixda_hef,abt_buy,classification,average_precision,3,0.7778126804791358,0.0,0.7778126804791358,0.7778126804791358
35,hef_gbdt_mixda_bert,HEF-GBDT + MixDA-style augmentation + BERT embedding,mixda_hef,abt_buy,classification,f1,3,0.7105882352941176,0.0,0.7105882352941176,0.7105882352941176
35,hef_gbdt_mixda_bert,HEF-GBDT + MixDA-style augmentation + BERT embedding,mixda_hef,abt_buy,classification,precision,3,0.6894977168949772,0.0,0.6894977168949772,0.6894977168949772
35,hef_gbdt_mixda_bert,HEF-GBDT + MixDA-style augmentation + BERT embedding,mixda_hef,abt_buy,classification,recall,3,0.7330097087378641,0.0,0.7330097087378641,0.7330097087378641
35,hef_gbdt_mixda_bert,HEF-GBDT + MixDA-style augmentation + BERT embedding,mixda_hef,abt_buy,classification,roc_auc,3,0.9504527905524328,0.0,0.9504527905524328,0.9504527905524328
35,hef_gbdt_mixda_bert,HEF-GBDT + MixDA-style augmentation + BERT embedding,mixda_hef,abt_buy,ranking,hits_at_1,3,0.8116883116883117,0.0,0.8116883116883117,0.8116883116883117
35,hef_gbdt_mixda_bert,HEF-GBDT + MixDA-style augmentation + BERT embedding,mixda_hef,abt_buy,ranking,hits_at_100,3,1.0,0.0,1.0,1.0
35,hef_gbdt_mixda_bert,HEF-GBDT + MixDA-style augmentation + BERT embedding,mixda_hef,abt_buy,ranking,hits_at_100_end_to_end,3,1.0,0.0,1.0,1.0
35,hef_gbdt_mixda_bert,HEF-GBDT + MixDA-style augmentation + BERT embedding,mixda_hef,abt_buy,ranking,mrr_at_100,3,0.8639904942467804,0.0,0.8639904942467804,0.8639904942467804
35,hef_gbdt_mixda_bert,HEF-GBDT + MixDA-style augmentation + BERT embedding,mixda_hef,abt_buy,ranking,ndcg_at_100,3,0.8936257318710069,0.0,0.8936257318710069,0.8936257318710069
35,hef_gbdt_mixda_bert,HEF-GBDT + MixDA-style augmentation + BERT embedding,mixda_hef,amazon_google,classification,average_precision,3,0.6223748388942134,0.0,0.6223748388942134,0.6223748388942134
35,hef_gbdt_mixda_bert,HEF-GBDT + MixDA-style augmentation + BERT embedding,mixda_hef,amazon_google,classification,f1,3,0.5628140703517588,0.0,0.5628140703517588,0.5628140703517588
35,hef_gbdt_mixda_bert,HEF-GBDT + MixDA-style augmentation + BERT embedding,mixda_hef,amazon_google,classification,precision,3,0.4628099173553719,0.0,0.4628099173553719,0.4628099173553719
35,hef_gbdt_mixda_bert,HEF-GBDT + MixDA-style augmentation + BERT embedding,mixda_hef,amazon_google,classification,recall,3,0.717948717948718,0.0,0.717948717948718,0.717948717948718
35,hef_gbdt_mixda_bert,HEF-GBDT + MixDA-style augmentation + BERT embedding,mixda_hef,amazon_google,classification,roc_auc,3,0.9187743614649879,0.0,0.9187743614649879,0.9187743614649879
35,hef_gbdt_mixda_bert,HEF-GBDT + MixDA-style augmentation + BERT embedding,mixda_hef,amazon_google,ranking,hits_at_1,3,0.7177914110429447,0.0,0.7177914110429447,0.7177914110429447
35,hef_gbdt_mixda_bert,HEF-GBDT + MixDA-style augmentation + BERT embedding,mixda_hef,amazon_google,ranking,hits_at_100,3,1.0,0.0,1.0,1.0
35,hef_gbdt_mixda_bert,HEF-GBDT + MixDA-style augmentation + BERT embedding,mixda_hef,amazon_google,ranking,hits_at_100_end_to_end,3,1.0,0.0,1.0,1.0
35,hef_gbdt_mixda_bert,HEF-GBDT + MixDA-style augmentation + BERT embedding,mixda_hef,amazon_google,ranking,mrr_at_100,3,0.7885564924684313,0.0,0.7885564924684313,0.7885564924684313
35,hef_gbdt_mixda_bert,HEF-GBDT + MixDA-style augmentation + BERT embedding,mixda_hef,amazon_google,ranking,ndcg_at_100,3,0.8289015018725444,0.0,0.8289015018725444,0.8289015018725444
35,hef_gbdt_mixda_bert,HEF-GBDT + MixDA-style augmentation + BERT embedding,mixda_hef,link_lives_release2,classification,average_precision,3,0.9324020451635452,0.0,0.9324020451635452,0.9324020451635452
35,hef_gbdt_mixda_bert,HEF-GBDT + MixDA-style augmentation + BERT embedding,mixda_hef,link_lives_release2,classification,f1,3,0.8487734487734487,0.0,0.8487734487734487,0.8487734487734487
35,hef_gbdt_mixda_bert,HEF-GBDT + MixDA-style augmentation + BERT embedding,mixda_hef,link_lives_release2,classification,precision,3,0.7991847826086956,0.0,0.7991847826086956,0.7991847826086956
35,hef_gbdt_mixda_bert,HEF-GBDT + MixDA-style augmentation + BERT embedding,mixda_hef,link_lives_release2,classification,recall,3,0.9049230769230769,0.0,0.9049230769230769,0.9049230769230769
35,hef_gbdt_mixda_bert,HEF-GBDT + MixDA-style augmentation + BERT embedding,mixda_hef,link_lives_release2,classification,roc_auc,3,0.9811317410517858,0.0,0.9811317410517858,0.9811317410517858
35,hef_gbdt_mixda_bert,HEF-GBDT + MixDA-style augmentation + BERT embedding,mixda_hef,link_lives_release2,ranking,hits_at_1,3,0.6058713304184884,0.0,0.6058713304184884,0.6058713304184884
35,hef_gbdt_mixda_bert,HEF-GBDT + MixDA-style augmentation + BERT embedding,mixda_hef,link_lives_release2,ranking,hits_at_100,3,1.0,0.0,1.0,1.0
35,hef_gbdt_mixda_bert,HEF-GBDT + MixDA-style augmentation + BERT embedding,mixda_hef,link_lives_release2,ranking,hits_at_100_end_to_end,3,0.9852307692307692,0.0,0.9852307692307692,0.9852307692307692
35,hef_gbdt_mixda_bert,HEF-GBDT + MixDA-style augmentation + BERT embedding,mixda_hef,link_lives_release2,ranking,mrr_at_100,3,0.7262292697953833,0.0,0.7262292697953833,0.7262292697953833
35,hef_gbdt_mixda_bert,HEF-GBDT + MixDA-style augmentation + BERT embedding,mixda_hef,link_lives_release2,ranking,ndcg_at_100,3,0.788637187732036,0.0,0.788637187732036,0.788637187732036
35,hef_gbdt_mixda_bert,HEF-GBDT + MixDA-style augmentation + BERT embedding,mixda_hef,walmart_amazon,classification,average_precision,3,0.8390429440951962,0.0,0.8390429440951962,0.8390429440951962
35,hef_gbdt_mixda_bert,HEF-GBDT + MixDA-style augmentation + BERT embedding,mixda_hef,walmart_amazon,classification,f1,3,0.7719298245614035,0.0,0.7719298245614035,0.7719298245614035
35,hef_gbdt_mixda_bert,HEF-GBDT + MixDA-style augmentation + BERT embedding,mixda_hef,walmart_amazon,classification,precision,3,0.8859060402684564,0.0,0.8859060402684564,0.8859060402684564
35,hef_gbdt_mixda_bert,HEF-GBDT + MixDA-style augmentation + BERT embedding,mixda_hef,walmart_amazon,classification,recall,3,0.6839378238341969,0.0,0.6839378238341969,0.6839378238341969
35,hef_gbdt_mixda_bert,HEF-GBDT + MixDA-style augmentation + BERT embedding,mixda_hef,walmart_amazon,classification,roc_auc,3,0.9522260809362159,0.0,0.9522260809362159,0.9522260809362159
35,hef_gbdt_mixda_bert,HEF-GBDT + MixDA-style augmentation + BERT embedding,mixda_hef,walmart_amazon,ranking,hits_at_1,3,0.7938931297709924,0.0,0.7938931297709924,0.7938931297709924
35,hef_gbdt_mixda_bert,HEF-GBDT + MixDA-style augmentation + BERT embedding,mixda_hef,walmart_amazon,ranking,hits_at_100,3,1.0,0.0,1.0,1.0
35,hef_gbdt_mixda_bert,HEF-GBDT + MixDA-style augmentation + BERT embedding,mixda_hef,walmart_amazon,ranking,hits_at_100_end_to_end,3,1.0,0.0,1.0,1.0
35,hef_gbdt_mixda_bert,HEF-GBDT + MixDA-style augmentation + BERT embedding,mixda_hef,walmart_amazon,ranking,mrr_at_100,3,0.825463831686835,0.0,0.825463831686835,0.825463831686835
35,hef_gbdt_mixda_bert,HEF-GBDT + MixDA-style augmentation + BERT embedding,mixda_hef,walmart_amazon,ranking,ndcg_at_100,3,0.8477082946320756,0.0,0.8477082946320756,0.8477082946320756
35,hef_gbdt_mixda_bert,HEF-GBDT + MixDA-style augmentation + BERT embedding,mixda_hef,wdc_80_medium_seen,classification,average_precision,3,0.4060474376106907,0.0,0.4060474376106907,0.4060474376106907
35,hef_gbdt_mixda_bert,HEF-GBDT + MixDA-style augmentation + BERT embedding,mixda_hef,wdc_80_medium_seen,classification,f1,3,0.44039270687237025,0.0,0.44039270687237025,0.44039270687237025
35,hef_gbdt_mixda_bert,HEF-GBDT + MixDA-style augmentation + BERT embedding,mixda_hef,wdc_80_medium_seen,classification,precision,3,0.3390928725701944,0.0,0.3390928725701944,0.3390928725701944
35,hef_gbdt_mixda_bert,HEF-GBDT + MixDA-style augmentation + BERT embedding,mixda_hef,wdc_80_medium_seen,classification,recall,3,0.628,0.0,0.628,0.628
35,hef_gbdt_mixda_bert,HEF-GBDT + MixDA-style augmentation + BERT embedding,mixda_hef,wdc_80_medium_seen,classification,roc_auc,3,0.8501505000000001,0.0,0.8501505000000001,0.8501505000000001
35,hef_gbdt_mixda_bert,HEF-GBDT + MixDA-style augmentation + BERT embedding,mixda_hef,wdc_80_medium_seen,ranking,hits_at_1,3,0.39879759519038077,0.0,0.39879759519038077,0.39879759519038077
35,hef_gbdt_mixda_bert,HEF-GBDT + MixDA-style augmentation + BERT embedding,mixda_hef,wdc_80_medium_seen,ranking,hits_at_100,3,1.0,0.0,1.0,1.0
35,hef_gbdt_mixda_bert,HEF-GBDT + MixDA-style augmentation + BERT embedding,mixda_hef,wdc_80_medium_seen,ranking,hits_at_100_end_to_end,3,0.998,0.0,0.998,0.998
35,hef_gbdt_mixda_bert,HEF-GBDT + MixDA-style augmentation + BERT embedding,mixda_hef,wdc_80_medium_seen,ranking,mrr_at_100,3,0.5559759539279525,0.0,0.5559759539279525,0.5559759539279525
35,hef_gbdt_mixda_bert,HEF-GBDT + MixDA-style augmentation + BERT embedding,mixda_hef,wdc_80_medium_seen,ranking,ndcg_at_100,3,0.6582303181283942,0.0,0.6582303181283942,0.6582303181283942
35,hef_gbdt_mixda_bert,HEF-GBDT + MixDA-style augmentation + BERT embedding,mixda_hef,wdc_80_medium_unseen,classification,average_precision,3,0.4489882737463975,0.0,0.4489882737463975,0.4489882737463975
35,hef_gbdt_mixda_bert,HEF-GBDT + MixDA-style augmentation + BERT embedding,mixda_hef,wdc_80_medium_unseen,classification,f1,3,0.4868519909842224,0.0,0.4868519909842224,0.4868519909842224
35,hef_gbdt_mixda_bert,HEF-GBDT + MixDA-style augmentation + BERT embedding,mixda_hef,wdc_80_medium_unseen,classification,precision,3,0.3898916967509025,0.0,0.3898916967509025,0.3898916967509025
35,hef_gbdt_mixda_bert,HEF-GBDT + MixDA-style augmentation + BERT embedding,mixda_hef,wdc_80_medium_unseen,classification,recall,3,0.648,0.0,0.648,0.648
35,hef_gbdt_mixda_bert,HEF-GBDT + MixDA-style augmentation + BERT embedding,mixda_hef,wdc_80_medium_unseen,classification,roc_auc,3,0.8736732500000001,0.0,0.8736732500000001,0.8736732500000001
35,hef_gbdt_mixda_bert,HEF-GBDT + MixDA-style augmentation + BERT embedding,mixda_hef,wdc_80_medium_unseen,ranking,hits_at_1,3,0.5,0.0,0.5,0.5
35,hef_gbdt_mixda_bert,HEF-GBDT + MixDA-style augmentation + BERT embedding,mixda_hef,wdc_80_medium_unseen,ranking,hits_at_100,3,1.0,0.0,1.0,1.0
35,hef_gbdt_mixda_bert,HEF-GBDT + MixDA-style augmentation + BERT embedding,mixda_hef,wdc_80_medium_unseen,ranking,hits_at_100_end_to_end,3,0.996,0.0,0.996,0.996
35,hef_gbdt_mixda_bert,HEF-GBDT + MixDA-style augmentation + BERT embedding,mixda_hef,wdc_80_medium_unseen,ranking,mrr_at_100,3,0.6488099576361833,0.0,0.6488099576361833,0.6488099576361833
35,hef_gbdt_mixda_bert,HEF-GBDT + MixDA-style augmentation + BERT embedding,mixda_hef,wdc_80_medium_unseen,ranking,ndcg_at_100,3,0.7318492696893734,0.0,0.7318492696893734,0.7318492696893734
36,hef_e5_jina_zero_shot,HEF-GBDT + E5 + Jina zero-shot,cross_evidence,abt_buy,classification,f1,3,0.7813528634531022,0.009210017779363863,0.7714987714987716,0.7897435897435897
36,hef_e5_jina_zero_shot,HEF-GBDT + E5 + Jina zero-shot,cross_evidence,amazon_google,classification,f1,3,0.6093224497279757,0.0019468574530799704,0.6070763500931099,0.6105263157894737
36,hef_e5_jina_zero_shot,HEF-GBDT + E5 + Jina zero-shot,cross_evidence,link_lives_release2,classification,f1,3,0.8817839873657857,0.0022974999476958633,0.8796068796068796,0.8841854225667014
36,hef_e5_jina_zero_shot,HEF-GBDT + E5 + Jina zero-shot,cross_evidence,walmart_amazon,classification,f1,3,0.8090884839208204,0.008267900277382006,0.8011869436201781,0.8176795580110497
36,hef_e5_jina_zero_shot,HEF-GBDT + E5 + Jina zero-shot,cross_evidence,wdc_80_medium_seen,classification,f1,3,0.5456060235780749,0.013824574998092188,0.5296442687747036,0.5537757437070938
36,hef_e5_jina_zero_shot,HEF-GBDT + E5 + Jina zero-shot,cross_evidence,wdc_80_medium_unseen,classification,f1,3,0.596900492393621,0.016031600490715215,0.5795454545454546,0.6111560226354082
37,hef_e5_tuned_roberta,HEF-GBDT + E5 + fine-tuned RoBERTa (OOF),neural_hef_oof,abt_buy,classification,average_precision,3,0.9557949150780352,0.007699019040492305,0.9481874418182483,0.9635823255320618
37,hef_e5_tuned_roberta,HEF-GBDT + E5 + fine-tuned RoBERTa (OOF),neural_hef_oof,abt_buy,classification,f1,3,0.9038064339794337,0.014917563024638156,0.8899521531100478,0.9195979899497487
37,hef_e5_tuned_roberta,HEF-GBDT + E5 + fine-tuned RoBERTa (OOF),neural_hef_oof,abt_buy,classification,precision,3,0.8999509533118024,0.04622300233944923,0.8693693693693694,0.953125
37,hef_e5_tuned_roberta,HEF-GBDT + E5 + fine-tuned RoBERTa (OOF),neural_hef_oof,abt_buy,classification,recall,3,0.9093851132686085,0.024910686599256708,0.8883495145631068,0.9368932038834952
37,hef_e5_tuned_roberta,HEF-GBDT + E5 + fine-tuned RoBERTa (OOF),neural_hef_oof,abt_buy,classification,roc_auc,3,0.9919302030697023,0.001565921057480688,0.9905708851416568,0.9936424799863736
37,hef_e5_tuned_roberta,HEF-GBDT + E5 + fine-tuned RoBERTa (OOF),neural_hef_oof,abt_buy,ranking,hits_at_1,3,0.9264069264069265,0.04420038497113016,0.8766233766233766,0.961038961038961
37,hef_e5_tuned_roberta,HEF-GBDT + E5 + fine-tuned RoBERTa (OOF),neural_hef_oof,abt_buy,ranking,hits_at_100,3,1.0,0.0,1.0,1.0
37,hef_e5_tuned_roberta,HEF-GBDT + E5 + fine-tuned RoBERTa (OOF),neural_hef_oof,abt_buy,ranking,hits_at_100_end_to_end,3,1.0,0.0,1.0,1.0
37,hef_e5_tuned_roberta,HEF-GBDT + E5 + fine-tuned RoBERTa (OOF),neural_hef_oof,abt_buy,ranking,mrr_at_100,3,0.9592712842712843,0.02362639464911255,0.9325757575757576,0.9774891774891775
37,hef_e5_tuned_roberta,HEF-GBDT + E5 + fine-tuned RoBERTa (OOF),neural_hef_oof,abt_buy,ranking,ndcg_at_100,3,0.9688079670597562,0.01766490235061819,0.9488371249816635,0.9823882281614182
37,hef_e5_tuned_roberta,HEF-GBDT + E5 + fine-tuned RoBERTa (OOF),neural_hef_oof,amazon_google,classification,average_precision,3,0.7554637862847798,0.01151777180609571,0.7421708532514788,0.7624742801443931
37,hef_e5_tuned_roberta,HEF-GBDT + E5 + fine-tuned RoBERTa (OOF),neural_hef_oof,amazon_google,classification,f1,3,0.7260509890460466,0.015493389423601516,0.7128309572301426,0.7430997876857749
37,hef_e5_tuned_roberta,HEF-GBDT + E5 + fine-tuned RoBERTa (OOF),neural_hef_oof,amazon_google,classification,precision,3,0.6978015168955752,0.0353233097001084,0.674074074074074,0.7383966244725738
37,hef_e5_tuned_roberta,HEF-GBDT + E5 + fine-tuned RoBERTa (OOF),neural_hef_oof,amazon_google,classification,recall,3,0.7578347578347578,0.01727116189883496,0.7478632478632479,0.7777777777777778
37,hef_e5_tuned_roberta,HEF-GBDT + E5 + fine-tuned RoBERTa (OOF),neural_hef_oof,amazon_google,classification,roc_auc,3,0.9511255567593596,0.0011650181754673044,0.9504281806370201,0.9524704964238717
37,hef_e5_tuned_roberta,HEF-GBDT + E5 + fine-tuned RoBERTa (OOF),neural_hef_oof,amazon_google,ranking,hits_at_1,3,0.8773006134969326,0.012269938650306733,0.8650306748466258,0.8895705521472392
37,hef_e5_tuned_roberta,HEF-GBDT + E5 + fine-tuned RoBERTa (OOF),neural_hef_oof,amazon_google,ranking,hits_at_100,3,1.0,0.0,1.0,1.0
37,hef_e5_tuned_roberta,HEF-GBDT + E5 + fine-tuned RoBERTa (OOF),neural_hef_oof,amazon_google,ranking,hits_at_100_end_to_end,3,1.0,0.0,1.0,1.0
37,hef_e5_tuned_roberta,HEF-GBDT + E5 + fine-tuned RoBERTa (OOF),neural_hef_oof,amazon_google,ranking,mrr_at_100,3,0.9277641731539241,0.005741689630168734,0.9235685071574642,0.934307710814387
37,hef_e5_tuned_roberta,HEF-GBDT + E5 + fine-tuned RoBERTa (OOF),neural_hef_oof,amazon_google,ranking,ndcg_at_100,3,0.94578058965493,0.004977946086847935,0.9424490380054803,0.9515029058712756
37,hef_e5_tuned_roberta,HEF-GBDT + E5 + fine-tuned RoBERTa (OOF),neural_hef_oof,link_lives_release2,classification,average_precision,3,0.9841755347307874,0.001106467996745092,0.9834926036395042,0.9854521341017397
37,hef_e5_tuned_roberta,HEF-GBDT + E5 + fine-tuned RoBERTa (OOF),neural_hef_oof,link_lives_release2,classification,f1,3,0.9356373744825014,0.006116191277044895,0.9287396937573617,0.9403993394385227
37,hef_e5_tuned_roberta,HEF-GBDT + E5 + fine-tuned RoBERTa (OOF),neural_hef_oof,link_lives_release2,classification,precision,3,0.9091567924943105,0.016196967538312235,0.8904573687182383,0.9188072040153529
37,hef_e5_tuned_roberta,HEF-GBDT + E5 + fine-tuned RoBERTa (OOF),neural_hef_oof,link_lives_release2,classification,recall,3,0.9638974358974359,0.00646398000270307,0.9575384615384616,0.9704615384615385
37,hef_e5_tuned_roberta,HEF-GBDT + E5 + fine-tuned RoBERTa (OOF),neural_hef_oof,link_lives_release2,classification,roc_auc,3,0.9967137910584813,0.00030187557704492937,0.9965223059705774,0.9970617814167926
37,hef_e5_tuned_roberta,HEF-GBDT + E5 + fine-tuned RoBERTa (OOF),neural_hef_oof,link_lives_release2,ranking,hits_at_1,3,0.8961066000416407,0.012633234600431415,0.8863210493441599,0.910368519675203
37,hef_e5_tuned_roberta,HEF-GBDT + E5 + fine-tuned RoBERTa (OOF),neural_hef_oof,link_lives_release2,ranking,hits_at_100,3,1.0,0.0,1.0,1.0
37,hef_e5_tuned_roberta,HEF-GBDT + E5 + fine-tuned RoBERTa (OOF),neural_hef_oof,link_lives_release2,ranking,hits_at_100_end_to_end,3,0.9852307692307692,0.0,0.9852307692307692,0.9852307692307692
37,hef_e5_tuned_roberta,HEF-GBDT + E5 + fine-tuned RoBERTa (OOF),neural_hef_oof,link_lives_release2,ranking,mrr_at_100,3,0.9435857773191098,0.00704593211010584,0.9378067543354864,0.951434858279765
37,hef_e5_tuned_roberta,HEF-GBDT + E5 + fine-tuned RoBERTa (OOF),neural_hef_oof,link_lives_release2,ranking,ndcg_at_100,3,0.958039477380715,0.005254593424803874,0.9537025173997599,0.9638827139145145
37,hef_e5_tuned_roberta,HEF-GBDT + E5 + fine-tuned RoBERTa (OOF),neural_hef_oof,walmart_amazon,classification,average_precision,3,0.9340711302938247,0.0031399358688409787,0.9305398679184675,0.9365486861880028
37,hef_e5_tuned_roberta,HEF-GBDT + E5 + fine-tuned RoBERTa (OOF),neural_hef_oof,walmart_amazon,classification,f1,3,0.8864248546066728,0.0028304335932393433,0.8833333333333333,0.8888888888888888
37,hef_e5_tuned_roberta,HEF-GBDT + E5 + fine-tuned RoBERTa (OOF),neural_hef_oof,walmart_amazon,classification,precision,3,0.9436576045769424,0.010558018400718034,0.9318181818181818,0.9520958083832335
37,hef_e5_tuned_roberta,HEF-GBDT + E5 + fine-tuned RoBERTa (OOF),neural_hef_oof,walmart_amazon,classification,recall,3,0.8359240069084629,0.013039437712039286,0.8238341968911918,0.8497409326424871
37,hef_e5_tuned_roberta,HEF-GBDT + E5 + fine-tuned RoBERTa (OOF),neural_hef_oof,walmart_amazon,classification,roc_auc,3,0.9783747617771426,0.002828021105825098,0.9752197047525459,0.9806816151509737
37,hef_e5_tuned_roberta,HEF-GBDT + E5 + fine-tuned RoBERTa (OOF),neural_hef_oof,walmart_amazon,ranking,hits_at_1,3,0.9440203562340967,0.011660497951541598,0.9312977099236641,0.9541984732824428
37,hef_e5_tuned_roberta,HEF-GBDT + E5 + fine-tuned RoBERTa (OOF),neural_hef_oof,walmart_amazon,ranking,hits_at_100,3,1.0,0.0,1.0,1.0
37,hef_e5_tuned_roberta,HEF-GBDT + E5 + fine-tuned RoBERTa (OOF),neural_hef_oof,walmart_amazon,ranking,hits_at_100_end_to_end,3,1.0,0.0,1.0,1.0
37,hef_e5_tuned_roberta,HEF-GBDT + E5 + fine-tuned RoBERTa (OOF),neural_hef_oof,walmart_amazon,ranking,mrr_at_100,3,0.9665424694050648,0.007568716222368234,0.9591057797164667,0.9742366412213741
37,hef_e5_tuned_roberta,HEF-GBDT + E5 + fine-tuned RoBERTa (OOF),neural_hef_oof,walmart_amazon,ranking,ndcg_at_100,3,0.9723547896985716,0.0052667152712715425,0.9674371577324977,0.9779121475376
37,hef_e5_tuned_roberta,HEF-GBDT + E5 + fine-tuned RoBERTa (OOF),neural_hef_oof,wdc_80_medium_seen,classification,average_precision,3,0.7870814930090172,0.014642807175813214,0.7723290499104194,0.8016121445813873
37,hef_e5_tuned_roberta,HEF-GBDT + E5 + fine-tuned RoBERTa (OOF),neural_hef_oof,wdc_80_medium_seen,classification,f1,3,0.7318769335541572,0.007394494986428573,0.7251687560270009,0.7398058252427184
37,hef_e5_tuned_roberta,HEF-GBDT + E5 + fine-tuned RoBERTa (OOF),neural_hef_oof,wdc_80_medium_seen,classification,precision,3,0.7116616821263062,0.010045954554759016,0.7001862197392924,0.7188679245283018
37,hef_e5_tuned_roberta,HEF-GBDT + E5 + fine-tuned RoBERTa (OOF),neural_hef_oof,wdc_80_medium_seen,classification,recall,3,0.7533333333333333,0.008082903768654767,0.746,0.762
37,hef_e5_tuned_roberta,HEF-GBDT + E5 + fine-tuned RoBERTa (OOF),neural_hef_oof,wdc_80_medium_seen,classification,roc_auc,3,0.9531350833333333,0.003921060366257159,0.94871,0.9561774999999999
37,hef_e5_tuned_roberta,HEF-GBDT + E5 + fine-tuned RoBERTa (OOF),neural_hef_oof,wdc_80_medium_seen,ranking,hits_at_1,3,0.772879091516366,0.011395271950054775,0.7635270541082164,0.7855711422845691
37,hef_e5_tuned_roberta,HEF-GBDT + E5 + fine-tuned RoBERTa (OOF),neural_hef_oof,wdc_80_medium_seen,ranking,hits_at_100,3,1.0,0.0,1.0,1.0
37,hef_e5_tuned_roberta,HEF-GBDT + E5 + fine-tuned RoBERTa (OOF),neural_hef_oof,wdc_80_medium_seen,ranking,hits_at_100_end_to_end,3,0.998,0.0,0.998,0.998
37,hef_e5_tuned_roberta,HEF-GBDT + E5 + fine-tuned RoBERTa (OOF),neural_hef_oof,wdc_80_medium_seen,ranking,mrr_at_100,3,0.8399878922619596,0.00777180670163107,0.8334560633045085,0.8485831957544906
37,hef_e5_tuned_roberta,HEF-GBDT + E5 + fine-tuned RoBERTa (OOF),neural_hef_oof,wdc_80_medium_seen,ranking,ndcg_at_100,3,0.8775219858211343,0.006062128419583169,0.872166926543228,0.8841036038393509
37,hef_e5_tuned_roberta,HEF-GBDT + E5 + fine-tuned RoBERTa (OOF),neural_hef_oof,wdc_80_medium_unseen,classification,average_precision,3,0.753513281357071,0.012972572183920662,0.7407474434015705,0.7666831484735254
37,hef_e5_tuned_roberta,HEF-GBDT + E5 + fine-tuned RoBERTa (OOF),neural_hef_oof,wdc_80_medium_unseen,classification,f1,3,0.7192876846602921,0.01622549337847275,0.7007434944237918,0.7308730873087309
37,hef_e5_tuned_roberta,HEF-GBDT + E5 + fine-tuned RoBERTa (OOF),neural_hef_oof,wdc_80_medium_unseen,classification,precision,3,0.66820370974657,0.015879548215319454,0.6545138888888888,0.6856127886323268
37,hef_e5_tuned_roberta,HEF-GBDT + E5 + fine-tuned RoBERTa (OOF),neural_hef_oof,wdc_80_medium_unseen,classification,recall,3,0.7793333333333333,0.029687258770949784,0.754,0.812
37,hef_e5_tuned_roberta,HEF-GBDT + E5 + fine-tuned RoBERTa (OOF),neural_hef_oof,wdc_80_medium_unseen,classification,roc_auc,3,0.9553913333333334,0.0028411968905433594,0.95327825,0.95862125
37,hef_e5_tuned_roberta,HEF-GBDT + E5 + fine-tuned RoBERTa (OOF),neural_hef_oof,wdc_80_medium_unseen,ranking,hits_at_1,3,0.784471218206158,0.020313240837340717,0.7610441767068273,0.7971887550200804
37,hef_e5_tuned_roberta,HEF-GBDT + E5 + fine-tuned RoBERTa (OOF),neural_hef_oof,wdc_80_medium_unseen,ranking,hits_at_100,3,1.0,0.0,1.0,1.0
37,hef_e5_tuned_roberta,HEF-GBDT + E5 + fine-tuned RoBERTa (OOF),neural_hef_oof,wdc_80_medium_unseen,ranking,hits_at_100_end_to_end,3,0.996,0.0,0.996,0.996
37,hef_e5_tuned_roberta,HEF-GBDT + E5 + fine-tuned RoBERTa (OOF),neural_hef_oof,wdc_80_medium_unseen,ranking,mrr_at_100,3,0.8597195420358661,0.008981812076855722,0.8494142738118642,0.8658841214564106
37,hef_e5_tuned_roberta,HEF-GBDT + E5 + fine-tuned RoBERTa (OOF),neural_hef_oof,wdc_80_medium_unseen,ranking,ndcg_at_100,3,0.893742671206105,0.006323738905063038,0.8864903075939954,0.8981051208083585
38,hef_e5_official_ditto,HEF-GBDT + E5 + Official Ditto,cross_evidence,abt_buy,classification,average_precision,3,0.9530144367868706,0.006217981104789022,0.9458387377059571,0.956815115001724
38,hef_e5_official_ditto,HEF-GBDT + E5 + Official Ditto,cross_evidence,abt_buy,classification,f1,3,0.8886010287365848,0.008695166463905208,0.8809523809523809,0.8980582524271845
38,hef_e5_official_ditto,HEF-GBDT + E5 + Official Ditto,cross_evidence,abt_buy,classification,precision,3,0.8749765182788377,0.020016943617796767,0.8623853211009175,0.8980582524271845
38,hef_e5_official_ditto,HEF-GBDT + E5 + Official Ditto,cross_evidence,abt_buy,classification,recall,3,0.9029126213592233,0.00840801362897513,0.8980582524271845,0.912621359223301
38,hef_e5_official_ditto,HEF-GBDT + E5 + Official Ditto,cross_evidence,abt_buy,classification,roc_auc,3,0.9899591211037302,0.001575668023647975,0.9883154488162152,0.9914565945608358
38,hef_e5_official_ditto,HEF-GBDT + E5 + Official Ditto,cross_evidence,abt_buy,ranking,hits_at_1,3,0.9437229437229437,0.009918995010726954,0.935064935064935,0.9545454545454546
38,hef_e5_official_ditto,HEF-GBDT + E5 + Official Ditto,cross_evidence,abt_buy,ranking,hits_at_100,3,1.0,0.0,1.0,1.0
38,hef_e5_official_ditto,HEF-GBDT + E5 + Official Ditto,cross_evidence,abt_buy,ranking,hits_at_100_end_to_end,3,1.0,0.0,1.0,1.0
38,hef_e5_official_ditto,HEF-GBDT + E5 + Official Ditto,cross_evidence,abt_buy,ranking,mrr_at_100,3,0.9630326372973431,0.005108143083986904,0.9584415584415584,0.9685351413292588
38,hef_e5_official_ditto,HEF-GBDT + E5 + Official Ditto,cross_evidence,abt_buy,ranking,ndcg_at_100,3,0.9712961752325395,0.004073161479233245,0.9678566510263419,0.9757940480897561
38,hef_e5_official_ditto,HEF-GBDT + E5 + Official Ditto,cross_evidence,amazon_google,classification,average_precision,3,0.6735321038411985,0.0693478904409638,0.5934992508497299,0.7158259719160729
38,hef_e5_official_ditto,HEF-GBDT + E5 + Official Ditto,cross_evidence,amazon_google,classification,f1,3,0.6430276814391,0.057943966671710964,0.5761316872427984,0.677570093457944
38,hef_e5_official_ditto,HEF-GBDT + E5 + Official Ditto,cross_evidence,amazon_google,classification,precision,3,0.6639557082856052,0.09833359558895517,0.5555555555555556,0.7474226804123711
38,hef_e5_official_ditto,HEF-GBDT + E5 + Official Ditto,cross_evidence,amazon_google,classification,recall,3,0.6267806267806267,0.03263942802675099,0.5982905982905983,0.6623931623931624
38,hef_e5_official_ditto,HEF-GBDT + E5 + Official Ditto,cross_evidence,amazon_google,classification,roc_auc,3,0.9230900680633561,0.027835937031082194,0.8909955459251235,0.9406524617792223
38,hef_e5_official_ditto,HEF-GBDT + E5 + Official Ditto,cross_evidence,amazon_google,ranking,hits_at_1,3,0.8302658486707567,0.06021444525290573,0.7607361963190185,0.8650306748466258
38,hef_e5_official_ditto,HEF-GBDT + E5 + Official Ditto,cross_evidence,amazon_google,ranking,hits_at_100,3,1.0,0.0,1.0,1.0
38,hef_e5_official_ditto,HEF-GBDT + E5 + Official Ditto,cross_evidence,amazon_google,ranking,hits_at_100_end_to_end,3,1.0,0.0,1.0,1.0
38,hef_e5_official_ditto,HEF-GBDT + E5 + Official Ditto,cross_evidence,amazon_google,ranking,mrr_at_100,3,0.8865514047462025,0.051509511026891955,0.8270804485360074,0.9170829681565877
38,hef_e5_official_ditto,HEF-GBDT + E5 + Official Ditto,cross_evidence,amazon_google,ranking,ndcg_at_100,3,0.9120630039981643,0.04072456990116329,0.8650500810403715,0.936480179404821
38,hef_e5_official_ditto,HEF-GBDT + E5 + Official Ditto,cross_evidence,link_lives_release2,classification,average_precision,3,0.9830721709259053,0.0017556929969347469,0.9813521895942627,0.9848615194687506
38,hef_e5_official_ditto,HEF-GBDT + E5 + Official Ditto,cross_evidence,link_lives_release2,classification,f1,3,0.9434602954540373,0.0013600065316157648,0.942035600182565,0.9447447447447448
38,hef_e5_official_ditto,HEF-GBDT + E5 + Official Ditto,cross_evidence,link_lives_release2,classification,precision,3,0.9257291280426639,0.005163500846813216,0.9225806451612903,0.9316882335239242
38,hef_e5_official_ditto,HEF-GBDT + E5 + Official Ditto,cross_evidence,link_lives_release2,classification,recall,3,0.961948717948718,0.008200639798006403,0.9526153846153846,0.968
38,hef_e5_official_ditto,HEF-GBDT + E5 + Official Ditto,cross_evidence,link_lives_release2,classification,roc_auc,3,0.9963073607152194,0.0008144827728353873,0.9954418820423545,0.9970588353452069
38,hef_e5_official_ditto,HEF-GBDT + E5 + Official Ditto,cross_evidence,link_lives_release2,ranking,hits_at_1,3,0.33135540287320425,0.2971752164504154,0.01155527795128045,0.599000624609619
38,hef_e5_official_ditto,HEF-GBDT + E5 + Official Ditto,cross_evidence,link_lives_release2,ranking,hits_at_100,3,1.0,0.0,1.0,1.0
38,hef_e5_official_ditto,HEF-GBDT + E5 + Official Ditto,cross_evidence,link_lives_release2,ranking,hits_at_100_end_to_end,3,0.9852307692307692,0.0,0.9852307692307692,0.9852307692307692
38,hef_e5_official_ditto,HEF-GBDT + E5 + Official Ditto,cross_evidence,link_lives_release2,ranking,mrr_at_100,3,0.4248981084820088,0.3486529446377044,0.03150907857664229,0.6957052348252522
38,hef_e5_official_ditto,HEF-GBDT + E5 + Official Ditto,cross_evidence,link_lives_release2,ranking,ndcg_at_100,3,0.5278510927604656,0.311138467953091,0.1742773835144099,0.7598318812683499
38,hef_e5_official_ditto,HEF-GBDT + E5 + Official Ditto,cross_evidence,walmart_amazon,classification,average_precision,3,0.9121712995374768,0.01070029708480772,0.905463291199945,0.9245113109291893
38,hef_e5_official_ditto,HEF-GBDT + E5 + Official Ditto,cross_evidence,walmart_amazon,classification,f1,3,0.8586654328514616,0.017325268855243353,0.8446866485013624,0.8780487804878049
38,hef_e5_official_ditto,HEF-GBDT + E5 + Official Ditto,cross_evidence,walmart_amazon,classification,precision,3,0.902800666766184,0.015613710569404566,0.8908045977011494,0.9204545454545454
38,hef_e5_official_ditto,HEF-GBDT + E5 + Official Ditto,cross_evidence,walmart_amazon,classification,recall,3,0.8186528497409327,0.01868161282623829,0.8031088082901554,0.8393782383419689
38,hef_e5_official_ditto,HEF-GBDT + E5 + Official Ditto,cross_evidence,walmart_amazon,classification,roc_auc,3,0.9707688456613662,0.002285704950601392,0.9685420202787207,0.9731091991245309
38,hef_e5_official_ditto,HEF-GBDT + E5 + Official Ditto,cross_evidence,walmart_amazon,ranking,hits_at_1,3,0.9338422391857506,0.01589058014859646,0.916030534351145,0.9465648854961832
38,hef_e5_official_ditto,HEF-GBDT + E5 + Official Ditto,cross_evidence,walmart_amazon,ranking,hits_at_100,3,1.0,0.0,1.0,1.0
38,hef_e5_official_ditto,HEF-GBDT + E5 + Official Ditto,cross_evidence,walmart_amazon,ranking,hits_at_100_end_to_end,3,1.0,0.0,1.0,1.0
38,hef_e5_official_ditto,HEF-GBDT + E5 + Official Ditto,cross_evidence,walmart_amazon,ranking,mrr_at_100,3,0.9477258480915928,0.016971065021631815,0.9282272984170229,0.9591698112216629
38,hef_e5_official_ditto,HEF-GBDT + E5 + Official Ditto,cross_evidence,walmart_amazon,ranking,ndcg_at_100,3,0.9523944800365118,0.014781083961056117,0.9353297833125394,0.9612052836963855
38,hef_e5_official_ditto,HEF-GBDT + E5 + Official Ditto,cross_evidence,wdc_80_medium_seen,classification,average_precision,3,0.7922078730290346,0.01260197485778588,0.7791379917425983,0.8042829781720772
38,hef_e5_official_ditto,HEF-GBDT + E5 + Official Ditto,cross_evidence,wdc_80_medium_seen,classification,f1,3,0.7277520288026451,0.00770245486352903,0.7188755020080321,0.7326732673267327
38,hef_e5_official_ditto,HEF-GBDT + E5 + Official Ditto,cross_evidence,wdc_80_medium_seen,classification,precision,3,0.7121034420075261,0.02005464017324422,0.6890459363957597,0.7254901960784313
38,hef_e5_official_ditto,HEF-GBDT + E5 + Official Ditto,cross_evidence,wdc_80_medium_seen,classification,recall,3,0.7453333333333333,0.03233161507461907,0.716,0.78
38,hef_e5_official_ditto,HEF-GBDT + E5 + Official Ditto,cross_evidence,wdc_80_medium_seen,classification,roc_auc,3,0.951013,0.003803033912220611,0.9474265,0.95500075
38,hef_e5_official_ditto,HEF-GBDT + E5 + Official Ditto,cross_evidence,wdc_80_medium_seen,ranking,hits_at_1,3,0.7454909819639278,0.002004008016032066,0.7434869739478958,0.7474949899799599
38,hef_e5_official_ditto,HEF-GBDT + E5 + Official Ditto,cross_evidence,wdc_80_medium_seen,ranking,hits_at_100,3,1.0,0.0,1.0,1.0
38,hef_e5_official_ditto,HEF-GBDT + E5 + Official Ditto,cross_evidence,wdc_80_medium_seen,ranking,hits_at_100_end_to_end,3,0.998,0.0,0.998,0.998
38,hef_e5_official_ditto,HEF-GBDT + E5 + Official Ditto,cross_evidence,wdc_80_medium_seen,ranking,mrr_at_100,3,0.820028628598197,0.007169556966189615,0.8126116679203114,0.8269220842617635
38,hef_e5_official_ditto,HEF-GBDT + E5 + Official Ditto,cross_evidence,wdc_80_medium_seen,ranking,ndcg_at_100,3,0.8616686975491986,0.006647200151059065,0.8546157746565578,0.8678176537716982
38,hef_e5_official_ditto,HEF-GBDT + E5 + Official Ditto,cross_evidence,wdc_80_medium_unseen,classification,average_precision,3,0.7465048393001058,0.02599465676590926,0.7164986841945246,0.7621751291221812
38,hef_e5_official_ditto,HEF-GBDT + E5 + Official Ditto,cross_evidence,wdc_80_medium_unseen,classification,f1,3,0.7063013304566703,0.014827419849563872,0.6897777777777778,0.7184466019417476
38,hef_e5_official_ditto,HEF-GBDT + E5 + Official Ditto,cross_evidence,wdc_80_medium_unseen,classification,precision,3,0.6698264150943396,0.04262548505051988,0.6208,0.6981132075471698
38,hef_e5_official_ditto,HEF-GBDT + E5 + Official Ditto,cross_evidence,wdc_80_medium_unseen,classification,recall,3,0.7493333333333333,0.02343786110832928,0.732,0.776
38,hef_e5_official_ditto,HEF-GBDT + E5 + Official Ditto,cross_evidence,wdc_80_medium_unseen,classification,roc_auc,3,0.94798375,0.005336988570345659,0.94411675,0.95407275
38,hef_e5_official_ditto,HEF-GBDT + E5 + Official Ditto,cross_evidence,wdc_80_medium_unseen,ranking,hits_at_1,3,0.750334672021419,0.03385981223545312,0.7269076305220884,0.7891566265060241
38,hef_e5_official_ditto,HEF-GBDT + E5 + Official Ditto,cross_evidence,wdc_80_medium_unseen,ranking,hits_at_100,3,1.0,0.0,1.0,1.0
38,hef_e5_official_ditto,HEF-GBDT + E5 + Official Ditto,cross_evidence,wdc_80_medium_unseen,ranking,hits_at_100_end_to_end,3,0.996,0.0,0.996,0.996
38,hef_e5_official_ditto,HEF-GBDT + E5 + Official Ditto,cross_evidence,wdc_80_medium_unseen,ranking,mrr_at_100,3,0.8271852195388264,0.0285539052659294,0.8013070614127613,0.8578179755780403
38,hef_e5_official_ditto,HEF-GBDT + E5 + Official Ditto,cross_evidence,wdc_80_medium_unseen,ranking,ndcg_at_100,3,0.8677518370342118,0.022746067044376872,0.8464727246370578,0.891724926060935
39,hef_e5_official_ditto_mixda,HEF-GBDT + E5 + Official Ditto + MixDA,cross_evidence,abt_buy,classification,average_precision,3,0.9611073828817196,0.008535065253888799,0.9518502109093454,0.9686644350523721
39,hef_e5_official_ditto_mixda,HEF-GBDT + E5 + Official Ditto + MixDA,cross_evidence,abt_buy,classification,f1,3,0.8950072974173489,0.011135134147762791,0.8872549019607843,0.9077669902912622
39,hef_e5_official_ditto_mixda,HEF-GBDT + E5 + Official Ditto + MixDA,cross_evidence,abt_buy,classification,precision,3,0.9071107891491782,0.010758104714961558,0.8960396039603961,0.9175257731958762
39,hef_e5_official_ditto_mixda,HEF-GBDT + E5 + Official Ditto + MixDA,cross_evidence,abt_buy,classification,recall,3,0.883495145631068,0.02224551308230994,0.8640776699029126,0.9077669902912622
39,hef_e5_official_ditto_mixda,HEF-GBDT + E5 + Official Ditto + MixDA,cross_evidence,abt_buy,classification,roc_auc,3,0.9923536592289787,0.002370413320857459,0.9902359052972237,0.9949142678703231
39,hef_e5_official_ditto_mixda,HEF-GBDT + E5 + Official Ditto + MixDA,cross_evidence,abt_buy,ranking,hits_at_1,3,0.9523809523809524,0.013517311684845032,0.9415584415584416,0.9675324675324676
39,hef_e5_official_ditto_mixda,HEF-GBDT + E5 + Official Ditto + MixDA,cross_evidence,abt_buy,ranking,hits_at_100,3,1.0,0.0,1.0,1.0
39,hef_e5_official_ditto_mixda,HEF-GBDT + E5 + Official Ditto + MixDA,cross_evidence,abt_buy,ranking,hits_at_100_end_to_end,3,1.0,0.0,1.0,1.0
39,hef_e5_official_ditto_mixda,HEF-GBDT + E5 + Official Ditto + MixDA,cross_evidence,abt_buy,ranking,mrr_at_100,3,0.9704760967747981,0.007728198832441539,0.9638064316635745,0.9789452971271153
39,hef_e5_official_ditto_mixda,HEF-GBDT + E5 + Official Ditto + MixDA,cross_evidence,abt_buy,ranking,ndcg_at_100,3,0.977356446792363,0.006274713931647779,0.9715781886808604,0.9840311847584028
39,hef_e5_official_ditto_mixda,HEF-GBDT + E5 + Official Ditto + MixDA,cross_evidence,amazon_google,classification,average_precision,3,0.7554754770235712,0.021620645264908346,0.7315841909420527,0.773694646879391
39,hef_e5_official_ditto_mixda,HEF-GBDT + E5 + Official Ditto + MixDA,cross_evidence,amazon_google,classification,f1,3,0.7160123972444903,0.017423146770002274,0.700990099009901,0.7351129363449692
39,hef_e5_official_ditto_mixda,HEF-GBDT + E5 + Official Ditto + MixDA,cross_evidence,amazon_google,classification,precision,3,0.6823847830987251,0.027420167662667604,0.6531365313653137,0.7075098814229249
39,hef_e5_official_ditto_mixda,HEF-GBDT + E5 + Official Ditto + MixDA,cross_evidence,amazon_google,classification,recall,3,0.7535612535612536,0.013055771210700352,0.7393162393162394,0.7649572649572649
39,hef_e5_official_ditto_mixda,HEF-GBDT + E5 + Official Ditto + MixDA,cross_evidence,amazon_google,classification,roc_auc,3,0.9550621342753446,0.0036110364999481894,0.9517751958257058,0.9589274521280351
39,hef_e5_official_ditto_mixda,HEF-GBDT + E5 + Official Ditto + MixDA,cross_evidence,amazon_google,ranking,hits_at_1,3,0.8670756646216768,0.030878668446915173,0.8343558282208589,0.8957055214723927
39,hef_e5_official_ditto_mixda,HEF-GBDT + E5 + Official Ditto + MixDA,cross_evidence,amazon_google,ranking,hits_at_100,3,1.0,0.0,1.0,1.0
39,hef_e5_official_ditto_mixda,HEF-GBDT + E5 + Official Ditto + MixDA,cross_evidence,amazon_google,ranking,hits_at_100_end_to_end,3,1.0,0.0,1.0,1.0
39,hef_e5_official_ditto_mixda,HEF-GBDT + E5 + Official Ditto + MixDA,cross_evidence,amazon_google,ranking,mrr_at_100,3,0.9209064216066083,0.020431942071912217,0.8989896776706593,0.9394282919889747
39,hef_e5_official_ditto_mixda,HEF-GBDT + E5 + Official Ditto + MixDA,cross_evidence,amazon_google,ranking,ndcg_at_100,3,0.9402220340397992,0.015515271934744425,0.9235987738290189,0.9543193428592716
39,hef_e5_official_ditto_mixda,HEF-GBDT + E5 + Official Ditto + MixDA,cross_evidence,link_lives_release2,classification,average_precision,3,0.983229987286879,0.002631427820053895,0.9811005769814503,0.9861718235446322
39,hef_e5_official_ditto_mixda,HEF-GBDT + E5 + Official Ditto + MixDA,cross_evidence,link_lives_release2,classification,f1,3,0.9433602794151928,0.00027327596271237587,0.9430455635491607,0.9435375168488842
39,hef_e5_official_ditto_mixda,HEF-GBDT + E5 + Official Ditto + MixDA,cross_evidence,link_lives_release2,classification,precision,3,0.9186528531148869,0.0010523579688786595,0.9174418604651163,0.9193454120397428
39,hef_e5_official_ditto_mixda,HEF-GBDT + E5 + Official Ditto + MixDA,cross_evidence,link_lives_release2,classification,recall,3,0.9694358974358974,0.0015486839867222093,0.968,0.9710769230769231
39,hef_e5_official_ditto_mixda,HEF-GBDT + E5 + Official Ditto + MixDA,cross_evidence,link_lives_release2,classification,roc_auc,3,0.9965935505264031,0.0005313997682985657,0.9961352419030857,0.9971760469075814
39,hef_e5_official_ditto_mixda,HEF-GBDT + E5 + Official Ditto + MixDA,cross_evidence,link_lives_release2,ranking,hits_at_1,3,0.12034145325838018,0.13356475044546773,0.009369144284821987,0.26858213616489696
39,hef_e5_official_ditto_mixda,HEF-GBDT + E5 + Official Ditto + MixDA,cross_evidence,link_lives_release2,ranking,hits_at_100,3,1.0,0.0,1.0,1.0
39,hef_e5_official_ditto_mixda,HEF-GBDT + E5 + Official Ditto + MixDA,cross_evidence,link_lives_release2,ranking,hits_at_100_end_to_end,3,0.9852307692307692,0.0,0.9852307692307692,0.9852307692307692
39,hef_e5_official_ditto_mixda,HEF-GBDT + E5 + Official Ditto + MixDA,cross_evidence,link_lives_release2,ranking,mrr_at_100,3,0.16596007990851658,0.1661507528753273,0.023670274940558542,0.34855578424099476
39,hef_e5_official_ditto_mixda,HEF-GBDT + E5 + Official Ditto + MixDA,cross_evidence,link_lives_release2,ranking,ndcg_at_100,3,0.29900505238386366,0.15793218077914167,0.16418853781769913,0.4727662798926469
39,hef_e5_official_ditto_mixda,HEF-GBDT + E5 + Official Ditto + MixDA,cross_evidence,walmart_amazon,classification,average_precision,3,0.9257053457762833,0.00772413915180804,0.9194614643093525,0.9343429717624333
39,hef_e5_official_ditto_mixda,HEF-GBDT + E5 + Official Ditto + MixDA,cross_evidence,walmart_amazon,classification,f1,3,0.8768536160384557,0.007472351403645231,0.8712328767123287,0.8853333333333333
39,hef_e5_official_ditto_mixda,HEF-GBDT + E5 + Official Ditto + MixDA,cross_evidence,walmart_amazon,classification,precision,3,0.9140206907648768,0.00957890287853568,0.9055555555555556,0.9244186046511628
39,hef_e5_official_ditto_mixda,HEF-GBDT + E5 + Official Ditto + MixDA,cross_evidence,walmart_amazon,classification,recall,3,0.842832469775475,0.018196293182819883,0.8238341968911918,0.8601036269430051
39,hef_e5_official_ditto_mixda,HEF-GBDT + E5 + Official Ditto + MixDA,cross_evidence,walmart_amazon,classification,roc_auc,3,0.9751913227324162,0.005669981754420716,0.9710894229051277,0.9816614927639807
39,hef_e5_official_ditto_mixda,HEF-GBDT + E5 + Official Ditto + MixDA,cross_evidence,walmart_amazon,ranking,hits_at_1,3,0.926208651399491,0.008814507926559186,0.916030534351145,0.9312977099236641
39,hef_e5_official_ditto_mixda,HEF-GBDT + E5 + Official Ditto + MixDA,cross_evidence,walmart_amazon,ranking,hits_at_100,3,1.0,0.0,1.0,1.0
39,hef_e5_official_ditto_mixda,HEF-GBDT + E5 + Official Ditto + MixDA,cross_evidence,walmart_amazon,ranking,hits_at_100_end_to_end,3,1.0,0.0,1.0,1.0
39,hef_e5_official_ditto_mixda,HEF-GBDT + E5 + Official Ditto + MixDA,cross_evidence,walmart_amazon,ranking,mrr_at_100,3,0.9454193502496611,0.006939848884191404,0.9377485453678769,0.9512623798682457
39,hef_e5_official_ditto_mixda,HEF-GBDT + E5 + Official Ditto + MixDA,cross_evidence,walmart_amazon,ranking,ndcg_at_100,3,0.9515301995599331,0.007201896627935142,0.9442871857405489,0.9586902624107714
39,hef_e5_official_ditto_mixda,HEF-GBDT + E5 + Official Ditto + MixDA,cross_evidence,wdc_80_medium_seen,classification,average_precision,3,0.8161040257483401,0.015804056829107817,0.8047775557048796,0.8341588514477684
39,hef_e5_official_ditto_mixda,HEF-GBDT + E5 + Official Ditto + MixDA,cross_evidence,wdc_80_medium_seen,classification,f1,3,0.7439648015881638,0.007706518689079666,0.7381642512077294,0.7527093596059113
39,hef_e5_official_ditto_mixda,HEF-GBDT + E5 + Official Ditto + MixDA,cross_evidence,wdc_80_medium_seen,classification,precision,3,0.7194250749925986,0.020170248109589634,0.7025089605734767,0.7417475728155339
39,hef_e5_official_ditto_mixda,HEF-GBDT + E5 + Official Ditto + MixDA,cross_evidence,wdc_80_medium_seen,classification,recall,3,0.7706666666666667,0.011547005383792526,0.764,0.784
39,hef_e5_official_ditto_mixda,HEF-GBDT + E5 + Official Ditto + MixDA,cross_evidence,wdc_80_medium_seen,classification,roc_auc,3,0.9642501666666666,0.002162722377776077,0.9618869999999999,0.966131
39,hef_e5_official_ditto_mixda,HEF-GBDT + E5 + Official Ditto + MixDA,cross_evidence,wdc_80_medium_seen,ranking,hits_at_1,3,0.7822311289245157,0.011037215525623463,0.7715430861723447,0.7935871743486974
39,hef_e5_official_ditto_mixda,HEF-GBDT + E5 + Official Ditto + MixDA,cross_evidence,wdc_80_medium_seen,ranking,hits_at_100,3,1.0,0.0,1.0,1.0
39,hef_e5_official_ditto_mixda,HEF-GBDT + E5 + Official Ditto + MixDA,cross_evidence,wdc_80_medium_seen,ranking,hits_at_100_end_to_end,3,0.998,0.0,0.998,0.998
39,hef_e5_official_ditto_mixda,HEF-GBDT + E5 + Official Ditto + MixDA,cross_evidence,wdc_80_medium_seen,ranking,mrr_at_100,3,0.8508014195840804,0.006846403793021938,0.8443751922511694,0.8580021323523033
39,hef_e5_official_ditto_mixda,HEF-GBDT + E5 + Official Ditto + MixDA,cross_evidence,wdc_80_medium_seen,ranking,ndcg_at_100,3,0.8859378466855714,0.005350844482378281,0.8808820493057108,0.8915415739329711
39,hef_e5_official_ditto_mixda,HEF-GBDT + E5 + Official Ditto + MixDA,cross_evidence,wdc_80_medium_unseen,classification,average_precision,3,0.757127791581034,0.0062790629020193596,0.7499295885889575,0.761479246844366
39,hef_e5_official_ditto_mixda,HEF-GBDT + E5 + Official Ditto + MixDA,cross_evidence,wdc_80_medium_unseen,classification,f1,3,0.7137804003702518,0.00765069283319863,0.7050228310502283,0.7191650853889943
39,hef_e5_official_ditto_mixda,HEF-GBDT + E5 + Official Ditto + MixDA,cross_evidence,wdc_80_medium_unseen,classification,precision,3,0.6640836641394618,0.01814791085661727,0.6487394957983194,0.6841155234657039
39,hef_e5_official_ditto_mixda,HEF-GBDT + E5 + Official Ditto + MixDA,cross_evidence,wdc_80_medium_unseen,classification,recall,3,0.772,0.014000000000000012,0.758,0.786
39,hef_e5_official_ditto_mixda,HEF-GBDT + E5 + Official Ditto + MixDA,cross_evidence,wdc_80_medium_unseen,classification,roc_auc,3,0.9611490833333333,0.0027249705197182634,0.9580107499999999,0.96291475
39,hef_e5_official_ditto_mixda,HEF-GBDT + E5 + Official Ditto + MixDA,cross_evidence,wdc_80_medium_unseen,ranking,hits_at_1,3,0.7804551539491298,0.01672020883105325,0.7670682730923695,0.7991967871485943
39,hef_e5_official_ditto_mixda,HEF-GBDT + E5 + Official Ditto + MixDA,cross_evidence,wdc_80_medium_unseen,ranking,hits_at_100,3,1.0,0.0,1.0,1.0
39,hef_e5_official_ditto_mixda,HEF-GBDT + E5 + Official Ditto + MixDA,cross_evidence,wdc_80_medium_unseen,ranking,hits_at_100_end_to_end,3,0.996,0.0,0.996,0.996
39,hef_e5_official_ditto_mixda,HEF-GBDT + E5 + Official Ditto + MixDA,cross_evidence,wdc_80_medium_unseen,ranking,mrr_at_100,3,0.8552125577747596,0.012754318455886362,0.8469154159626815,0.8698987146276302
39,hef_e5_official_ditto_mixda,HEF-GBDT + E5 + Official Ditto + MixDA,cross_evidence,wdc_80_medium_unseen,ranking,ndcg_at_100,3,0.8899922234334252,0.010178612084986499,0.8829506886158246,0.9016626371251032
40,joint_neural_bert,Joint neural HEF + BERT (fine-tuned),joint_neural_hef,abt_buy,classification,average_precision,3,0.924326362398629,0.0043687642545375965,0.919618934145273,0.9282504874719558
40,joint_neural_bert,Joint neural HEF + BERT (fine-tuned),joint_neural_hef,abt_buy,classification,f1,3,0.8322162340322687,0.007358878408071943,0.8251121076233184,0.8398058252427184
40,joint_neural_bert,Joint neural HEF + BERT (fine-tuned),joint_neural_hef,abt_buy,classification,precision,3,0.8100940052396363,0.03845023688527686,0.7666666666666667,0.8398058252427184
40,joint_neural_bert,Joint neural HEF + BERT (fine-tuned),joint_neural_hef,abt_buy,classification,recall,3,0.8576051779935275,0.030829383306242204,0.8398058252427184,0.8932038834951457
40,joint_neural_bert,Joint neural HEF + BERT (fine-tuned),joint_neural_hef,abt_buy,classification,roc_auc,3,0.9855154336758833,0.002301580191284346,0.9832183614375745,0.9878214954862885
40,joint_neural_bert,Joint neural HEF + BERT (fine-tuned),joint_neural_hef,abt_buy,ranking,hits_at_1,3,0.9242424242424243,0.014996110888042233,0.9155844155844156,0.9415584415584416
40,joint_neural_bert,Joint neural HEF + BERT (fine-tuned),joint_neural_hef,abt_buy,ranking,hits_at_100,3,1.0,0.0,1.0,1.0
40,joint_neural_bert,Joint neural HEF + BERT (fine-tuned),joint_neural_hef,abt_buy,ranking,hits_at_100_end_to_end,3,1.0,0.0,1.0,1.0
40,joint_neural_bert,Joint neural HEF + BERT (fine-tuned),joint_neural_hef,abt_buy,ranking,mrr_at_100,3,0.9494976867950807,0.010041825672822384,0.9395026460376851,0.9595856524427953
40,joint_neural_bert,Joint neural HEF + BERT (fine-tuned),joint_neural_hef,abt_buy,ranking,ndcg_at_100,3,0.9606405309196048,0.00788328748954033,0.9526222665074697,0.9683815257310692
40,joint_neural_bert,Joint neural HEF + BERT (fine-tuned),joint_neural_hef,amazon_google,classification,average_precision,3,0.8098949359012396,0.007137895474485585,0.8040962970316377,0.817866867311112
40,joint_neural_bert,Joint neural HEF + BERT (fine-tuned),joint_neural_hef,amazon_google,classification,f1,3,0.7450087046420724,0.008322095105821676,0.7355072463768116,0.751004016064257
40,joint_neural_bert,Joint neural HEF + BERT (fine-tuned),joint_neural_hef,amazon_google,classification,precision,3,0.6813716957924296,0.0376428988913513,0.6383647798742138,0.7083333333333334
40,joint_neural_bert,Joint neural HEF + BERT (fine-tuned),joint_neural_hef,amazon_google,classification,recall,3,0.8247863247863249,0.037255546525988656,0.7991452991452992,0.8675213675213675
40,joint_neural_bert,Joint neural HEF + BERT (fine-tuned),joint_neural_hef,amazon_google,classification,roc_auc,3,0.9720202045359889,0.001360056535722975,0.9704829329647202,0.9730669605608897
40,joint_neural_bert,Joint neural HEF + BERT (fine-tuned),joint_neural_hef,amazon_google,ranking,hits_at_1,3,0.8732106339468303,0.009371320439582501,0.8650306748466258,0.8834355828220859
40,joint_neural_bert,Joint neural HEF + BERT (fine-tuned),joint_neural_hef,amazon_google,ranking,hits_at_100,3,1.0,0.0,1.0,1.0
40,joint_neural_bert,Joint neural HEF + BERT (fine-tuned),joint_neural_hef,amazon_google,ranking,hits_at_100_end_to_end,3,1.0,0.0,1.0,1.0
40,joint_neural_bert,Joint neural HEF + BERT (fine-tuned),joint_neural_hef,amazon_google,ranking,mrr_at_100,3,0.9259645106386627,0.0032266429071285793,0.9231765507839126,0.9294989775051125
40,joint_neural_bert,Joint neural HEF + BERT (fine-tuned),joint_neural_hef,amazon_google,ranking,ndcg_at_100,3,0.9434708107830133,0.0021997498178658553,0.9416820266143412,0.9459269607421916
40,joint_neural_bert,Joint neural HEF + BERT (fine-tuned),joint_neural_hef,link_lives_release2,classification,average_precision,3,0.9711557179119953,0.0021806495303869234,0.9688925065473658,0.9732431677833051
40,joint_neural_bert,Joint neural HEF + BERT (fine-tuned),joint_neural_hef,link_lives_release2,classification,f1,3,0.9187347250998161,0.006396450977756469,0.9131881427707199,0.9257318952234207
40,joint_neural_bert,Joint neural HEF + BERT (fine-tuned),joint_neural_hef,link_lives_release2,classification,precision,3,0.9090037385405044,0.015844412117438665,0.8979773944080904,0.9271604938271605
40,joint_neural_bert,Joint neural HEF + BERT (fine-tuned),joint_neural_hef,link_lives_release2,classification,recall,3,0.9288205128205128,0.004462422547242481,0.9243076923076923,0.9332307692307692
40,joint_neural_bert,Joint neural HEF + BERT (fine-tuned),joint_neural_hef,link_lives_release2,classification,roc_auc,3,0.9936863868536338,0.0005254349543983098,0.9931792894993591,0.9942284161995676
40,joint_neural_bert,Joint neural HEF + BERT (fine-tuned),joint_neural_hef,link_lives_release2,ranking,hits_at_1,3,0.4361857172600458,0.1734999618082459,0.29512804497189254,0.6299188007495315
40,joint_neural_bert,Joint neural HEF + BERT (fine-tuned),joint_neural_hef,link_lives_release2,ranking,hits_at_100,3,1.0,0.0,1.0,1.0
40,joint_neural_bert,Joint neural HEF + BERT (fine-tuned),joint_neural_hef,link_lives_release2,ranking,hits_at_100_end_to_end,3,0.9852307692307692,0.0,0.9852307692307692,0.9852307692307692
40,joint_neural_bert,Joint neural HEF + BERT (fine-tuned),joint_neural_hef,link_lives_release2,ranking,mrr_at_100,3,0.5715438156309005,0.15661838293118152,0.4438080598616751,0.7462809877115475
40,joint_neural_bert,Joint neural HEF + BERT (fine-tuned),joint_neural_hef,link_lives_release2,ranking,ndcg_at_100,3,0.6661329361415153,0.12474229391624038,0.5649172370589003,0.8054942452542606
40,joint_neural_bert,Joint neural HEF + BERT (fine-tuned),joint_neural_hef,walmart_amazon,classification,average_precision,3,0.8908885605014546,0.007295322996195685,0.8831950649606055,0.8977067275272221
40,joint_neural_bert,Joint neural HEF + BERT (fine-tuned),joint_neural_hef,walmart_amazon,classification,f1,3,0.8436628793789037,0.014158589687123286,0.832,0.8594164456233422
40,joint_neural_bert,Joint neural HEF + BERT (fine-tuned),joint_neural_hef,walmart_amazon,classification,precision,3,0.86832698488956,0.011673402359210683,0.8571428571428571,0.8804347826086957
40,joint_neural_bert,Joint neural HEF + BERT (fine-tuned),joint_neural_hef,walmart_amazon,classification,recall,3,0.8203799654576857,0.016655700796188173,0.8082901554404145,0.8393782383419689
40,joint_neural_bert,Joint neural HEF + BERT (fine-tuned),joint_neural_hef,walmart_amazon,classification,roc_auc,3,0.968996132600798,0.003687646521947117,0.966160722261926,0.9731650326067536
40,joint_neural_bert,Joint neural HEF + BERT (fine-tuned),joint_neural_hef,walmart_amazon,ranking,hits_at_1,3,0.9592875318066157,0.01166049795154155,0.9465648854961832,0.9694656488549618
40,joint_neural_bert,Joint neural HEF + BERT (fine-tuned),joint_neural_hef,walmart_amazon,ranking,hits_at_100,3,1.0,0.0,1.0,1.0
40,joint_neural_bert,Joint neural HEF + BERT (fine-tuned),joint_neural_hef,walmart_amazon,ranking,hits_at_100_end_to_end,3,1.0,0.0,1.0,1.0
40,joint_neural_bert,Joint neural HEF + BERT (fine-tuned),joint_neural_hef,walmart_amazon,ranking,mrr_at_100,3,0.9715608465608466,0.006337031864543327,0.9646189264509876,0.9770356234096693
40,joint_neural_bert,Joint neural HEF + BERT (fine-tuned),joint_neural_hef,walmart_amazon,ranking,ndcg_at_100,3,0.9749922630517832,0.004789885686545501,0.9703702494356081,0.9799340012199858
40,joint_neural_bert,Joint neural HEF + BERT (fine-tuned),joint_neural_hef,wdc_80_medium_seen,classification,average_precision,3,0.7346797789044652,0.013270937232290262,0.7200796248889425,0.7460102903882663
40,joint_neural_bert,Joint neural HEF + BERT (fine-tuned),joint_neural_hef,wdc_80_medium_seen,classification,f1,3,0.6859479596940506,0.012229565880741103,0.6732348111658456,0.6976284584980237
40,joint_neural_bert,Joint neural HEF + BERT (fine-tuned),joint_neural_hef,wdc_80_medium_seen,classification,precision,3,0.6328542226327898,0.05938387118131156,0.5710306406685237,0.689453125
40,joint_neural_bert,Joint neural HEF + BERT (fine-tuned),joint_neural_hef,wdc_80_medium_seen,classification,recall,3,0.7566666666666666,0.05804595880277397,0.706,0.82
40,joint_neural_bert,Joint neural HEF + BERT (fine-tuned),joint_neural_hef,wdc_80_medium_seen,classification,roc_auc,3,0.941358,0.008503880132768803,0.93170875,0.9477589999999999
40,joint_neural_bert,Joint neural HEF + BERT (fine-tuned),joint_neural_hef,wdc_80_medium_seen,ranking,hits_at_1,3,0.7207748830995324,0.012079586720123617,0.7094188376753507,0.7334669338677354
40,joint_neural_bert,Joint neural HEF + BERT (fine-tuned),joint_neural_hef,wdc_80_medium_seen,ranking,hits_at_100,3,1.0,0.0,1.0,1.0
40,joint_neural_bert,Joint neural HEF + BERT (fine-tuned),joint_neural_hef,wdc_80_medium_seen,ranking,hits_at_100_end_to_end,3,0.998,0.0,0.998,0.998
40,joint_neural_bert,Joint neural HEF + BERT (fine-tuned),joint_neural_hef,wdc_80_medium_seen,ranking,mrr_at_100,3,0.8079721220849783,0.014538465065492286,0.7970969574445433,0.8244851304463516
40,joint_neural_bert,Joint neural HEF + BERT (fine-tuned),joint_neural_hef,wdc_80_medium_seen,ranking,ndcg_at_100,3,0.8529008256529421,0.011724441025473169,0.8446271401539064,0.8663178684841976
40,joint_neural_bert,Joint neural HEF + BERT (fine-tuned),joint_neural_hef,wdc_80_medium_unseen,classification,average_precision,3,0.6751251844882223,0.022675166186093033,0.6492539989280522,0.6915499719963747
40,joint_neural_bert,Joint neural HEF + BERT (fine-tuned),joint_neural_hef,wdc_80_medium_unseen,classification,f1,3,0.6302255827084084,0.02416871802352109,0.602322206095791,0.6445993031358885
40,joint_neural_bert,Joint neural HEF + BERT (fine-tuned),joint_neural_hef,wdc_80_medium_unseen,classification,precision,3,0.5325884521657743,0.05257655402017251,0.47266514806378135,0.5709876543209876
40,joint_neural_bert,Joint neural HEF + BERT (fine-tuned),joint_neural_hef,wdc_80_medium_unseen,classification,recall,3,0.7793333333333333,0.046057934531775646,0.74,0.83
40,joint_neural_bert,Joint neural HEF + BERT (fine-tuned),joint_neural_hef,wdc_80_medium_unseen,classification,roc_auc,3,0.9202271666666667,0.00946543414328336,0.911441,0.9302502500000001
40,joint_neural_bert,Joint neural HEF + BERT (fine-tuned),joint_neural_hef,wdc_80_medium_unseen,ranking,hits_at_1,3,0.7074966532797858,0.011418154022243646,0.6947791164658634,0.7168674698795181
40,joint_neural_bert,Joint neural HEF + BERT (fine-tuned),joint_neural_hef,wdc_80_medium_unseen,ranking,hits_at_100,3,1.0,0.0,1.0,1.0
40,joint_neural_bert,Joint neural HEF + BERT (fine-tuned),joint_neural_hef,wdc_80_medium_unseen,ranking,hits_at_100_end_to_end,3,0.996,0.0,0.996,0.996
40,joint_neural_bert,Joint neural HEF + BERT (fine-tuned),joint_neural_hef,wdc_80_medium_unseen,ranking,mrr_at_100,3,0.7908810248183888,0.012445232654046212,0.7778529601518291,0.8026472913521107
40,joint_neural_bert,Joint neural HEF + BERT (fine-tuned),joint_neural_hef,wdc_80_medium_unseen,ranking,ndcg_at_100,3,0.8391115811453942,0.0107616134732471,0.8281021965948884,0.849607006173649
41,joint_neural_bge,Joint neural HEF + BGE (fine-tuned),joint_neural_hef,abt_buy,classification,average_precision,3,0.9050754030268593,0.00487242737034822,0.8995430209145352,0.9087276581900394
41,joint_neural_bge,Joint neural HEF + BGE (fine-tuned),joint_neural_hef,abt_buy,classification,f1,3,0.8180361739022247,0.01624482904890712,0.8044444444444444,0.836027713625866
41,joint_neural_bge,Joint neural HEF + BGE (fine-tuned),joint_neural_hef,abt_buy,classification,precision,3,0.7680391239465407,0.027904705817872577,0.7418032786885246,0.7973568281938326
41,joint_neural_bge,Joint neural HEF + BGE (fine-tuned),joint_neural_hef,abt_buy,classification,recall,3,0.8754045307443366,0.005605342419316817,0.8689320388349514,0.8786407766990292
41,joint_neural_bge,Joint neural HEF + BGE (fine-tuned),joint_neural_hef,abt_buy,classification,roc_auc,3,0.9821140634758417,0.0014385917363385365,0.981069380571169,0.9837548969511156
41,joint_neural_bge,Joint neural HEF + BGE (fine-tuned),joint_neural_hef,abt_buy,ranking,hits_at_1,3,0.922077922077922,0.006493506493506496,0.9155844155844156,0.9285714285714286
41,joint_neural_bge,Joint neural HEF + BGE (fine-tuned),joint_neural_hef,abt_buy,ranking,hits_at_100,3,1.0,0.0,1.0,1.0
41,joint_neural_bge,Joint neural HEF + BGE (fine-tuned),joint_neural_hef,abt_buy,ranking,hits_at_100_end_to_end,3,1.0,0.0,1.0,1.0
41,joint_neural_bge,Joint neural HEF + BGE (fine-tuned),joint_neural_hef,abt_buy,ranking,mrr_at_100,3,0.9515257229542945,0.004447948182802565,0.9464963607820752,0.9549422799422799
41,joint_neural_bge,Joint neural HEF + BGE (fine-tuned),joint_neural_hef,abt_buy,ranking,ndcg_at_100,3,0.9622068518460417,0.00374299536032404,0.9579462448804035,0.9649659919377456
41,joint_neural_bge,Joint neural HEF + BGE (fine-tuned),joint_neural_hef,amazon_google,classification,average_precision,3,0.7647904818081146,0.029908751352756648,0.7336853985829488,0.7933387440874268
41,joint_neural_bge,Joint neural HEF + BGE (fine-tuned),joint_neural_hef,amazon_google,classification,f1,3,0.7265300300404511,0.015178374132021269,0.7095588235294118,0.7388059701492538
41,joint_neural_bge,Joint neural HEF + BGE (fine-tuned),joint_neural_hef,amazon_google,classification,precision,3,0.6527856143525558,0.028888357864530676,0.6225806451612903,0.6801470588235294
41,joint_neural_bge,Joint neural HEF + BGE (fine-tuned),joint_neural_hef,amazon_google,classification,recall,3,0.8205128205128205,0.028023241556846167,0.7905982905982906,0.8461538461538461
41,joint_neural_bge,Joint neural HEF + BGE (fine-tuned),joint_neural_hef,amazon_google,classification,roc_auc,3,0.9674485166228731,0.0035209039389890876,0.9633929423876,0.9697232911171717
41,joint_neural_bge,Joint neural HEF + BGE (fine-tuned),joint_neural_hef,amazon_google,ranking,hits_at_1,3,0.8711656441717791,0.016231603135365556,0.8588957055214724,0.8895705521472392
41,joint_neural_bge,Joint neural HEF + BGE (fine-tuned),joint_neural_hef,amazon_google,ranking,hits_at_100,3,1.0,0.0,1.0,1.0
41,joint_neural_bge,Joint neural HEF + BGE (fine-tuned),joint_neural_hef,amazon_google,ranking,hits_at_100_end_to_end,3,1.0,0.0,1.0,1.0
41,joint_neural_bge,Joint neural HEF + BGE (fine-tuned),joint_neural_hef,amazon_google,ranking,mrr_at_100,3,0.9274207040232451,0.007952581158230877,0.9211107785924484,0.9363533979431551
41,joint_neural_bge,Joint neural HEF + BGE (fine-tuned),joint_neural_hef,amazon_google,ranking,ndcg_at_100,3,0.9451015049102828,0.005182137272518623,0.940696144386155,0.950811198959113
41,joint_neural_bge,Joint neural HEF + BGE (fine-tuned),joint_neural_hef,link_lives_release2,classification,average_precision,3,0.955359803045627,0.006095377689570844,0.9483219956813308,0.958953404825556
41,joint_neural_bge,Joint neural HEF + BGE (fine-tuned),joint_neural_hef,link_lives_release2,classification,f1,3,0.8918557939359322,0.007631575945967611,0.8830505930040534,0.8965621687111919
41,joint_neural_bge,Joint neural HEF + BGE (fine-tuned),joint_neural_hef,link_lives_release2,classification,precision,3,0.8717031009669224,0.010382905899661475,0.862210495455878,0.8827915299731584
41,joint_neural_bge,Joint neural HEF + BGE (fine-tuned),joint_neural_hef,link_lives_release2,classification,recall,3,0.913025641025641,0.009435340005831301,0.9049230769230769,0.9233846153846154
41,joint_neural_bge,Joint neural HEF + BGE (fine-tuned),joint_neural_hef,link_lives_release2,classification,roc_auc,3,0.9895993119456189,0.0011153905469693196,0.9883161192202474,0.9903366078090028
41,joint_neural_bge,Joint neural HEF + BGE (fine-tuned),joint_neural_hef,link_lives_release2,ranking,hits_at_1,3,0.6026441807203831,0.017695129139898225,0.5915053091817614,0.623048094940662
41,joint_neural_bge,Joint neural HEF + BGE (fine-tuned),joint_neural_hef,link_lives_release2,ranking,hits_at_100,3,1.0,0.0,1.0,1.0
41,joint_neural_bge,Joint neural HEF + BGE (fine-tuned),joint_neural_hef,link_lives_release2,ranking,hits_at_100_end_to_end,3,0.9852307692307692,0.0,0.9852307692307692,0.9852307692307692
41,joint_neural_bge,Joint neural HEF + BGE (fine-tuned),joint_neural_hef,link_lives_release2,ranking,mrr_at_100,3,0.7374770089778715,0.012512360901235874,0.7277464809896395,0.751591423966833
41,joint_neural_bge,Joint neural HEF + BGE (fine-tuned),joint_neural_hef,link_lives_release2,ranking,ndcg_at_100,3,0.800322152373067,0.00960644336814947,0.7927087537529062,0.8111153297138409
41,joint_neural_bge,Joint neural HEF + BGE (fine-tuned),joint_neural_hef,walmart_amazon,classification,average_precision,3,0.8033128541201883,0.008109733285788963,0.7941381907595277,0.8095240509828993
41,joint_neural_bge,Joint neural HEF + BGE (fine-tuned),joint_neural_hef,walmart_amazon,classification,f1,3,0.7479685615950059,0.019506218960089184,0.726775956284153,0.7651715039577837
41,joint_neural_bge,Joint neural HEF + BGE (fine-tuned),joint_neural_hef,walmart_amazon,classification,precision,3,0.7687502521609512,0.010837622348524442,0.7578947368421053,0.7795698924731183
41,joint_neural_bge,Joint neural HEF + BGE (fine-tuned),joint_neural_hef,walmart_amazon,classification,recall,3,0.7288428324697754,0.03449910942217301,0.689119170984456,0.7512953367875648
41,joint_neural_bge,Joint neural HEF + BGE (fine-tuned),joint_neural_hef,walmart_amazon,classification,roc_auc,3,0.9564898978619498,0.004014353195032719,0.9523098311595497,0.9603149566732178
41,joint_neural_bge,Joint neural HEF + BGE (fine-tuned),joint_neural_hef,walmart_amazon,ranking,hits_at_1,3,0.9491094147582697,0.01589058014859646,0.9312977099236641,0.9618320610687023
41,joint_neural_bge,Joint neural HEF + BGE (fine-tuned),joint_neural_hef,walmart_amazon,ranking,hits_at_100,3,1.0,0.0,1.0,1.0
41,joint_neural_bge,Joint neural HEF + BGE (fine-tuned),joint_neural_hef,walmart_amazon,ranking,hits_at_100_end_to_end,3,1.0,0.0,1.0,1.0
41,joint_neural_bge,Joint neural HEF + BGE (fine-tuned),joint_neural_hef,walmart_amazon,ranking,mrr_at_100,3,0.9658280146709235,0.007270824362055952,0.9575133009484155,0.9709923664122138
41,joint_neural_bge,Joint neural HEF + BGE (fine-tuned),joint_neural_hef,walmart_amazon,ranking,ndcg_at_100,3,0.9715599784472948,0.006026982503253414,0.964776398154073,0.9762977986450496
41,joint_neural_bge,Joint neural HEF + BGE (fine-tuned),joint_neural_hef,wdc_80_medium_seen,classification,average_precision,3,0.6014637467433025,0.003935381385188212,0.5971879923471916,0.6049341665879511
41,joint_neural_bge,Joint neural HEF + BGE (fine-tuned),joint_neural_hef,wdc_80_medium_seen,classification,f1,3,0.5903437600600643,0.008574309746173969,0.582741116751269,0.5996376811594203
41,joint_neural_bge,Joint neural HEF + BGE (fine-tuned),joint_neural_hef,wdc_80_medium_seen,classification,precision,3,0.5561427475782886,0.03232117857258849,0.5286624203821656,0.5917525773195876
41,joint_neural_bge,Joint neural HEF + BGE (fine-tuned),joint_neural_hef,wdc_80_medium_seen,classification,recall,3,0.6333333333333333,0.05139390365922147,0.574,0.664
41,joint_neural_bge,Joint neural HEF + BGE (fine-tuned),joint_neural_hef,wdc_80_medium_seen,classification,roc_auc,3,0.9138426666666667,0.0046039065024534856,0.9102569999999999,0.9190345
41,joint_neural_bge,Joint neural HEF + BGE (fine-tuned),joint_neural_hef,wdc_80_medium_seen,ranking,hits_at_1,3,0.5938543754175017,0.00612234561784348,0.5871743486973948,0.5991983967935872
41,joint_neural_bge,Joint neural HEF + BGE (fine-tuned),joint_neural_hef,wdc_80_medium_seen,ranking,hits_at_100,3,1.0,0.0,1.0,1.0
41,joint_neural_bge,Joint neural HEF + BGE (fine-tuned),joint_neural_hef,wdc_80_medium_seen,ranking,hits_at_100_end_to_end,3,0.998,0.0,0.998,0.998
41,joint_neural_bge,Joint neural HEF + BGE (fine-tuned),joint_neural_hef,wdc_80_medium_seen,ranking,mrr_at_100,3,0.7093399684262429,0.003772025269533617,0.7049989063243469,0.7118180047691969
41,joint_neural_bge,Joint neural HEF + BGE (fine-tuned),joint_neural_hef,wdc_80_medium_seen,ranking,ndcg_at_100,3,0.7762671296971783,0.0031710966960056277,0.7726475444861436,0.778556303602354
41,joint_neural_bge,Joint neural HEF + BGE (fine-tuned),joint_neural_hef,wdc_80_medium_unseen,classification,average_precision,3,0.5200151087550261,0.02468359510557586,0.49498425813692815,0.5443361367736727
41,joint_neural_bge,Joint neural HEF + BGE (fine-tuned),joint_neural_hef,wdc_80_medium_unseen,classification,f1,3,0.5385377808922224,0.004904223997238856,0.5338142470694319,0.5436046511627907
41,joint_neural_bge,Joint neural HEF + BGE (fine-tuned),joint_neural_hef,wdc_80_medium_unseen,classification,precision,3,0.46281448496934585,0.03151503295568135,0.4269406392694064,0.4860426929392447
41,joint_neural_bge,Joint neural HEF + BGE (fine-tuned),joint_neural_hef,wdc_80_medium_unseen,classification,recall,3,0.6533333333333333,0.08317050759333705,0.592,0.748
41,joint_neural_bge,Joint neural HEF + BGE (fine-tuned),joint_neural_hef,wdc_80_medium_unseen,classification,roc_auc,3,0.8907017500000001,0.008830765889066483,0.8841585000000001,0.9007462500000001
41,joint_neural_bge,Joint neural HEF + BGE (fine-tuned),joint_neural_hef,wdc_80_medium_unseen,ranking,hits_at_1,3,0.5595716198125836,0.005053436703661818,0.5542168674698795,0.5642570281124498
41,joint_neural_bge,Joint neural HEF + BGE (fine-tuned),joint_neural_hef,wdc_80_medium_unseen,ranking,hits_at_100,3,1.0,0.0,1.0,1.0
41,joint_neural_bge,Joint neural HEF + BGE (fine-tuned),joint_neural_hef,wdc_80_medium_unseen,ranking,hits_at_100_end_to_end,3,0.996,0.0,0.996,0.996
41,joint_neural_bge,Joint neural HEF + BGE (fine-tuned),joint_neural_hef,wdc_80_medium_unseen,ranking,mrr_at_100,3,0.6941510647325801,0.003339371892417851,0.6903201291216627,0.6964464718682273
41,joint_neural_bge,Joint neural HEF + BGE (fine-tuned),joint_neural_hef,wdc_80_medium_unseen,ranking,ndcg_at_100,3,0.7651247741089565,0.002816458330167339,0.7618729399181278,0.766790919578522
42,joint_neural_e5,Joint neural HEF + E5 (fine-tuned),joint_neural_hef,abt_buy,classification,average_precision,3,0.9123241489608397,0.0023555728091107413,0.9097752327395953,0.9144207949039124
42,joint_neural_e5,Joint neural HEF + E5 (fine-tuned),joint_neural_hef,abt_buy,classification,f1,3,0.8358651239164471,0.009428344627232356,0.8285714285714286,0.8465116279069768
42,joint_neural_e5,Joint neural HEF + E5 (fine-tuned),joint_neural_hef,abt_buy,classification,precision,3,0.8235280373831776,0.01859755846111184,0.8125,0.845
42,joint_neural_e5,Joint neural HEF + E5 (fine-tuned),joint_neural_hef,abt_buy,classification,recall,3,0.8495145631067961,0.031832225846126265,0.8203883495145631,0.883495145631068
42,joint_neural_e5,Joint neural HEF + E5 (fine-tuned),joint_neural_hef,abt_buy,classification,roc_auc,3,0.9845175911731865,0.001075908278849143,0.9833233974904901,0.9854113438937149
42,joint_neural_e5,Joint neural HEF + E5 (fine-tuned),joint_neural_hef,abt_buy,ranking,hits_at_1,3,0.9372294372294372,0.009918995010726905,0.9285714285714286,0.948051948051948
42,joint_neural_e5,Joint neural HEF + E5 (fine-tuned),joint_neural_hef,abt_buy,ranking,hits_at_100,3,1.0,0.0,1.0,1.0
42,joint_neural_e5,Joint neural HEF + E5 (fine-tuned),joint_neural_hef,abt_buy,ranking,hits_at_100_end_to_end,3,1.0,0.0,1.0,1.0
42,joint_neural_e5,Joint neural HEF + E5 (fine-tuned),joint_neural_hef,abt_buy,ranking,mrr_at_100,3,0.9612250322776639,0.005476283415040261,0.9558441558441557,0.9667919799498748
42,joint_neural_e5,Joint neural HEF + E5 (fine-tuned),joint_neural_hef,abt_buy,ranking,ndcg_at_100,3,0.9691265800059249,0.003314796944001943,0.9656456382313073,0.9722455145493583
42,joint_neural_e5,Joint neural HEF + E5 (fine-tuned),joint_neural_hef,amazon_google,classification,average_precision,3,0.7818459852252122,0.011440563416501575,0.7709002202442805,0.7937242687978626
42,joint_neural_e5,Joint neural HEF + E5 (fine-tuned),joint_neural_hef,amazon_google,classification,f1,3,0.7482710707007958,0.008439039465049324,0.7386363636363636,0.7543520309477756
42,joint_neural_e5,Joint neural HEF + E5 (fine-tuned),joint_neural_hef,amazon_google,classification,precision,3,0.6694540659774071,0.017346260516411555,0.6560509554140127,0.6890459363957597
42,joint_neural_e5,Joint neural HEF + E5 (fine-tuned),joint_neural_hef,amazon_google,classification,recall,3,0.8490028490028491,0.02714039726959776,0.8333333333333334,0.8803418803418803
42,joint_neural_e5,Joint neural HEF + E5 (fine-tuned),joint_neural_hef,amazon_google,classification,roc_auc,3,0.9696752081404826,0.0014505517322255539,0.9682413668571999,0.9711419118898479
42,joint_neural_e5,Joint neural HEF + E5 (fine-tuned),joint_neural_hef,amazon_google,ranking,hits_at_1,3,0.852760736196319,0.006134969325153394,0.8466257668711656,0.8588957055214724
42,joint_neural_e5,Joint neural HEF + E5 (fine-tuned),joint_neural_hef,amazon_google,ranking,hits_at_100,3,1.0,0.0,1.0,1.0
42,joint_neural_e5,Joint neural HEF + E5 (fine-tuned),joint_neural_hef,amazon_google,ranking,hits_at_100_end_to_end,3,1.0,0.0,1.0,1.0
42,joint_neural_e5,Joint neural HEF + E5 (fine-tuned),joint_neural_hef,amazon_google,ranking,mrr_at_100,3,0.9152952251111761,0.004318333237239718,0.9103953646898433,0.9185461096504041
42,joint_neural_e5,Joint neural HEF + E5 (fine-tuned),joint_neural_hef,amazon_google,ranking,ndcg_at_100,3,0.9363136924150638,0.0028062342635522862,0.9331437405718555,0.9384804799262224
42,joint_neural_e5,Joint neural HEF + E5 (fine-tuned),joint_neural_hef,link_lives_release2,classification,average_precision,3,0.9604166790017922,0.004661055019376968,0.9560734115696319,0.9653410304482637
42,joint_neural_e5,Joint neural HEF + E5 (fine-tuned),joint_neural_hef,link_lives_release2,classification,f1,3,0.8976878793939297,0.0031718551449757115,0.8940819423368741,0.9000463463618106
42,joint_neural_e5,Joint neural HEF + E5 (fine-tuned),joint_neural_hef,link_lives_release2,classification,precision,3,0.8958102356746027,0.011981263164167014,0.8820359281437126,0.9038163201985727
42,joint_neural_e5,Joint neural HEF + E5 (fine-tuned),joint_neural_hef,link_lives_release2,classification,recall,3,0.8996923076923077,0.005862325810233074,0.8963076923076924,0.9064615384615384
42,joint_neural_e5,Joint neural HEF + E5 (fine-tuned),joint_neural_hef,link_lives_release2,classification,roc_auc,3,0.9907293248904788,0.0015773854112324276,0.9890762439500316,0.9922181623400225
42,joint_neural_e5,Joint neural HEF + E5 (fine-tuned),joint_neural_hef,link_lives_release2,ranking,hits_at_1,3,0.6305434103685197,0.07077890889540046,0.5490318550905684,0.6764522173641474
42,joint_neural_e5,Joint neural HEF + E5 (fine-tuned),joint_neural_hef,link_lives_release2,ranking,hits_at_100,3,1.0,0.0,1.0,1.0
42,joint_neural_e5,Joint neural HEF + E5 (fine-tuned),joint_neural_hef,link_lives_release2,ranking,hits_at_100_end_to_end,3,0.9852307692307692,0.0,0.9852307692307692,0.9852307692307692
42,joint_neural_e5,Joint neural HEF + E5 (fine-tuned),joint_neural_hef,link_lives_release2,ranking,mrr_at_100,3,0.7551077713113766,0.048156475945553,0.6996210577398683,0.7860078096252027
42,joint_neural_e5,Joint neural HEF + E5 (fine-tuned),joint_neural_hef,link_lives_release2,ranking,ndcg_at_100,3,0.813398620677509,0.03647561736592065,0.7713694708172671,0.8367867127750531
42,joint_neural_e5,Joint neural HEF + E5 (fine-tuned),joint_neural_hef,walmart_amazon,classification,average_precision,3,0.7872490654188923,0.07149419048100102,0.7115127488142545,0.8535676548762079
42,joint_neural_e5,Joint neural HEF + E5 (fine-tuned),joint_neural_hef,walmart_amazon,classification,f1,3,0.7410604895014903,0.033471117817382046,0.7046070460704607,0.7704081632653061
42,joint_neural_e5,Joint neural HEF + E5 (fine-tuned),joint_neural_hef,walmart_amazon,classification,precision,3,0.7352545556063144,0.025399732844300697,0.7083333333333334,0.7587939698492462
42,joint_neural_e5,Joint neural HEF + E5 (fine-tuned),joint_neural_hef,walmart_amazon,classification,recall,3,0.7495682210708118,0.06601559534927946,0.6735751295336787,0.7927461139896373
42,joint_neural_e5,Joint neural HEF + E5 (fine-tuned),joint_neural_hef,walmart_amazon,classification,roc_auc,3,0.9549893730272169,0.013614780578471515,0.9399259648025727,0.96641755628015
42,joint_neural_e5,Joint neural HEF + E5 (fine-tuned),joint_neural_hef,walmart_amazon,ranking,hits_at_1,3,0.900763358778626,0.0665480754739034,0.8244274809160306,0.9465648854961832
42,joint_neural_e5,Joint neural HEF + E5 (fine-tuned),joint_neural_hef,walmart_amazon,ranking,hits_at_100,3,1.0,0.0,1.0,1.0
42,joint_neural_e5,Joint neural HEF + E5 (fine-tuned),joint_neural_hef,walmart_amazon,ranking,hits_at_100_end_to_end,3,1.0,0.0,1.0,1.0
42,joint_neural_e5,Joint neural HEF + E5 (fine-tuned),joint_neural_hef,walmart_amazon,ranking,mrr_at_100,3,0.9363714811394716,0.03848964181546902,0.8925952546181554,0.9649067005937234
42,joint_neural_e5,Joint neural HEF + E5 (fine-tuned),joint_neural_hef,walmart_amazon,ranking,ndcg_at_100,3,0.948540084094201,0.0296410979701117,0.9148419101844458,0.9705775711140969
42,joint_neural_e5,Joint neural HEF + E5 (fine-tuned),joint_neural_hef,wdc_80_medium_seen,classification,average_precision,3,0.629288253967839,0.01896506402231265,0.6074851921064254,0.6419627833393075
42,joint_neural_e5,Joint neural HEF + E5 (fine-tuned),joint_neural_hef,wdc_80_medium_seen,classification,f1,3,0.637965347580645,0.0047370177610474755,0.6326530612244898,0.6417502278942571
42,joint_neural_e5,Joint neural HEF + E5 (fine-tuned),joint_neural_hef,wdc_80_medium_seen,classification,precision,3,0.5880057414617,0.0030955154719725583,0.5844370860927153,0.5899653979238755
42,joint_neural_e5,Joint neural HEF + E5 (fine-tuned),joint_neural_hef,wdc_80_medium_seen,classification,recall,3,0.6973333333333334,0.013316656236958734,0.682,0.706
42,joint_neural_e5,Joint neural HEF + E5 (fine-tuned),joint_neural_hef,wdc_80_medium_seen,classification,roc_auc,3,0.92470025,0.005372243996925373,0.9185444999999999,0.9284422499999999
42,joint_neural_e5,Joint neural HEF + E5 (fine-tuned),joint_neural_hef,wdc_80_medium_seen,ranking,hits_at_1,3,0.6312625250501002,0.016403512568882683,0.6172344689378757,0.6492985971943888
42,joint_neural_e5,Joint neural HEF + E5 (fine-tuned),joint_neural_hef,wdc_80_medium_seen,ranking,hits_at_100,3,1.0,0.0,1.0,1.0
42,joint_neural_e5,Joint neural HEF + E5 (fine-tuned),joint_neural_hef,wdc_80_medium_seen,ranking,hits_at_100_end_to_end,3,0.998,0.0,0.998,0.998
42,joint_neural_e5,Joint neural HEF + E5 (fine-tuned),joint_neural_hef,wdc_80_medium_seen,ranking,mrr_at_100,3,0.7387159046080146,0.012945162881755384,0.7242797675460805,0.749291904359535
42,joint_neural_e5,Joint neural HEF + E5 (fine-tuned),joint_neural_hef,wdc_80_medium_seen,ranking,ndcg_at_100,3,0.7986263796994466,0.01075838798331552,0.786512920170544,0.8070686881527649
42,joint_neural_e5,Joint neural HEF + E5 (fine-tuned),joint_neural_hef,wdc_80_medium_unseen,classification,average_precision,3,0.5526219581799382,0.025609794194103926,0.5244039343961947,0.574390533308015
42,joint_neural_e5,Joint neural HEF + E5 (fine-tuned),joint_neural_hef,wdc_80_medium_unseen,classification,f1,3,0.5840077180651984,0.010742578924122993,0.5718725718725719,0.5923016496465043
42,joint_neural_e5,Joint neural HEF + E5 (fine-tuned),joint_neural_hef,wdc_80_medium_unseen,classification,precision,3,0.4846386458281922,0.015730919715592907,0.4675984752223634,0.4986072423398329
42,joint_neural_e5,Joint neural HEF + E5 (fine-tuned),joint_neural_hef,wdc_80_medium_unseen,classification,recall,3,0.7353333333333333,0.019008769905844353,0.716,0.754
42,joint_neural_e5,Joint neural HEF + E5 (fine-tuned),joint_neural_hef,wdc_80_medium_unseen,classification,roc_auc,3,0.9050275833333333,0.007840962362544139,0.8990480000000001,0.9139050000000001
42,joint_neural_e5,Joint neural HEF + E5 (fine-tuned),joint_neural_hef,wdc_80_medium_unseen,ranking,hits_at_1,3,0.6385542168674699,0.014056224899598402,0.6285140562248996,0.6546184738955824
42,joint_neural_e5,Joint neural HEF + E5 (fine-tuned),joint_neural_hef,wdc_80_medium_unseen,ranking,hits_at_100,3,1.0,0.0,1.0,1.0
42,joint_neural_e5,Joint neural HEF + E5 (fine-tuned),joint_neural_hef,wdc_80_medium_unseen,ranking,hits_at_100_end_to_end,3,0.996,0.0,0.996,0.996
42,joint_neural_e5,Joint neural HEF + E5 (fine-tuned),joint_neural_hef,wdc_80_medium_unseen,ranking,mrr_at_100,3,0.7435464408531187,0.016968172138499427,0.7336984006538457,0.7631395080893921
42,joint_neural_e5,Joint neural HEF + E5 (fine-tuned),joint_neural_hef,wdc_80_medium_unseen,ranking,ndcg_at_100,3,0.8023952973194883,0.013990332697519129,0.7940681739908952,0.8185473397795352
43,joint_neural_gte,Joint neural HEF + GTE (fine-tuned),joint_neural_hef,abt_buy,classification,average_precision,3,0.8862281290515839,0.031814176657387866,0.8575679500027286,0.920460164185754
43,joint_neural_gte,Joint neural HEF + GTE (fine-tuned),joint_neural_hef,abt_buy,classification,f1,3,0.8533449310271765,0.0075493478863013115,0.8450704225352113,0.8598574821852731
43,joint_neural_gte,Joint neural HEF + GTE (fine-tuned),joint_neural_hef,abt_buy,classification,precision,3,0.8324171952078929,0.012545628646355828,0.8181818181818182,0.8418604651162791
43,joint_neural_gte,Joint neural HEF + GTE (fine-tuned),joint_neural_hef,abt_buy,classification,recall,3,0.8754045307443366,0.0028026712096584404,0.8737864077669902,0.8786407766990292
43,joint_neural_gte,Joint neural HEF + GTE (fine-tuned),joint_neural_hef,abt_buy,classification,roc_auc,3,0.9843860595393554,2.172819792804265e-05,0.9843609833645603,0.9843993073298133
43,joint_neural_gte,Joint neural HEF + GTE (fine-tuned),joint_neural_hef,abt_buy,ranking,hits_at_1,3,0.9502164502164502,0.009918995010726905,0.9415584415584416,0.961038961038961
43,joint_neural_gte,Joint neural HEF + GTE (fine-tuned),joint_neural_hef,abt_buy,ranking,hits_at_100,3,1.0,0.0,1.0,1.0
43,joint_neural_gte,Joint neural HEF + GTE (fine-tuned),joint_neural_hef,abt_buy,ranking,hits_at_100_end_to_end,3,1.0,0.0,1.0,1.0
43,joint_neural_gte,Joint neural HEF + GTE (fine-tuned),joint_neural_hef,abt_buy,ranking,mrr_at_100,3,0.9697210772569624,0.005536133079692644,0.9641545323363505,0.9752262888626525
43,joint_neural_gte,Joint neural HEF + GTE (fine-tuned),joint_neural_hef,abt_buy,ranking,ndcg_at_100,3,0.975505663606151,0.004065665723323891,0.9712907359673845,0.9794034979245602
43,joint_neural_gte,Joint neural HEF + GTE (fine-tuned),joint_neural_hef,amazon_google,classification,average_precision,3,0.8259256982571038,0.01132947359843389,0.8183789957712169,0.8389533692054466
43,joint_neural_gte,Joint neural HEF + GTE (fine-tuned),joint_neural_hef,amazon_google,classification,f1,3,0.7598422180230868,0.015290087281484422,0.7442827442827443,0.7748478701825557
43,joint_neural_gte,Joint neural HEF + GTE (fine-tuned),joint_neural_hef,amazon_google,classification,precision,3,0.7235450595326299,0.014516607314560961,0.7084870848708487,0.7374517374517374
43,joint_neural_gte,Joint neural HEF + GTE (fine-tuned),joint_neural_hef,amazon_google,classification,recall,3,0.8005698005698005,0.030915291188334356,0.7649572649572649,0.8205128205128205
43,joint_neural_gte,Joint neural HEF + GTE (fine-tuned),joint_neural_hef,amazon_google,classification,roc_auc,3,0.9736885800508919,0.0002299784745562414,0.9734239507187541,0.9738400933155669
43,joint_neural_gte,Joint neural HEF + GTE (fine-tuned),joint_neural_hef,amazon_google,ranking,hits_at_1,3,0.8997955010224948,0.009371320439582501,0.8895705521472392,0.9079754601226994
43,joint_neural_gte,Joint neural HEF + GTE (fine-tuned),joint_neural_hef,amazon_google,ranking,hits_at_100,3,1.0,0.0,1.0,1.0
43,joint_neural_gte,Joint neural HEF + GTE (fine-tuned),joint_neural_hef,amazon_google,ranking,hits_at_100_end_to_end,3,1.0,0.0,1.0,1.0
43,joint_neural_gte,Joint neural HEF + GTE (fine-tuned),joint_neural_hef,amazon_google,ranking,mrr_at_100,3,0.9428271627562064,0.004169510624254684,0.9388307470227355,0.9471505189643864
43,joint_neural_gte,Joint neural HEF + GTE (fine-tuned),joint_neural_hef,amazon_google,ranking,ndcg_at_100,3,0.956942330000501,0.0036215644454835943,0.9531794147791661,0.960403686598628
43,joint_neural_gte,Joint neural HEF + GTE (fine-tuned),joint_neural_hef,link_lives_release2,classification,average_precision,3,0.9766405515929586,0.0013584368181552172,0.9750888608520111,0.977615249854442
43,joint_neural_gte,Joint neural HEF + GTE (fine-tuned),joint_neural_hef,link_lives_release2,classification,f1,3,0.9220103690798105,0.0050521833293365,0.9162011173184358,0.9253775983251085
43,joint_neural_gte,Joint neural HEF + GTE (fine-tuned),joint_neural_hef,link_lives_release2,classification,precision,3,0.8912428905931572,0.01227462785825422,0.8772522522522522,0.90020366598778
43,joint_neural_gte,Joint neural HEF + GTE (fine-tuned),joint_neural_hef,link_lives_release2,classification,recall,3,0.955076923076923,0.0034263165309723655,0.952,0.9587692307692308
43,joint_neural_gte,Joint neural HEF + GTE (fine-tuned),joint_neural_hef,link_lives_release2,classification,roc_auc,3,0.9947007186629171,0.00019919681421365668,0.9944716297132363,0.9948330973925353
43,joint_neural_gte,Joint neural HEF + GTE (fine-tuned),joint_neural_hef,link_lives_release2,ranking,hits_at_1,3,0.2665001041016032,0.21368230403399016,0.03591505309181761,0.45783885071830105
43,joint_neural_gte,Joint neural HEF + GTE (fine-tuned),joint_neural_hef,link_lives_release2,ranking,hits_at_100,3,1.0,0.0,1.0,1.0
43,joint_neural_gte,Joint neural HEF + GTE (fine-tuned),joint_neural_hef,link_lives_release2,ranking,hits_at_100_end_to_end,3,0.9852307692307692,0.0,0.9852307692307692,0.9852307692307692
43,joint_neural_gte,Joint neural HEF + GTE (fine-tuned),joint_neural_hef,link_lives_release2,ranking,mrr_at_100,3,0.40383566213378,0.2165761465814927,0.1716435758102793,0.6003702132046358
43,joint_neural_gte,Joint neural HEF + GTE (fine-tuned),joint_neural_hef,link_lives_release2,ranking,ndcg_at_100,3,0.530866264652664,0.17562937110796095,0.3430492386593861,0.6910261893780967
43,joint_neural_gte,Joint neural HEF + GTE (fine-tuned),joint_neural_hef,walmart_amazon,classification,average_precision,3,0.8575477291892739,0.012911871090570818,0.8472881744071942,0.8720462080279343
43,joint_neural_gte,Joint neural HEF + GTE (fine-tuned),joint_neural_hef,walmart_amazon,classification,f1,3,0.805508411422606,0.015408369172401674,0.7896103896103897,0.8203753351206434
43,joint_neural_gte,Joint neural HEF + GTE (fine-tuned),joint_neural_hef,walmart_amazon,classification,precision,3,0.8307471264367816,0.03384589082205372,0.7916666666666666,0.8505747126436781
43,joint_neural_gte,Joint neural HEF + GTE (fine-tuned),joint_neural_hef,walmart_amazon,classification,recall,3,0.7823834196891192,0.013708556015878757,0.7668393782383419,0.7927461139896373
43,joint_neural_gte,Joint neural HEF + GTE (fine-tuned),joint_neural_hef,walmart_amazon,classification,roc_auc,3,0.9681563039723662,0.005155026061589615,0.9631889851706271,0.9734804917813115
43,joint_neural_gte,Joint neural HEF + GTE (fine-tuned),joint_neural_hef,walmart_amazon,ranking,hits_at_1,3,0.9567430025445293,0.004407253963279593,0.9541984732824428,0.9618320610687023
43,joint_neural_gte,Joint neural HEF + GTE (fine-tuned),joint_neural_hef,walmart_amazon,ranking,hits_at_100,3,1.0,0.0,1.0,1.0
43,joint_neural_gte,Joint neural HEF + GTE (fine-tuned),joint_neural_hef,walmart_amazon,ranking,hits_at_100_end_to_end,3,1.0,0.0,1.0,1.0
43,joint_neural_gte,Joint neural HEF + GTE (fine-tuned),joint_neural_hef,walmart_amazon,ranking,mrr_at_100,3,0.9655929718463215,0.0042896313777095125,0.961562640323305,0.9701017811704835
43,joint_neural_gte,Joint neural HEF + GTE (fine-tuned),joint_neural_hef,walmart_amazon,ranking,ndcg_at_100,3,0.967724336401035,0.00584899890013572,0.9624726091898936,0.9740278771415112
43,joint_neural_gte,Joint neural HEF + GTE (fine-tuned),joint_neural_hef,wdc_80_medium_seen,classification,average_precision,3,0.7257342114519157,0.007810961588597692,0.7170641107254387,0.7322217338784122
43,joint_neural_gte,Joint neural HEF + GTE (fine-tuned),joint_neural_hef,wdc_80_medium_seen,classification,f1,3,0.6767223231239062,0.009148147049667314,0.6672862453531598,0.6855524079320113
43,joint_neural_gte,Joint neural HEF + GTE (fine-tuned),joint_neural_hef,wdc_80_medium_seen,classification,precision,3,0.6373564623873135,0.013178111857425876,0.6232638888888888,0.6493738819320215
43,joint_neural_gte,Joint neural HEF + GTE (fine-tuned),joint_neural_hef,wdc_80_medium_seen,classification,recall,3,0.7213333333333333,0.0041633319989322695,0.718,0.726
43,joint_neural_gte,Joint neural HEF + GTE (fine-tuned),joint_neural_hef,wdc_80_medium_seen,classification,roc_auc,3,0.9362620833333334,0.005323743333720431,0.9301312500000001,0.93971725
43,joint_neural_gte,Joint neural HEF + GTE (fine-tuned),joint_neural_hef,wdc_80_medium_seen,ranking,hits_at_1,3,0.6593186372745491,0.01836703685353044,0.6432865731462926,0.6793587174348698
43,joint_neural_gte,Joint neural HEF + GTE (fine-tuned),joint_neural_hef,wdc_80_medium_seen,ranking,hits_at_100,3,1.0,0.0,1.0,1.0
43,joint_neural_gte,Joint neural HEF + GTE (fine-tuned),joint_neural_hef,wdc_80_medium_seen,ranking,hits_at_100_end_to_end,3,0.998,0.0,0.998,0.998
43,joint_neural_gte,Joint neural HEF + GTE (fine-tuned),joint_neural_hef,wdc_80_medium_seen,ranking,mrr_at_100,3,0.763902464686156,0.012986503290561164,0.7507840607960273,0.7767529206594208
43,joint_neural_gte,Joint neural HEF + GTE (fine-tuned),joint_neural_hef,wdc_80_medium_seen,ranking,ndcg_at_100,3,0.8185840441155781,0.010206699142716753,0.8078926651621987,0.8282247911525762
43,joint_neural_gte,Joint neural HEF + GTE (fine-tuned),joint_neural_hef,wdc_80_medium_unseen,classification,average_precision,3,0.666921601078176,0.008424557446606497,0.6590633094509876,0.675816490310204
43,joint_neural_gte,Joint neural HEF + GTE (fine-tuned),joint_neural_hef,wdc_80_medium_unseen,classification,f1,3,0.67452283309331,0.011907213752835509,0.6655922643029815,0.6880415944540728
43,joint_neural_gte,Joint neural HEF + GTE (fine-tuned),joint_neural_hef,wdc_80_medium_unseen,classification,precision,3,0.576895635820382,0.02648057040735362,0.5573549257759784,0.6070336391437309
43,joint_neural_gte,Joint neural HEF + GTE (fine-tuned),joint_neural_hef,wdc_80_medium_unseen,classification,recall,3,0.8133333333333334,0.017009801096230716,0.794,0.826
43,joint_neural_gte,Joint neural HEF + GTE (fine-tuned),joint_neural_hef,wdc_80_medium_unseen,classification,roc_auc,3,0.9410006666666667,0.0007155016305595491,0.9404079999999999,0.9417955
43,joint_neural_gte,Joint neural HEF + GTE (fine-tuned),joint_neural_hef,wdc_80_medium_unseen,ranking,hits_at_1,3,0.7095046854082998,0.017078113550432476,0.6967871485943775,0.7289156626506024
43,joint_neural_gte,Joint neural HEF + GTE (fine-tuned),joint_neural_hef,wdc_80_medium_unseen,ranking,hits_at_100,3,1.0,0.0,1.0,1.0
43,joint_neural_gte,Joint neural HEF + GTE (fine-tuned),joint_neural_hef,wdc_80_medium_unseen,ranking,hits_at_100_end_to_end,3,0.996,0.0,0.996,0.996
43,joint_neural_gte,Joint neural HEF + GTE (fine-tuned),joint_neural_hef,wdc_80_medium_unseen,ranking,mrr_at_100,3,0.8063799032690273,0.014501435705528648,0.7940807499591996,0.8223701993294317
43,joint_neural_gte,Joint neural HEF + GTE (fine-tuned),joint_neural_hef,wdc_80_medium_unseen,ranking,ndcg_at_100,3,0.8522620478622697,0.011509000313485026,0.8423114153996888,0.864865979525719
44,joint_neural_jina,Joint neural HEF + Jina (fine-tuned),joint_neural_hef,abt_buy,classification,average_precision,3,0.9094403889157138,0.028352120933155242,0.8817963229824599,0.938451133987608
44,joint_neural_jina,Joint neural HEF + Jina (fine-tuned),joint_neural_hef,abt_buy,classification,f1,3,0.900990522672293,0.009725306209255808,0.8947368421052632,0.9121951219512195
44,joint_neural_jina,Joint neural HEF + Jina (fine-tuned),joint_neural_hef,abt_buy,classification,precision,3,0.9042945175020647,0.01928363872321932,0.8820754716981132,0.9166666666666666
44,joint_neural_jina,Joint neural HEF + Jina (fine-tuned),joint_neural_hef,abt_buy,classification,recall,3,0.8980582524271845,0.01681602725795026,0.8786407766990292,0.9077669902912622
44,joint_neural_jina,Joint neural HEF + Jina (fine-tuned),joint_neural_hef,abt_buy,classification,roc_auc,3,0.9809998296712655,0.009009027002317755,0.9706438426162494,0.9870308862771817
44,joint_neural_jina,Joint neural HEF + Jina (fine-tuned),joint_neural_hef,abt_buy,ranking,hits_at_1,3,0.9393939393939394,0.01634163297677655,0.922077922077922,0.9545454545454546
44,joint_neural_jina,Joint neural HEF + Jina (fine-tuned),joint_neural_hef,abt_buy,ranking,hits_at_100,3,1.0,0.0,1.0,1.0
44,joint_neural_jina,Joint neural HEF + Jina (fine-tuned),joint_neural_hef,abt_buy,ranking,hits_at_100_end_to_end,3,1.0,0.0,1.0,1.0
44,joint_neural_jina,Joint neural HEF + Jina (fine-tuned),joint_neural_hef,abt_buy,ranking,mrr_at_100,3,0.9629364142351156,0.00989514342136084,0.9525461010850622,0.972247990105133
44,joint_neural_jina,Joint neural HEF + Jina (fine-tuned),joint_neural_hef,abt_buy,ranking,ndcg_at_100,3,0.9711281533150701,0.008008449545102362,0.962355450683212,0.9780472956836115
44,joint_neural_jina,Joint neural HEF + Jina (fine-tuned),joint_neural_hef,amazon_google,classification,average_precision,3,0.7932177782516747,0.025672964915080303,0.7675794679654983,0.8189252580253442
44,joint_neural_jina,Joint neural HEF + Jina (fine-tuned),joint_neural_hef,amazon_google,classification,f1,3,0.7863612022199059,0.021581554819028518,0.7677543186180422,0.8100208768267223
44,joint_neural_jina,Joint neural HEF + Jina (fine-tuned),joint_neural_hef,amazon_google,classification,precision,3,0.7276843352201913,0.055571802601891436,0.6943521594684385,0.7918367346938775
44,joint_neural_jina,Joint neural HEF + Jina (fine-tuned),joint_neural_hef,amazon_google,classification,recall,3,0.858974358974359,0.032264249723379275,0.8290598290598291,0.8931623931623932
44,joint_neural_jina,Joint neural HEF + Jina (fine-tuned),joint_neural_hef,amazon_google,classification,roc_auc,3,0.9657358632589327,0.004085765326118563,0.9622026292740231,0.9702100015358879
44,joint_neural_jina,Joint neural HEF + Jina (fine-tuned),joint_neural_hef,amazon_google,ranking,hits_at_1,3,0.9161554192229039,0.007084052382694818,0.9079754601226994,0.9202453987730062
44,joint_neural_jina,Joint neural HEF + Jina (fine-tuned),joint_neural_hef,amazon_google,ranking,hits_at_100,3,1.0,0.0,1.0,1.0
44,joint_neural_jina,Joint neural HEF + Jina (fine-tuned),joint_neural_hef,amazon_google,ranking,hits_at_100_end_to_end,3,1.0,0.0,1.0,1.0
44,joint_neural_jina,Joint neural HEF + Jina (fine-tuned),joint_neural_hef,amazon_google,ranking,mrr_at_100,3,0.952476709838673,0.0030150277490150626,0.9490456714383095,0.9547034764826177
44,joint_neural_jina,Joint neural HEF + Jina (fine-tuned),joint_neural_hef,amazon_google,ranking,ndcg_at_100,3,0.9640013649689837,0.0028218084134845334,0.9607522124303238,0.9658377396278307
44,joint_neural_jina,Joint neural HEF + Jina (fine-tuned),joint_neural_hef,link_lives_release2,classification,average_precision,3,0.9756165666042942,0.003492236206265227,0.9718185999515846,0.9786891344819401
44,joint_neural_jina,Joint neural HEF + Jina (fine-tuned),joint_neural_hef,link_lives_release2,classification,f1,3,0.9364384903887712,0.001547609868214419,0.9351505166991164,0.9381552955477891
44,joint_neural_jina,Joint neural HEF + Jina (fine-tuned),joint_neural_hef,link_lives_release2,classification,precision,3,0.9187640845121788,0.007876259157008025,0.9110008754012255,0.9267487241068748
44,joint_neural_jina,Joint neural HEF + Jina (fine-tuned),joint_neural_hef,link_lives_release2,classification,recall,3,0.9548717948717949,0.005420393953527714,0.9498461538461539,0.9606153846153846
44,joint_neural_jina,Joint neural HEF + Jina (fine-tuned),joint_neural_hef,link_lives_release2,classification,roc_auc,3,0.9949631167141737,0.0004487539593849377,0.9944905783100262,0.9953835345206895
44,joint_neural_jina,Joint neural HEF + Jina (fine-tuned),joint_neural_hef,link_lives_release2,ranking,hits_at_1,3,0.6075369560691235,0.28536907863333194,0.27857589006870703,0.7885696439725172
44,joint_neural_jina,Joint neural HEF + Jina (fine-tuned),joint_neural_hef,link_lives_release2,ranking,hits_at_100,3,1.0,0.0,1.0,1.0
44,joint_neural_jina,Joint neural HEF + Jina (fine-tuned),joint_neural_hef,link_lives_release2,ranking,hits_at_100_end_to_end,3,0.9852307692307692,0.0,0.9852307692307692,0.9852307692307692
44,joint_neural_jina,Joint neural HEF + Jina (fine-tuned),joint_neural_hef,link_lives_release2,ranking,mrr_at_100,3,0.6975131246938469,0.27531928023094177,0.37984282850370127,0.867067099951103
44,joint_neural_jina,Joint neural HEF + Jina (fine-tuned),joint_neural_hef,link_lives_release2,ranking,ndcg_at_100,3,0.7616070099308133,0.22316366100359875,0.5040902520369824,0.8984807536518296
44,joint_neural_jina,Joint neural HEF + Jina (fine-tuned),joint_neural_hef,walmart_amazon,classification,average_precision,3,0.9033963678681886,0.015484265761440639,0.8938487085160302,0.9212619558999005
44,joint_neural_jina,Joint neural HEF + Jina (fine-tuned),joint_neural_hef,walmart_amazon,classification,f1,3,0.8593884006259921,0.003456189149290102,0.8563685636856369,0.8631578947368421
44,joint_neural_jina,Joint neural HEF + Jina (fine-tuned),joint_neural_hef,walmart_amazon,classification,precision,3,0.8808191626819077,0.015360500175060564,0.8677248677248677,0.8977272727272727
44,joint_neural_jina,Joint neural HEF + Jina (fine-tuned),joint_neural_hef,walmart_amazon,classification,recall,3,0.8393782383419689,0.017948713031801837,0.8186528497409327,0.8497409326424871
44,joint_neural_jina,Joint neural HEF + Jina (fine-tuned),joint_neural_hef,walmart_amazon,classification,roc_auc,3,0.9627804701923648,0.00836458291439483,0.954428711809898,0.9711578189208503
44,joint_neural_jina,Joint neural HEF + Jina (fine-tuned),joint_neural_hef,walmart_amazon,ranking,hits_at_1,3,0.9312977099236641,0.01526717557251911,0.916030534351145,0.9465648854961832
44,joint_neural_jina,Joint neural HEF + Jina (fine-tuned),joint_neural_hef,walmart_amazon,ranking,hits_at_100,3,1.0,0.0,1.0,1.0
44,joint_neural_jina,Joint neural HEF + Jina (fine-tuned),joint_neural_hef,walmart_amazon,ranking,hits_at_100_end_to_end,3,1.0,0.0,1.0,1.0
44,joint_neural_jina,Joint neural HEF + Jina (fine-tuned),joint_neural_hef,walmart_amazon,ranking,mrr_at_100,3,0.9543993954664138,0.00952429838858948,0.9439408396946565,0.9625742154368109
44,joint_neural_jina,Joint neural HEF + Jina (fine-tuned),joint_neural_hef,walmart_amazon,ranking,ndcg_at_100,3,0.9608018154097745,0.0071441812828813706,0.9528199198265982,0.9665972945469273
44,joint_neural_jina,Joint neural HEF + Jina (fine-tuned),joint_neural_hef,wdc_80_medium_seen,classification,average_precision,3,0.6996929603393116,0.04085040806563154,0.6539939419011895,0.7326645061356998
44,joint_neural_jina,Joint neural HEF + Jina (fine-tuned),joint_neural_hef,wdc_80_medium_seen,classification,f1,3,0.7483781939043581,0.007359436569800402,0.740200546946217,0.7544684854186265
44,joint_neural_jina,Joint neural HEF + Jina (fine-tuned),joint_neural_hef,wdc_80_medium_seen,classification,precision,3,0.6981377888853577,0.016454413860556225,0.6800670016750419,0.7122557726465364
44,joint_neural_jina,Joint neural HEF + Jina (fine-tuned),joint_neural_hef,wdc_80_medium_seen,classification,recall,3,0.8066666666666668,0.005033222956847171,0.802,0.812
44,joint_neural_jina,Joint neural HEF + Jina (fine-tuned),joint_neural_hef,wdc_80_medium_seen,classification,roc_auc,3,0.9420732500000001,0.0059790764284712436,0.9361477500000001,0.9481045000000001
44,joint_neural_jina,Joint neural HEF + Jina (fine-tuned),joint_neural_hef,wdc_80_medium_seen,ranking,hits_at_1,3,0.7548430193720774,0.016073760074169642,0.7394789579158316,0.7715430861723447
44,joint_neural_jina,Joint neural HEF + Jina (fine-tuned),joint_neural_hef,wdc_80_medium_seen,ranking,hits_at_100,3,1.0,0.0,1.0,1.0
44,joint_neural_jina,Joint neural HEF + Jina (fine-tuned),joint_neural_hef,wdc_80_medium_seen,ranking,hits_at_100_end_to_end,3,0.998,0.0,0.998,0.998
44,joint_neural_jina,Joint neural HEF + Jina (fine-tuned),joint_neural_hef,wdc_80_medium_seen,ranking,mrr_at_100,3,0.8344036120139207,0.011856739213843635,0.8229187750845627,0.8466001884650948
44,joint_neural_jina,Joint neural HEF + Jina (fine-tuned),joint_neural_hef,wdc_80_medium_seen,ranking,ndcg_at_100,3,0.873256302093402,0.00966085559223145,0.8637095473004306,0.883027352495008
44,joint_neural_jina,Joint neural HEF + Jina (fine-tuned),joint_neural_hef,wdc_80_medium_unseen,classification,average_precision,3,0.7121236902234228,0.034305808847254676,0.6789726266479664,0.7474780334359035
44,joint_neural_jina,Joint neural HEF + Jina (fine-tuned),joint_neural_hef,wdc_80_medium_unseen,classification,f1,3,0.7438793656396635,0.013665524488649937,0.7284172661870504,0.754337899543379
44,joint_neural_jina,Joint neural HEF + Jina (fine-tuned),joint_neural_hef,wdc_80_medium_unseen,classification,precision,3,0.6775935252938009,0.01618767385124269,0.6617647058823529,0.6941176470588235
44,joint_neural_jina,Joint neural HEF + Jina (fine-tuned),joint_neural_hef,wdc_80_medium_unseen,classification,recall,3,0.8246666666666667,0.01404753833713694,0.81,0.838
44,joint_neural_jina,Joint neural HEF + Jina (fine-tuned),joint_neural_hef,wdc_80_medium_unseen,classification,roc_auc,3,0.9526278333333333,0.006117074343248851,0.94833375,0.95963175
44,joint_neural_jina,Joint neural HEF + Jina (fine-tuned),joint_neural_hef,wdc_80_medium_unseen,ranking,hits_at_1,3,0.7918340026773761,0.015336598711364948,0.7751004016064257,0.8052208835341366
44,joint_neural_jina,Joint neural HEF + Jina (fine-tuned),joint_neural_hef,wdc_80_medium_unseen,ranking,hits_at_100,3,1.0,0.0,1.0,1.0
44,joint_neural_jina,Joint neural HEF + Jina (fine-tuned),joint_neural_hef,wdc_80_medium_unseen,ranking,hits_at_100_end_to_end,3,0.996,0.0,0.996,0.996
44,joint_neural_jina,Joint neural HEF + Jina (fine-tuned),joint_neural_hef,wdc_80_medium_unseen,ranking,mrr_at_100,3,0.8604608116928866,0.011715160219974177,0.8486463537382892,0.8720740827668538
44,joint_neural_jina,Joint neural HEF + Jina (fine-tuned),joint_neural_hef,wdc_80_medium_unseen,ranking,ndcg_at_100,3,0.8937353123077582,0.00918791466650076,0.8847433219452165,0.9031073569051925
45,joint_neural_minilm,Joint neural HEF + MiniLM (fine-tuned),joint_neural_hef,abt_buy,classification,average_precision,3,0.8323319390208287,0.006285001718912165,0.8256153211686231,0.8380706954001016
45,joint_neural_minilm,Joint neural HEF + MiniLM (fine-tuned),joint_neural_hef,abt_buy,classification,f1,3,0.7564367041586759,0.010459048877983993,0.7457627118644068,0.7666666666666667
45,joint_neural_minilm,Joint neural HEF + MiniLM (fine-tuned),joint_neural_hef,abt_buy,classification,precision,3,0.710460629428101,0.04573670490611044,0.6616541353383458,0.7523364485981309
45,joint_neural_minilm,Joint neural HEF + MiniLM (fine-tuned),joint_neural_hef,abt_buy,classification,recall,3,0.8122977346278317,0.03770608478230109,0.7815533980582524,0.8543689320388349
45,joint_neural_minilm,Joint neural HEF + MiniLM (fine-tuned),joint_neural_hef,abt_buy,classification,roc_auc,3,0.9711325914570678,0.0003735501905329506,0.9707133935161529,0.9714301936069949
45,joint_neural_minilm,Joint neural HEF + MiniLM (fine-tuned),joint_neural_hef,abt_buy,ranking,hits_at_1,3,0.8744588744588744,0.007498055444021117,0.8701298701298701,0.8831168831168831
45,joint_neural_minilm,Joint neural HEF + MiniLM (fine-tuned),joint_neural_hef,abt_buy,ranking,hits_at_100,3,1.0,0.0,1.0,1.0
45,joint_neural_minilm,Joint neural HEF + MiniLM (fine-tuned),joint_neural_hef,abt_buy,ranking,hits_at_100_end_to_end,3,1.0,0.0,1.0,1.0
45,joint_neural_minilm,Joint neural HEF + MiniLM (fine-tuned),joint_neural_hef,abt_buy,ranking,mrr_at_100,3,0.9225430323644609,0.006248232490818263,0.9158163265306122,0.9281655844155844
45,joint_neural_minilm,Joint neural HEF + MiniLM (fine-tuned),joint_neural_hef,abt_buy,ranking,ndcg_at_100,3,0.9399238915790847,0.005121837878621693,0.9344801417695755,0.9446476191915791
45,joint_neural_minilm,Joint neural HEF + MiniLM (fine-tuned),joint_neural_hef,amazon_google,classification,average_precision,3,0.7313677094932315,0.006565670420382388,0.7258986757866263,0.7386492342425132
45,joint_neural_minilm,Joint neural HEF + MiniLM (fine-tuned),joint_neural_hef,amazon_google,classification,f1,3,0.7106631713145942,0.01170650557971825,0.6996197718631179,0.7229357798165138
45,joint_neural_minilm,Joint neural HEF + MiniLM (fine-tuned),joint_neural_hef,amazon_google,classification,precision,3,0.6329042119686528,0.002541867073706058,0.6301369863013698,0.6351351351351351
45,joint_neural_minilm,Joint neural HEF + MiniLM (fine-tuned),joint_neural_hef,amazon_google,classification,recall,3,0.8105413105413105,0.028454393668715362,0.7863247863247863,0.8418803418803419
45,joint_neural_minilm,Joint neural HEF + MiniLM (fine-tuned),joint_neural_hef,amazon_google,classification,roc_auc,3,0.9642930280375642,0.0011956214288338083,0.9629674599320058,0.9652899714822979
45,joint_neural_minilm,Joint neural HEF + MiniLM (fine-tuned),joint_neural_hef,amazon_google,ranking,hits_at_1,3,0.8752556237218814,0.009371320439582501,0.8650306748466258,0.8834355828220859
45,joint_neural_minilm,Joint neural HEF + MiniLM (fine-tuned),joint_neural_hef,amazon_google,ranking,hits_at_100,3,1.0,0.0,1.0,1.0
45,joint_neural_minilm,Joint neural HEF + MiniLM (fine-tuned),joint_neural_hef,amazon_google,ranking,hits_at_100_end_to_end,3,1.0,0.0,1.0,1.0
45,joint_neural_minilm,Joint neural HEF + MiniLM (fine-tuned),joint_neural_hef,amazon_google,ranking,mrr_at_100,3,0.9285510329414297,0.003969632225610822,0.9241470240017222,0.9318537230843257
45,joint_neural_minilm,Joint neural HEF + MiniLM (fine-tuned),joint_neural_hef,amazon_google,ranking,ndcg_at_100,3,0.9440876659652271,0.002781089652643031,0.9412875902788468,0.9468493725526221
45,joint_neural_minilm,Joint neural HEF + MiniLM (fine-tuned),joint_neural_hef,link_lives_release2,classification,average_precision,3,0.9523832255688771,0.0031579652925895134,0.9489206447635701,0.9551047913949555
45,joint_neural_minilm,Joint neural HEF + MiniLM (fine-tuned),joint_neural_hef,link_lives_release2,classification,f1,3,0.8801307657124843,0.005203580894587589,0.8761301989150091,0.8860135551447936
45,joint_neural_minilm,Joint neural HEF + MiniLM (fine-tuned),joint_neural_hef,link_lives_release2,classification,precision,3,0.8817623052490356,0.021069601870166228,0.8585351447135263,0.8996450467892869
45,joint_neural_minilm,Joint neural HEF + MiniLM (fine-tuned),joint_neural_hef,link_lives_release2,classification,recall,3,0.8790769230769231,0.018994860718831573,0.8578461538461538,0.8944615384615384
45,joint_neural_minilm,Joint neural HEF + MiniLM (fine-tuned),joint_neural_hef,link_lives_release2,classification,roc_auc,3,0.9882079276108124,0.001508735757997939,0.9865265911656111,0.9894437089893444
45,joint_neural_minilm,Joint neural HEF + MiniLM (fine-tuned),joint_neural_hef,link_lives_release2,ranking,hits_at_1,3,0.6753070997293358,0.0031437994733586514,0.6723922548407245,0.6786383510306059
45,joint_neural_minilm,Joint neural HEF + MiniLM (fine-tuned),joint_neural_hef,link_lives_release2,ranking,hits_at_100,3,1.0,0.0,1.0,1.0
45,joint_neural_minilm,Joint neural HEF + MiniLM (fine-tuned),joint_neural_hef,link_lives_release2,ranking,hits_at_100_end_to_end,3,0.9852307692307692,0.0,0.9852307692307692,0.9852307692307692
45,joint_neural_minilm,Joint neural HEF + MiniLM (fine-tuned),joint_neural_hef,link_lives_release2,ranking,mrr_at_100,3,0.7822939722146174,0.0035672782661610807,0.7796616232582371,0.7863539630964883
45,joint_neural_minilm,Joint neural HEF + MiniLM (fine-tuned),joint_neural_hef,link_lives_release2,ranking,ndcg_at_100,3,0.833664922551469,0.0028037340566396066,0.8316879924646323,0.8368736883029403
45,joint_neural_minilm,Joint neural HEF + MiniLM (fine-tuned),joint_neural_hef,walmart_amazon,classification,average_precision,3,0.7696453845236213,0.007235945377091907,0.7635877444659015,0.7776579434299294
45,joint_neural_minilm,Joint neural HEF + MiniLM (fine-tuned),joint_neural_hef,walmart_amazon,classification,f1,3,0.7296618220225776,0.016787016688497927,0.7132530120481928,0.7468030690537084
45,joint_neural_minilm,Joint neural HEF + MiniLM (fine-tuned),joint_neural_hef,walmart_amazon,classification,precision,3,0.6848156360351482,0.046237038553478785,0.6504065040650406,0.7373737373737373
45,joint_neural_minilm,Joint neural HEF + MiniLM (fine-tuned),joint_neural_hef,walmart_amazon,classification,recall,3,0.7841105354058722,0.03923252743212621,0.7564766839378239,0.8290155440414507
45,joint_neural_minilm,Joint neural HEF + MiniLM (fine-tuned),joint_neural_hef,walmart_amazon,classification,roc_auc,3,0.9608253677565363,0.00128401102664791,0.9594579127211006,0.9620053153475076
45,joint_neural_minilm,Joint neural HEF + MiniLM (fine-tuned),joint_neural_hef,walmart_amazon,ranking,hits_at_1,3,0.8982188295165394,0.004407253963279529,0.8931297709923665,0.9007633587786259
45,joint_neural_minilm,Joint neural HEF + MiniLM (fine-tuned),joint_neural_hef,walmart_amazon,ranking,hits_at_100,3,1.0,0.0,1.0,1.0
45,joint_neural_minilm,Joint neural HEF + MiniLM (fine-tuned),joint_neural_hef,walmart_amazon,ranking,hits_at_100_end_to_end,3,1.0,0.0,1.0,1.0
45,joint_neural_minilm,Joint neural HEF + MiniLM (fine-tuned),joint_neural_hef,walmart_amazon,ranking,mrr_at_100,3,0.9350685609273395,0.0032620408721835744,0.9327820186598812,0.9388040712468193
45,joint_neural_minilm,Joint neural HEF + MiniLM (fine-tuned),joint_neural_hef,walmart_amazon,ranking,ndcg_at_100,3,0.9484980841874757,0.002965254799008961,0.9462828036594898,0.951866727582778
45,joint_neural_minilm,Joint neural HEF + MiniLM (fine-tuned),joint_neural_hef,wdc_80_medium_seen,classification,average_precision,3,0.5099785986239137,0.004054051453408481,0.5055951925510422,0.5135932024253779
45,joint_neural_minilm,Joint neural HEF + MiniLM (fine-tuned),joint_neural_hef,wdc_80_medium_seen,classification,f1,3,0.5354825644949076,0.0033316293679481537,0.5330948121645797,0.5392886683209264
45,joint_neural_minilm,Joint neural HEF + MiniLM (fine-tuned),joint_neural_hef,wdc_80_medium_seen,classification,precision,3,0.4602902083012179,0.021670719954131494,0.43886743886743884,0.48220064724919093
45,joint_neural_minilm,Joint neural HEF + MiniLM (fine-tuned),joint_neural_hef,wdc_80_medium_seen,classification,recall,3,0.6433333333333333,0.043650124092988976,0.596,0.682
45,joint_neural_minilm,Joint neural HEF + MiniLM (fine-tuned),joint_neural_hef,wdc_80_medium_seen,classification,roc_auc,3,0.8932315833333333,0.0019486429947101896,0.8917999999999999,0.8954507499999999
45,joint_neural_minilm,Joint neural HEF + MiniLM (fine-tuned),joint_neural_hef,wdc_80_medium_seen,ranking,hits_at_1,3,0.5464261857047428,0.00612234561784348,0.5410821643286573,0.5531062124248497
45,joint_neural_minilm,Joint neural HEF + MiniLM (fine-tuned),joint_neural_hef,wdc_80_medium_seen,ranking,hits_at_100,3,1.0,0.0,1.0,1.0
45,joint_neural_minilm,Joint neural HEF + MiniLM (fine-tuned),joint_neural_hef,wdc_80_medium_seen,ranking,hits_at_100_end_to_end,3,0.998,0.0,0.998,0.998
45,joint_neural_minilm,Joint neural HEF + MiniLM (fine-tuned),joint_neural_hef,wdc_80_medium_seen,ranking,mrr_at_100,3,0.6761984862298261,0.0033042809183510564,0.6727690312358581,0.6793614544597822
45,joint_neural_minilm,Joint neural HEF + MiniLM (fine-tuned),joint_neural_hef,wdc_80_medium_seen,ranking,ndcg_at_100,3,0.7509085816313915,0.0023473787236026763,0.7483896617973327,0.753034914678822
45,joint_neural_minilm,Joint neural HEF + MiniLM (fine-tuned),joint_neural_hef,wdc_80_medium_unseen,classification,average_precision,3,0.47705642591840064,0.005679671247771129,0.470521549754415,0.4808036666929532
45,joint_neural_minilm,Joint neural HEF + MiniLM (fine-tuned),joint_neural_hef,wdc_80_medium_unseen,classification,f1,3,0.5352649340269148,0.0008472623965555813,0.5345247766043867,0.5361890694239291
45,joint_neural_minilm,Joint neural HEF + MiniLM (fine-tuned),joint_neural_hef,wdc_80_medium_unseen,classification,precision,3,0.43683654417706025,0.012568152093097912,0.42505854800936765,0.45006839945280436
45,joint_neural_minilm,Joint neural HEF + MiniLM (fine-tuned),joint_neural_hef,wdc_80_medium_unseen,classification,recall,3,0.6926666666666667,0.0340196021924615,0.658,0.726
45,joint_neural_minilm,Joint neural HEF + MiniLM (fine-tuned),joint_neural_hef,wdc_80_medium_unseen,classification,roc_auc,3,0.8872199166666667,0.00286507325749853,0.88406875,0.8896679999999999
45,joint_neural_minilm,Joint neural HEF + MiniLM (fine-tuned),joint_neural_hef,wdc_80_medium_unseen,ranking,hits_at_1,3,0.5930388219544847,0.0070519770768760264,0.5863453815261044,0.6004016064257028
45,joint_neural_minilm,Joint neural HEF + MiniLM (fine-tuned),joint_neural_hef,wdc_80_medium_unseen,ranking,hits_at_100,3,1.0,0.0,1.0,1.0
45,joint_neural_minilm,Joint neural HEF + MiniLM (fine-tuned),joint_neural_hef,wdc_80_medium_unseen,ranking,hits_at_100_end_to_end,3,0.996,0.0,0.996,0.996
45,joint_neural_minilm,Joint neural HEF + MiniLM (fine-tuned),joint_neural_hef,wdc_80_medium_unseen,ranking,mrr_at_100,3,0.7134680607093027,0.004579044337210296,0.708669938436668,0.7177909628044243
45,joint_neural_minilm,Joint neural HEF + MiniLM (fine-tuned),joint_neural_hef,wdc_80_medium_unseen,ranking,ndcg_at_100,3,0.7800204452426001,0.003444735907234522,0.7762089147882507,0.7829112902468823
46,joint_neural_roberta,Joint neural HEF + RoBERTa (fine-tuned),joint_neural_hef,abt_buy,classification,average_precision,3,0.9559117126755223,0.010376271563996356,0.9439351005061558,0.962195961792284
46,joint_neural_roberta,Joint neural HEF + RoBERTa (fine-tuned),joint_neural_hef,abt_buy,classification,f1,3,0.8973770311335824,0.019483421221795656,0.8755980861244019,0.913151364764268
46,joint_neural_roberta,Joint neural HEF + RoBERTa (fine-tuned),joint_neural_hef,abt_buy,classification,precision,3,0.898752053664179,0.0354021714708451,0.8632075471698113,0.934010152284264
46,joint_neural_roberta,Joint neural HEF + RoBERTa (fine-tuned),joint_neural_hef,abt_buy,classification,recall,3,0.8964401294498382,0.01010517475468996,0.8883495145631068,0.9077669902912622
46,joint_neural_roberta,Joint neural HEF + RoBERTa (fine-tuned),joint_neural_hef,abt_buy,classification,roc_auc,3,0.9941775960937944,0.0008636325188637908,0.9932507238971214,0.9949596888661784
46,joint_neural_roberta,Joint neural HEF + RoBERTa (fine-tuned),joint_neural_hef,abt_buy,ranking,hits_at_1,3,0.961038961038961,0.006493506493506496,0.9545454545454546,0.9675324675324676
46,joint_neural_roberta,Joint neural HEF + RoBERTa (fine-tuned),joint_neural_hef,abt_buy,ranking,hits_at_100,3,1.0,0.0,1.0,1.0
46,joint_neural_roberta,Joint neural HEF + RoBERTa (fine-tuned),joint_neural_hef,abt_buy,ranking,hits_at_100_end_to_end,3,1.0,0.0,1.0,1.0
46,joint_neural_roberta,Joint neural HEF + RoBERTa (fine-tuned),joint_neural_hef,abt_buy,ranking,mrr_at_100,3,0.9733903662475092,0.0060710561239460765,0.9672954030096886,0.9794372294372296
46,joint_neural_roberta,Joint neural HEF + RoBERTa (fine-tuned),joint_neural_hef,abt_buy,ranking,ndcg_at_100,3,0.9783765897389727,0.004852388835498074,0.9733822883285359,0.9830733750677475
46,joint_neural_roberta,Joint neural HEF + RoBERTa (fine-tuned),joint_neural_hef,amazon_google,classification,average_precision,3,0.7941095460574226,0.042425592198922585,0.7451325510644212,0.8195315019198502
46,joint_neural_roberta,Joint neural HEF + RoBERTa (fine-tuned),joint_neural_hef,amazon_google,classification,f1,3,0.7660298576177456,0.00959948936713046,0.7560975609756098,0.7752577319587629
46,joint_neural_roberta,Joint neural HEF + RoBERTa (fine-tuned),joint_neural_hef,amazon_google,classification,precision,3,0.733221315450538,0.014358873877638765,0.7209302325581395,0.749003984063745
46,joint_neural_roberta,Joint neural HEF + RoBERTa (fine-tuned),joint_neural_hef,amazon_google,classification,recall,3,0.801994301994302,0.006527885605350237,0.7948717948717948,0.8076923076923077
46,joint_neural_roberta,Joint neural HEF + RoBERTa (fine-tuned),joint_neural_hef,amazon_google,classification,roc_auc,3,0.9715092796685803,0.000681413899746797,0.9710464377778608,0.9722917522820389
46,joint_neural_roberta,Joint neural HEF + RoBERTa (fine-tuned),joint_neural_hef,amazon_google,ranking,hits_at_1,3,0.8957055214723927,0.022119946475239193,0.8773006134969326,0.9202453987730062
46,joint_neural_roberta,Joint neural HEF + RoBERTa (fine-tuned),joint_neural_hef,amazon_google,ranking,hits_at_100,3,1.0,0.0,1.0,1.0
46,joint_neural_roberta,Joint neural HEF + RoBERTa (fine-tuned),joint_neural_hef,amazon_google,ranking,hits_at_100_end_to_end,3,1.0,0.0,1.0,1.0
46,joint_neural_roberta,Joint neural HEF + RoBERTa (fine-tuned),joint_neural_hef,amazon_google,ranking,mrr_at_100,3,0.9373501178711726,0.012677850949236605,0.924751427966998,0.9501056741127777
46,joint_neural_roberta,Joint neural HEF + RoBERTa (fine-tuned),joint_neural_hef,amazon_google,ranking,ndcg_at_100,3,0.9523806004690325,0.009720041267544695,0.9419973690788028,0.9612628233859313
46,joint_neural_roberta,Joint neural HEF + RoBERTa (fine-tuned),joint_neural_hef,link_lives_release2,classification,average_precision,3,0.9751161633149824,0.003245536044938293,0.9714735316946268,0.9777003227380868
46,joint_neural_roberta,Joint neural HEF + RoBERTa (fine-tuned),joint_neural_hef,link_lives_release2,classification,f1,3,0.9216529690088924,0.0051823039081418405,0.9162226169330965,0.9265452373842938
46,joint_neural_roberta,Joint neural HEF + RoBERTa (fine-tuned),joint_neural_hef,link_lives_release2,classification,precision,3,0.8897249295378156,0.009038345271744646,0.8827723901882487,0.8999419953596288
46,joint_neural_roberta,Joint neural HEF + RoBERTa (fine-tuned),joint_neural_hef,link_lives_release2,classification,recall,3,0.956,0.004437601569801806,0.9523076923076923,0.9609230769230769
46,joint_neural_roberta,Joint neural HEF + RoBERTa (fine-tuned),joint_neural_hef,link_lives_release2,classification,roc_auc,3,0.9947382300614084,0.0003218914567147099,0.9945087329979148,0.995106182924263
46,joint_neural_roberta,Joint neural HEF + RoBERTa (fine-tuned),joint_neural_hef,link_lives_release2,ranking,hits_at_1,3,0.6555277951280449,0.029376579678463053,0.6355402873204248,0.6892567145534041
46,joint_neural_roberta,Joint neural HEF + RoBERTa (fine-tuned),joint_neural_hef,link_lives_release2,ranking,hits_at_100,3,1.0,0.0,1.0,1.0
46,joint_neural_roberta,Joint neural HEF + RoBERTa (fine-tuned),joint_neural_hef,link_lives_release2,ranking,hits_at_100_end_to_end,3,0.9852307692307692,0.0,0.9852307692307692,0.9852307692307692
46,joint_neural_roberta,Joint neural HEF + RoBERTa (fine-tuned),joint_neural_hef,link_lives_release2,ranking,mrr_at_100,3,0.7761998172082875,0.026836659958978784,0.7541689119662974,0.8060881532448525
46,joint_neural_roberta,Joint neural HEF + RoBERTa (fine-tuned),joint_neural_hef,link_lives_release2,ranking,ndcg_at_100,3,0.8302832114583751,0.02116736867813813,0.8125517503811515,0.8537178802838492
46,joint_neural_roberta,Joint neural HEF + RoBERTa (fine-tuned),joint_neural_hef,walmart_amazon,classification,average_precision,3,0.903059604702585,0.03673230644982704,0.862697767412945,0.9345300718360504
46,joint_neural_roberta,Joint neural HEF + RoBERTa (fine-tuned),joint_neural_hef,walmart_amazon,classification,f1,3,0.8769480583773936,0.008265990309196204,0.8674033149171271,0.8817204301075269
46,joint_neural_roberta,Joint neural HEF + RoBERTa (fine-tuned),joint_neural_hef,walmart_amazon,classification,precision,3,0.9204654391590361,0.0073860220877453335,0.9162011173184358,0.9289940828402367
46,joint_neural_roberta,Joint neural HEF + RoBERTa (fine-tuned),joint_neural_hef,walmart_amazon,classification,recall,3,0.8376511226252159,0.02094016520376882,0.8134715025906736,0.8497409326424871
46,joint_neural_roberta,Joint neural HEF + RoBERTa (fine-tuned),joint_neural_hef,walmart_amazon,classification,roc_auc,3,0.9787325613423858,0.0048618207569758294,0.9731203658209755,0.9816600969269251
46,joint_neural_roberta,Joint neural HEF + RoBERTa (fine-tuned),joint_neural_hef,walmart_amazon,ranking,hits_at_1,3,0.9414758269720102,0.04204252326172594,0.8931297709923665,0.9694656488549618
46,joint_neural_roberta,Joint neural HEF + RoBERTa (fine-tuned),joint_neural_hef,walmart_amazon,ranking,hits_at_100,3,1.0,0.0,1.0,1.0
46,joint_neural_roberta,Joint neural HEF + RoBERTa (fine-tuned),joint_neural_hef,walmart_amazon,ranking,hits_at_100_end_to_end,3,1.0,0.0,1.0,1.0
46,joint_neural_roberta,Joint neural HEF + RoBERTa (fine-tuned),joint_neural_hef,walmart_amazon,ranking,mrr_at_100,3,0.9629589852236162,0.023005661176742288,0.936586695747001,0.9789086796720385
46,joint_neural_roberta,Joint neural HEF + RoBERTa (fine-tuned),joint_neural_hef,walmart_amazon,ranking,ndcg_at_100,3,0.9686198202678085,0.01666519819042453,0.9495592842341063,0.9804415518578119
46,joint_neural_roberta,Joint neural HEF + RoBERTa (fine-tuned),joint_neural_hef,wdc_80_medium_seen,classification,average_precision,3,0.7982995844962419,0.0032370063596722587,0.7952625044150129,0.8017050051922531
46,joint_neural_roberta,Joint neural HEF + RoBERTa (fine-tuned),joint_neural_hef,wdc_80_medium_seen,classification,f1,3,0.7433817220263473,0.01343047360104189,0.7285024154589372,0.7546071774975752
46,joint_neural_roberta,Joint neural HEF + RoBERTa (fine-tuned),joint_neural_hef,wdc_80_medium_seen,classification,precision,3,0.7251780616203484,0.017985335180833544,0.7046728971962617,0.73828125
46,joint_neural_roberta,Joint neural HEF + RoBERTa (fine-tuned),joint_neural_hef,wdc_80_medium_seen,classification,recall,3,0.7626666666666667,0.013316656236958798,0.754,0.778
46,joint_neural_roberta,Joint neural HEF + RoBERTa (fine-tuned),joint_neural_hef,wdc_80_medium_seen,classification,roc_auc,3,0.9565352500000001,0.008282598992013324,0.9471045,0.962628
46,joint_neural_roberta,Joint neural HEF + RoBERTa (fine-tuned),joint_neural_hef,wdc_80_medium_seen,ranking,hits_at_1,3,0.7501670006680027,0.0153058640446087,0.7334669338677354,0.7635270541082164
46,joint_neural_roberta,Joint neural HEF + RoBERTa (fine-tuned),joint_neural_hef,wdc_80_medium_seen,ranking,hits_at_100,3,1.0,0.0,1.0,1.0
46,joint_neural_roberta,Joint neural HEF + RoBERTa (fine-tuned),joint_neural_hef,wdc_80_medium_seen,ranking,hits_at_100_end_to_end,3,0.998,0.0,0.998,0.998
46,joint_neural_roberta,Joint neural HEF + RoBERTa (fine-tuned),joint_neural_hef,wdc_80_medium_seen,ranking,mrr_at_100,3,0.8302772108904001,0.004390522805954396,0.825212241250981,0.8330000964018839
46,joint_neural_roberta,Joint neural HEF + RoBERTa (fine-tuned),joint_neural_hef,wdc_80_medium_seen,ranking,ndcg_at_100,3,0.8693459879720115,0.002470493776153044,0.8667347895938078,0.8716463593814033
46,joint_neural_roberta,Joint neural HEF + RoBERTa (fine-tuned),joint_neural_hef,wdc_80_medium_unseen,classification,average_precision,3,0.7320755479558675,0.01174229383368882,0.721222135602976,0.7445402968076785
46,joint_neural_roberta,Joint neural HEF + RoBERTa (fine-tuned),joint_neural_hef,wdc_80_medium_unseen,classification,f1,3,0.7109160576155833,0.014261902794161004,0.6987522281639929,0.7266121707538601
46,joint_neural_roberta,Joint neural HEF + RoBERTa (fine-tuned),joint_neural_hef,wdc_80_medium_unseen,classification,precision,3,0.6485662442060576,0.017704806162391472,0.6302250803858521,0.6655574043261231
46,joint_neural_roberta,Joint neural HEF + RoBERTa (fine-tuned),joint_neural_hef,wdc_80_medium_unseen,classification,recall,3,0.7866666666666667,0.012220201853215585,0.776,0.8
46,joint_neural_roberta,Joint neural HEF + RoBERTa (fine-tuned),joint_neural_hef,wdc_80_medium_unseen,classification,roc_auc,3,0.9475400833333333,0.009026808905744862,0.9376619999999999,0.95536025
46,joint_neural_roberta,Joint neural HEF + RoBERTa (fine-tuned),joint_neural_hef,wdc_80_medium_unseen,ranking,hits_at_1,3,0.7523427041499331,0.0114181540222436,0.7429718875502008,0.7650602409638554
46,joint_neural_roberta,Joint neural HEF + RoBERTa (fine-tuned),joint_neural_hef,wdc_80_medium_unseen,ranking,hits_at_100,3,1.0,0.0,1.0,1.0
46,joint_neural_roberta,Joint neural HEF + RoBERTa (fine-tuned),joint_neural_hef,wdc_80_medium_unseen,ranking,hits_at_100_end_to_end,3,0.996,0.0,0.996,0.996
46,joint_neural_roberta,Joint neural HEF + RoBERTa (fine-tuned),joint_neural_hef,wdc_80_medium_unseen,ranking,mrr_at_100,3,0.8308255379287742,0.0071511896397816,0.8225680615762974,0.8349630214085347
46,joint_neural_roberta,Joint neural HEF + RoBERTa (fine-tuned),joint_neural_hef,wdc_80_medium_unseen,ranking,ndcg_at_100,3,0.8697455922831216,0.006417371505446305,0.8623992140664866,0.8742588423193047
47,hef_e5_tuned_jina,HEF-GBDT + E5 + fine-tuned Jina (OOF),neural_hef_oof,abt_buy,classification,average_precision,3,0.9216464414392387,0.011639546232982955,0.9141747237987015,0.9350574805231929
47,hef_e5_tuned_jina,HEF-GBDT + E5 + fine-tuned Jina (OOF),neural_hef_oof,abt_buy,classification,f1,3,0.8944617152115647,0.010776778839114319,0.8827930174563591,0.9040404040404041
47,hef_e5_tuned_jina,HEF-GBDT + E5 + fine-tuned Jina (OOF),neural_hef_oof,abt_buy,classification,precision,3,0.9199325236167342,0.019236791442879868,0.9076923076923077,0.9421052631578948
47,hef_e5_tuned_jina,HEF-GBDT + E5 + fine-tuned Jina (OOF),neural_hef_oof,abt_buy,classification,recall,3,0.8705501618122977,0.012216560574871816,0.8592233009708737,0.883495145631068
47,hef_e5_tuned_jina,HEF-GBDT + E5 + fine-tuned Jina (OOF),neural_hef_oof,abt_buy,classification,roc_auc,3,0.9818211926796495,0.0022542119153585857,0.9802759325498211,0.984407823766536
47,hef_e5_tuned_jina,HEF-GBDT + E5 + fine-tuned Jina (OOF),neural_hef_oof,abt_buy,ranking,hits_at_1,3,0.9372294372294372,0.009918995010726905,0.9285714285714286,0.948051948051948
47,hef_e5_tuned_jina,HEF-GBDT + E5 + fine-tuned Jina (OOF),neural_hef_oof,abt_buy,ranking,hits_at_100,3,1.0,0.0,1.0,1.0
47,hef_e5_tuned_jina,HEF-GBDT + E5 + fine-tuned Jina (OOF),neural_hef_oof,abt_buy,ranking,hits_at_100_end_to_end,3,1.0,0.0,1.0,1.0
47,hef_e5_tuned_jina,HEF-GBDT + E5 + fine-tuned Jina (OOF),neural_hef_oof,abt_buy,ranking,mrr_at_100,3,0.9591512059369203,0.006164153008589862,0.9529329004329005,0.9652597402597403
47,hef_e5_tuned_jina,HEF-GBDT + E5 + fine-tuned Jina (OOF),neural_hef_oof,amazon_google,classification,average_precision,3,0.7485316405147305,0.015257257404877253,0.7356588104606034,0.7653844651111636
47,hef_e5_tuned_jina,HEF-GBDT + E5 + fine-tuned Jina (OOF),neural_hef_oof,amazon_google,classification,f1,3,0.7561586450547828,0.02220706139853566,0.7366071428571429,0.7803030303030303
47,hef_e5_tuned_jina,HEF-GBDT + E5 + fine-tuned Jina (OOF),neural_hef_oof,amazon_google,classification,precision,3,0.7354673956810138,0.035180261049291145,0.7006802721088435,0.7710280373831776
47,hef_e5_tuned_jina,HEF-GBDT + E5 + fine-tuned Jina (OOF),neural_hef_oof,amazon_google,classification,recall,3,0.784900284900285,0.08865161186610601,0.7051282051282052,0.8803418803418803
47,hef_e5_tuned_jina,HEF-GBDT + E5 + fine-tuned Jina (OOF),neural_hef_oof,amazon_google,classification,roc_auc,3,0.9475314407320236,0.003948785015149191,0.9434699858449251,0.9513569777047193
47,hef_e5_tuned_jina,HEF-GBDT + E5 + fine-tuned Jina (OOF),neural_hef_oof,amazon_google,ranking,hits_at_1,3,0.8323108384458078,0.015439334223457587,0.8159509202453987,0.8466257668711656
47,hef_e5_tuned_jina,HEF-GBDT + E5 + fine-tuned Jina (OOF),neural_hef_oof,amazon_google,ranking,hits_at_100,3,1.0,0.0,1.0,1.0
47,hef_e5_tuned_jina,HEF-GBDT + E5 + fine-tuned Jina (OOF),neural_hef_oof,amazon_google,ranking,hits_at_100_end_to_end,3,1.0,0.0,1.0,1.0
47,hef_e5_tuned_jina,HEF-GBDT + E5 + fine-tuned Jina (OOF),neural_hef_oof,amazon_google,ranking,mrr_at_100,3,0.9052488070892979,0.00951433186926238,0.8951942740286298,0.9141104294478528
47,hef_e5_tuned_jina,HEF-GBDT + E5 + fine-tuned Jina (OOF),neural_hef_oof,link_lives_release2,classification,average_precision,3,0.9744826109509763,0.004233318931158229,0.9696506264449024,0.9775388636765546
47,hef_e5_tuned_jina,HEF-GBDT + E5 + fine-tuned Jina (OOF),neural_hef_oof,link_lives_release2,classification,f1,3,0.934276188628978,0.009490868607729394,0.9261862917398945,0.9447236180904522
47,hef_e5_tuned_jina,HEF-GBDT + E5 + fine-tuned Jina (OOF),neural_hef_oof,link_lives_release2,classification,precision,3,0.9043823641765449,0.02718505611645544,0.883733929569592,0.9351823937292735
47,hef_e5_tuned_jina,HEF-GBDT + E5 + fine-tuned Jina (OOF),neural_hef_oof,link_lives_release2,classification,recall,3,0.9667692307692307,0.010658774200423835,0.9544615384615385,0.9729230769230769
47,hef_e5_tuned_jina,HEF-GBDT + E5 + fine-tuned Jina (OOF),neural_hef_oof,link_lives_release2,classification,roc_auc,3,0.9943884860890582,0.0010164694033756143,0.9932201805903622,0.9950701413731754
47,hef_e5_tuned_jina,HEF-GBDT + E5 + fine-tuned Jina (OOF),neural_hef_oof,link_lives_release2,ranking,hits_at_1,3,0.8744534665833854,0.041914051392398746,0.8288569643972518,0.9113054341036851
47,hef_e5_tuned_jina,HEF-GBDT + E5 + fine-tuned Jina (OOF),neural_hef_oof,link_lives_release2,ranking,hits_at_100,3,1.0,0.0,1.0,1.0
47,hef_e5_tuned_jina,HEF-GBDT + E5 + fine-tuned Jina (OOF),neural_hef_oof,link_lives_release2,ranking,hits_at_100_end_to_end,3,0.9852307692307692,0.0,0.9852307692307692,0.9852307692307692
47,hef_e5_tuned_jina,HEF-GBDT + E5 + fine-tuned Jina (OOF),neural_hef_oof,link_lives_release2,ranking,mrr_at_100,3,0.9323916039274295,0.023091389568639147,0.9069732108958511,0.9520751279362328
47,hef_e5_tuned_jina,HEF-GBDT + E5 + fine-tuned Jina (OOF),neural_hef_oof,walmart_amazon,classification,average_precision,3,0.9355096661699109,0.00725800781757185,0.9272342623358877,0.9407949507714419
47,hef_e5_tuned_jina,HEF-GBDT + E5 + fine-tuned Jina (OOF),neural_hef_oof,walmart_amazon,classification,f1,3,0.8754769881746755,0.005246934183190907,0.8695652173913043,0.8795811518324608
47,hef_e5_tuned_jina,HEF-GBDT + E5 + fine-tuned Jina (OOF),neural_hef_oof,walmart_amazon,classification,precision,3,0.8957950431634641,0.01618333890162206,0.8842105263157894,0.9142857142857143
47,hef_e5_tuned_jina,HEF-GBDT + E5 + fine-tuned Jina (OOF),neural_hef_oof,walmart_amazon,classification,recall,3,0.8566493955094991,0.023931617375735802,0.8290155440414507,0.8704663212435233
47,hef_e5_tuned_jina,HEF-GBDT + E5 + fine-tuned Jina (OOF),neural_hef_oof,walmart_amazon,classification,roc_auc,3,0.9832071496635102,0.006604349496274059,0.9755868098981597,0.9872727577273539
47,hef_e5_tuned_jina,HEF-GBDT + E5 + fine-tuned Jina (OOF),neural_hef_oof,walmart_amazon,ranking,hits_at_1,3,0.9363867684478372,0.008814507926559186,0.9312977099236641,0.9465648854961832
47,hef_e5_tuned_jina,HEF-GBDT + E5 + fine-tuned Jina (OOF),neural_hef_oof,walmart_amazon,ranking,hits_at_100,3,1.0,0.0,1.0,1.0
47,hef_e5_tuned_jina,HEF-GBDT + E5 + fine-tuned Jina (OOF),neural_hef_oof,walmart_amazon,ranking,hits_at_100_end_to_end,3,1.0,0.0,1.0,1.0
47,hef_e5_tuned_jina,HEF-GBDT + E5 + fine-tuned Jina (OOF),neural_hef_oof,walmart_amazon,ranking,mrr_at_100,3,0.9617733411626541,0.005695023682997932,0.9573302016050107,0.9681933842239185
47,hef_e5_tuned_jina,HEF-GBDT + E5 + fine-tuned Jina (OOF),neural_hef_oof,wdc_80_medium_seen,classification,average_precision,3,0.7436376383394602,0.02840630694131348,0.7253828133367621,0.7763656715346546
47,hef_e5_tuned_jina,HEF-GBDT + E5 + fine-tuned Jina (OOF),neural_hef_oof,wdc_80_medium_seen,classification,f1,3,0.7576540793141667,0.006452020903272717,0.753731343283582,0.7651006711409396
47,hef_e5_tuned_jina,HEF-GBDT + E5 + fine-tuned Jina (OOF),neural_hef_oof,wdc_80_medium_seen,classification,precision,3,0.7248532311352811,0.016087130185153054,0.7062937062937062,0.7348066298342542
47,hef_e5_tuned_jina,HEF-GBDT + E5 + fine-tuned Jina (OOF),neural_hef_oof,wdc_80_medium_seen,classification,recall,3,0.794,0.016370705543744913,0.776,0.808
47,hef_e5_tuned_jina,HEF-GBDT + E5 + fine-tuned Jina (OOF),neural_hef_oof,wdc_80_medium_seen,classification,roc_auc,3,0.9431688333333333,0.00211505533812554,0.9416720000000001,0.9455885
47,hef_e5_tuned_jina,HEF-GBDT + E5 + fine-tuned Jina (OOF),neural_hef_oof,wdc_80_medium_seen,ranking,hits_at_1,3,0.7889111556446226,0.017508807511130486,0.7695390781563126,0.8036072144288577
47,hef_e5_tuned_jina,HEF-GBDT + E5 + fine-tuned Jina (OOF),neural_hef_oof,wdc_80_medium_seen,ranking,hits_at_100,3,1.0,0.0,1.0,1.0
47,hef_e5_tuned_jina,HEF-GBDT + E5 + fine-tuned Jina (OOF),neural_hef_oof,wdc_80_medium_seen,ranking,hits_at_100_end_to_end,3,0.998,0.0,0.998,0.998
47,hef_e5_tuned_jina,HEF-GBDT + E5 + fine-tuned Jina (OOF),neural_hef_oof,wdc_80_medium_seen,ranking,mrr_at_100,3,0.8552314263475859,0.015401578246630923,0.8388203959661549,0.8693713474775598
47,hef_e5_tuned_jina,HEF-GBDT + E5 + fine-tuned Jina (OOF),neural_hef_oof,wdc_80_medium_unseen,classification,average_precision,3,0.7168563395859674,0.02612249784648879,0.6973828226879172,0.7465423210388046
47,hef_e5_tuned_jina,HEF-GBDT + E5 + fine-tuned Jina (OOF),neural_hef_oof,wdc_80_medium_unseen,classification,f1,3,0.7496093334253151,0.008480335753293596,0.7398297067171239,0.7549295774647887
47,hef_e5_tuned_jina,HEF-GBDT + E5 + fine-tuned Jina (OOF),neural_hef_oof,wdc_80_medium_unseen,classification,precision,3,0.7005327006700129,0.01175931978781635,0.6881188118811881,0.7115044247787611
47,hef_e5_tuned_jina,HEF-GBDT + E5 + fine-tuned Jina (OOF),neural_hef_oof,wdc_80_medium_unseen,classification,recall,3,0.8066666666666666,0.02610236260060249,0.782,0.834
47,hef_e5_tuned_jina,HEF-GBDT + E5 + fine-tuned Jina (OOF),neural_hef_oof,wdc_80_medium_unseen,classification,roc_auc,3,0.9452058333333333,0.0036100901679644755,0.9415627499999999,0.948782
47,hef_e5_tuned_jina,HEF-GBDT + E5 + fine-tuned Jina (OOF),neural_hef_oof,wdc_80_medium_unseen,ranking,hits_at_1,3,0.8145917001338688,0.0070519770768759735,0.8072289156626506,0.821285140562249
47,hef_e5_tuned_jina,HEF-GBDT + E5 + fine-tuned Jina (OOF),neural_hef_oof,wdc_80_medium_unseen,ranking,hits_at_100,3,1.0,0.0,1.0,1.0
47,hef_e5_tuned_jina,HEF-GBDT + E5 + fine-tuned Jina (OOF),neural_hef_oof,wdc_80_medium_unseen,ranking,hits_at_100_end_to_end,3,0.996,0.0,0.996,0.996
47,hef_e5_tuned_jina,HEF-GBDT + E5 + fine-tuned Jina (OOF),neural_hef_oof,wdc_80_medium_unseen,ranking,mrr_at_100,3,0.8783935748544183,0.0009362708922757952,0.8776182875580466,0.8794337523253186
